"case","regime","k","components_before","bridges","edges","route_strict_max","degree_min","degree_q05","degree_median","degree_q95","degree_max","length_min","length_q05","length_median","length_q95","length_max","base_separation_min","base_separation_q05","base_separation_median","base_separation_q95","base_separation_max"
"paraboloid-disk-rep1-n240-r1","ambient",128,1,0,18075,2.22044604925031e-16,128,128,141,196.2,219,0.0143595049640729,0.23037332852779,0.762838000544264,1.23292390544364,1.43220877149171,0.0143143434671021,0.185021531465535,0.651175626658241,1.08847484806626,1.4243461668176
"paraboloid-disk-rep1-n240-r1","ambient",16,1,0,2188,4.44089209850063e-16,16,16,18,21.05,26,0.0143595049640729,0.0807653162182651,0.254126162844515,0.443349551961587,0.609958394581976,0.0143143434671021,0.0646549738351436,0.209092367005693,0.373006224787424,0.604549455213543
"paraboloid-disk-rep1-n240-r1","ambient",239,1,0,28680,0,239,239,239,239,239,0.0143595049640729,0.291096412132822,1.00170732314235,1.65488817226517,1.98848845063717,0.0143143434671021,0.238866905851992,0.878730557188106,1.62124282910863,1.9884200901266
"paraboloid-disk-rep1-n240-r1","ambient",32,1,0,4441,4.44089209850063e-16,32,32,37,45,50,0.0143595049640729,0.114219714531332,0.361532103641276,0.645073846916308,0.8627744689566,0.0143143434671021,0.09128312912816,0.29893968121533,0.543696412139505,0.81425079447049
"paraboloid-disk-rep1-n240-r1","ambient",4,1,0,585,8.88178419700125e-16,4,4,5,7,8,0.0143595049640729,0.0457014507467058,0.1361693107627,0.251614686025766,0.363026470500086,0.0143143434671021,0.0339452051671782,0.110184025254294,0.212198141733706,0.346129034738711
"paraboloid-disk-rep1-n240-r1","ambient",64,1,0,9034,4.44089209850063e-16,64,64,74.5,91.05,104,0.0143595049640729,0.166471648222503,0.523378027926197,0.898660680522428,1.08269357283487,0.0143143434671021,0.132128830540089,0.437002979146277,0.764576973261405,1.0331343836676
"paraboloid-disk-rep1-n240-r1","ambient",8,1,0,1131,4.44089209850063e-16,8,8,9,12,14,0.0143595049640729,0.0609348737797676,0.183659451943807,0.312543973990941,0.508053742141384,0.0143143434671021,0.0488084631994634,0.150081065364003,0.278995208734343,0.428603071593451
"paraboloid-disk-rep1-n240-r1","geodesic",128,1,0,17894,1.79487638085618e-08,128,128,139,198.15,230,0.0143597923011662,0.229861438218516,0.783662802541354,1.30414194198265,1.55443918541745,0.0143143434671021,0.184298368451144,0.646966068904849,1.08229214196108,1.40037195160326
"paraboloid-disk-rep1-n240-r1","geodesic",16,1,0,2191,1.45839374743328e-08,16,16,18,21.05,26,0.0143597923011662,0.080781622820753,0.255325680083583,0.445199628046054,0.617279122572277,0.0143143434671021,0.0646663282318801,0.209347593999406,0.372346663683456,0.576496555886042
"paraboloid-disk-rep1-n240-r1","geodesic",239,1,0,28680,2.27277183739716e-08,239,239,239,239,239,0.0143597923011662,0.292869909720971,1.05651969298216,2.03910810786949,2.77642157858994,0.0143143434671021,0.238866905851992,0.878730557188106,1.62124282910863,1.9884200901266
"paraboloid-disk-rep1-n240-r1","geodesic",32,1,0,4426,1.45839375020884e-08,32,32,36,45,51,0.0143597923011662,0.1142156357321,0.363524658716437,0.650071080544134,0.87397181829933,0.0143143434671021,0.0911224028838883,0.298593528613462,0.54092681329171,0.81425079447049
"paraboloid-disk-rep1-n240-r1","geodesic",4,1,0,585,6.66133814775094e-16,4,4,5,7,8,0.0143597923011662,0.0457027786301657,0.136294470676631,0.251975677744018,0.364456877304637,0.0143143434671021,0.0339452051671782,0.110184025254294,0.212198141733706,0.346129034738711
"paraboloid-disk-rep1-n240-r1","geodesic",64,1,0,8982,1.45839376131107e-08,64,64,74,90.05,105,0.0143597923011662,0.16619371404935,0.529352674481712,0.915386541619558,1.09618537929467,0.0143143434671021,0.131445221792406,0.43520079234429,0.75639348649316,1.00741372709095
"paraboloid-disk-rep1-n240-r1","geodesic",8,1,0,1129,9.98234894744598e-09,8,8,9,12,13,0.0143597923011662,0.0609437069938106,0.184063759659523,0.313222927327573,0.50853310780116,0.0143143434671021,0.0487684989363551,0.150001951303164,0.277283732369461,0.428603071593451
"paraboloid-disk-rep1-n240-r16","ambient",128,1,0,17468,4.44089209850063e-16,128,128,128,239,239,0.370567955760646,11.4653232242444,46.1050781908485,107.70462737182,141.823126042812,0.0143143434671021,0.182521344689214,0.813725236274884,1.69319357508262,1.9884200901266
"paraboloid-disk-rep1-n240-r16","ambient",16,1,0,2142,4.44089209850063e-16,16,16,17,21,23,0.370567955760646,4.21960441828456,12.938128945787,22.4372008424585,31.2441573992481,0.0143143434671021,0.0646322650416705,0.489133137502382,1.24482289918038,1.95252937608195
"paraboloid-disk-rep1-n240-r16","ambient",239,1,0,28680,0,239,239,239,239,239,0.370567955760646,14.4591910299838,78.2230577497946,202.122061874971,254.117154420666,0.0143143434671021,0.238866905851992,0.878730557188106,1.62124282910863,1.9884200901266
"paraboloid-disk-rep1-n240-r16","ambient",32,1,0,4185,4.44089209850063e-16,32,32,34,40,53,0.370567955760646,5.85813936327773,17.9336881006076,29.4938735380428,41.9219143017508,0.0143143434671021,0.0949221882020449,0.659303397608316,1.64676160059093,1.9884200901266
"paraboloid-disk-rep1-n240-r16","ambient",4,1,0,577,8.88178419700125e-16,4,4,5,7,9,0.370567955760646,2.15285032985816,7.12146755546241,12.6522380950811,16.4120631084938,0.0143143434671021,0.0366205454932945,0.277123933393942,0.691986031103684,0.973510166167301
"paraboloid-disk-rep1-n240-r16","ambient",64,1,0,8424,4.44089209850063e-16,64,64,66,89.05,96,0.370567955760646,8.11634852187806,26.536957176131,49.8131453940457,74.5201305483835,0.0143143434671021,0.131485871714981,0.743168991542377,1.73803687718574,1.9884200901266
"paraboloid-disk-rep1-n240-r16","ambient",8,1,0,1103,4.44089209850063e-16,8,8,9,12,15,0.370567955760646,3.09966189356619,9.53646321919569,17.1815174466181,26.4909969775213,0.0143143434671021,0.0509103081488533,0.344193338764335,0.919833509397956,1.48007671495116
"paraboloid-disk-rep1-n240-r16","geodesic",128,1,0,17481,2.50009288826902e-08,128,128,128,239,239,0.370574862909244,12.1292109973191,48.3952472417781,108.539351258465,143.86522605397,0.0143143434671021,0.182556666547134,0.809249568752353,1.69312294602178,1.9884200901266
"paraboloid-disk-rep1-n240-r16","geodesic",16,1,0,2134,5.314564344161e-10,16,16,17,21,23,0.370574862909244,4.29030793132458,13.4154408694023,23.6550383256054,32.9496096357176,0.0143143434671021,0.0645462755498799,0.443533492409288,1.15084007231837,1.6257262139795
"paraboloid-disk-rep1-n240-r16","geodesic",239,1,0,28680,3.32350329479425e-08,239,239,239,239,239,0.370574862909244,15.5627612684146,79.3886129916636,202.461344899226,254.69057553526,0.0143143434671021,0.238866905851992,0.878730557188106,1.62124282910863,1.9884200901266
"paraboloid-disk-rep1-n240-r16","geodesic",32,1,0,4234,7.97951882347547e-09,32,32,34,42,51,0.370574862909244,6.11680828666758,19.4667419086905,33.2149851507485,46.9601473994203,0.0143143434671021,0.0918903792123449,0.594162120251368,1.4796160739301,1.98174369757478
"paraboloid-disk-rep1-n240-r16","geodesic",4,1,0,580,8.88178419700125e-16,4,4,5,7,9,0.370574862909244,2.15600271340479,7.1478672929815,12.9450276375884,16.9541425273609,0.0143143434671021,0.0367279012998038,0.271794349350369,0.651891653575085,0.93239366958842
"paraboloid-disk-rep1-n240-r16","geodesic",64,1,0,8445,2.50009288826902e-08,64,64,66,88,96,0.370574862909244,8.41469573448382,29.2360728421177,52.4240717127899,75.3465805712349,0.0143143434671021,0.130386531618898,0.723463802683503,1.71822261800174,1.9884200901266
"paraboloid-disk-rep1-n240-r16","geodesic",8,1,0,1108,8.88178419700125e-16,8,8,9,12,14,0.370574862909244,3.13569005169555,9.8522827291194,17.5162871510988,27.7161051240818,0.0143143434671021,0.0508699366984625,0.334175340839053,0.870245994206541,1.39207488756208
"paraboloid-disk-rep1-n240-r2","ambient",128,1,0,18053,2.22044604925031e-16,128,128,145.5,183.05,192,0.0289882903649334,0.577909501122546,1.88008069730599,3.15795827509036,3.72569798471647,0.0143143434671022,0.184953461147937,0.656506490858443,1.36461506356544,1.84425263284732
"paraboloid-disk-rep1-n240-r2","ambient",16,1,0,2208,4.44089209850063e-16,16,16,18,22,30,0.0289882903649334,0.210336923104494,0.64212732505967,1.17247921796669,1.65312143048038,0.0143143434671022,0.0647096363451394,0.220165454079592,0.495207859368182,0.747587083336558
"paraboloid-disk-rep1-n240-r2","ambient",239,1,0,28680,0,239,239,239,239,239,0.0289882903649334,0.715873711596787,2.46735990025504,3.87534952922422,4.52578054384009,0.0143143434671022,0.238866905851992,0.878730557188106,1.62124282910863,1.9884200901266
"paraboloid-disk-rep1-n240-r2","ambient",32,1,0,4469,2.22044604925031e-16,32,32,37,44.05,52,0.0289882903649334,0.287268985167077,0.902904122153854,1.68616871132878,2.07883622750411,0.0143143434671022,0.0916771875421209,0.312185361974282,0.688121764560289,1.02693573573876
"paraboloid-disk-rep1-n240-r2","ambient",4,1,0,590,8.88178419700125e-16,4,4,5,7,9,0.0289882903649334,0.113436973198353,0.331001897350865,0.641858063287669,1.0418886768638,0.0143143434671022,0.0339586169979968,0.120712226577295,0.278788002637117,0.409965329624987
"paraboloid-disk-rep1-n240-r2","ambient",64,1,0,8956,2.22044604925031e-16,64,64,74,87,90,0.0289882903649334,0.404044568973751,1.28587956155651,2.33039403251591,2.86523532286454,0.0143143434671022,0.131288601392809,0.446917134693165,0.973128201060841,1.40037195160326
"paraboloid-disk-rep1-n240-r2","ambient",8,1,0,1123,4.44089209850063e-16,8,8,9,12,15,0.0289882903649334,0.156057092987353,0.466009356619816,0.82323007128892,1.23936248741036,0.0143143434671022,0.0486486061470301,0.159123437051171,0.339906581399385,0.592004369057135
"paraboloid-disk-rep1-n240-r2","geodesic",128,1,0,17730,1.80951751360681e-08,128,128,142.5,177,185,0.0289893110912677,0.577117709890907,1.97944086937483,3.39716851513659,4.13931046332516,0.0143143434671022,0.183790348207713,0.643184989280956,1.25022327075433,1.67623816973213
"paraboloid-disk-rep1-n240-r2","geodesic",16,1,0,2200,4.44089209850063e-16,16,16,18,22,30,0.0289893110912677,0.210184072281172,0.645058771284325,1.17292525162875,1.6669494664344,0.0143143434671022,0.0647003914220899,0.218839740119061,0.481986088846735,0.747587083336558
"paraboloid-disk-rep1-n240-r2","geodesic",239,1,0,28680,1.88450477445201e-08,239,239,239,239,239,0.0289893110912677,0.723448919650655,2.68922429018026,4.72370422943646,6.01981324623134,0.0143143434671022,0.238866905851992,0.878730557188106,1.62124282910863,1.9884200901266
"paraboloid-disk-rep1-n240-r2","geodesic",32,1,0,4448,1.11027722571322e-08,32,32,37,44,52,0.0289893110912677,0.286599131447067,0.914357728117663,1.71333050751655,2.1437061216727,0.0143143434671022,0.0913016622377208,0.309876765392455,0.67614371733666,0.99251322022928
"paraboloid-disk-rep1-n240-r2","geodesic",4,1,0,590,8.88178419700125e-16,4,4,5,7,9,0.0289893110912677,0.113450126799647,0.332716980085345,0.64456632415192,1.04195594011228,0.0143143434671022,0.0339586169979968,0.120712226577295,0.2739718971825,0.409965329624987
"paraboloid-disk-rep1-n240-r2","geodesic",64,1,0,8871,2.10384789589568e-08,64,64,73,87.05,96,0.0289893110912677,0.403353264893609,1.32442339896429,2.4137711790672,2.96946429825423,0.0143143434671022,0.131032663468089,0.441164367246968,0.94124005389097,1.32049463553098
"paraboloid-disk-rep1-n240-r2","geodesic",8,1,0,1124,4.44089209850063e-16,8,8,9,12,15,0.0289893110912677,0.156239566053917,0.467308327471205,0.828921292632296,1.25409405788394,0.0143143434671022,0.0486685882785843,0.159062459019464,0.338310866528388,0.592004369057135
"paraboloid-disk-rep1-n240-r32","ambient",128,1,0,17450,7.32424121352437e-09,128,128,128,239,239,1.16473527294421,32.9108191557068,175.33654070822,427.149429189572,560.130144143084,0.0143143434671022,0.182482605342221,0.815047023113398,1.6932430366932,1.9884200901266
"paraboloid-disk-rep1-n240-r32","ambient",16,1,0,2121,4.44089209850063e-16,16,16,17,21,23,1.16473527294421,11.7820697749918,36.8541292821678,58.5495480488637,70.4124637724455,0.0143143434671022,0.0802049029639741,0.679716573784095,1.64402297230497,1.9884200901266
"paraboloid-disk-rep1-n240-r32","ambient",239,1,0,28680,0,239,239,239,239,239,1.16473527294421,42.3285753813359,307.334563843592,806.292986432039,1014.90343706406,0.0143143434671022,0.238866905851992,0.878730557188106,1.62124282910863,1.9884200901266
"paraboloid-disk-rep1-n240-r32","ambient",32,1,0,4167,4.44089209850063e-16,32,32,34,42.05,53,1.16473527294421,16.0859378440046,52.0212187459672,88.9118199627696,134.269245443019,0.0143143434671022,0.101005997066157,0.742075241327391,1.73828816098286,1.9884200901266
"paraboloid-disk-rep1-n240-r32","ambient",4,2,2,570,1.33226762955019e-15,4,4,5,7,7,1.16473527294421,6.4943390776741,19.6239152132188,37.3431137263674,45.6658632204655,0.0143143434671022,0.0485109112978041,0.362327700656353,0.942507571864702,1.28549442030031
"paraboloid-disk-rep1-n240-r32","ambient",64,1,0,8404,4.44089209850063e-16,64,64,66,92.05,97,1.16473527294421,22.8885812456008,85.9904807684767,189.423280113954,282.325723144257,0.0143143434671022,0.135227479209343,0.764415972158376,1.74404143400573,1.9884200901266
"paraboloid-disk-rep1-n240-r32","ambient",8,1,0,1098,8.88178419700125e-16,8,8,9,12,14,1.16473527294421,8.49905602590884,26.5584497230674,47.1687759152172,62.5104338698238,0.0143143434671022,0.0613814391460509,0.502912509523143,1.27321605121717,1.95252937608195
"paraboloid-disk-rep1-n240-r32","geodesic",128,1,0,17457,2.52339849016181e-08,128,128,128,239,239,1.16513717316771,35.252974306674,177.338177613769,428.328020547582,562.212262254585,0.0143143434671022,0.182495154359971,0.814869590565198,1.69323576268913,1.9884200901266
"paraboloid-disk-rep1-n240-r32","geodesic",16,1,0,2132,4.44089209850063e-16,16,16,17,22,24,1.16513717316771,12.2740323322993,39.9292877187702,66.9556626622714,93.4218780565724,0.0143143434671022,0.0713026052704837,0.599231778155479,1.46143057678693,1.95420543829455
"paraboloid-disk-rep1-n240-r32","geodesic",239,1,0,28680,4.41240703974444e-08,239,239,239,239,239,1.16513717316771,45.5629582833088,308.582699101403,806.709192543007,1015.36438897138,0.0143143434671022,0.238866905851992,0.878730557188106,1.62124282910863,1.9884200901266
"paraboloid-disk-rep1-n240-r32","geodesic",32,1,0,4144,3.01539655467309e-08,32,32,34,40,53,1.16513717316771,16.5982039099867,56.6173270229378,94.9662153789121,144.446153111094,0.0143143434671022,0.0987505638997186,0.712828815700171,1.6921299944218,1.9884200901266
"paraboloid-disk-rep1-n240-r32","geodesic",4,1,0,566,1.33226762955019e-15,4,4,4,7,8,1.16513717316771,6.8203609276621,20.0959743399816,38.7817560642188,48.5913488064632,0.0143143434671022,0.0443034195307606,0.342734129889033,0.907405060822808,1.27739902560548
"paraboloid-disk-rep1-n240-r32","geodesic",64,1,0,8408,1.59848321246159e-08,64,64,66,92,96,1.16513717316771,24.2323936864407,90.5233917433845,191.731404748755,288.450741482797,0.0143143434671022,0.134627281799882,0.757694591287661,1.74072833710236,1.9884200901266
"paraboloid-disk-rep1-n240-r32","geodesic",8,1,0,1103,8.88178419700125e-16,8,8,9,12,14,1.16513717316771,8.59211067630619,27.8614207202812,50.4370718872264,67.7493091808365,0.0143143434671022,0.0577496857749495,0.464460365377861,1.190452325096,1.61285756821053
"paraboloid-disk-rep1-n240-r4","ambient",128,1,0,17947,2.22044604925031e-16,128,128,138,206.05,219,0.0600825687332596,1.50804497466023,5.03726393116237,8.06653375818664,10.0793390228725,0.0143143434671021,0.184510240533043,0.756904837162198,1.68403634388115,1.9884200901266
"paraboloid-disk-rep1-n240-r4","ambient",16,1,0,2200,4.44089209850063e-16,16,16,18,23,26,0.0600825687332596,0.569664253649458,1.69300505363538,3.16953068387225,4.29871677041792,0.0143143434671021,0.0647003914220899,0.269382879219288,0.649082750298957,0.974651150189583
"paraboloid-disk-rep1-n240-r4","ambient",239,1,0,28680,0,239,239,239,239,239,0.0600825687332596,1.9102671940331,6.65051319709952,13.2334315473808,16.4008868327472,0.0143143434671021,0.238866905851992,0.878730557188106,1.62124282910863,1.9884200901266
"paraboloid-disk-rep1-n240-r4","ambient",32,1,0,4386,2.22044604925031e-16,32,32,36,43,50,0.0600825687332596,0.755979731092104,2.36854604546996,4.47218526550744,5.65021981159109,0.0143143434671021,0.0907631463368595,0.3682229878443,0.91912411762343,1.36971982354205
"paraboloid-disk-rep1-n240-r4","ambient",4,1,0,578,8.88178419700125e-16,4,4,5,6.04999999999998,8,0.0600825687332596,0.314161657403915,0.912196692834535,1.67052911560035,2.74397443997273,0.0143143434671021,0.0339800759273064,0.147890855208262,0.344483693160491,0.62688194668739
"paraboloid-disk-rep1-n240-r4","ambient",64,1,0,8903,4.44089209850063e-16,64,64,73,86,89,0.0600825687332596,1.0748091811181,3.37860839410345,6.13576710898587,7.58807761924136,0.0143143434671021,0.131216745930283,0.53637459751812,1.28068210598664,1.8970182755266
"paraboloid-disk-rep1-n240-r4","ambient",8,1,0,1115,4.44089209850063e-16,8,8,9,12,14,0.0600825687332596,0.435089179471588,1.22853184021618,2.3269983398025,3.25391998971719,0.0143143434671021,0.047962025826471,0.193261914904454,0.476701940410858,0.766880910655549
"paraboloid-disk-rep1-n240-r4","geodesic",128,1,0,17785,2.26502610001234e-08,128,128,137,193,203,0.0600850255817029,1.5326204358185,5.44007979985705,9.40518293467152,11.5781377148564,0.0143143434671021,0.184100172903316,0.706656176271183,1.56529406503256,1.96772474321719
"paraboloid-disk-rep1-n240-r4","geodesic",16,1,0,2191,4.44089209850063e-16,16,16,18,22.05,26,0.0600850255817029,0.572508549025356,1.7177872213399,3.20071406356008,4.37999475135503,0.0143143434671021,0.0646663282318802,0.263909318551522,0.639995598927586,0.974651150189583
"paraboloid-disk-rep1-n240-r4","geodesic",239,1,0,28680,2.38340800429171e-08,239,239,239,239,239,0.0600850255817029,1.95130157478783,7.44518256104161,13.7177610022988,17.1037720362826,0.0143143434671021,0.238866905851992,0.878730557188106,1.62124282910863,1.9884200901266
"paraboloid-disk-rep1-n240-r4","geodesic",32,1,0,4367,4.41462333355958e-09,32,32,36,43,51,0.0600850255817029,0.754509228683248,2.44522535416381,4.63074207945751,5.90109719565278,0.0143143434671021,0.090450274206611,0.358094785764323,0.900440336995472,1.32049463553098
"paraboloid-disk-rep1-n240-r4","geodesic",4,1,0,578,8.88178419700125e-16,4,4,5,7,8,0.0600850255817029,0.314199340934095,0.912255685814475,1.67444413038353,2.77994340711238,0.0143143434671021,0.0339800759273064,0.146905913362441,0.344483693160491,0.62688194668739
"paraboloid-disk-rep1-n240-r4","geodesic",64,1,0,8749,2.2650261222168e-08,64,64,72,83,91,0.0600850255817029,1.07203367796468,3.56699589673385,6.57028975825711,8.34277549142304,0.0143143434671021,0.130437635030659,0.502667176381617,1.19161537585636,1.67623816973213
"paraboloid-disk-rep1-n240-r4","geodesic",8,1,0,1114,4.44089209850063e-16,8,8,9,12,14,0.0600850255817029,0.43518597066434,1.24146198215072,2.33381704352327,3.31343543922993,0.0143143434671021,0.0478542564835626,0.191565186540776,0.459149758678305,0.766880910655549
"paraboloid-disk-rep1-n240-r64","ambient",128,1,0,17447,2.5668741132634e-08,128,128,128,239,239,2.48176031634816,95.152166490327,691.588043958548,1703.94689091035,2233.30079174291,0.0143143434671022,0.182477227191756,0.815190356332773,1.69324615412352,1.9884200901266
"paraboloid-disk-rep1-n240-r64","ambient",16,1,0,2107,8.88178419700125e-16,16,16,17,21,23,2.48176031634816,31.9568554526109,105.681973015045,181.982969193029,245.048485558966,0.0143143434671022,0.0984545209527266,0.757780827617403,1.73265512555593,1.9884200901266
"paraboloid-disk-rep1-n240-r64","ambient",239,1,0,28680,0,239,239,239,239,239,2.48176031634816,127.825183996621,1223.89895471175,3222.66109513038,4058.26268589978,0.0143143434671022,0.238866905851992,0.878730557188106,1.62124282910863,1.9884200901266
"paraboloid-disk-rep1-n240-r64","ambient",32,1,0,4157,4.44089209850063e-16,32,32,33,42.05,53,2.48176031634816,45.6299672605612,169.282961907348,333.538988027432,520.249128018652,0.0143143434671022,0.104039740684377,0.766182047482379,1.74738197603971,1.9884200901266
"paraboloid-disk-rep1-n240-r64","ambient",4,4,4,586,1.33226762955019e-15,4,4,5,7,9,2.48176031634816,17.2102854421371,55.9504921001829,97.2448748498345,125.343825157367,0.0143143434671022,0.0662137516569519,0.517557694753195,1.29309000524217,1.89765518193638
"paraboloid-disk-rep1-n240-r64","ambient",64,1,0,8402,1.21849419443265e-10,64,64,66,93,98,2.48176031634816,63.5550418530283,324.848292243838,745.230617836614,1120.37334858293,0.0143143434671022,0.135936121782926,0.77215486588397,1.748082126566,1.9884200901266
"paraboloid-disk-rep1-n240-r64","ambient",8,1,0,1072,1.33226762955019e-15,8,8,9,11,12,2.48176031634816,24.19874128876,74.4488166930666,121.07675172278,157.907515336656,0.0143143434671022,0.0861520888587497,0.690255519308822,1.65539228903344,1.9884200901266
"paraboloid-disk-rep1-n240-r64","geodesic",128,1,0,17448,3.06564169605394e-08,128,128,128,239,239,2.48251575546647,103.409200482039,693.650715917699,1705.25126571538,2235.39326727442,0.0143143434671022,0.182479019908577,0.815182920249267,1.69324511498008,1.9884200901266
"paraboloid-disk-rep1-n240-r64","geodesic",16,1,0,2110,4.44089209850063e-16,16,16,17,21,23,2.48251575546647,33.4693459704047,117.059708508136,192.938564506296,249.027230100982,0.0143143434671022,0.0914317992430015,0.738155991968959,1.69897465860971,1.9884200901266
"paraboloid-disk-rep1-n240-r64","geodesic",239,1,0,28680,3.95516592810452e-08,239,239,239,239,239,2.48251575546647,140.438488127635,1225.19138347586,3223.2266556406,4058.50324192479,0.0143143434671022,0.238866905851992,0.878730557188106,1.62124282910863,1.9884200901266
"paraboloid-disk-rep1-n240-r64","geodesic",32,1,0,4158,2.95341560097029e-08,32,32,34,42,53,2.48251575546647,47.8112573971584,178.199869898804,337.005088928148,521.118460969052,0.0143143434671022,0.10309323676844,0.758130709494708,1.74490380929022,1.9884200901266
"paraboloid-disk-rep1-n240-r64","geodesic",4,3,3,576,8.88178419700125e-16,4,4,5,6,8,2.48251575546647,17.2790791776315,57.7426893799123,104.766208765972,143.370189358046,0.0143143434671022,0.0599856761110917,0.453837606947106,1.1993071662871,1.73412960922643
"paraboloid-disk-rep1-n240-r64","geodesic",64,1,0,8404,3.38529648757913e-08,64,64,66,93,97,2.48251575546647,69.3202335519176,329.174085786802,747.157664484425,1120.37633810009,0.0143143434671022,0.135897583367376,0.769720625229698,1.74582789953539,1.9884200901266
"paraboloid-disk-rep1-n240-r64","geodesic",8,1,0,1091,8.88178419700125e-16,8,8,9,11,16,2.48251575546647,24.7468346571259,81.2559012797283,139.117055804501,177.929943399519,0.0143143434671022,0.0816350860495942,0.62688194668739,1.52957442417346,1.95252937608195
"paraboloid-disk-rep1-n240-r8","ambient",128,1,0,17526,4.44089209850063e-16,128,128,128,233.15,239,0.135712043318599,4.04105773963163,14.0131846869227,27.891936296577,36.5870837887594,0.0143143434671021,0.182744832048341,0.799787954540898,1.69271725124369,1.9884200901266
"paraboloid-disk-rep1-n240-r8","ambient",16,1,0,2171,4.44089209850063e-16,16,16,18,21,27,0.135712043318599,1.51361526993053,4.64047573413978,8.3395215484272,12.2070023960303,0.0143143434671021,0.0645110449672178,0.349549529105339,0.915391476727218,1.48007671495116
"paraboloid-disk-rep1-n240-r8","ambient",239,1,0,28680,0,239,239,239,239,239,0.135712043318599,5.27996622751879,20.8044774106123,50.9962837344562,63.9495230085784,0.0143143434671021,0.238866905851992,0.878730557188106,1.62124282910863,1.9884200901266
"paraboloid-disk-rep1-n240-r8","ambient",32,1,0,4324,4.44089209850063e-16,32,32,36,44,49,0.135712043318599,2.15281658652253,6.49171212898558,11.8284635893298,15.2074821048176,0.0143143434671021,0.0901820511799776,0.491350494998244,1.24623899124643,1.84425263284732
"paraboloid-disk-rep1-n240-r8","ambient",4,1,0,572,8.88178419700125e-16,4,4,5,6,8,0.135712043318599,0.883824756620903,2.53749661552145,4.7124238577161,6.88700752769568,0.0143143434671021,0.0339639817303242,0.183745277699332,0.464970883121449,0.766880910655549
"paraboloid-disk-rep1-n240-r8","ambient",64,1,0,8602,4.44089209850063e-16,64,64,69,89,97,0.135712043318599,2.8931032561963,9.23641187267211,15.6164721185475,20.6725441734512,0.0143143434671021,0.129695750192487,0.67711303658173,1.6815231289451,1.9884200901266
"paraboloid-disk-rep1-n240-r8","ambient",8,1,0,1108,8.88178419700125e-16,8,8,9,12,14,0.135712043318599,1.16315098269015,3.36393553371165,6.24691243827281,8.60088810538317,0.0143143434671021,0.0472076404261118,0.265267702667764,0.655940678341178,0.990255676824243
"paraboloid-disk-rep1-n240-r8","geodesic",128,1,0,17620,1.99435603587261e-08,128,128,130.5,219.05,230,0.135716680710356,4.18357649973473,15.6328220361117,28.7844193614655,36.9914225912687,0.0143143434671021,0.183253742262579,0.781815033443577,1.6904793913594,1.9884200901266
"paraboloid-disk-rep1-n240-r8","geodesic",16,1,0,2164,1.07201714172334e-08,16,16,18,21,27,0.135716680710356,1.52332819889096,4.75372104567041,8.61630863306349,12.6932261826388,0.0143143434671021,0.0644288402743394,0.341533660264899,0.874632195925743,1.39207488756208
"paraboloid-disk-rep1-n240-r8","geodesic",239,1,0,28680,2.9239504151235e-08,239,239,239,239,239,0.135716680710356,5.50031382239081,22.253883339941,51.4341084060133,64.5161208350862,0.0143143434671021,0.238866905851992,0.878730557188106,1.62124282910863,1.9884200901266
"paraboloid-disk-rep1-n240-r8","geodesic",32,1,0,4294,1.07201709453886e-08,32,32,35,42,49,0.135716680710356,2.15525037950975,6.8231225890935,12.6742447057951,16.7278634339651,0.0143143434671021,0.0899759400198947,0.461600703001374,1.16475370228295,1.67330106863877
"paraboloid-disk-rep1-n240-r8","geodesic",4,1,0,574,6.66133814775094e-16,4,4,5,6.04999999999998,8,0.135716680710356,0.891521947740684,2.5562812854794,4.69118103355993,6.94521056574435,0.0143143434671021,0.0339693464626516,0.182885725025265,0.457717157714423,0.766880910655549
"paraboloid-disk-rep1-n240-r8","geodesic",64,1,0,8674,1.07201709731441e-08,64,64,71,86,94,0.135716680710356,2.97145303908343,9.9894960752429,18.1802704172104,23.5032905430095,0.0143143434671021,0.130065624993131,0.61583817805279,1.51206910228348,1.98174369757478
"paraboloid-disk-rep1-n240-r8","geodesic",8,1,0,1108,4.44089209850063e-16,8,8,9,12,15,0.135716680710356,1.17406034530011,3.39685857760882,6.34235754396289,8.61416862368038,0.0143143434671021,0.0472076404261118,0.259676473166969,0.639427131131341,0.938295686987858
"paraboloid-disk-rep1-n480-r64","ambient",128,1,0,33506,2.14931321629308e-08,128,128,130,184.05,193,1.68059894847205,63.5530380845821,317.162566295439,783.351149576538,1113.80444888154,0.00785873822123885,0.132180522019356,0.799897268530724,1.74788102290349,1.99724417135867
"paraboloid-disk-rep1-n480-r64","ambient",16,1,0,4224,8.88178419700125e-16,16,16,17,21,26,1.68059894847205,22.7644938726209,71.7420926691124,118.989013642341,177.162962499756,0.00785873822123885,0.0755183664134325,0.673442157527809,1.5999868622245,1.99724417135867
"paraboloid-disk-rep1-n480-r64","ambient",479,1,0,114960,0,479,479,479,479,479,1.68059894847205,124.153147913118,1190.13149695009,3147.7389793715,4078.49182236027,0.00785873822123885,0.236475511272654,0.891940472160073,1.61853312488177,1.99724417135867
"paraboloid-disk-rep1-n480-r64","ambient",64,1,0,16496,8.74142958018354e-09,64,64,67,84,102,1.68059894847205,45.1101341287704,163.038730320737,331.380041489131,597.250555659327,0.00785873822123885,0.106528438347065,0.791707364846528,1.7481419850733,1.99724417135867
"paraboloid-disk-rep1-n480-r64","ambient",8,2,1,2216,8.88178419700125e-16,8,8,9,12,14,1.68059894847205,16.9177030579698,52.4875461782735,91.7602610890133,128.294275802744,0.00785873822123885,0.0572002541385778,0.513543222488206,1.24223549246079,1.99724417135867
"paraboloid-disk-rep1-n480-r64","geodesic",128,1,0,33512,3.06681031680966e-08,128,128,130,184,193,1.68071188671024,67.8246554082329,321.351481950209,784.996518559363,1114.0830123672,0.00785873822123885,0.132128979934002,0.798269061888852,1.74727002546292,1.99724417135867
"paraboloid-disk-rep1-n480-r64","geodesic",16,1,0,4263,8.74508393478024e-09,16,16,17,21,27,1.68071188671024,23.4288589704639,77.6155452284311,133.128648219819,200.233380400448,0.00785873822123885,0.0703533369916269,0.615401753737331,1.43788909338014,1.99724417135867
"paraboloid-disk-rep1-n480-r64","geodesic",479,1,0,114960,6.36419836830271e-08,479,479,479,479,479,1.68071188671024,136.36659787986,1191.08037000688,3148.33818423556,4079.40346054822,0.00785873822123885,0.236475511272654,0.891940472160073,1.61853312488177,1.99724417135867
"paraboloid-disk-rep1-n480-r64","geodesic",64,1,0,16496,1.72222616168227e-08,64,64,67,84,102,1.68071188671024,47.0002259909722,173.984436959386,335.864665707359,597.45091834131,0.00785873822123885,0.105756573421127,0.784377767609937,1.74403496315417,1.99724417135867
"paraboloid-disk-rep1-n480-r64","geodesic",8,1,0,2213,1.56721546851202e-08,8,8,9,12,14,1.68071188671024,17.0372092083583,55.3687384278339,97.8825058124392,142.335520957323,0.00785873822123885,0.0556220259964734,0.468114095830097,1.13005215437501,1.59487035693889
"paraboloid-disk-rep2-n240-r1","ambient",128,1,0,17924,2.22044604925031e-16,128,128,140,199.15,220,0.00762778224632914,0.22684983942176,0.781766127007802,1.24206241213158,1.42512840075818,0.0045389500438554,0.181368292846793,0.668354600979307,1.09206736841393,1.41667644560169
"paraboloid-disk-rep2-n240-r1","ambient",16,1,0,2250,4.44089209850063e-16,16,16,18,23.05,26,0.00762778224632914,0.0817867279129195,0.253833766498748,0.471355892488249,0.751905281777084,0.0045389500438554,0.0651282348783514,0.208795930513802,0.386569246291318,0.749629590644349
"paraboloid-disk-rep2-n240-r1","ambient",239,1,0,28680,0,239,239,239,239,239,0.00762778224632914,0.28946550765275,1.02347776163263,1.67868109032945,1.97035624063583,0.0045389500438554,0.234727732642804,0.898213024295131,1.64758614834595,1.97002609676705
"paraboloid-disk-rep2-n240-r1","ambient",32,1,0,4380,4.44089209850063e-16,32,32,36,42.05,47,0.00762778224632914,0.114071773766863,0.35896625248587,0.629938798114156,0.894272068531513,0.0045389500438554,0.0905766198388287,0.292703186551891,0.527306516537675,0.871181648462117
"paraboloid-disk-rep2-n240-r1","ambient",4,1,0,597,4.44089209850063e-16,4,4,5,7,8,0.00762778224632914,0.0399149669109806,0.135557065335123,0.246759015066271,0.432360922329192,0.0045389500438554,0.0321137276796115,0.111236056939856,0.213100374788391,0.327401021203354
"paraboloid-disk-rep2-n240-r1","ambient",64,1,0,8881,4.44089209850063e-16,64,64,73,90,106,0.00762778224632914,0.158461330769493,0.52772090947061,0.896489452170792,1.09645496857675,0.0045389500438554,0.127794771101995,0.437617629166711,0.77577903533305,1.06963628223404
"paraboloid-disk-rep2-n240-r1","ambient",8,1,0,1143,4.44089209850063e-16,8,8,9,12.05,15,0.00762778224632914,0.0564033133210844,0.183280519393482,0.357036898363018,0.573122685560165,0.0045389500438554,0.0460771423029725,0.149456552938949,0.291048791602652,0.510865682572022
"paraboloid-disk-rep2-n240-r1","geodesic",128,1,0,17759,2.15413418214183e-08,128,128,138,200.1,229,0.00762778421452803,0.226312483395886,0.80286711834784,1.30928213582034,1.53860167355724,0.0045389500438554,0.180600587085659,0.664563050933428,1.08340301701541,1.38597041879359
"paraboloid-disk-rep2-n240-r1","geodesic",16,1,0,2250,1.0665313965319e-08,16,16,18,23.05,26,0.00762778421452803,0.0818200026890345,0.254114831064214,0.472709130738434,0.76624405443113,0.0045389500438554,0.0651282348783514,0.208795930513802,0.386569246291318,0.745493061903718
"paraboloid-disk-rep2-n240-r1","geodesic",239,1,0,28680,2.27025431787098e-08,239,239,239,239,239,0.00762778421452803,0.290392253726671,1.08376288848179,2.08028015160817,2.7566410092493,0.0045389500438554,0.234727732642804,0.898213024295131,1.64758614834595,1.97002609676705
"paraboloid-disk-rep2-n240-r1","geodesic",32,1,0,4376,1.28057541792792e-08,32,32,36,43,47,0.00762778421452803,0.114066433363499,0.361677619376884,0.634477279979424,0.904728228277865,0.0045389500438554,0.09053712929508,0.292437375025602,0.5226656086813,0.841310990330417
"paraboloid-disk-rep2-n240-r1","geodesic",4,1,0,598,1.98127647621504e-09,4,4,5,7,8,0.00762778421452803,0.0399173988196253,0.136017019640447,0.247808268951975,0.433057523484562,0.0045389500438554,0.0321652743481567,0.111018549943626,0.212998110455732,0.327401021203354
"paraboloid-disk-rep2-n240-r1","geodesic",64,1,0,8833,1.98594594102985e-08,64,64,72,90,107,0.00762778421452803,0.158025115763089,0.533799454127296,0.91343631574041,1.13385879605287,0.0045389500438554,0.127400693046497,0.435975314727906,0.76958359191001,1.06963628223404
"paraboloid-disk-rep2-n240-r1","geodesic",8,1,0,1143,1.98127603212583e-09,8,8,9,12.05,15,0.00762778421452803,0.0564074723156741,0.183579094920787,0.357772279970677,0.574651359999131,0.0045389500438554,0.0460771423029725,0.149456552938949,0.291048791602652,0.510865682572022
"paraboloid-disk-rep2-n240-r16","ambient",128,1,0,17561,4.44089209850063e-16,128,128,128,238.05,239,0.322273609376656,11.6293935798616,47.0685349976107,110.082619496739,141.860048526686,0.00453895004385553,0.179442499019828,0.82928263915019,1.71333767655279,1.97002609676705
"paraboloid-disk-rep2-n240-r16","ambient",16,1,0,2153,4.44089209850063e-16,16,16,18,21.05,26,0.322273609376656,4.30653656769367,13.131189283782,22.0556441358439,28.8938331621576,0.00453895004385553,0.0682368194105996,0.509800795053612,1.24294025566842,1.77071447919261
"paraboloid-disk-rep2-n240-r16","ambient",239,1,0,28680,0,239,239,239,239,239,0.322273609376656,14.9450634044112,78.7856134964632,203.587018499392,255.019360959626,0.00453895004385553,0.234727732642804,0.89821302429513,1.64758614834595,1.97002609676705
"paraboloid-disk-rep2-n240-r16","ambient",32,1,0,4186,4.44089209850063e-16,32,32,34,41,51,0.322273609376656,5.6669864728815,18.1819944771646,29.2519418206741,39.0612981473362,0.00453895004385553,0.093400715484401,0.676820332329522,1.665125442965,1.97002609676705
"paraboloid-disk-rep2-n240-r16","ambient",4,1,0,583,8.88178419700125e-16,4,4,5,7,9,0.322273609376656,2.22345906817892,7.45313723545813,13.2919924553557,17.5592390937738,0.00453895004385553,0.0341520141304762,0.250292996882252,0.65783003186867,1.07686591349861
"paraboloid-disk-rep2-n240-r16","ambient",64,1,0,8419,4.44089209850063e-16,64,64,66,90,96,0.322273609376656,8.01340559488508,27.0118974000801,50.8716538569743,71.5498317222358,0.00453895004385553,0.126709571988436,0.757403757687488,1.75928366663151,1.97002609676705
"paraboloid-disk-rep2-n240-r16","ambient",8,1,0,1104,8.88178419700125e-16,8,8,9,11,16,0.322273609376656,2.96583838774809,9.69764968734749,16.3160911689891,22.715372393826,0.00453895004385553,0.0475217368408271,0.368203377858954,0.896022673834013,1.26379900553633
"paraboloid-disk-rep2-n240-r16","geodesic",128,1,0,17572,2.786768904528e-08,128,128,128,230.2,239,0.322288438473244,12.0604193418649,49.3374727038434,111.042498697734,142.24042426168,0.00453895004385553,0.179568983275485,0.824928363249274,1.71320299599786,1.97002609676705
"paraboloid-disk-rep2-n240-r16","geodesic",16,1,0,2150,4.44089209850063e-16,16,16,17.5,22,26,0.322288438473244,4.32011737125394,13.697666416791,23.3424113887157,33.3554345649788,0.00453895004385553,0.0675849225424187,0.470732084379689,1.14359426980168,1.64251715082351
"paraboloid-disk-rep2-n240-r16","geodesic",239,1,0,28680,2.73836224806701e-08,239,239,239,239,239,0.322288438473244,15.9018748131116,80.018258478959,203.97220309515,255.978315999257,0.00453895004385553,0.234727732642804,0.89821302429513,1.64758614834595,1.97002609676705
"paraboloid-disk-rep2-n240-r16","geodesic",32,1,0,4227,4.44089209850063e-16,32,32,34,42,48,0.322288438473244,5.89853466687439,19.8467485982509,33.4606061580524,43.7807038812469,0.00453895004385553,0.092227732602995,0.605469096105827,1.48141080426235,1.93557697078892
"paraboloid-disk-rep2-n240-r16","geodesic",4,1,0,586,8.88178419700125e-16,4,4,5,7,9,0.322288438473244,2.25561463892052,7.48492766198484,13.6470108151121,18.2844446516342,0.00453895004385553,0.0343394297228916,0.241293428174282,0.644909975608682,1.00747917115423
"paraboloid-disk-rep2-n240-r16","geodesic",64,1,0,8461,1.1162097024453e-08,64,64,67,88,91,0.322288438473244,8.32154078305101,30.0517643649273,53.2655560723925,73.2885308547287,0.00453895004385553,0.125022164095274,0.737470220022506,1.74538228907954,1.97002609676705
"paraboloid-disk-rep2-n240-r16","geodesic",8,1,0,1106,8.88178419700125e-16,8,8,9,12,15,0.322288438473244,3.04871940223686,10.0316145879488,17.0225017562638,23.8498266467151,0.00453895004385553,0.0472116846846352,0.354670421967625,0.863916280292321,1.21119675209072
"paraboloid-disk-rep2-n240-r2","ambient",128,1,0,17905,2.22044604925031e-16,128,128,143,186.05,201,0.0185446640431723,0.567811353602105,1.91529343812661,3.16975938230759,3.61658950723169,0.00453895004385542,0.181354873057005,0.676653576866379,1.35741739877373,1.78344487576094
"paraboloid-disk-rep2-n240-r2","ambient",16,1,0,2224,2.22044604925031e-16,16,16,18,23,25,0.0185446640431723,0.203763468142046,0.635269090423048,1.2082625538738,1.78691549880933,0.00453895004385542,0.0647906769379199,0.222163843274369,0.497880622656128,0.841310990330417
"paraboloid-disk-rep2-n240-r2","ambient",239,1,0,28680,0,239,239,239,239,239,0.0185446640431723,0.721788010410772,2.50097957600809,3.89170507061449,4.52594383801072,0.00453895004385542,0.234727732642804,0.89821302429513,1.64758614834595,1.97002609676705
"paraboloid-disk-rep2-n240-r2","ambient",32,1,0,4405,2.22044604925031e-16,32,32,36,43,50,0.0185446640431723,0.286248291164199,0.904283682683437,1.66727205150537,2.34099637274746,0.00453895004385542,0.09066016216653,0.306019258011663,0.660760808355295,1.15008318082919
"paraboloid-disk-rep2-n240-r2","ambient",4,1,0,591,4.44089209850063e-16,4,4,5,7,9,0.0185446640431723,0.103075950860785,0.338989018805472,0.670620346182719,1.13197849837355,0.00453895004385542,0.03180444766834,0.120867051769395,0.263864173164953,0.418700337210848
"paraboloid-disk-rep2-n240-r2","ambient",64,1,0,8811,2.22044604925031e-16,64,64,72,85.05,93,0.0185446640431723,0.400105155594019,1.30788672139039,2.31200021303006,2.83964547125959,0.00453895004385542,0.127137067026487,0.450853377615104,0.95293534059127,1.38597041879359
"paraboloid-disk-rep2-n240-r2","ambient",8,1,0,1155,4.44089209850063e-16,8,8,9,12,15,0.0185446640431723,0.145610761824662,0.466312365850887,0.919606378521329,1.4555041124938,0.00453895004385542,0.0468197143449067,0.160756263154885,0.380532440843928,0.709388307229277
"paraboloid-disk-rep2-n240-r2","geodesic",128,1,0,17576,1.68544549428162e-08,128,128,141.5,176.15,191,0.0185447152607434,0.567799336768271,2.00649869385144,3.41738323037439,4.0358368331682,0.00453895004385542,0.179614977550269,0.660914941028499,1.25899923658378,1.65758573716122
"paraboloid-disk-rep2-n240-r2","geodesic",16,1,0,2226,4.44089209850063e-16,16,16,18,23,25,0.0185447152607434,0.203794998728223,0.640202399398644,1.2271613650235,1.8396059778968,0.00453895004385542,0.0648046655983154,0.221185287615017,0.497532882910266,0.841310990330417
"paraboloid-disk-rep2-n240-r2","geodesic",239,1,0,28680,2.22461471466318e-08,239,239,239,239,239,0.0185447152607434,0.730575396928939,2.73399838473667,4.78866716769793,5.97880215730721,0.00453895004385542,0.234727732642804,0.89821302429513,1.64758614834595,1.97002609676705
"paraboloid-disk-rep2-n240-r2","geodesic",32,1,0,4380,4.96105934111313e-09,32,32,36,43,50,0.0185447152607434,0.287302783456186,0.914115362823036,1.68787414043532,2.45309611842235,0.00453895004385542,0.0905766198388286,0.30421401239965,0.650526186708728,1.12627648740075
"paraboloid-disk-rep2-n240-r2","geodesic",4,1,0,591,8.88178419700125e-16,4,4,5,7,9,0.0185447152607434,0.103104948931959,0.339070118443098,0.670826228648423,1.1368357448886,0.00453895004385542,0.03180444766834,0.120867051769395,0.263864173164953,0.418700337210848
"paraboloid-disk-rep2-n240-r2","geodesic",64,1,0,8728,1.68544549428162e-08,64,64,71,87,96,0.0185447152607434,0.399403345891535,1.34239913806175,2.38589813386777,2.98303866417532,0.00453895004385542,0.126359432853341,0.44332277178589,0.92712724105344,1.32291106692478
"paraboloid-disk-rep2-n240-r2","geodesic",8,1,0,1153,4.44089209850063e-16,8,8,9,12,15,0.0185447152607434,0.145424565171242,0.467204665176016,0.923915624475628,1.48604516368497,0.00453895004385542,0.0466959523379177,0.159136914801488,0.380248979130175,0.709388307229277
"paraboloid-disk-rep2-n240-r32","ambient",128,1,0,17549,1.43744580682892e-08,128,128,128,239,239,1.03405649000611,33.0128940125749,179.926267750205,436.599700369929,566.097700482116,0.0045389500438554,0.179391415443181,0.834170531301058,1.71342603794616,1.97002609676705
"paraboloid-disk-rep2-n240-r32","ambient",16,1,0,2145,8.88178419700125e-16,16,16,17,21.05,26,1.03405649000611,12.0051336992583,36.5227363514457,56.227790982338,69.324523524499,0.0045389500438554,0.0792856355321469,0.670847058837948,1.58847594319904,1.96201343945106
"paraboloid-disk-rep2-n240-r32","ambient",239,1,0,28680,0,239,239,239,239,239,1.03405649000611,42.6375819895476,309.640388024871,812.213584250833,1018.36791189718,0.0045389500438554,0.234727732642804,0.89821302429513,1.64758614834595,1.97002609676705
"paraboloid-disk-rep2-n240-r32","ambient",32,1,0,4132,4.44089209850063e-16,32,32,33,41,51,1.03405649000611,16.4096268186584,52.1486604067401,86.2777584620409,145.979507125215,0.0045389500438554,0.105923855149498,0.778991208682923,1.75192592213209,1.97002609676705
"paraboloid-disk-rep2-n240-r32","ambient",4,2,3,593,8.88178419700125e-16,4,4,5,7,8,1.03405649000611,6.17905024922417,20.7697373667131,36.0684556662341,46.0676525986043,0.0045389500438554,0.0385874751014057,0.401976116482169,0.931819696778717,1.20193872458151
"paraboloid-disk-rep2-n240-r32","ambient",64,1,0,8398,4.44089209850063e-16,64,64,66,90,98,1.03405649000611,22.9625382155366,87.1324213090411,196.413071603348,280.43106739107,0.0045389500438554,0.129203297758257,0.775501050302386,1.76388930189225,1.97002609676705
"paraboloid-disk-rep2-n240-r32","ambient",8,1,0,1097,4.44089209850063e-16,8,8,9,12,14,1.03405649000611,8.58735751128425,26.7038860602449,44.5267346571466,58.6709468305627,0.0045389500438554,0.056100241449998,0.523873123102276,1.17780202766672,1.69653429305949
"paraboloid-disk-rep2-n240-r32","geodesic",128,1,0,17553,3.17834438767761e-08,128,128,128,239,239,1.03407514128679,35.2374868746324,181.736996333065,437.680347013657,566.32645139122,0.0045389500438554,0.179408443302063,0.833266184762144,1.71339658414837,1.97002609676705
"paraboloid-disk-rep2-n240-r32","geodesic",16,1,0,2143,2.87189438896718e-11,16,16,17,21,26,1.03407514128679,12.2733045759553,38.8113088811108,63.9805907530427,81.326773974331,0.0045389500438554,0.0743449025930553,0.606231730680053,1.42000844070366,1.85310299312085
"paraboloid-disk-rep2-n240-r32","geodesic",239,1,0,28680,3.01475369113291e-08,239,239,239,239,239,1.03407514128679,45.6988639797959,311.012115679763,812.869771419958,1019.35298036322,0.0045389500438554,0.234727732642804,0.89821302429513,1.64758614834595,1.97002609676705
"paraboloid-disk-rep2-n240-r32","geodesic",32,1,0,4145,3.24037574550573e-09,32,32,33,41.05,51,1.03407514128679,16.9413075808915,56.7233323886891,93.3076982523243,146.339420549064,0.0045389500438554,0.100357255292385,0.74824862863189,1.72213827628217,1.97002609676705
"paraboloid-disk-rep2-n240-r32","geodesic",4,1,0,588,2.87196932902134e-11,4,4,5,7,8,1.03407514128679,6.15831094573855,21.3105929515739,36.9856952653359,46.0686166883429,0.0045389500438554,0.0372567772371172,0.384400031870668,0.893412508981389,1.15131523588676
"paraboloid-disk-rep2-n240-r32","geodesic",64,1,0,8405,2.04774788237216e-08,64,64,66,90,97,1.03407514128679,23.7569145782941,92.4015962874087,198.136444254302,280.431217314009,0.0045389500438554,0.128236252469625,0.770070944306881,1.75930728000385,1.97002609676705
"paraboloid-disk-rep2-n240-r32","geodesic",8,1,0,1100,2.87192492010035e-11,8,8,9,12,15,1.03407514128679,8.89175285780721,27.9740315879956,47.3502495348878,66.1472931020674,0.0045389500438554,0.0516183506036157,0.478468060217411,1.08366106046154,1.45608937918712
"paraboloid-disk-rep2-n240-r4","ambient",128,1,0,17895,2.22044604925031e-16,128,128,135.5,203.05,218,0.0488223597608796,1.52183478685019,5.1110099431248,8.16527429676187,9.72129665973569,0.0045389500438554,0.181299687934424,0.771334845557955,1.70329881639175,1.97002609676705
"paraboloid-disk-rep2-n240-r4","ambient",16,1,0,2213,2.19581233196209e-08,16,16,18,22,24,0.0488223597608796,0.54749578301461,1.74029178938282,3.15887375800363,4.49091612489231,0.0045389500438554,0.0647590662672869,0.262872381855496,0.659620477607359,1.06013423490831
"paraboloid-disk-rep2-n240-r4","ambient",239,1,0,28680,0,239,239,239,239,239,0.0488223597608796,1.95315669916445,6.708907654908,13.3263342965123,16.4638404413569,0.0045389500438554,0.234727732642804,0.89821302429513,1.64758614834595,1.97002609676705
"paraboloid-disk-rep2-n240-r4","ambient",32,1,0,4354,4.44089209850063e-16,32,32,36,44,52,0.0488223597608796,0.739574687726442,2.4296241181225,4.52586075762347,6.02796580499345,0.0045389500438554,0.0903537976906984,0.367635472024124,0.918499980737038,1.42913256462773
"paraboloid-disk-rep2-n240-r4","ambient",4,1,0,585,8.88178419700125e-16,4,4,5,7,9,0.0488223597608796,0.293524556798144,0.898622419836926,1.84762194713874,2.65606355498894,0.0045389500438554,0.0314951676570686,0.143665175806684,0.402833671532319,0.644933594694342
"paraboloid-disk-rep2-n240-r4","ambient",64,1,0,8856,2.22044604925031e-16,64,64,73,88,94,0.0488223597608796,1.05905716530157,3.50351274227196,6.14111090759437,7.34983936880617,0.0045389500438554,0.127687304123407,0.539063598125313,1.27487389900177,1.83485964278661
"paraboloid-disk-rep2-n240-r4","ambient",8,1,0,1127,4.44089209850063e-16,8,8,9,12,13,0.0488223597608796,0.395725990558603,1.25131518817406,2.32090546557615,3.49978033817289,0.0045389500438554,0.0457337396552604,0.192089267906669,0.494116275453273,0.816777010220675
"paraboloid-disk-rep2-n240-r4","geodesic",128,1,0,17762,1.96918623629472e-08,128,128,137.5,191.05,207,0.0488224428351529,1.55057025787041,5.51211280726772,9.37408087325526,11.2596011310227,0.0045389500438554,0.180621351298164,0.725575859311087,1.57336857985017,1.95050500771415
"paraboloid-disk-rep2-n240-r4","geodesic",16,1,0,2203,6.05060357372622e-09,16,16,18,22,24,0.0488224428351529,0.547892521239459,1.75739314503897,3.22304484665363,4.57073672888214,0.0045389500438554,0.0647457816672371,0.258583463447038,0.648087093434893,1.06013423490831
"paraboloid-disk-rep2-n240-r4","geodesic",239,1,0,28680,2.28422518677718e-08,239,239,239,239,239,0.0488224428351529,2.0044331531969,7.53326612513784,13.8504159774015,17.0596778538659,0.0045389500438554,0.234727732642804,0.89821302429513,1.64758614834595,1.97002609676705
"paraboloid-disk-rep2-n240-r4","geodesic",32,1,0,4333,6.05060335168162e-09,32,32,35,43,52,0.0488224428351529,0.742878109484723,2.48788017361846,4.65092785830825,6.24552137807632,0.0045389500438554,0.0902871942646586,0.357127421854452,0.894696816972187,1.37935492386479
"paraboloid-disk-rep2-n240-r4","geodesic",4,1,0,581,4.44089209850063e-16,4,4,5,7,9,0.0488224428351529,0.293849522444425,0.897155168243183,1.85939620478982,2.72602365596755,0.0045389500438554,0.0312889809828876,0.143184722142489,0.380517213555241,0.644933594694342
"paraboloid-disk-rep2-n240-r4","geodesic",64,1,0,8666,1.58533761673851e-08,64,64,71,83,91,0.0488224428351529,1.05948786747332,3.65112734741107,6.5191709492284,8.27535146227633,0.0045389500438554,0.125566759118669,0.509671101274339,1.17301987394378,1.70896195505365
"paraboloid-disk-rep2-n240-r4","geodesic",8,1,0,1130,4.44089209850063e-16,8,8,9,12,13,0.0488224428351529,0.396431345097126,1.2594602721241,2.33185097887079,3.53822122798764,0.0045389500438554,0.0457808055068439,0.191612505228319,0.485565903767483,0.760634090079171
"paraboloid-disk-rep2-n240-r64","ambient",128,1,0,17554,1.9889940361395e-08,128,128,128,239,239,2.44734869370057,94.454731626862,710.855731934223,1742.6760672358,2263.04631730577,0.0045389500438555,0.179412700266784,0.834308676581452,1.71338922069893,1.97002609676705
"paraboloid-disk-rep2-n240-r64","ambient",16,1,0,2161,8.88178419700125e-16,16,16,17,22,26,2.44734869370057,34.1091492881426,105.364661017053,182.522279300196,231.499180230988,0.0045389500438555,0.0933909172676942,0.786146563133352,1.73641365122992,1.97002609676705
"paraboloid-disk-rep2-n240-r64","ambient",239,1,0,28680,0,239,239,239,239,239,2.44734869370057,125.002698432676,1234.18370856794,3247.5014380028,4071.76032127681,0.0045389500438555,0.234727732642804,0.89821302429513,1.64758614834595,1.97002609676705
"paraboloid-disk-rep2-n240-r64","ambient",32,1,0,4138,4.44089209850063e-16,32,32,33,41,51,2.44734869370057,46.7475530401049,164.560320858243,324.525841282916,582.155614418495,0.0045389500438555,0.108082492456267,0.811446048689643,1.75933233529247,1.97002609676705
"paraboloid-disk-rep2-n240-r64","ambient",4,3,2,582,8.88178419700125e-16,4,4,5,6.04999999999998,8,2.44734869370057,17.2405367819625,57.2877608368583,98.2518112732873,138.383715807224,0.0045389500438555,0.0517189924891714,0.56491370854041,1.27522873447143,1.96201343945106
"paraboloid-disk-rep2-n240-r64","ambient",64,1,0,8396,1.47627099433834e-08,64,64,66,90,100,2.44734869370057,65.5277333263837,329.942809129239,781.226974898741,1119.27275867339,0.0045389500438555,0.129721218638309,0.782163660862646,1.7645968961993,1.97002609676705
"paraboloid-disk-rep2-n240-r64","ambient",8,1,0,1093,8.88178419700125e-16,8,8,9,11,14,2.44734869370057,23.6313308094152,73.824961556213,120.689515660151,157.514060080915,0.0045389500438555,0.0739675433055638,0.693686346692197,1.59168086056839,1.96201343945106
"paraboloid-disk-rep2-n240-r64","geodesic",128,1,0,17550,3.11392938101562e-08,128,128,128,239,239,2.44755536161767,102.69587943265,712.060661243215,1743.32249820581,2263.27654340225,0.0045389500438555,0.179395672407901,0.834138353833553,1.71341867449672,1.97002609676705
"paraboloid-disk-rep2-n240-r64","geodesic",16,1,0,2150,1.12120900619406e-08,16,16,17,22,26,2.44755536161767,35.50462163376,114.914133379378,189.605183312021,239.436408518323,0.0045389500438555,0.0873963224231521,0.744562983047654,1.64959851740132,1.96201343945106
"paraboloid-disk-rep2-n240-r64","geodesic",239,1,0,28680,3.46091353353728e-08,239,239,239,239,239,2.44755536161767,138.413425736291,1235.14640158415,3247.67792583262,4072.75213530984,0.0045389500438555,0.234727732642804,0.89821302429513,1.64758614834595,1.97002609676705
"paraboloid-disk-rep2-n240-r64","geodesic",32,1,0,4137,1.37851936393707e-08,32,32,33,41,51,2.44755536161767,48.2771326909515,175.643766843552,329.278309789832,582.520555376047,0.0045389500438555,0.107889278427188,0.801978316524308,1.75545733767932,1.97002609676705
"paraboloid-disk-rep2-n240-r64","geodesic",4,4,3,583,2.27493335280826e-09,4,4,5,7,8,2.44755536161767,17.3542491886332,59.1766089690443,105.545114507567,152.697627174242,0.0045389500438555,0.0500526832310187,0.514814424097211,1.15045983921234,1.85310299312085
"paraboloid-disk-rep2-n240-r64","geodesic",64,1,0,8396,3.12060275398096e-08,64,64,66,90.05,100,2.44755536161767,70.9270399127383,333.392308021019,782.280767981708,1119.38671892491,0.0045389500438555,0.129521244770755,0.781023163336364,1.76396511296214,1.97002609676705
"paraboloid-disk-rep2-n240-r64","geodesic",8,1,0,1104,1.12120901452073e-08,8,8,9,11,14,2.44755536161767,24.3800463590794,79.124315893358,136.40589336143,181.195363351234,0.0045389500438555,0.071869578732394,0.638654762290709,1.41256228461847,1.96201343945106
"paraboloid-disk-rep2-n240-r8","ambient",128,1,0,17616,4.44089209850063e-16,128,128,128,218.25,239,0.12549481821283,4.18777872826745,14.2531017730474,28.5026316493303,35.8398289806736,0.0045389500438554,0.179827077879125,0.812824030429151,1.71291504886289,1.97002609676705
"paraboloid-disk-rep2-n240-r8","ambient",16,1,0,2190,4.44089209850063e-16,16,16,18,22,25,0.12549481821283,1.51715170115125,4.79089897060872,8.3255354938295,12.2273767479298,0.0045389500438554,0.0647550808872719,0.354748868574613,0.882256368099511,1.49726724493591
"paraboloid-disk-rep2-n240-r8","ambient",239,1,0,28680,0,239,239,239,239,239,0.12549481821283,5.40771500254977,21.108028150097,51.3271730080705,64.1804445128254,0.0045389500438554,0.234727732642804,0.89821302429513,1.64758614834595,1.97002609676705
"paraboloid-disk-rep2-n240-r8","ambient",32,1,0,4295,4.44089209850063e-16,32,32,35,42,49,0.12549481821283,2.01773404412185,6.71087965801806,11.4412739155859,14.4988206182075,0.0045389500438554,0.0900223582250569,0.498844880471703,1.2375243593853,1.79492649009083
"paraboloid-disk-rep2-n240-r8","ambient",4,1,0,580,8.88178419700125e-16,4,4,5,7,8,0.12549481821283,0.803421061399448,2.51471570360356,4.7039684330098,6.80203782291678,0.0045389500438554,0.0312804499626266,0.181866519394147,0.50487928059868,0.84351446397852
"paraboloid-disk-rep2-n240-r8","ambient",64,1,0,8556,4.44089209850063e-16,64,64,69.5,87,91,0.12549481821283,2.87814437055693,9.49953839845774,15.5317322027624,20.1061222566961,0.0045389500438554,0.124648137690077,0.684135892591375,1.71291504886289,1.97002609676705
"paraboloid-disk-rep2-n240-r8","ambient",8,1,0,1116,4.44089209850063e-16,8,8,9,12,13,0.12549481821283,1.09150509862767,3.47214217229774,6.24671455978906,8.71836289843645,0.0045389500438554,0.0458749372100109,0.247990829157464,0.657812679958067,1.05602939993951
"paraboloid-disk-rep2-n240-r8","geodesic",128,1,0,17674,2.99221567523489e-08,128,128,130,214,224,0.125504014022217,4.34272159740348,15.9125850325835,29.3886585502406,36.3363994711083,0.0045389500438554,0.180052360663007,0.796928194474156,1.71017675332716,1.97002609676705
"paraboloid-disk-rep2-n240-r8","geodesic",16,1,0,2175,3.34027172588236e-09,16,16,18,22,24,0.125504014022217,1.5412576500239,4.90665089585061,8.53257822777457,13.088525817005,0.0045389500438554,0.064737717212428,0.33234007358098,0.850020279765812,1.41923678637188
"paraboloid-disk-rep2-n240-r8","geodesic",239,1,0,28680,2.76481471050971e-08,239,239,239,239,239,0.125504014022217,5.60753206413627,22.514558434755,51.7840526466423,65.0461274295743,0.0045389500438554,0.234727732642804,0.89821302429513,1.64758614834595,1.97002609676705
"paraboloid-disk-rep2-n240-r8","geodesic",32,1,0,4262,8.19117462746988e-09,32,32,35,42,45,0.125504014022217,2.03053864504729,6.99773417573367,12.2124607007812,16.59370347111,0.0045389500438554,0.0896302015075645,0.466028628784042,1.15295914164126,1.70896195505365
"paraboloid-disk-rep2-n240-r8","geodesic",4,1,0,578,8.88178419700125e-16,4,4,5,7,8,0.125504014022217,0.806390264923359,2.51640240526807,4.73534012623349,7.10248858286815,0.0045389500438554,0.0312633879221045,0.178994203849733,0.499300832262117,0.760634090079171
"paraboloid-disk-rep2-n240-r8","geodesic",64,1,0,8672,1.65453397649173e-08,64,64,70,88,95,0.125504014022217,2.96630032822412,10.3043544383759,17.9808380514725,22.918326361102,0.0045389500438554,0.125764310966181,0.626776661453481,1.51829859468884,1.96201343945106
"paraboloid-disk-rep2-n240-r8","geodesic",8,1,0,1113,4.44089209850063e-16,8,8,9,12,13,0.125504014022217,1.10219526039145,3.52267820030065,6.34054094567924,8.91722890159615,0.0045389500438554,0.0458278713584274,0.247350542575328,0.644619262096435,1.05602939993951
"paraboloid-disk-rep3-n240-r1","ambient",128,1,0,18159,2.22044604925031e-16,128,128,143.5,200.35,228,0.00332793925366616,0.2267665877389,0.763772819316507,1.23687322117369,1.45347922968195,0.00212639842550108,0.181585781222189,0.65118843956719,1.09053015133785,1.42797007049833
"paraboloid-disk-rep3-n240-r1","ambient",16,1,0,2237,4.44089209850063e-16,16,16,18,23.05,28,0.00332793925366616,0.0782980212773257,0.255593644914131,0.45538736077799,0.599775337883966,0.00212639842550108,0.061704746189428,0.206679955324045,0.382736834371305,0.588494941743965
"paraboloid-disk-rep3-n240-r1","ambient",239,1,0,28680,0,239,239,239,239,239,0.00332793925366616,0.286133170680222,0.999855547283955,1.6481465595556,1.97891919499902,0.00212639842550108,0.235992675076065,0.874509307332382,1.61226399501735,1.97890232125696
"paraboloid-disk-rep3-n240-r1","ambient",32,1,0,4470,4.44089209850063e-16,32,32,37,45,48,0.00332793925366616,0.109670941968893,0.362087758774987,0.639844888218038,0.850102030795511,0.00212639842550108,0.0909727372317303,0.296597870282052,0.536287844552968,0.811088781594246
"paraboloid-disk-rep3-n240-r1","ambient",4,1,0,581,8.88178419700125e-16,4,4,5,7,8,0.00332793925366616,0.0432430328617891,0.127229880737559,0.234116852240578,0.416939924707713,0.00212639842550108,0.0329382600950747,0.103265490307987,0.197928886532582,0.326055954880671
"paraboloid-disk-rep3-n240-r1","ambient",64,1,0,9115,4.44089209850063e-16,64,64,74,93,100,0.00332793925366616,0.159132700979545,0.524945593487616,0.905709092787976,1.09010745344276,0.00212639842550108,0.128524294488551,0.439038847977974,0.784302923027179,1.07598391936995
"paraboloid-disk-rep3-n240-r1","ambient",8,1,0,1131,4.44089209850063e-16,8,8,9,12,15,0.00332793925366616,0.0564875460377124,0.177764071026113,0.322732620235535,0.492935392254711,0.00212639842550108,0.0445795332862471,0.14492149045461,0.270719268909757,0.492616561428174
"paraboloid-disk-rep3-n240-r1","geodesic",128,1,0,18001,2.49360940784982e-08,128,128,141,201.3,239,0.00332794522383409,0.226691010821819,0.783470676479717,1.30529623472733,1.58979821746335,0.00212639842550108,0.180970290949911,0.647619440960237,1.08017151174446,1.42797007049833
"paraboloid-disk-rep3-n240-r1","geodesic",16,1,0,2234,3.52730156194525e-09,16,16,18,23.05,28,0.00332794522383409,0.0783014607686869,0.256064597272884,0.456731503171734,0.60047283953232,0.00212639842550108,0.0616947753840741,0.206564343299464,0.379126772132617,0.588494941743965
"paraboloid-disk-rep3-n240-r1","geodesic",239,1,0,28680,2.42570581399093e-08,239,239,239,239,239,0.00332794522383409,0.287522560460232,1.05770369084163,2.03555129520285,2.77845511998221,0.00212639842550108,0.235992675076065,0.874509307332382,1.61226399501735,1.97890232125696
"paraboloid-disk-rep3-n240-r1","geodesic",32,1,0,4453,3.52730156194525e-09,32,32,37,44.05,49,0.00332794522383409,0.109667186583866,0.364378617385417,0.645566717530681,0.865044462581777,0.00212639842550108,0.0908345738422971,0.296061854913592,0.534847732093228,0.811088781594246
"paraboloid-disk-rep3-n240-r1","geodesic",4,1,0,581,8.88178419700125e-16,4,4,5,7,8,0.00332794522383409,0.0432490781294614,0.127286858051636,0.234148695027384,0.417989954921547,0.00212639842550108,0.0329382600950747,0.103265490307987,0.197928886532582,0.326055954880671
"paraboloid-disk-rep3-n240-r1","geodesic",64,1,0,9068,2.29569319110112e-08,64,64,74,93,99,0.00332794522383409,0.15930141273084,0.530571484592036,0.924710327444947,1.12815142266259,0.00212639842550108,0.128056141521792,0.437300506569608,0.772301281560642,1.0463711649183
"paraboloid-disk-rep3-n240-r1","geodesic",8,1,0,1130,4.44089209850063e-16,8,8,9,12,15,0.00332794522383409,0.0565019341979847,0.177800044067643,0.322963989172976,0.49714113195591,0.00212639842550108,0.0445654468019901,0.144837859678787,0.269823878554954,0.492616561428174
"paraboloid-disk-rep3-n240-r16","ambient",128,1,0,17576,4.44089209850063e-16,128,128,128,239,239,0.0729460633059035,11.2008094423369,47.1130924484047,109.367552687592,138.029877932052,0.00212639842550117,0.178534076854373,0.808553514423887,1.68931033713418,1.97890232125696
"paraboloid-disk-rep3-n240-r16","ambient",16,1,0,2142,9.58128443251383e-09,16,16,18,21,26,0.0729460633059035,3.88257081297537,12.8863205608454,22.1445134456724,26.0015939906792,0.00212639842550117,0.0624521713778227,0.515346630291683,1.21881302206051,1.54429660062452
"paraboloid-disk-rep3-n240-r16","ambient",239,1,0,28680,0,239,239,239,239,239,0.0729460633059035,14.6128234176513,78.6859968172823,205.144499727026,250.801031405641,0.00212639842550117,0.235992675076065,0.874509307332382,1.61226399501735,1.97890232125696
"paraboloid-disk-rep3-n240-r16","ambient",32,1,0,4137,8.88178419700125e-16,32,32,34,40.05,49,0.0729460633059035,5.27827816501044,17.8366726321933,28.4727536221401,35.4946226397466,0.00212639842550117,0.0898595974339979,0.664081873081556,1.61603760106914,1.97890232125696
"paraboloid-disk-rep3-n240-r16","ambient",4,1,0,585,8.88178419700125e-16,4,4,5,7,8,0.0729460633059035,2.21060133589721,6.88226176431843,12.7106657299438,17.2666041532943,0.00212639842550117,0.0342244006141468,0.254583120301469,0.644545066993424,1.03059601109854
"paraboloid-disk-rep3-n240-r16","ambient",64,1,0,8333,4.44089209850063e-16,64,64,66,89.05,98,0.0729460633059035,7.28901248290639,26.3371002821424,50.1061402474729,70.1985104753501,0.00212639842550117,0.123788488194431,0.755839508087404,1.75260588853243,1.97890232125696
"paraboloid-disk-rep3-n240-r16","ambient",8,1,0,1130,4.44089209850063e-16,8,8,9,12,13,0.0729460633059035,2.84330442997355,9.53587645660681,16.883575789843,21.4141238352017,0.00212639842550117,0.0462268073114567,0.357149586871391,0.885965016522524,1.14608412961146
"paraboloid-disk-rep3-n240-r16","geodesic",128,1,0,17582,2.37670356728614e-08,128,128,128,236.1,239,0.0729488271033194,11.7620851283747,49.3273482569562,110.187216218996,138.851675153965,0.00212639842550117,0.178568432080963,0.806981735653836,1.68929646029642,1.97890232125696
"paraboloid-disk-rep3-n240-r16","geodesic",16,1,0,2143,4.44089209850063e-16,16,16,17.5,21,25,0.0729488271033194,4.05522882791684,13.426126719254,23.3323291499774,28.0068341622551,0.00212639842550117,0.0620582586530323,0.464926249189614,1.13336913312921,1.47594257521962
"paraboloid-disk-rep3-n240-r16","geodesic",239,1,0,28680,3.11554404497372e-08,239,239,239,239,239,0.0729488271033194,15.3541550562067,79.6597537368292,205.367602359179,251.030257664713,0.00212639842550117,0.235992675076065,0.874509307332382,1.61226399501735,1.97890232125696
"paraboloid-disk-rep3-n240-r16","geodesic",32,1,0,4188,1.16702392749524e-08,32,32,34,43,48,0.0729488271033194,5.43399834762522,19.2088988745741,32.2833658040347,43.8846346087823,0.00212639842550117,0.0885254743922985,0.604064840461835,1.47071355065342,1.90216068279792
"paraboloid-disk-rep3-n240-r16","geodesic",4,1,0,581,8.88178419700125e-16,4,4,5,7,8,0.0729488271033194,2.20647971200538,6.90004793520023,12.8669872339199,18.1453924767613,0.00212639842550117,0.034195576238611,0.24317823663562,0.625542371717019,0.860004282743309
"paraboloid-disk-rep3-n240-r16","geodesic",64,1,0,8355,1.24290174818853e-08,64,64,66,87,98,0.0729488271033194,7.5396144424692,29.0141782193067,51.9172787357929,74.0222723016343,0.00212639842550117,0.123042225443078,0.727575679713443,1.71723972663897,1.97890232125696
"paraboloid-disk-rep3-n240-r16","geodesic",8,1,0,1115,8.88178419700125e-16,8,8,9,12,14,0.0729488271033194,2.84176504537472,9.65323362086639,17.0277494905054,21.689021565834,0.00212639842550117,0.0448589042260062,0.337097977639763,0.850287452302838,1.14608412961146
"paraboloid-disk-rep3-n240-r2","ambient",128,1,0,18065,2.22044604925031e-16,128,128,143.5,186.05,194,0.00669011826022201,0.564564313027385,1.89012136110152,3.14639892757877,3.60329923435567,0.00212639842550126,0.181424771257661,0.656515486916432,1.35865230471336,1.7882934520901
"paraboloid-disk-rep3-n240-r2","ambient",16,1,0,2214,4.44089209850063e-16,16,16,18,23,26,0.00669011826022201,0.194420991391903,0.641008896185044,1.18589272635966,1.63971306482114,0.00212639842550126,0.0614207379907597,0.216233217009142,0.485574658034001,0.732566380634395
"paraboloid-disk-rep3-n240-r2","ambient",239,1,0,28680,0,239,239,239,239,239,0.00669011826022201,0.710639987561814,2.44663990578942,3.87624817871282,4.46521316088019,0.00212639842550126,0.235992675076065,0.874509307332382,1.61226399501735,1.97890232125696
"paraboloid-disk-rep3-n240-r2","ambient",32,1,0,4460,2.22044604925031e-16,32,32,37,43,49,0.00669011826022201,0.270706683658781,0.902617762547316,1.69204051641337,2.0834831442817,0.00212639842550126,0.0909139102226038,0.30856435545575,0.670688633917473,1.00281449567959
"paraboloid-disk-rep3-n240-r2","ambient",4,1,0,590,8.88178419700125e-16,4,4,5,7,9,0.00669011826022201,0.108521566465955,0.321835998944588,0.61185219730862,0.897085646837097,0.00212639842550126,0.0329809685459057,0.110838363841387,0.266582485902967,0.437213640962157
"paraboloid-disk-rep3-n240-r2","ambient",64,1,0,9028,2.22044604925031e-16,64,64,75,89,92,0.00669011826022201,0.378373029465128,1.30383968533173,2.3282757748667,2.82617496309741,0.00212639842550126,0.127902264488789,0.448114194646417,0.974093812894342,1.36210588379545
"paraboloid-disk-rep3-n240-r2","ambient",8,1,0,1139,4.44089209850063e-16,8,8,9,12,14,0.00669011826022201,0.138291196081648,0.453622835691008,0.845352669927495,1.22705850899076,0.00212639842550126,0.044692225160303,0.153153783013661,0.358685797573872,0.588494941743965
"paraboloid-disk-rep3-n240-r2","geodesic",128,1,0,17804,2.34475385774147e-08,128,128,144.5,177,185,0.00669016291000157,0.564507753986198,1.98904719409725,3.40058027596177,4.0469018354978,0.00212639842550126,0.179693594170089,0.644304432577494,1.25858379915447,1.65364689945263
"paraboloid-disk-rep3-n240-r2","geodesic",16,1,0,2213,2.3654159742037e-08,16,16,18,23,26,0.00669016291000157,0.194464454171687,0.645697881977285,1.19744232819881,1.65218090794446,0.00212639842550126,0.0613877621950291,0.215227127962953,0.477917690585275,0.732566380634395
"paraboloid-disk-rep3-n240-r2","geodesic",239,1,0,28680,2.24901521850285e-08,239,239,239,239,239,0.00669016291000157,0.722925749235909,2.67853697265804,4.72208285241824,6.01347811462394,0.00212639842550126,0.235992675076065,0.874509307332382,1.61226399501735,1.97890232125696
"paraboloid-disk-rep3-n240-r2","geodesic",32,1,0,4442,2.3654159742037e-08,32,32,37,44,49,0.00669016291000157,0.271208868445907,0.911665930739921,1.71932319646278,2.09731127108941,0.00212639842550126,0.0907099023875296,0.306835420856319,0.663225446342271,1.00281449567959
"paraboloid-disk-rep3-n240-r2","geodesic",4,1,0,590,8.88178419700125e-16,4,4,5,7,8,0.00669016291000157,0.108554230309998,0.322325203984417,0.612890826600298,0.904073222507981,0.00212639842550126,0.0329809685459057,0.110838363841387,0.26355935682301,0.437213640962157
"paraboloid-disk-rep3-n240-r2","geodesic",64,1,0,8962,1.64465585594797e-08,64,64,74,89,96,0.00669016291000157,0.379339569337705,1.34310729917467,2.41095381150514,2.91928089226185,0.00212639842550126,0.126972881922194,0.44246823227563,0.939154438649686,1.32755752562796
"paraboloid-disk-rep3-n240-r2","geodesic",8,1,0,1140,4.44089209850063e-16,8,8,9,12,14,0.00669016291000157,0.138349117154323,0.455849496556588,0.852995351545082,1.22922803462812,0.00212639842550126,0.04470631164456,0.15217625699711,0.358662920873684,0.588494941743965
"paraboloid-disk-rep3-n240-r32","ambient",128,1,0,17574,1.44842164928605e-08,128,128,128,239,239,0.226345048883209,31.8004263663224,180.206102677588,433.659713809527,551.386921259163,0.00212639842550108,0.178522633386153,0.812413166232435,1.68931084647078,1.97890232125696
"paraboloid-disk-rep3-n240-r32","ambient",16,1,0,2127,8.88178419700125e-16,16,16,17,21,24,0.226345048883209,10.7718778078938,35.6994051940495,56.2539676176576,69.8783263918116,0.00212639842550108,0.0721089625425516,0.659534799634579,1.53585823798776,1.97890232125696
"paraboloid-disk-rep3-n240-r32","ambient",239,1,0,28680,0,239,239,239,239,239,0.226345048883209,41.6990845253519,309.753441487389,818.42586351518,1001.88688184661,0.00212639842550108,0.235992675076065,0.874509307332382,1.61226399501735,1.97890232125696
"paraboloid-disk-rep3-n240-r32","ambient",32,1,0,4119,4.44089209850063e-16,32,32,33,40.05,49,0.226345048883209,15.269515258124,50.9177920692193,83.0279811872841,104.518092964816,0.00212639842550108,0.0981087395280529,0.751006450485798,1.7312106980785,1.97890232125696
"paraboloid-disk-rep3-n240-r32","ambient",4,2,2,590,4.44089209850063e-16,4,4,5,7,8,0.226345048883209,5.86007864773177,19.5930418003682,36.7364864503673,49.1893578193999,0.00212639842550108,0.0414116518994917,0.354327671015486,0.951665217626797,1.45526241718243
"paraboloid-disk-rep3-n240-r32","ambient",64,1,0,8320,4.44089209850063e-16,64,64,65,90,99,0.226345048883209,21.0455561553213,84.7162229300595,190.963722640279,265.465888962377,0.00212639842550108,0.125134661545368,0.774216380840595,1.75664652302439,1.97890232125696
"paraboloid-disk-rep3-n240-r32","ambient",8,1,0,1140,4.44089209850063e-16,8,8,9,12,15,0.226345048883209,8.73344401517288,26.9934994397163,46.2234033740303,55.614272200844,0.00212639842550108,0.055304132701643,0.508530778659905,1.25309838424572,1.71510893283744
"paraboloid-disk-rep3-n240-r32","geodesic",128,1,0,17575,2.86145298566964e-08,128,128,128,239,239,0.226349068521581,33.6288226612606,181.969202138731,434.67749332598,551.395154810679,0.00212639842550108,0.178528355120263,0.811761457088717,1.68931059180248,1.97890232125696
"paraboloid-disk-rep3-n240-r32","geodesic",16,1,0,2146,7.80417835910541e-09,16,16,18,21,26,0.226349068521581,11.2398923018198,38.1536200842501,63.4180365422899,79.6852972920432,0.00212639842550108,0.0692158789576762,0.607963427946256,1.42278721298221,1.77834290133518
"paraboloid-disk-rep3-n240-r32","geodesic",239,1,0,28680,3.07106877706076e-08,239,239,239,239,239,0.226349068521581,45.1306465212779,310.858807898757,819.02154914396,1002.12017572955,0.00212639842550108,0.235992675076065,0.874509307332382,1.61226399501735,1.97890232125696
"paraboloid-disk-rep3-n240-r32","geodesic",32,1,0,4115,1.47226068281103e-08,32,32,33,41,49,0.226349068521581,15.5747118066552,55.7043111619876,90.4258061607467,118.54180091612,0.00212639842550108,0.0965454158878805,0.717049934906305,1.67642463438169,1.97890232125696
"paraboloid-disk-rep3-n240-r32","geodesic",4,2,2,591,1.33226762955019e-15,4,4,5,7,8,0.226349068521581,5.86322400800466,20.0629160564616,38.9259797569361,53.2135689488247,0.00212639842550108,0.0385177320252949,0.342435689010418,0.898180853846213,1.40418565628857
"paraboloid-disk-rep3-n240-r32","geodesic",64,1,0,8319,2.56982246593651e-08,64,64,65,90,99,0.226349068521581,22.0573040782708,89.7559283883035,192.06125978131,269.306578295794,0.00212639842550108,0.124850008971079,0.769012697179649,1.75596957935111,1.97890232125696
"paraboloid-disk-rep3-n240-r32","geodesic",8,1,0,1144,8.88178419700125e-16,8,8,9,13,14,0.226349068521581,8.83116723998124,28.0156293192873,48.6357477203699,66.1853968865327,0.00212639842550108,0.0533186906241579,0.466880313219751,1.13218689799494,1.62807921042745
"paraboloid-disk-rep3-n240-r4","ambient",128,1,0,18060,2.22044604925031e-16,128,128,138.5,207.05,224,0.0136507196676669,1.46750644097685,5.05724674387509,8.09796741897699,10.0111398747892,0.00212639842550108,0.181413626785794,0.756543187338819,1.67945219181864,1.97890232125696
"paraboloid-disk-rep3-n240-r4","ambient",16,1,0,2177,4.44089209850063e-16,16,16,18,23,25,0.0136507196676669,0.510169263832376,1.68632027558596,3.06285523687233,4.34753402037026,0.00212639842550108,0.0608830728744591,0.256230327828125,0.637611041871498,1.00523438267594
"paraboloid-disk-rep3-n240-r4","ambient",239,1,0,28680,0,239,239,239,239,239,0.0136507196676669,1.8899325823209,6.61880559269793,13.3981031242157,16.0811721986549,0.00212639842550108,0.235992675076065,0.874509307332382,1.61226399501735,1.97890232125696
"paraboloid-disk-rep3-n240-r4","ambient",32,1,0,4392,2.22044604925031e-16,32,32,36,42,49,0.0136507196676669,0.714987596993064,2.41292185746956,4.45561105054344,5.7355970526624,0.00212639842550108,0.0901404733564079,0.369948771651188,0.932754710895549,1.42797007049833
"paraboloid-disk-rep3-n240-r4","ambient",4,1,0,585,8.88178419700125e-16,4,4,5,7,8,0.0136507196676669,0.277421218588697,0.874657326176543,1.74133453250511,2.31728055159576,0.00212639842550108,0.0329572416287774,0.131803704637259,0.353958626483784,0.528174997688773
"paraboloid-disk-rep3-n240-r4","ambient",64,1,0,8875,2.22044604925031e-16,64,64,74,89.05,97,0.0136507196676669,1.00365749040858,3.4412251482821,6.12038700406302,7.43491969765191,0.00212639842550108,0.126459513381264,0.538356366881816,1.29686922545396,1.82819683795271
"paraboloid-disk-rep3-n240-r4","ambient",8,1,0,1117,4.44089209850063e-16,8,8,9,12,13,0.0136507196676669,0.359826133481735,1.20014945758111,2.28279050112368,2.9468884852491,0.00212639842550108,0.0443770533929238,0.175951557875538,0.485566426523371,0.670380578953525
"paraboloid-disk-rep3-n240-r4","geodesic",128,1,0,17893,1.44513616628927e-08,128,128,136.5,197.05,212,0.0136510017131763,1.48432566714664,5.48166386348892,9.39136484861763,11.3220397441673,0.00212639842550108,0.180484949930273,0.701803858367583,1.52620529306825,1.93122105953993
"paraboloid-disk-rep3-n240-r4","geodesic",16,1,0,2179,4.44089209850063e-16,16,16,18,23,25,0.0136510017131763,0.510381098864828,1.71986257205866,3.12354713114328,4.35650199006484,0.00212639842550108,0.0608883825209248,0.254000887259335,0.626817771918859,1.00523438267594
"paraboloid-disk-rep3-n240-r4","geodesic",239,1,0,28680,2.28356002995866e-08,239,239,239,239,239,0.0136510017131763,1.94012671823481,7.38520352655184,13.8575095830248,16.7399790812075,0.00212639842550108,0.235992675076065,0.874509307332382,1.61226399501735,1.97890232125696
"paraboloid-disk-rep3-n240-r4","geodesic",32,1,0,4381,9.52615986093974e-09,32,32,36,42,48,0.0136510017131763,0.714467954193614,2.47524876202821,4.59929034193252,5.8769143412555,0.00212639842550108,0.0901313706779398,0.359720006589297,0.898209483472355,1.31203874491399
"paraboloid-disk-rep3-n240-r4","geodesic",4,1,0,585,4.44089209850063e-16,4,4,5,7,8,0.0136510017131763,0.277731583053248,0.875100267347495,1.76291694808951,2.33587301625456,0.00212639842550108,0.0329572416287774,0.1315943459611,0.351029944492597,0.528174997688773
"paraboloid-disk-rep3-n240-r4","geodesic",64,1,0,8782,1.23431780352234e-08,64,64,73,86,94,0.0136510017131763,1.01447556487217,3.6166459940409,6.55098164397975,8.14035531729908,0.00212639842550108,0.125487414407376,0.509899916685675,1.21046567361523,1.66695584940178
"paraboloid-disk-rep3-n240-r4","geodesic",8,1,0,1122,4.44089209850063e-16,8,8,9,12,13,0.0136510017131763,0.360573662305465,1.20639395169809,2.30314052747365,2.99119384249757,0.00212639842550108,0.0444527549279341,0.175490381849352,0.476812570083834,0.670380578953525
"paraboloid-disk-rep3-n240-r64","ambient",128,1,0,17573,7.21401116621223e-09,128,128,128,239,239,0.827096984253838,92.2673317369437,712.261168976222,1730.3394615555,2204.8144860258,0.00212639842550108,0.178516911652043,0.814024609001303,1.68931110113908,1.97890232125696
"paraboloid-disk-rep3-n240-r64","ambient",16,1,0,2119,8.88178419700125e-16,16,16,17,21,23,0.827096984253838,31.1961906507992,103.238110081565,175.679138624898,239.464050261801,0.00212639842550108,0.0864581504057536,0.762062814206942,1.70242964489976,1.97890232125696
"paraboloid-disk-rep3-n240-r64","ambient",239,1,0,28680,0,239,239,239,239,239,0.827096984253838,122.889104458018,1234.54893459336,3271.23731336452,4006.22920083985,0.00212639842550108,0.235992675076065,0.874509307332382,1.61226399501735,1.97890232125696
"paraboloid-disk-rep3-n240-r64","ambient",32,1,0,4130,5.28240645669698e-09,32,32,33,41,49,0.827096984253838,43.1238880481081,162.192308862261,308.669498186334,417.046184148654,0.00212639842550108,0.0992177428566389,0.776945926437596,1.7530717729526,1.97890232125696
"paraboloid-disk-rep3-n240-r64","ambient",4,4,4,585,8.88178419700125e-16,4,4,5,7,9,0.827096984253838,15.9667522935415,56.0131361141804,97.6352930866346,138.574788668753,0.00212639842550108,0.0539856632071222,0.506753423853329,1.35384448406697,1.97890232125696
"paraboloid-disk-rep3-n240-r64","ambient",64,1,0,8322,9.60931334503812e-09,64,64,65,90,98,0.827096984253838,61.4272634536259,318.825516022099,754.882424428851,1043.27417529294,0.00212639842550108,0.125487414407376,0.777730971823412,1.7566185884536,1.97890232125696
"paraboloid-disk-rep3-n240-r64","ambient",8,1,0,1109,8.88178419700125e-16,8,8,9,12,14,0.827096984253838,22.5250837989331,72.6451751535024,121.372023625287,168.39186269345,0.00212639842550108,0.0668065505778106,0.64840747052047,1.53296280025947,1.97890232125696
"paraboloid-disk-rep3-n240-r64","geodesic",128,1,0,17574,3.34715197780611e-08,128,128,128,239,239,0.827101530059778,100.840206596623,714.052045688248,1731.4023967445,2204.8227246839,0.00212639842550108,0.178522633386153,0.813562959249064,1.68931084647078,1.97890232125696
"paraboloid-disk-rep3-n240-r64","geodesic",16,1,0,2122,1.31976496953179e-08,16,16,17,21,24,0.827101530059778,33.2167009087358,112.004322001706,187.438317521166,248.160622947083,0.00212639842550108,0.0802610889088501,0.716083527119141,1.6141601926852,1.97890232125696
"paraboloid-disk-rep3-n240-r64","geodesic",239,1,0,28680,4.54542368188982e-08,239,239,239,239,239,0.827101530059778,134.421011255497,1235.69742186156,3272.02313928238,4006.46355692265,0.00212639842550108,0.235992675076065,0.874509307332382,1.61226399501735,1.97890232125696
"paraboloid-disk-rep3-n240-r64","geodesic",32,1,0,4128,1.31976496953179e-08,32,32,33,41,49,0.827101530059778,44.8741716977165,173.615563051828,314.256809656566,417.114867070981,0.00212639842550108,0.0991269055382039,0.769233109307247,1.7410546614618,1.97890232125696
"paraboloid-disk-rep3-n240-r64","geodesic",4,3,3,589,8.88178419700125e-16,4,4,5,7,9,0.827101530059778,16.7177444004404,58.5852131853965,105.408262182511,148.075218174333,0.00212639842550108,0.0517675944832139,0.469637898682732,1.19527316081522,1.68790228868195
"paraboloid-disk-rep3-n240-r64","geodesic",64,1,0,8317,2.18709523824856e-08,64,64,65,90,98,0.827101530059778,64.9793344656904,323.707932085239,757.584295870023,1048.52768990749,0.00212639842550108,0.125430032933883,0.77633925953594,1.75667312450796,1.97890232125696
"paraboloid-disk-rep3-n240-r64","geodesic",8,1,0,1114,4.44089209850063e-16,8,8,9,12,14,0.827101530059778,24.2263448728743,78.3166363063665,135.154009872326,186.007442821083,0.00212639842550108,0.0649983655349004,0.591048709724697,1.43895907025471,1.84545207660177
"paraboloid-disk-rep3-n240-r8","ambient",128,1,0,17617,4.44089209850063e-16,128,128,128,227.3,239,0.0293658182146552,3.9765793608417,14.1670666911666,28.2751148379592,35.9544436899322,0.00212639842550108,0.178756636063552,0.797346440384374,1.68896612902595,1.97890232125696
"paraboloid-disk-rep3-n240-r8","ambient",16,1,0,2166,4.44089209850063e-16,16,16,18,22,29,0.0293658182146552,1.40485573755726,4.64001755060394,8.39928416768385,10.6779315351522,0.00212639842550108,0.0608538698188976,0.346672296065396,0.917668486504245,1.31083471643748
"paraboloid-disk-rep3-n240-r8","ambient",239,1,0,28680,0,239,239,239,239,239,0.0293658182146552,5.12156878845264,20.8585978077783,51.7106059101534,63.0284934407573,0.00212639842550108,0.235992675076065,0.874509307332382,1.61226399501735,1.97890232125696
"paraboloid-disk-rep3-n240-r8","ambient",32,1,0,4325,4.44089209850063e-16,32,32,35,44,50,0.0293658182146552,1.94987471763604,6.49045917121835,11.5166496058686,14.921622456905,0.00212639842550108,0.0893689365486064,0.497611932860112,1.2496446667934,1.84250460387547
"paraboloid-disk-rep3-n240-r8","ambient",4,1,0,589,8.88178419700125e-16,4,4,5,7,8,0.0293658182146552,0.756647149774217,2.48283292254878,4.71470161261243,6.09667729661603,0.00212639842550108,0.0334981311535973,0.178848687048448,0.495051505957585,0.680370509492718
"paraboloid-disk-rep3-n240-r8","ambient",64,1,0,8506,4.44089209850063e-16,64,64,69,85.05,100,0.0293658182146552,2.64235775955481,9.37053548557464,15.332674741724,20.3448533632916,0.00212639842550108,0.123687271844695,0.674310476814916,1.6522863823918,1.97890232125696
"paraboloid-disk-rep3-n240-r8","ambient",8,1,0,1118,4.44089209850063e-16,8,8,9,12,13,0.0293658182146552,0.992133874701859,3.37858829101053,6.18066220279631,8.22645051309247,0.00212639842550108,0.0443924571556121,0.248876551758619,0.648058009477433,0.921315280862948
"paraboloid-disk-rep3-n240-r8","geodesic",128,1,0,17727,2.4823707533983e-08,128,128,131,215,236,0.029366998207207,4.11713368623987,15.7425398550161,29.1283668082279,36.9043046914972,0.00212639842550108,0.179196261798289,0.782569221614512,1.68792458724993,1.97890232125696
"paraboloid-disk-rep3-n240-r8","geodesic",16,1,0,2159,4.44089209850063e-16,16,16,17,22,27,0.029366998207207,1.41224004887887,4.72789093091133,8.64172586814291,11.2697070198972,0.00212639842550108,0.0608268937822527,0.328792825322852,0.888601918494476,1.27416867666274
"paraboloid-disk-rep3-n240-r8","geodesic",239,1,0,28680,2.56842163093296e-08,239,239,239,239,239,0.029366998207207,5.40172305167122,22.2940864359047,52.1364183107236,63.3514666666855,0.00212639842550108,0.235992675076065,0.874509307332382,1.61226399501735,1.97890232125696
"paraboloid-disk-rep3-n240-r8","geodesic",32,1,0,4283,7.35004590524113e-09,32,32,35,42,49,0.029366998207207,1.96138978730412,6.82017966712165,12.2578231858031,16.4929975283339,0.00212639842550108,0.0890735440824121,0.462464418759409,1.14755627999013,1.64179441515714
"paraboloid-disk-rep3-n240-r8","geodesic",4,1,0,588,8.88178419700125e-16,4,4,5,7,8,0.029366998207207,0.757971940030323,2.48859474892383,4.7593045639839,6.21181104235723,0.00212639842550108,0.0334400107298461,0.176724416698839,0.493223976223509,0.680370509492718
"paraboloid-disk-rep3-n240-r8","geodesic",64,1,0,8579,2.73496243430316e-08,64,64,69,87,97,0.029366998207207,2.73288690077624,10.1361033111714,17.8554777319621,23.574855916237,0.00212639842550108,0.124499754719782,0.619265529126635,1.50818790134164,1.96316406897873
"paraboloid-disk-rep3-n240-r8","geodesic",8,1,0,1118,4.44089209850063e-16,8,8,9,12,13,0.029366998207207,0.99273944006298,3.41258620878408,6.27626899541705,8.27966308619054,0.00212639842550108,0.0443924571556121,0.24610101446079,0.633089384244562,0.910673142604885
"paraboloid-surface_area-rep1-n240-r1","ambient",128,1,0,17628,2.22044604925031e-16,128,128,138,191.05,219,0.0169611487615866,0.240280951314843,0.797663432822466,1.25279595099124,1.44687334950171,0.0160052613882084,0.18642709634786,0.682820579698867,1.14011235619025,1.41288351631906
"paraboloid-surface_area-rep1-n240-r1","ambient",16,1,0,2169,4.44089209850063e-16,16,16,18,22,26,0.0169611487615866,0.079710684185861,0.264787416800197,0.411253102701283,0.55864149423591,0.0160052613882084,0.0631267993391751,0.210209374581907,0.354904571005379,0.55639435863063
"paraboloid-surface_area-rep1-n240-r1","ambient",239,1,0,28680,0,239,239,239,239,239,0.0169611487615866,0.30524034410929,1.05937006877197,1.7044252268176,1.99103882463113,0.0160052613882084,0.24184667400888,0.946571981100937,1.68124004531823,1.99099925726161
"paraboloid-surface_area-rep1-n240-r1","ambient",32,1,0,4319,4.44089209850063e-16,32,32,35,44,51,0.0169611487615866,0.117886243328134,0.374936700537993,0.610903994224642,0.816458327994723,0.0160052613882084,0.08904092655108,0.301030511191225,0.527512946050342,0.761776921777721
"paraboloid-surface_area-rep1-n240-r1","ambient",4,1,0,583,8.88178419700125e-16,4,4,5,7,8,0.0169611487615866,0.0437069333692862,0.139529680208925,0.236159256650274,0.359374271417717,0.0160052613882084,0.0331092739282785,0.109748566707271,0.203554723999729,0.342905223385891
"paraboloid-surface_area-rep1-n240-r1","ambient",64,1,0,8739,4.44089209850063e-16,64,64,71,88.05,105,0.0169611487615866,0.171010261874963,0.543220994691561,0.877875733888705,1.03185830077971,0.0160052613882084,0.129856574045746,0.446473107086097,0.769927396370526,1.01448613877111
"paraboloid-surface_area-rep1-n240-r1","ambient",8,1,0,1112,4.44089209850063e-16,8,8,9,12,14,0.0169611487615866,0.0603248019315738,0.190106146209368,0.29817540171548,0.445492665311,0.0160052613882084,0.0447014088518553,0.150721012894143,0.267676760551852,0.432082425017063
"paraboloid-surface_area-rep1-n240-r1","geodesic",128,1,0,17445,2.45596578629659e-08,128,128,136,188.2,227,0.0169615555678857,0.238945134325809,0.816682625735929,1.33274385933159,1.57878988347963,0.0160052613882084,0.185612034453539,0.678202531677735,1.13362553768038,1.41288351631906
"paraboloid-surface_area-rep1-n240-r1","geodesic",16,1,0,2172,1.64494919907554e-08,16,16,18,22,26,0.0169615555678857,0.0797502158646011,0.265872307482752,0.413094114416249,0.564796316264297,0.0160052613882084,0.0632303064991808,0.21030171442102,0.352877666586797,0.55639435863063
"paraboloid-surface_area-rep1-n240-r1","geodesic",239,1,0,28680,2.45284368372012e-08,239,239,239,239,239,0.0169615555678857,0.306681741814474,1.12529244395909,2.13068095753928,2.78682815968172,0.0160052613882084,0.24184667400888,0.946571981100937,1.68124004531823,1.99099925726161
"paraboloid-surface_area-rep1-n240-r1","geodesic",32,1,0,4321,1.64494917687108e-08,32,32,35,44,51,0.0169615555678857,0.118051132725541,0.377318670969554,0.616874787523194,0.822197261606533,0.0160052613882084,0.0890428032007275,0.301030511191225,0.525112821476411,0.756883842984444
"paraboloid-surface_area-rep1-n240-r1","geodesic",4,1,0,583,8.88178419700125e-16,4,4,5,7,8,0.0169615555678857,0.043709121184247,0.139578409830002,0.236327767862969,0.360851847496105,0.0160052613882084,0.0331092739282785,0.109748566707271,0.203554723999729,0.342905223385891
"paraboloid-surface_area-rep1-n240-r1","geodesic",64,1,0,8714,1.37296213287286e-08,64,64,70,88,102,0.0169615555678857,0.170965781905233,0.549077062387606,0.895394746892088,1.07129882485683,0.0160052613882084,0.129644366949537,0.445779104647489,0.765792872845481,1.01251670113829
"paraboloid-surface_area-rep1-n240-r1","geodesic",8,1,0,1113,4.44089209850063e-16,8,8,9,12,14,0.0169615555678857,0.0603689174746585,0.190350124572606,0.298479539420652,0.448356626327714,0.0160052613882084,0.0447094545329622,0.150707012488374,0.267301184836696,0.432082425017063
"paraboloid-surface_area-rep1-n240-r16","ambient",128,1,0,17732,3.4893512523837e-09,128,128,132,239,239,0.463164499553133,12.9126335935845,43.401073880757,101.434345669915,158.833911877325,0.0148191805905155,0.184011879364096,0.967470804529679,1.76654157745399,1.9919850691624
"paraboloid-surface_area-rep1-n240-r16","ambient",16,1,0,2145,4.44089209850063e-16,16,16,17,21,24,0.463164499553133,4.79736272023337,14.060510018027,21.0838196683415,33.9382485646163,0.0148191805905155,0.0656024748902948,0.533050549426572,1.15169619480485,1.61995937212995
"paraboloid-surface_area-rep1-n240-r16","ambient",239,1,0,28680,0,239,239,239,239,239,0.463164499553133,16.2183301579585,70.1831378416762,183.214142037667,247.010209693162,0.0148191805905155,0.237021763713118,1.00411535609428,1.71083222746701,1.9919850691624
"paraboloid-surface_area-rep1-n240-r16","ambient",32,1,0,4200,4.44089209850063e-16,32,32,34,41.05,51,0.463164499553133,6.63893946869101,19.3121554348265,30.3008592644112,58.7660832212585,0.0148191805905155,0.0936201909489806,0.723808581841341,1.53953667813855,1.9919850691624
"paraboloid-surface_area-rep1-n240-r16","ambient",4,1,0,580,1.33226762955019e-15,4,4,5,7,9,0.463164499553133,2.44999567453496,7.69431131739037,12.191384005442,15.607698948136,0.0148191805905155,0.036248069971551,0.29387285125746,0.638697560336045,0.926647391461054
"paraboloid-surface_area-rep1-n240-r16","ambient",64,1,0,8469,4.44089209850063e-16,64,64,68,87,95,0.463164499553133,8.95469256248706,26.9777071044973,49.2149840512629,92.8431567644623,0.0148191805905155,0.134560968440435,0.884316923080733,1.78421323125398,1.9919850691624
"paraboloid-surface_area-rep1-n240-r16","ambient",8,1,0,1110,4.44089209850063e-16,8,8,9,12,14,0.463164499553133,3.53560228493557,10.416169374159,15.5949400320854,22.372777148014,0.0148191805905155,0.0490683193099052,0.381325781916091,0.84141512356741,1.12484994630205
"paraboloid-surface_area-rep1-n240-r16","geodesic",128,1,0,17711,2.83714753912534e-08,128,128,131.5,234.05,239,0.46317430286831,13.2769138601985,46.5074179857356,101.973247041062,159.4804257351,0.0148191805905155,0.18381941366009,0.960537765926729,1.76672660333177,1.9919850691624
"paraboloid-surface_area-rep1-n240-r16","geodesic",16,1,0,2131,7.3305000958257e-09,16,16,17,21,25,0.46317430286831,4.80553311915222,14.6298218913702,22.3048982337268,33.9651238104087,0.0148191805905155,0.0632511934161881,0.496039190357573,1.08664944082562,1.57039351829219
"paraboloid-surface_area-rep1-n240-r16","geodesic",239,1,0,28680,3.28861800014124e-08,239,239,239,239,239,0.46317430286831,17.0268970645786,71.604032746518,183.653841037139,247.544156699822,0.0148191805905155,0.237021763713118,1.00411535609428,1.71083222746701,1.9919850691624
"paraboloid-surface_area-rep1-n240-r16","geodesic",32,1,0,4193,1.34736946044711e-08,32,32,34,42,50,0.46317430286831,6.6878936573777,20.6990862436355,33.6710516951465,59.8192064389511,0.0148191805905155,0.0885152908805276,0.655657523673324,1.37697732959257,1.84948448444475
"paraboloid-surface_area-rep1-n240-r16","geodesic",4,1,0,580,8.88178419700125e-16,4,4,5,7,9,0.46317430286831,2.45340197912535,7.77698545017145,12.4636604637427,16.183378457442,0.0148191805905155,0.036248069971551,0.283102779262492,0.62472400878033,0.926647391461054
"paraboloid-surface_area-rep1-n240-r16","geodesic",64,1,0,8444,1.23585876532495e-08,64,64,67,86,96,0.46317430286831,9.05234012414722,29.8844539851662,51.3599984163231,93.431621704494,0.0148191805905155,0.127988094745819,0.838004874246282,1.7091375277612,1.9919850691624
"paraboloid-surface_area-rep1-n240-r16","geodesic",8,1,0,1103,7.33050015133685e-09,8,8,9,12,14,0.46317430286831,3.52542668568674,10.5350404351942,16.103845023176,22.5157519007709,0.0148191805905155,0.0478065819320442,0.372446956363248,0.802325116511216,1.11682800974328
"paraboloid-surface_area-rep1-n240-r2","ambient",128,1,0,17570,2.22044604925031e-16,128,128,141.5,176.05,185,0.0368893339993778,0.614222516892422,1.97714297133601,3.04914071909839,3.59295482035991,0.0152391350967013,0.184938980072504,0.710499783149732,1.35780579510158,1.77958234032308
"paraboloid-surface_area-rep1-n240-r2","ambient",16,1,0,2161,4.44089209850063e-16,16,16,17,22,29,0.0368893339993778,0.21171092591583,0.67930170330377,1.0712171168425,1.4438928146712,0.0152391350967013,0.0626918297021604,0.226655125702959,0.448665314441554,0.66170598056738
"paraboloid-surface_area-rep1-n240-r2","ambient",239,1,0,28680,0,239,239,239,239,239,0.0368893339993778,0.777610882343536,2.5780583778325,3.82993940063412,4.5183818452579,0.0152391350967013,0.239995480157631,0.97984009764945,1.70011903012659,1.99165151369605
"paraboloid-surface_area-rep1-n240-r2","ambient",32,1,0,4310,2.22044604925031e-16,32,32,35,43.05,52,0.0368893339993778,0.298835836822523,0.958278796432835,1.53666062354489,1.987587147335,0.0152391350967013,0.0880436582165381,0.323717644541002,0.647348114041662,0.983211151051636
"paraboloid-surface_area-rep1-n240-r2","ambient",4,1,0,582,8.88178419700125e-16,4,4,5,7,9,0.0368893339993778,0.12201583816059,0.361071020742723,0.613334746838434,0.823620672857103,0.0152391350967013,0.0313075645794079,0.122053198980212,0.261092026683156,0.41120420964147
"paraboloid-surface_area-rep1-n240-r2","ambient",64,1,0,8598,2.22044604925031e-16,64,64,69.5,85,94,0.0368893339993778,0.428870896491822,1.36554788223266,2.19666985954023,2.62044659156003,0.0152391350967013,0.127047465863166,0.473816759028874,0.946106859500566,1.27493515821147
"paraboloid-surface_area-rep1-n240-r2","ambient",8,1,0,1112,4.44089209850063e-16,8,8,9,12,14,0.0368893339993778,0.159419806913452,0.495475652020185,0.75652833033053,1.12091605779814,0.0152391350967013,0.0444272718758415,0.165165529955364,0.331748734772832,0.53933647658268
"paraboloid-surface_area-rep1-n240-r2","geodesic",128,1,0,17167,1.86679660618694e-08,128,128,139,169,176,0.0368907775575545,0.6116329902401,2.06333893593398,3.29855720172588,4.04760913199122,0.0152391350967013,0.1825341279049,0.68847035055196,1.27977640212596,1.68453399353814
"paraboloid-surface_area-rep1-n240-r2","geodesic",16,1,0,2163,2.22044604925031e-16,16,16,17,22,29,0.0368907775575545,0.21212590407665,0.686199421673565,1.07598497806084,1.45067012462174,0.0152391350967013,0.0627134308477921,0.226270107581402,0.443130920347267,0.654965869765178
"paraboloid-surface_area-rep1-n240-r2","geodesic",239,1,0,28680,2.27342054071045e-08,239,239,239,239,239,0.0368907775575545,0.782498348023544,2.82466866017222,4.88371739377971,6.04831442008828,0.0152391350967013,0.239995480157631,0.97984009764945,1.70011903012659,1.99165151369605
"paraboloid-surface_area-rep1-n240-r2","geodesic",32,1,0,4305,9.7453878300513e-10,32,32,35,44,53,0.0368907775575545,0.298784244464953,0.968844066999699,1.56681024786288,2.03406610815599,0.0152391350967013,0.0880402368219008,0.321398757723429,0.641471926997269,0.946060327449272
"paraboloid-surface_area-rep1-n240-r2","geodesic",4,1,0,581,4.44089209850063e-16,4,4,5,7,9,0.0368907775575545,0.121995502499257,0.361393265197198,0.615505805228222,0.825946986388216,0.0152391350967013,0.0312987470782373,0.12166270429018,0.255184835268632,0.377646942023375
"paraboloid-surface_area-rep1-n240-r2","geodesic",64,1,0,8599,1.68908900199938e-08,64,64,69,87,98,0.0368907775575545,0.429199468607236,1.39756209353212,2.26289851658949,2.71560628175582,0.0152391350967013,0.12706213324376,0.46491296770816,0.918123640379026,1.24265537965325
"paraboloid-surface_area-rep1-n240-r2","geodesic",8,1,0,1113,4.44089209850063e-16,8,8,9,12,14,0.0368907775575545,0.159682731254823,0.496609717638501,0.758811013427246,1.13417143286696,0.0152391350967013,0.0444831501852768,0.165320528733802,0.331166329369153,0.53933647658268
"paraboloid-surface_area-rep1-n240-r32","ambient",128,1,0,17758,1.33494033605075e-08,128,128,133.5,239,239,1.29140861034134,36.2213990163483,161.61199002651,401.731708511868,632.789686255106,0.0148127912860043,0.18457211993806,0.97490871154502,1.7666068645617,1.99199014642314
"paraboloid-surface_area-rep1-n240-r32","ambient",16,1,0,2144,8.88178419700125e-16,16,16,17,21.05,24,1.29140861034134,13.2770500038088,39.355762537937,59.0713202684965,132.401561741992,0.0148127912860043,0.0796422114902043,0.72691590294128,1.52881736048994,1.98890480551778
"paraboloid-surface_area-rep1-n240-r32","ambient",239,1,0,28680,0,239,239,239,239,239,1.29140861034134,44.6433830035148,273.410090421806,730.010445478541,985.971147185066,0.0148127912860043,0.237041259864982,1.0045323807751,1.71098252606412,1.99199014642314
"paraboloid-surface_area-rep1-n240-r32","ambient",32,1,0,4153,4.44089209850063e-16,32,32,33,41.05,52,1.29140861034134,18.3048360377763,52.8696581070479,99.9496453145836,231.850235216577,0.0148127912860043,0.109550293248414,0.87146305632777,1.76720333508965,1.99199014642314
"paraboloid-surface_area-rep1-n240-r32","ambient",4,2,2,577,4.44089209850063e-16,4,4,5,7,8,1.29140861034134,7.25073197669453,21.2404386371485,32.4727940363093,41.6936166424203,0.0148127912860043,0.0498705062650961,0.405852957069048,0.883976415574058,1.15196979296621
"paraboloid-surface_area-rep1-n240-r32","ambient",64,1,0,8501,4.44089209850063e-16,64,64,69,89.05,96,1.29140861034134,25.6923842879261,81.1230262703889,190.818396846015,369.02512170833,0.0148127912860043,0.144536635130002,0.931180230323995,1.80382469566356,1.99199014642314
"paraboloid-surface_area-rep1-n240-r32","ambient",8,1,0,1109,8.88178419700125e-16,8,8,9,12,14,1.29140861034134,9.63152052325012,29.297333192711,43.559853549326,87.2687856628241,0.0148127912860043,0.0591726374260763,0.539311516029093,1.19497053633011,1.61996956643098
"paraboloid-surface_area-rep1-n240-r32","geodesic",128,1,0,17752,3.35517671423702e-08,128,128,133,239,239,1.29149911030561,38.5869643350282,164.141464985033,402.840547441097,633.354204193899,0.0148127912860043,0.184566775309023,0.973439227050996,1.76663398866165,1.99199014642314
"paraboloid-surface_area-rep1-n240-r32","geodesic",16,1,0,2147,2.32831443014447e-09,16,16,17,22,25,1.29149911030561,13.4959561523956,41.8750516808396,63.8338160456593,133.95333847814,0.0148127912860043,0.0750276342519561,0.640540919054265,1.37353696631509,1.84949193882666
"paraboloid-surface_area-rep1-n240-r32","geodesic",239,1,0,28680,4.86127769150357e-08,239,239,239,239,239,1.29149911030561,48.2910052590052,275.02472495086,730.801793868112,986.085487919747,0.0148127912860043,0.237041259864982,1.0045323807751,1.71098252606412,1.99199014642314
"paraboloid-surface_area-rep1-n240-r32","geodesic",32,1,0,4157,6.76789690956525e-09,32,32,33,42.05,52,1.29149911030561,18.608577255654,58.9448022287145,103.511202149143,232.941651182527,0.0148127912860043,0.10565263776833,0.820383267133582,1.66747812238765,1.99199014642314
"paraboloid-surface_area-rep1-n240-r32","geodesic",4,2,1,575,8.88178419700125e-16,4,4,5,7,8,1.29149911030561,7.25376034233171,21.6887605298666,33.9474396683986,41.8750516808396,0.0148127912860043,0.0491405897266743,0.38832009100537,0.870358486934764,1.15196979296621
"paraboloid-surface_area-rep1-n240-r32","geodesic",64,1,0,8488,3.00936950914377e-08,64,64,68,88,94,1.29149911030561,26.605983608841,88.3339509407451,192.141697355375,369.314081392668,0.0148127912860043,0.142480280046631,0.914270062141883,1.79156507894172,1.99199014642314
"paraboloid-surface_area-rep1-n240-r32","geodesic",8,1,0,1099,8.88178419700125e-16,8,8,9,11,14,1.29149911030561,9.63806878437488,30.1208909301029,45.4909435713325,87.4181190497849,0.0148127912860043,0.0574179532442828,0.500745879323315,1.10478228981493,1.57040107779242
"paraboloid-surface_area-rep1-n240-r4","ambient",128,1,0,17795,2.22044604925031e-16,128,128,140,196.05,207,0.078495168403088,1.67651859319303,5.20642801244313,7.845328224621,10.6233311428071,0.0149343758726425,0.184436318827742,0.848784719446626,1.71682964323092,1.99189343321855
"paraboloid-surface_area-rep1-n240-r4","ambient",16,1,0,2159,4.44089209850063e-16,16,16,17,22.05,28,0.078495168403088,0.59521377736548,1.84981594196274,2.81252264149115,3.71792142451249,0.0149343758726425,0.0612124080263393,0.286285694521246,0.611170846474024,0.883612783937748
"paraboloid-surface_area-rep1-n240-r4","ambient",239,1,0,28680,0,239,239,239,239,239,0.078495168403088,2.12317153365502,6.663803114099,12.3215682726187,16.1646075268504,0.0149343758726425,0.237480934247493,0.996728837384041,1.7080902829202,1.99189343321855
"paraboloid-surface_area-rep1-n240-r4","ambient",32,1,0,4277,4.44089209850063e-16,32,32,34,43.05,51,0.078495168403088,0.833105424426356,2.57790812599731,4.02864200006542,5.06199323573581,0.0149343758726425,0.0868114131442314,0.40030572814289,0.849075944128539,1.20638391447416
"paraboloid-surface_area-rep1-n240-r4","ambient",4,1,0,577,8.88178419700125e-16,4,4,5,7,8,0.078495168403088,0.3439180765287,0.941642630742587,1.58666227661808,2.52251962010208,0.0149343758726425,0.0304311611207707,0.154829931982188,0.344780366303967,0.628881833802388
"paraboloid-surface_area-rep1-n240-r4","ambient",64,1,0,8557,2.22044604925031e-16,64,64,70.5,81,85,0.078495168403088,1.17341408492166,3.63480304526891,5.63033099841292,6.74879554099687,0.0149343758726425,0.125633477709022,0.584797142408476,1.19839614738028,1.68389296123233
"paraboloid-surface_area-rep1-n240-r4","ambient",8,1,0,1107,4.44089209850063e-16,8,8,9,12,14,0.078495168403088,0.446570654441357,1.33988197530722,2.10716517411564,2.80246756821063,0.0149343758726425,0.043938858930496,0.214720517727082,0.441900741287515,0.628881833802388
"paraboloid-surface_area-rep1-n240-r4","geodesic",128,1,0,17500,1.46346349483295e-08,128,128,135.5,184.05,193,0.0784985281902584,1.67450510032658,5.61506833692941,8.97602004502725,10.9291636363862,0.0149343758726425,0.183100165755846,0.780521007096103,1.54613440886052,1.93912431525858
"paraboloid-surface_area-rep1-n240-r4","geodesic",16,1,0,2166,4.44089209850063e-16,16,16,17,23,28,0.0784985281902584,0.596667581673545,1.86998820099393,2.86735381198095,3.84339358935083,0.0149343758726425,0.0613440293083418,0.282126589159789,0.605427222402891,0.883612783937748
"paraboloid-surface_area-rep1-n240-r4","geodesic",239,1,0,28680,2.52302838621432e-08,239,239,239,239,239,0.0784985281902584,2.1531362076212,7.53482154407593,12.9423259300154,16.8445850766778,0.0149343758726425,0.237480934247493,0.996728837384041,1.7080902829202,1.99189343321855
"paraboloid-surface_area-rep1-n240-r4","geodesic",32,1,0,4274,1.58057749111151e-08,32,32,34,43.05,52,0.0784985281902584,0.833400062495433,2.63438119293734,4.14976651021217,5.1183609721026,0.0149343758726425,0.0868096903215028,0.387524912619657,0.818045563922735,1.15140619791583
"paraboloid-surface_area-rep1-n240-r4","geodesic",4,1,0,579,8.88178419700125e-16,4,4,5,7,8,0.0784985281902584,0.345158142226792,0.94681574992884,1.60749076011155,2.56574333790856,0.0149343758726425,0.0304639376374027,0.154795545249707,0.341653910456626,0.628881833802388
"paraboloid-surface_area-rep1-n240-r4","geodesic",64,1,0,8452,1.31323707464048e-08,64,64,69,81,85,0.0784985281902584,1.1724812134891,3.76925655814054,5.93746908414137,7.323833817396,0.0149343758726425,0.125124617126079,0.554741592016678,1.13898087356193,1.57025708926756
"paraboloid-surface_area-rep1-n240-r4","geodesic",8,1,0,1108,4.44089209850063e-16,8,8,9,12,14,0.0784985281902584,0.446739161681378,1.34656187888754,2.11997070981641,2.83138160371225,0.0149343758726425,0.0439973529960774,0.207788204411811,0.433258036443718,0.628881833802388
"paraboloid-surface_area-rep1-n240-r64","ambient",128,1,0,17764,2.19211444552059e-08,128,128,133.5,239,239,3.21355854364458,100.291937312336,634.200183066035,1604.02998533572,2528.55618279581,0.0148111627659661,0.184586696105234,0.97562030392307,1.76661907755404,1.9919914397977
"paraboloid-surface_area-rep1-n240-r64","ambient",16,1,0,2121,4.44089209850063e-16,16,16,17,21,23,3.21355854364458,36.9686833936353,108.323034646119,199.206898535003,525.482367228673,0.0148111627659661,0.111288971768418,0.891046058348306,1.76938881956055,1.9919914397977
"paraboloid-surface_area-rep1-n240-r64","ambient",239,1,0,28680,0,239,239,239,239,239,3.21355854364458,125.094400220761,1086.74341506581,2916.93830636035,3941.99757971913,0.0148111627659661,0.237036933807392,1.00457390408111,1.71101898228809,1.9919914397977
"paraboloid-surface_area-rep1-n240-r64","ambient",32,1,0,4168,8.88178419700125e-16,32,32,33,43,53,3.21355854364458,50.971996544566,159.439106703731,390.630842333441,924.103401891444,0.0148111627659661,0.11287658691988,0.918908303564728,1.81047571210361,1.9919914397977
"paraboloid-surface_area-rep1-n240-r64","ambient",4,4,3,580,1.77635683940025e-15,4,4,5,6.04999999999998,9,3.21355854364458,20.0259583627069,59.4958016597409,95.9103345364954,131.309516830629,0.0163485874283079,0.0668272858079615,0.555281599265391,1.24868233553363,1.64285627969875
"paraboloid-surface_area-rep1-n240-r64","ambient",64,1,0,8512,1.3872818005467e-08,64,64,68,89.05,96,3.21355854364458,71.7787732068105,298.650630190324,757.309398557475,1474.64873186844,0.0148111627659661,0.146218617350451,0.943248172742954,1.8059469995718,1.9919914397977
"paraboloid-surface_area-rep1-n240-r64","ambient",8,1,0,1084,8.88178419700125e-16,8,8,9,11,14,3.21355854364458,27.5650387666685,79.713268896174,120.712417370029,346.775097228735,0.0148111627659661,0.0863888064945464,0.763778865931974,1.60325109985016,1.98890673511168
"paraboloid-surface_area-rep1-n240-r64","geodesic",128,1,0,17766,3.60956313727456e-08,128,128,133.5,239,239,3.21370407504173,110.20140265872,637.406705056739,1604.28637199479,2529.1224804944,0.0148111627659661,0.184591906598659,0.975376876937599,1.76661315653996,1.9919914397977
"paraboloid-surface_area-rep1-n240-r64","geodesic",16,1,0,2129,8.88178419700125e-16,16,16,17,21,23,3.21370407504173,38.2342168713867,121.360375414187,203.514511963256,527.061264229179,0.0148111627659661,0.0973679155964792,0.836632917893461,1.6696514101125,1.98849883634345
"paraboloid-surface_area-rep1-n240-r64","geodesic",239,1,0,28680,3.77616058422348e-08,239,239,239,239,239,3.21370407504173,140.706890577148,1087.83696426783,2917.64817412435,3942.1118171972,0.0148111627659661,0.237036933807392,1.00457390408111,1.71101898228809,1.9919914397977
"paraboloid-surface_area-rep1-n240-r64","geodesic",32,1,0,4166,8.90680348919481e-09,32,32,34,42.05,53,3.21370407504173,51.8525248677451,172.980318683006,395.889031461641,925.204901818538,0.0148111627659661,0.112452621676213,0.904101954134843,1.78559696551413,1.9919914397977
"paraboloid-surface_area-rep1-n240-r64","geodesic",4,2,2,573,8.88178419700125e-16,4,4,5,6,7,3.21370407504173,19.5912450024176,61.6847168426852,102.190447732701,133.065817763497,0.0148111627659661,0.06199229737375,0.514886446740906,1.1518569745183,1.46717648145191
"paraboloid-surface_area-rep1-n240-r64","geodesic",64,1,0,8509,1.82963710848583e-08,64,64,68,89,96,3.21370407504173,75.7375696535992,303.829950247962,759.038068326676,1474.72914563733,0.0148111627659661,0.146095722329145,0.940990553273069,1.80464326379379,1.9919914397977
"paraboloid-surface_area-rep1-n240-r64","geodesic",8,1,0,1098,8.88178419700125e-16,8,8,9,12,14,3.21370407504173,27.8336033344791,86.1559667905922,135.34553696851,346.926122295784,0.0148111627659661,0.0779797472686812,0.677283847566189,1.39997108613646,1.84949383775169
"paraboloid-surface_area-rep1-n240-r8","ambient",128,1,0,17623,4.44089209850063e-16,128,128,131,218.2,238,0.175504711178153,4.62435581369799,13.9760542128007,26.3144933901868,40.3114821916407,0.0148437528893127,0.182845492569597,0.938436527143742,1.76615904480717,1.99196552775265
"paraboloid-surface_area-rep1-n240-r8","ambient",16,1,0,2160,4.44089209850063e-16,16,16,17,22,27,0.175504711178153,1.77168881633724,5.08183357088655,7.70937365102535,10.2637965343437,0.0148437528893127,0.0610438881378678,0.38479677504746,0.826387736065349,1.23241406953023
"paraboloid-surface_area-rep1-n240-r8","ambient",239,1,0,28680,0,239,239,239,239,239,0.175504711178153,5.91315074385964,19.3034191667503,46.4894846577988,62.3775878928933,0.0148437528893127,0.237439658995352,1.00249432572276,1.71009456993123,1.99196552775265
"paraboloid-surface_area-rep1-n240-r8","ambient",32,1,0,4252,4.44089209850063e-16,32,32,34.5,43.05,48,0.175504711178153,2.27706277238704,7.1088766413692,11.0165107632554,15.435082882704,0.0148437528893127,0.0867229631354873,0.541576146856991,1.13545761766356,1.63698748813909
"paraboloid-surface_area-rep1-n240-r8","ambient",4,1,0,576,8.88178419700125e-16,4,4,5,6,7,0.175504711178153,0.9726287057662,2.76794650201151,4.37552226033332,6.04403185261059,0.0148437528893127,0.033558312988147,0.208746059853769,0.451039397025406,0.628923573546122
"paraboloid-surface_area-rep1-n240-r8","ambient",64,1,0,8475,4.44089209850063e-16,64,64,69,85,97,0.175504711178153,3.20926387421309,9.79698319267283,15.3549627808324,23.5910734379385,0.0148437528893127,0.12473126380534,0.752621153249569,1.57542707284789,1.99196552775265
"paraboloid-surface_area-rep1-n240-r8","ambient",8,1,0,1108,4.44089209850063e-16,8,8,9,12,15,0.175504711178153,1.25226427030141,3.61214513580777,5.72134230723631,7.61783082349343,0.0148437528893127,0.0445645814649127,0.28534945103865,0.611476993495936,0.942233231323251
"paraboloid-surface_area-rep1-n240-r8","geodesic",128,1,0,17570,2.21332525640605e-08,128,128,133.5,208,217,0.175511081992887,4.69257690793238,15.6561303191755,27.3471161381392,41.1602686256802,0.0148437528893127,0.182519578030782,0.901747864890175,1.74457640786059,1.99196552775265
"paraboloid-surface_area-rep1-n240-r8","geodesic",16,1,0,2160,4.44089209850063e-16,16,16,17,22.05,27,0.175511081992887,1.77173611054379,5.15718460740096,7.89412853052302,10.5061146422621,0.0148437528893127,0.0610438881378678,0.373043549441579,0.794311389114243,1.12662997865054
"paraboloid-surface_area-rep1-n240-r8","geodesic",239,1,0,28680,2.52042917647799e-08,239,239,239,239,239,0.175511081992887,6.06450962023795,21.2658321139,47.0401230210525,62.9848509559135,0.0148437528893127,0.237439658995352,1.00249432572276,1.71009456993123,1.99196552775265
"paraboloid-surface_area-rep1-n240-r8","geodesic",32,1,0,4229,3.35934585704578e-09,32,32,34,42.05,47,0.175511081992887,2.28042367876897,7.39444439340228,11.4950130365314,15.873869034078,0.0148437528893127,0.0861642790600114,0.513046121557742,1.07529089727021,1.46997910486417
"paraboloid-surface_area-rep1-n240-r8","geodesic",4,1,0,570,8.88178419700125e-16,4,4,5,6,7,0.175511081992887,0.968438992616113,2.77347698020851,4.43108592332252,6.11150261909783,0.0148437528893127,0.0333511677522662,0.205471982333366,0.445172150952669,0.628923573546122
"paraboloid-surface_area-rep1-n240-r8","geodesic",64,1,0,8457,1.47165648556324e-08,64,64,68,83,89,0.175511081992887,3.22370490018049,10.5700159438687,16.9360413144679,24.2669669666646,0.0148437528893127,0.12446613515453,0.691181489327288,1.42035917365609,1.90104489880093
"paraboloid-surface_area-rep1-n240-r8","geodesic",8,1,0,1108,4.44089209850063e-16,8,8,9,12,15,0.175511081992887,1.25236982988218,3.64719365039804,5.80196199607945,7.93044312502907,0.0148437528893127,0.0445645814649127,0.282073657704927,0.607554939169695,0.942233231323251
"paraboloid-surface_area-rep1-n480-r64","ambient",128,1,0,34175,1.8446277394446e-08,128,128,135.5,183.05,197,1.78649458743964,69.027465815444,291.370370546026,828.730894096438,1639.08024288436,0.00647454086054914,0.144393258156299,0.957419117452829,1.80423126656666,1.99779959824845
"paraboloid-surface_area-rep1-n480-r64","ambient",16,1,0,4270,8.88178419700125e-16,16,16,17,21,27,1.78649458743964,25.9087815073819,76.5119483593581,117.949517896772,399.784549772749,0.00647454086054914,0.08003223514538,0.722461698106628,1.49409624640525,1.99779959824845
"paraboloid-surface_area-rep1-n480-r64","ambient",479,1,0,114960,1.00031182781457e-08,479,479,479,479,479,1.78649458743964,120.999877020452,1054.45384719488,2861.51970789388,3999.42267968668,0.00647454086054914,0.232363411254199,1.01839745830878,1.70937602657704,1.99779959824845
"paraboloid-surface_area-rep1-n480-r64","ambient",64,1,0,16723,6.66133814775094e-16,64,64,68,85,101,1.78649458743964,49.8690481803671,153.612426841227,410.919277913515,1057.8569941335,0.00647454086054914,0.122067255063954,0.935219240503469,1.80534635087013,1.99779959824845
"paraboloid-surface_area-rep1-n480-r64","ambient",8,1,0,2214,8.88178419700125e-16,8,8,9,12,14,1.78649458743964,18.42722866328,56.5764222783369,88.0438100239056,250.266749941493,0.00647454086054914,0.0579852218220503,0.541005092196743,1.13523288109404,1.5615847898974
"paraboloid-surface_area-rep1-n480-r64","geodesic",128,1,0,34184,2.91439485877731e-08,128,128,136,182.05,197,1.78652622596928,72.4938318773358,297.290072485253,829.463355143094,1639.26886720941,0.00647454086054914,0.144312561526689,0.954415678364386,1.80184241321001,1.99779959824845
"paraboloid-surface_area-rep1-n480-r64","geodesic",16,1,0,4298,5.18669046600806e-09,16,16,17,22,27,1.78652622596928,26.2012331230458,82.3434895470182,128.585061879895,400.158922322277,0.00647454086054914,0.072325806698873,0.650516212463437,1.34405070837788,1.9408234163196
"paraboloid-surface_area-rep1-n480-r64","geodesic",479,1,0,114960,5.14133164930541e-08,479,479,479,479,479,1.78652622596928,135.832255896565,1055.76105533831,2862.47213209465,4000.37095685918,0.00647454086054914,0.232363411254199,1.01839745830878,1.70937602657704,1.99779959824845
"paraboloid-surface_area-rep1-n480-r64","geodesic",64,1,0,16689,2.78643752515961e-08,64,64,68,82,101,1.78652622596928,51.0320003106684,168.428320639463,413.421647252032,1057.98990113,0.00647454086054914,0.119531391557658,0.917846723220425,1.78972235676999,1.99779959824845
"paraboloid-surface_area-rep1-n480-r64","geodesic",8,1,0,2225,1.37694159962898e-08,8,8,9,12,14,1.78652622596928,18.575432847667,58.6021609149093,93.3556583092574,250.984405211424,0.00647454086054914,0.0552722206379091,0.512349850890229,1.07944458811449,1.36875931560031
"paraboloid-surface_area-rep2-n240-r1","ambient",128,1,0,17511,2.22044604925031e-16,128,128,137,193,217,0.00626869195738014,0.229724211823891,0.813803083412671,1.25528754181788,1.43968315279797,0.00408138337943564,0.180481649499562,0.697986122096043,1.14106269623506,1.43456001861769
"paraboloid-surface_area-rep2-n240-r1","ambient",16,1,0,2243,4.44089209850063e-16,16,16,18,23.05,29,0.00626869195738014,0.084580056724315,0.261815012010513,0.435697487152772,0.716153278359752,0.00408138337943564,0.0615777140206082,0.210633226153538,0.370708531974238,0.713409559350386
"paraboloid-surface_area-rep2-n240-r1","ambient",239,1,0,28680,0,239,239,239,239,239,0.00626869195738014,0.300089392371463,1.07983189094761,1.72419140756687,1.97581982495745,0.00408138337943564,0.235190540069014,0.960365329665663,1.70319820271774,1.97562752736063
"paraboloid-surface_area-rep2-n240-r1","ambient",32,1,0,4312,4.44089209850063e-16,32,32,35,43,46,0.00626869195738014,0.116561937018927,0.370677083793495,0.601575072200281,0.82465285217876,0.00408138337943564,0.0868336474251501,0.295134730343077,0.513279016673225,0.80517692957667
"paraboloid-surface_area-rep2-n240-r1","ambient",4,1,0,596,8.88178419700125e-16,4,4,5,7,9,0.00626869195738014,0.0402132295462624,0.140879039535812,0.245452263432132,0.378238702611688,0.00408138337943564,0.0317697920836177,0.109362821632214,0.219400135884426,0.330630193567911
"paraboloid-surface_area-rep2-n240-r1","ambient",64,1,0,8601,4.44089209850063e-16,64,64,69,87.05,103,0.00626869195738014,0.159922344329345,0.541020943236363,0.873030728109116,1.07249814174134,0.00408138337943564,0.125201568101137,0.445188962798497,0.782856726273852,1.07107858702734
"paraboloid-surface_area-rep2-n240-r1","ambient",8,1,0,1146,4.44089209850063e-16,8,8,9,13,15,0.00626869195738014,0.0560775181346752,0.189118342803371,0.337251252557136,0.492838507123318,0.00408138337943564,0.0465124866792,0.151043850656271,0.278493927079803,0.47915104661073
"paraboloid-surface_area-rep2-n240-r1","geodesic",128,1,0,17330,2.37103874312083e-08,128,128,135.5,193.1,226,0.00626869350109072,0.229222947886057,0.833180937574752,1.3300523269769,1.56354326867236,0.00408138337943564,0.180010391785631,0.693096502701796,1.1333043005104,1.41472154981809
"paraboloid-surface_area-rep2-n240-r1","geodesic",16,1,0,2243,4.44089209850063e-16,16,16,18,24,29,0.00626869350109072,0.0845836193706236,0.262577844151875,0.437061873841879,0.71938784160412,0.00408138337943564,0.0615777140206082,0.210626723688804,0.369297763114257,0.61150016763514
"paraboloid-surface_area-rep2-n240-r1","geodesic",239,1,0,28680,2.62768817815839e-08,239,239,239,239,239,0.00626869350109072,0.300912006035558,1.14702872134994,2.17075147133379,2.7702605797484,0.00408138337943564,0.235190540069014,0.960365329665663,1.70319820271774,1.97562752736063
"paraboloid-surface_area-rep2-n240-r1","geodesic",32,1,0,4310,2.77043779028929e-08,32,32,35,43,47,0.00626869350109072,0.116671849248801,0.372437784184473,0.604498553469291,0.829639362179329,0.00408138337943564,0.0868220161371484,0.295037682103461,0.509742916016476,0.80517692957667
"paraboloid-surface_area-rep2-n240-r1","geodesic",4,1,0,596,4.44089209850063e-16,4,4,5,7,9,0.00626869350109072,0.0402151418322729,0.140961199504262,0.245988237299121,0.378862580655963,0.00408138337943564,0.0317697920836177,0.109362821632214,0.219400135884426,0.330630193567911
"paraboloid-surface_area-rep2-n240-r1","geodesic",64,1,0,8582,1.77709202908716e-08,64,64,69,87,101,0.00626869350109072,0.160182401400796,0.547247559025271,0.89108694969365,1.11784876881106,0.00408138337943564,0.125167161911756,0.444668565870922,0.773616499172158,1.06708043484707
"paraboloid-surface_area-rep2-n240-r1","geodesic",8,1,0,1145,4.44089209850063e-16,8,8,9,13,15,0.00626869350109072,0.0560780969372159,0.189149326698234,0.337637701486836,0.493224883107238,0.00408138337943564,0.0464969488427002,0.151036718295712,0.278550401652317,0.47915104661073
"paraboloid-surface_area-rep2-n240-r16","ambient",128,1,0,18010,9.00600660713735e-09,128,128,134.5,237.1,239,0.465898103390017,12.807727696871,44.2908327554713,112.504365647869,166.964838535535,0.00391965546401781,0.181248479140606,0.976097139937807,1.77997389245784,1.97800505164436
"paraboloid-surface_area-rep2-n240-r16","ambient",16,1,0,2131,4.44089209850063e-16,16,16,17,22,25,0.465898103390017,4.64649323398231,14.0109555529097,20.753151205391,29.3822605454166,0.00391965546401781,0.0639397186207097,0.533492033839664,1.13733706266945,1.64648978658553
"paraboloid-surface_area-rep2-n240-r16","ambient",239,1,0,28680,0,239,239,239,239,239,0.465898103390017,16.2441095481864,69.9754538444487,189.843819387963,249.78691888486,0.00391965546401781,0.229014838075698,1.01382873975704,1.72932207100698,1.97800505164436
"paraboloid-surface_area-rep2-n240-r16","ambient",32,1,0,4256,4.44089209850063e-16,32,32,35,41,53,0.465898103390017,6.52809619588228,19.4982378586276,29.9764597326209,65.0148525229339,0.00391965546401781,0.0915817945807788,0.710694966530483,1.51510528527333,1.9640095554038
"paraboloid-surface_area-rep2-n240-r16","ambient",4,1,0,576,8.88178419700125e-16,4,4,5,7,9,0.465898103390017,2.35647655225244,7.56988307714228,12.4625301924027,15.7000368937988,0.00391965546401781,0.0348025250613944,0.26368210848758,0.661388026263608,0.925167700748421
"paraboloid-surface_area-rep2-n240-r16","ambient",64,1,0,8595,4.44089209850063e-16,64,64,69,89.05,94,0.465898103390017,9.06104255715712,27.0204392529527,60.748541649459,99.5775298525012,0.00391965546401781,0.131799021600201,0.880145214575562,1.79818116293985,1.97800505164436
"paraboloid-surface_area-rep2-n240-r16","ambient",8,1,0,1112,8.88178419700125e-16,8,8,9,12,14,0.465898103390017,3.5619090980394,10.1791108146357,15.9517404818594,19.5426422207044,0.00391965546401781,0.0449706875323446,0.393723665746034,0.86464140565744,1.21898561692902
"paraboloid-surface_area-rep2-n240-r16","geodesic",128,1,0,17977,2.43304187907967e-08,128,128,134,227.05,239,0.465898260014114,13.25043268621,47.3372285654691,113.158074537352,167.697048933669,0.00391965546401781,0.180883869012153,0.964664624310532,1.7800289941855,1.97800505164436
"paraboloid-surface_area-rep2-n240-r16","geodesic",16,1,0,2140,4.44089209850063e-16,16,16,17,22.05,25,0.465898260014114,4.66679939805799,14.541414365404,22.263516807059,30.638181255643,0.00391965546401781,0.0648243101518453,0.508245651788306,1.08100486170156,1.53618790177489
"paraboloid-surface_area-rep2-n240-r16","geodesic",239,1,0,28680,2.95706654718231e-08,239,239,239,239,239,0.465898260014114,16.9010964739152,71.6353170238793,190.42640743173,250.852619613344,0.00391965546401781,0.229014838075698,1.01382873975704,1.72932207100698,1.97800505164436
"paraboloid-surface_area-rep2-n240-r16","geodesic",32,1,0,4251,1.31049855967014e-08,32,32,35,42,51,0.465898260014114,6.52689781262143,20.6920278978424,32.7637730469961,65.3534060838515,0.00391965546401781,0.0888296241747507,0.660942406056157,1.37837361908467,1.8374086957501
"paraboloid-surface_area-rep2-n240-r16","geodesic",4,1,0,581,8.88178419700125e-16,4,4,5,7,9,0.465898260014114,2.36520611908688,7.67684436204408,12.7496151297688,15.976752769321,0.00391965546401781,0.0349574732783788,0.259209380383718,0.655225533168511,0.899130382613795
"paraboloid-surface_area-rep2-n240-r16","geodesic",64,1,0,8590,1.43221285386907e-08,64,64,69,89,94,0.465898260014114,9.18952904968417,29.9387306648983,61.1408377419867,99.6676732592389,0.00391965546401781,0.126083847394106,0.836509559166283,1.71286688051491,1.97800505164436
"paraboloid-surface_area-rep2-n240-r16","geodesic",8,1,0,1116,8.88178419700125e-16,8,8,9,12,15,0.465898260014114,3.56233477643043,10.4454172950525,16.6265481476654,21.0555617367568,0.00391965546401781,0.0450108739917142,0.38092644091247,0.827393008852417,1.21898561692902
"paraboloid-surface_area-rep2-n240-r2","ambient",128,1,0,17507,2.22044604925031e-16,128,128,141,180,189,0.0184447861896902,0.594743095558768,2.00751134972314,3.05637924871055,3.4866252962995,0.00397303383771858,0.179648046250679,0.731013171130703,1.35819758546614,1.73306000217121
"paraboloid-surface_area-rep2-n240-r2","ambient",16,1,0,2216,4.44089209850063e-16,16,16,18,23,27,0.0184447861896902,0.212714380314197,0.670965802844984,1.10927494871031,1.60523421253136,0.00397303383771858,0.0606516543859002,0.226605667123413,0.462355954570501,0.801814643523112
"paraboloid-surface_area-rep2-n240-r2","ambient",239,1,0,28680,0,239,239,239,239,239,0.0184447861896902,0.770736472672102,2.62254588014015,3.85473884396179,4.52756222011134,0.00397303383771858,0.232109499090742,0.989259802012118,1.72023552914273,1.97705626576053
"paraboloid-surface_area-rep2-n240-r2","ambient",32,1,0,4285,2.22044604925031e-16,32,32,35,43,47,0.0184447861896902,0.301868345901984,0.948299827647449,1.51125509340939,2.17755445932922,0.00397303383771858,0.0849360440966029,0.315160773365487,0.634244011605412,1.0600602987664
"paraboloid-surface_area-rep2-n240-r2","ambient",4,1,0,589,8.88178419700125e-16,4,4,5,7,9,0.0184447861896902,0.103693144274174,0.361192856977611,0.626456299008548,1.00485908989189,0.00397303383771858,0.0303488163895887,0.125940371249997,0.255850807069053,0.419789313751032
"paraboloid-surface_area-rep2-n240-r2","ambient",64,1,0,8539,2.22044604925031e-16,64,64,70,83.1,94,0.0184447861896902,0.414257581770394,1.36832055146526,2.15901385217564,2.62943182435522,0.00397303383771858,0.122750650666641,0.472913064414532,0.936493454250471,1.31090851353937
"paraboloid-surface_area-rep2-n240-r2","ambient",8,1,0,1144,4.44089209850063e-16,8,8,9,12,14,0.0184447861896902,0.146159801902419,0.485986728156342,0.857650068779406,1.3332257351852,0.00397303383771858,0.0455297069277467,0.164967274147315,0.350215737421036,0.612419242829907
"paraboloid-surface_area-rep2-n240-r2","geodesic",128,1,0,17073,2.40885587032835e-08,128,128,139,168,179,0.0184448428046498,0.591112625348268,2.08501273327206,3.31182808717821,3.95326630313964,0.00397303383771858,0.176538503991236,0.704268155777205,1.28767555499965,1.65731385974594
"paraboloid-surface_area-rep2-n240-r2","geodesic",16,1,0,2216,2.22044604925031e-16,16,16,18,23.05,27,0.0184448428046498,0.212721794534659,0.674449139002885,1.11253178071721,1.63045351231026,0.00397303383771858,0.0606516543859002,0.22550720793899,0.458815420994794,0.777766945466119
"paraboloid-surface_area-rep2-n240-r2","geodesic",239,1,0,28680,3.20335846737407e-08,239,239,239,239,239,0.0184448428046498,0.775142878728667,2.86711375005467,4.9403562446467,6.01997733406086,0.00397303383771858,0.232109499090742,0.989259802012118,1.72023552914273,1.97705626576053
"paraboloid-surface_area-rep2-n240-r2","geodesic",32,1,0,4277,3.47398398936605e-09,32,32,35,43.05,47,0.0184448428046498,0.301828950768955,0.957857155624277,1.52921420764142,2.24258066072868,0.00397303383771858,0.0846980582568452,0.312854606403514,0.618692119293748,1.0600602987664
"paraboloid-surface_area-rep2-n240-r2","geodesic",4,1,0,590,4.44089209850063e-16,4,4,5,7,9,0.0184448428046498,0.103770742171649,0.36181617492688,0.629409753139416,1.01020956980574,0.00397303383771858,0.0303789583627628,0.125616719031756,0.2558163948312,0.419789313751032
"paraboloid-surface_area-rep2-n240-r2","geodesic",64,1,0,8549,1.97695175785384e-08,64,64,69,85.05,96,0.0184448428046498,0.415574140579814,1.39980013028149,2.22320994198221,2.73050479616136,0.00397303383771858,0.122803708163658,0.463811515262801,0.911856822627918,1.24736883880646
"paraboloid-surface_area-rep2-n240-r2","geodesic",8,1,0,1146,4.44089209850063e-16,8,8,9,12,14,0.0184448428046498,0.146228225127738,0.486662968071602,0.859870095709926,1.33650944225608,0.00397303383771858,0.0455368399578025,0.164888456733647,0.349537412453407,0.612419242829907
"paraboloid-surface_area-rep2-n240-r32","ambient",128,1,0,18028,1.29672019788529e-08,128,128,134.5,239,239,1.2888080315813,35.5453802288061,165.495673939539,446.692128290111,666.261858156743,0.00391885322799926,0.181478988702714,0.983091229889934,1.78009022608794,1.97802052495812
"paraboloid-surface_area-rep2-n240-r32","ambient",16,1,0,2146,8.88178419700125e-16,16,16,17,21,25,1.2888080315813,13.5383340913518,38.4467319854221,59.362091512104,116.211429863145,0.00391885322799926,0.0849636574223297,0.713243261744102,1.48072200482299,1.85418671661437
"paraboloid-surface_area-rep2-n240-r32","ambient",239,1,0,28680,0,239,239,239,239,239,1.2888080315813,43.9221994711547,272.843471111104,756.37620733851,996.461225511146,0.00391885322799926,0.229185339673543,1.01446482036171,1.72949120655728,1.97802052495812
"paraboloid-surface_area-rep2-n240-r32","ambient",32,1,0,4185,4.44089209850063e-16,32,32,34,42,53,1.2888080315813,17.9697909534136,52.7453066679905,108.960189282575,257.831240133242,0.00391885322799926,0.114572952945714,0.873307240770742,1.76943643463916,1.97802052495812
"paraboloid-surface_area-rep2-n240-r32","ambient",4,2,2,586,8.88178419700125e-16,4,4,5,7,10,1.2888080315813,7.23061023783734,21.3610705245378,32.8237153251867,41.3149658477985,0.00391885322799926,0.0376141249527112,0.412348601553413,0.888376372902201,1.22375029792727
"paraboloid-surface_area-rep2-n240-r32","ambient",64,1,0,8573,4.71069849794503e-09,64,64,69,91,97,1.2888080315813,25.4087144796142,81.3958329278781,239.583637938588,396.910800847744,0.00391885322799926,0.137861493188435,0.919625134738206,1.80921639456338,1.97802052495812
"paraboloid-surface_area-rep2-n240-r32","ambient",8,1,0,1096,8.88178419700125e-16,8,8,9,12,13,1.2888080315813,9.93918767785632,28.2734391915082,42.7830003016944,61.9585153257925,0.00391885322799926,0.0537755351477831,0.543075112861271,1.12640558765207,1.50517141381099
"paraboloid-surface_area-rep2-n240-r32","geodesic",128,1,0,18025,3.09521395180923e-08,128,128,134.5,239,239,1.28891915354373,37.262115043174,167.888010088057,447.491869240202,666.372262664339,0.00391885322799926,0.181346546759556,0.980098429509345,1.78009301705569,1.97802052495812
"paraboloid-surface_area-rep2-n240-r32","geodesic",16,1,0,2155,8.7441917040465e-09,16,16,18,21.05,25,1.28891915354373,13.6970913764703,40.9423446484772,65.0945014742342,116.274086411426,0.00391885322799926,0.0783601536434309,0.665564287451578,1.38425437635982,1.77451333978501
"paraboloid-surface_area-rep2-n240-r32","geodesic",239,1,0,28680,3.6151013738106e-08,239,239,239,239,239,1.28891915354373,47.5714066223548,274.44056113516,756.895246042023,997.541896920742,0.00391885322799926,0.229185339673543,1.01446482036171,1.72949120655728,1.97802052495812
"paraboloid-surface_area-rep2-n240-r32","geodesic",32,1,0,4225,2.01563565838114e-08,32,32,34,43.05,53,1.28891915354373,18.4417710413356,58.6719745499952,109.500746732068,258.177293260374,0.00391885322799926,0.105431170762444,0.819774429100674,1.68221173354216,1.96815564564419
"paraboloid-surface_area-rep2-n240-r32","geodesic",4,1,0,585,4.14111589464028e-09,4,4,5,7,10,1.28891915354373,7.21575929176543,22.1006990663126,33.7136685946564,45.1839240152096,0.00391885322799926,0.0375166791782406,0.403723521391648,0.875717089109863,1.11631510615957
"paraboloid-surface_area-rep2-n240-r32","geodesic",64,1,0,8583,1.67667835171414e-08,64,64,69,91,94,1.28891915354373,26.0792820965899,88.5012245303265,240.370204647868,397.000909916699,0.00391885322799926,0.136835169655896,0.911665834897968,1.80322651888706,1.97802052495812
"paraboloid-surface_area-rep2-n240-r32","geodesic",8,1,0,1102,4.14111500646186e-09,8,8,9,11,13,1.28891915354373,9.99630662688753,29.2275508495789,45.8789226393846,64.0064618168374,0.00391885322799926,0.0540072358448848,0.510646301964071,1.08077840424081,1.42101439788189
"paraboloid-surface_area-rep2-n240-r4","ambient",128,1,0,17781,9.77809389013373e-09,128,128,140,197.05,215,0.0442051300826254,1.65269042422519,5.25304310760389,8.03703547525822,11.0480335384128,0.00393417822967545,0.179547336717604,0.852365700679554,1.72007099500916,1.97772586935589
"paraboloid-surface_area-rep2-n240-r4","ambient",16,1,0,2182,4.44089209850063e-16,16,16,18,22,25,0.0442051300826254,0.575816351670631,1.82139753355372,2.89574410503149,3.90312911047411,0.00393417822967545,0.0597930256698954,0.285064443327957,0.62007352510862,0.972473918105285
"paraboloid-surface_area-rep2-n240-r4","ambient",239,1,0,28680,0,239,239,239,239,239,0.0442051300826254,2.08301683601897,6.7063014098923,12.6252488218829,16.325886184538,0.00393417822967545,0.229816150331856,1.00581380408181,1.72706429447207,1.97772586935589
"paraboloid-surface_area-rep2-n240-r4","ambient",32,1,0,4285,4.44089209850063e-16,32,32,34.5,42.05,48,0.0442051300826254,0.815399374810078,2.5724013132087,4.08371392356495,5.2647109413949,0.00393417822967545,0.085457968513485,0.393468504861807,0.856913203073231,1.29557041325866
"paraboloid-surface_area-rep2-n240-r4","ambient",4,1,0,582,4.44089209850063e-16,4,4,5,7,8,0.0442051300826254,0.28933809429426,0.968198726471692,1.7088572529162,2.48462454688914,0.00393417822967545,0.0297154168010108,0.154698271379311,0.332059735054622,0.588867180823579
"paraboloid-surface_area-rep2-n240-r4","ambient",64,1,0,8616,2.22044604925031e-16,64,64,71,82,91,0.0442051300826254,1.1416582061195,3.67786357431361,5.71466123638537,6.82462538883891,0.00393417822967545,0.121055864533764,0.582222108391298,1.17559860733705,1.69997134294272
"paraboloid-surface_area-rep2-n240-r4","ambient",8,1,0,1118,4.44089209850063e-16,8,8,9,12,14,0.0442051300826254,0.410374662117445,1.32156611699229,2.15016423030204,3.0652891455708,0.00393417822967545,0.0427959691684843,0.207636085064864,0.473329598465878,0.763424850520088
"paraboloid-surface_area-rep2-n240-r4","geodesic",128,1,0,17527,1.91134865712428e-08,128,128,137,181,199,0.0442052310385304,1.65834910320332,5.64267582339105,9.15836231228707,11.4360421023093,0.00393417822967545,0.178384453927175,0.793318082176494,1.53193482404035,1.89859444432758
"paraboloid-surface_area-rep2-n240-r4","geodesic",16,1,0,2178,5.19861287351375e-09,16,16,18,22,25,0.0442052310385304,0.576060977537323,1.8320095259536,2.94375855901128,4.07883558695618,0.00393417822967545,0.0597835507031934,0.278326798529581,0.610824748450178,0.972473918105285
"paraboloid-surface_area-rep2-n240-r4","geodesic",239,1,0,28680,2.17995623774669e-08,239,239,239,239,239,0.0442052310385304,2.10888298906191,7.62741019891084,13.2042409037676,17.1341337459277,0.00393417822967545,0.229816150331856,1.00581380408181,1.72706429447207,1.97772586935589
"paraboloid-surface_area-rep2-n240-r4","geodesic",32,1,0,4289,1.55672765789205e-08,32,32,35,43,51,0.0442052310385304,0.817317126291979,2.63075678875117,4.19641255289892,5.48982536127393,0.00393417822967545,0.0855334539452895,0.382644704069488,0.824579227152279,1.24849612862018
"paraboloid-surface_area-rep2-n240-r4","geodesic",4,1,0,582,4.44089209850063e-16,4,4,5,6.04999999999998,8,0.0442052310385304,0.289388876586806,0.972169583791429,1.71193412649962,2.51884472687575,0.00393417822967545,0.0297154168010108,0.154210109485236,0.331142457062194,0.588867180823579
"paraboloid-surface_area-rep2-n240-r4","geodesic",64,1,0,8578,1.91134865712428e-08,64,64,71,83,89,0.0442052310385304,1.14350681009826,3.80232542368336,6.0365888260301,7.53597345594943,0.00393417822967545,0.120720086000754,0.553344420745043,1.11580709738579,1.56602639027962
"paraboloid-surface_area-rep2-n240-r4","geodesic",8,1,0,1122,4.44089209850063e-16,8,8,9,12,14,0.0442052310385304,0.411335301977199,1.32782166018385,2.17187859637812,3.1445487929442,0.00393417822967545,0.0432617779565205,0.205392657191834,0.462615310532821,0.763424850520088
"paraboloid-surface_area-rep2-n240-r64","ambient",128,1,0,18033,2.23982326019723e-08,128,128,135.5,239,239,2.58948916048154,97.9487388057707,650.596244715995,1785.121801977,2663.40078877433,0.0039186488517579,0.181712659884091,0.983799665323937,1.78012485237955,1.97802446683306
"paraboloid-surface_area-rep2-n240-r64","ambient",16,1,0,2143,8.88178419700125e-16,16,16,17,22,25,2.58948916048154,38.686314591332,105.335751121759,221.67004160236,463.481792776905,0.0039186488517579,0.103551442845526,0.857467885699825,1.72690199882337,1.97627396101093
"paraboloid-surface_area-rep2-n240-r64","ambient",239,1,0,28680,0,239,239,239,239,239,2.58948916048154,121.227406480688,1084.49253719177,3022.62423866239,3983.09046945192,0.0039186488517579,0.229179866305394,1.01455142566681,1.72953103471006,1.97802446683306
"paraboloid-surface_area-rep2-n240-r64","ambient",32,1,0,4182,4.44089209850063e-16,32,32,33,41.05,53,2.58948916048154,50.5488376144556,154.282039990705,428.466921509204,1029.03076016899,0.0039186488517579,0.125131324344083,0.928025730542289,1.80585265687141,1.97802446683306
"paraboloid-surface_area-rep2-n240-r64","ambient",4,3,3,588,4.44089209850063e-16,4,4,5,7,8,2.58948916048154,21.2672922601168,59.7417592946193,94.6692254677338,140.399623378933,0.0039186488517579,0.0533454740342086,0.57975192468378,1.18880355010103,1.69116951998629
"paraboloid-surface_area-rep2-n240-r64","ambient",64,1,0,8572,4.44089209850063e-16,64,64,69,91.05,99,2.58948916048154,69.9018280907156,300.750344029434,954.266477042768,1586.198500949,0.0039186488517579,0.139258555648909,0.932070813392752,1.81281493749222,1.97802446683306
"paraboloid-surface_area-rep2-n240-r64","ambient",8,1,0,1105,8.88178419700125e-16,8,8,9,11,16,2.58948916048154,28.4641701639361,78.1533570253635,127.006129314438,247.346505906121,0.0039186488517579,0.0839549622130725,0.74065106561538,1.47756854469714,1.96401311086882
"paraboloid-surface_area-rep2-n240-r64","geodesic",128,1,0,18033,3.50402262760952e-08,128,128,134.5,239,239,2.58971044874124,105.396927445774,652.803435088291,1785.58167915548,2663.51107164593,0.0039186488517579,0.181544682547886,0.98336281611027,1.78012485237955,1.97802446683306
"paraboloid-surface_area-rep2-n240-r64","geodesic",16,1,0,2139,4.39474745483892e-09,16,16,17,22,25,2.58971044874124,39.4780209132823,116.059185753556,226.148680997832,463.544741738841,0.0039186488517579,0.0952484499757657,0.810112810230547,1.63589315080581,1.89429678961596
"paraboloid-surface_area-rep2-n240-r64","geodesic",239,1,0,28680,5.44272897862186e-08,239,239,239,239,239,2.58971044874124,136.505141864814,1086.27102236909,3023.49892208695,3984.17495704756,0.0039186488517579,0.229179866305394,1.01455142566681,1.72953103471006,1.97802446683306
"paraboloid-surface_area-rep2-n240-r64","geodesic",32,1,0,4179,1.79701509228636e-08,32,32,33,42,53,2.58971044874124,52.2970375928889,170.279654820864,430.633280193957,1029.37873562605,0.0039186488517579,0.120788894390177,0.918372018972461,1.79432853608381,1.97802446683306
"paraboloid-surface_area-rep2-n240-r64","geodesic",4,2,3,594,4.39474756586122e-09,4,4,5,7,8,2.58971044874124,21.4071964630023,61.6896005410053,102.36351129419,141.986268371338,0.0039186488517579,0.0524073388785583,0.557180433856362,1.12551109684813,1.48568901796337
"paraboloid-surface_area-rep2-n240-r64","geodesic",64,1,0,8576,3.6014051740807e-08,64,64,69,91,97,2.58971044874124,73.5623540660577,307.173056500013,954.953160585586,1586.2885790045,0.0039186488517579,0.139083006408722,0.927924519402583,1.80994231730353,1.97802446683306
"paraboloid-surface_area-rep2-n240-r64","geodesic",8,1,0,1114,4.39474739932777e-09,8,8,9,12,15,2.58971044874124,28.5395949160063,83.7170840089329,138.316949477665,247.351402763331,0.0039186488517579,0.0801529625426469,0.670136734646927,1.33645094109286,1.77517529763593
"paraboloid-surface_area-rep2-n240-r8","ambient",128,1,0,17895,4.44089209850063e-16,128,128,133.5,219,233,0.13084202910312,4.63532741837557,14.1649133172291,28.9130578794416,42.2839292563532,0.00392274463240382,0.179585397744823,0.941490700394526,1.7797375561034,1.97794550465877
"paraboloid-surface_area-rep2-n240-r8","ambient",16,1,0,2184,4.44089209850063e-16,16,16,18,22,25,0.13084202910312,1.64011088989226,5.12864145211071,7.6880175338282,10.2959494985031,0.00392274463240382,0.0596960891285446,0.382226509698613,0.836982924433,1.26839420720824
"paraboloid-surface_area-rep2-n240-r8","ambient",239,1,0,28680,0,239,239,239,239,239,0.13084202910312,5.81700716505396,19.376871817507,48.0895776383742,63.080381772586,0.00392274463240382,0.229012248611865,1.01194748389282,1.72878998250331,1.97794550465877
"paraboloid-surface_area-rep2-n240-r8","ambient",32,1,0,4259,4.44089209850063e-16,32,32,35,41.05,48,0.13084202910312,2.25756920541487,7.0515409005048,11.0628012410671,16.7691979933069,0.00392274463240382,0.0854017532718972,0.538108395635681,1.15004812170077,1.65910269435191
"paraboloid-surface_area-rep2-n240-r8","ambient",4,1,0,574,8.88178419700125e-16,4,4,5,7,8,0.13084202910312,0.809226604323676,2.63683824400146,4.52453924112524,6.66252776222991,0.00392274463240382,0.0298028426128895,0.20883103251923,0.493437402143529,0.772692410435745
"paraboloid-surface_area-rep2-n240-r8","ambient",64,1,0,8630,4.44089209850063e-16,64,64,70,87.05,91,0.13084202910312,3.21466912901788,9.91404453969807,16.0832369203544,25.2216562206026,0.00392274463240382,0.121161967443939,0.746140546442138,1.58063856700191,1.97794550465877
"paraboloid-surface_area-rep2-n240-r8","ambient",8,1,0,1122,4.44089209850063e-16,8,8,9,11,13,0.13084202910312,1.12570459478076,3.72843136139635,5.90991825493125,7.45515600429966,0.00392274463240382,0.0446121018658221,0.275173422240158,0.61284969762203,0.898775866420427
"paraboloid-surface_area-rep2-n240-r8","geodesic",128,1,0,17767,1.82360828659967e-08,128,128,135.5,205.05,222,0.130842167916725,4.72729790262591,15.9485763077819,29.427880122388,42.7615012713268,0.00392274463240382,0.178625900997852,0.907815401239583,1.75001540434263,1.97794550465877
"paraboloid-surface_area-rep2-n240-r8","geodesic",16,1,0,2176,9.89368914572353e-09,16,16,18,22,25,0.130842167916725,1.64020816737614,5.2156353764612,7.92434103328392,11.123906788274,0.00392274463240382,0.0596807509687641,0.368878193996925,0.809796326450848,1.21894254301611
"paraboloid-surface_area-rep2-n240-r8","geodesic",239,1,0,28680,3.06752911960473e-08,239,239,239,239,239,0.130842167916725,5.97106492575391,21.3981935179147,48.5614117228791,64.0889498171291,0.00392274463240382,0.229012248611865,1.01194748389282,1.72878998250331,1.97794550465877
"paraboloid-surface_area-rep2-n240-r8","geodesic",32,1,0,4255,1.19981065083152e-08,32,32,35,42.05,48,0.130842167916725,2.27479762579102,7.30047264206822,11.6325445018335,17.2285640065139,0.00392274463240382,0.0853803712531007,0.508888173454411,1.08799498023672,1.5661611174458
"paraboloid-surface_area-rep2-n240-r8","geodesic",4,1,0,573,8.88178419700125e-16,4,4,5,6,9,0.130842167916725,0.807870318422975,2.64916571677485,4.57812968181866,6.66256599657649,0.00392274463240382,0.0297686775474118,0.206799439633389,0.485114224150105,0.772692410435745
"paraboloid-surface_area-rep2-n240-r8","geodesic",64,1,0,8653,1.46088150465573e-08,64,64,70,87,97,0.130842167916725,3.25372571096796,10.6771555533622,17.7763530439453,25.7978999572601,0.00392274463240382,0.121164178666517,0.692182337742092,1.40533984601752,1.84184205262387
"paraboloid-surface_area-rep2-n240-r8","geodesic",8,1,0,1113,4.44089209850063e-16,8,8,9,11,13,0.130842167916725,1.12535400662244,3.76773778203371,5.98678513618898,7.5894572430576,0.00392274463240382,0.0443360016684026,0.265850926913704,0.604622848263611,0.898775866420427
"paraboloid-surface_area-rep3-n240-r1","ambient",128,1,0,17747,2.22044604925031e-16,128,128,139.5,194.3,227,0.00342928004747265,0.235258801246511,0.800259280035312,1.2571495441843,1.47357453319415,0.00173566352310944,0.183410005749628,0.685599604596955,1.14174711850391,1.44477162586713
"paraboloid-surface_area-rep3-n240-r1","ambient",16,1,0,2197,4.44089209850063e-16,16,16,17.5,24,27,0.00342928004747265,0.0800480545390693,0.263146067158766,0.42919110498527,0.59513512837651,0.00173566352310944,0.0594952117171144,0.207292467675023,0.370568807120022,0.592499603373623
"paraboloid-surface_area-rep3-n240-r1","ambient",239,1,0,28680,0,239,239,239,239,239,0.00342928004747265,0.302370501912598,1.05930208827107,1.69883367356791,1.98393677930767,0.00173566352310944,0.239828273245341,0.938791849256573,1.67365123528653,1.9839269637791
"paraboloid-surface_area-rep3-n240-r1","ambient",32,1,0,4335,4.44089209850063e-16,32,32,35,43,47,0.00342928004747265,0.115305885020644,0.377128616826161,0.610858508925393,0.829133026646894,0.00173566352310944,0.0883704931736435,0.300538486066133,0.529358829241971,0.741040026455909
"paraboloid-surface_area-rep3-n240-r1","ambient",4,2,2,578,8.88178419700125e-16,4,4,5,7,8,0.00342928004747265,0.0411621679580286,0.13185190479803,0.227177465356297,0.381330348544522,0.00173566352310944,0.0337570883094868,0.104674148158785,0.202984284532255,0.319788227156285
"paraboloid-surface_area-rep3-n240-r1","ambient",64,1,0,8797,4.44089209850063e-16,64,64,70,89.05,99,0.00342928004747265,0.162158639621546,0.54702577940457,0.88904287955453,1.08163763319698,0.00173566352310944,0.127012881173927,0.44711581143042,0.790601629675479,1.05728372069035
"paraboloid-surface_area-rep3-n240-r1","ambient",8,1,0,1124,4.44089209850063e-16,8,8,9,12,14,0.00342928004747265,0.0592149329931074,0.182311095259352,0.303666856074796,0.438355748569432,0.00173566352310944,0.0440878151365834,0.146747872033868,0.263814571312957,0.437022890575053
"paraboloid-surface_area-rep3-n240-r1","geodesic",128,1,0,17591,1.50625925066095e-08,128,128,138,194.3,239,0.00342928015439847,0.234631815637217,0.819717328704759,1.3356348461163,1.61463345992167,0.00173566352310944,0.182237673904594,0.681321231714225,1.13362808472289,1.43918884896568
"paraboloid-surface_area-rep3-n240-r1","geodesic",16,1,0,2194,4.44089209850063e-16,16,16,17,23,27,0.00342928015439847,0.0800442931360296,0.262929391541436,0.431092258142754,0.602603516791917,0.00173566352310944,0.0594779081954314,0.206780300028335,0.370327143146367,0.592499603373623
"paraboloid-surface_area-rep3-n240-r1","geodesic",239,1,0,28680,2.39538042734466e-08,239,239,239,239,239,0.00342928015439847,0.303446925428906,1.12174358662958,2.13077777653514,2.7870031546989,0.00173566352310944,0.239828273245341,0.938791849256573,1.67365123528653,1.9839269637791
"paraboloid-surface_area-rep3-n240-r1","geodesic",32,1,0,4329,8.11419648139022e-09,32,32,35,43.05,47,0.00342928015439847,0.115249695949701,0.379570510933889,0.615986432674294,0.836271048612391,0.00173566352310944,0.0882849422801503,0.300459263721748,0.523289358568138,0.734548529638755
"paraboloid-surface_area-rep3-n240-r1","geodesic",4,2,2,578,8.88178419700125e-16,4,4,5,7,8,0.00342928015439847,0.041164992610957,0.13197294761379,0.227444585367452,0.38235971554888,0.00173566352310944,0.0337570883094868,0.104437975307101,0.202984284532255,0.319788227156285
"paraboloid-surface_area-rep3-n240-r1","geodesic",64,1,0,8774,8.11419648139022e-09,64,64,70,90,99,0.00342928015439847,0.162302488326671,0.552438630855709,0.907368731679802,1.11287435257025,0.00173566352310944,0.126958277822064,0.446344901780886,0.785832516278385,1.05305474780029
"paraboloid-surface_area-rep3-n240-r1","geodesic",8,1,0,1124,4.44089209850063e-16,8,8,9,12,14,0.00342928015439847,0.059236219078669,0.182655110491895,0.303789225475902,0.441273725126728,0.00173566352310944,0.0440878151365834,0.146747872033868,0.26372350025806,0.437022890575053
"paraboloid-surface_area-rep3-n240-r16","ambient",128,1,0,17955,1.28145677402713e-08,128,128,132,239,239,0.223522111313911,12.8359115404741,44.2589328037065,106.451411938407,157.831266806942,0.00153757539794782,0.18119290254487,0.955617248151999,1.76283809741866,1.98585142776957
"paraboloid-surface_area-rep3-n240-r16","ambient",16,1,0,2121,4.44089209850063e-16,16,16,17,21,24,0.223522111313911,4.61282333334559,13.9881965618663,20.3754859765258,28.3069432815465,0.00153757539794782,0.0600101645263678,0.538612443093397,1.1366251017826,1.48592087810914
"paraboloid-surface_area-rep3-n240-r16","ambient",239,1,0,28680,0,239,239,239,239,239,0.223522111313911,16.1285851697229,71.1701053355064,190.066941664312,245.970059338817,0.00153757539794782,0.23223825483194,0.993200723164293,1.70337363424897,1.98585142776957
"paraboloid-surface_area-rep3-n240-r16","ambient",32,1,0,4176,4.44089209850063e-16,32,32,34,42,49,0.223522111313911,6.05621895080646,19.4264091834615,28.533143311546,50.2595747319103,0.00153757539794782,0.0953736731236714,0.721174576591883,1.5236810404556,1.98585142776957
"paraboloid-surface_area-rep3-n240-r16","ambient",4,1,0,581,8.88178419700125e-16,4,4,5,7,8,0.223522111313911,2.27050543047624,7.39579643678107,11.792635394344,14.792749550909,0.00153757539794782,0.035266332593954,0.274250731575119,0.639396851484257,0.85657227959724
"paraboloid-surface_area-rep3-n240-r16","ambient",64,1,0,8448,1.26238677289336e-08,64,64,67.5,87.05,102,0.223522111313911,8.82295629474884,27.0657521801725,52.5762768257411,96.1516780404216,0.00153757539794782,0.129685748416028,0.881288041684706,1.79799776565092,1.98585142776957
"paraboloid-surface_area-rep3-n240-r16","ambient",8,1,0,1105,8.88178419700125e-16,8,8,9,11.05,13,0.223522111313911,3.12801988285423,10.0635427909118,15.6190693890748,19.0145145841296,0.00153757539794782,0.0436743837632587,0.385239440652792,0.825041986972116,1.11668896195511
"paraboloid-surface_area-rep3-n240-r16","geodesic",128,1,0,17924,2.48070080033358e-08,128,128,132,229.25,239,0.223526885632404,13.2721770134315,47.3474459437394,107.068092796786,157.923696955584,0.00153757539794782,0.18062497546655,0.949810099137825,1.76284886352742,1.98585142776957
"paraboloid-surface_area-rep3-n240-r16","geodesic",16,1,0,2126,7.40863848047724e-09,16,16,17,22,24,0.223526885632404,4.61604690710388,14.4118944189308,21.5389777805706,28.4691933592661,0.00153757539794782,0.0602426109898719,0.505473138169175,1.09020580296759,1.44094849709389
"paraboloid-surface_area-rep3-n240-r16","geodesic",239,1,0,28680,3.01664917490285e-08,239,239,239,239,239,0.223526885632404,16.9622677214521,72.6086463517465,190.435307060011,246.067418300633,0.00153757539794782,0.23223825483194,0.993200723164293,1.70337363424897,1.98585142776957
"paraboloid-surface_area-rep3-n240-r16","geodesic",32,1,0,4190,1.42720080198444e-09,32,32,34,42.05,46,0.223526885632404,6.0735976146856,20.7514538827629,31.3351567919155,50.287646310838,0.00153757539794782,0.0920185624063684,0.668836562037424,1.38947002022515,1.85534871131942
"paraboloid-surface_area-rep3-n240-r16","geodesic",4,1,0,583,8.88178419700125e-16,4,4,5,7,8,0.223526885632404,2.31936357337509,7.49771751896736,11.9828203576781,14.8719284934006,0.00153757539794782,0.035308954684727,0.273906205124731,0.622118687184878,0.836676536208254
"paraboloid-surface_area-rep3-n240-r16","geodesic",64,1,0,8458,1.4703839035235e-08,64,64,68,86,103,0.223526885632404,9.00389459006656,30.0472703796136,53.7856476719728,96.4453631376823,0.00153757539794782,0.126535465136326,0.832495385707176,1.67800275979763,1.98585142776957
"paraboloid-surface_area-rep3-n240-r16","geodesic",8,1,0,1103,4.44089209850063e-16,8,8,9,11.05,14,0.223526885632404,3.12517086180972,10.2964952634209,15.9889783494631,19.1128117590961,0.00153757539794782,0.0436292567868451,0.376615293468219,0.795583808003441,1.05405238478555
"paraboloid-surface_area-rep3-n240-r2","ambient",128,1,0,17632,2.22044604925031e-16,128,128,141,178.05,190,0.0110650999976314,0.6029383665583,1.99614825717215,3.04919106159794,3.48790810218065,0.0016069986443345,0.180924743151887,0.714617688693315,1.37165271803368,1.72994042594429
"paraboloid-surface_area-rep3-n240-r2","ambient",16,1,0,2181,2.22044604925031e-16,16,16,18,23,27,0.0110650999976314,0.203318296567169,0.675670408052984,1.09597352595111,1.46174973627356,0.0016069986443345,0.0592193162557535,0.225431025843284,0.461098280028023,0.718209974371678
"paraboloid-surface_area-rep3-n240-r2","ambient",239,1,0,28680,0,239,239,239,239,239,0.0110650999976314,0.779987130104681,2.5761918834044,3.83465959644247,4.46324231485338,0.0016069986443345,0.235528042337965,0.969449726868909,1.69328049099167,1.98520010496999
"paraboloid-surface_area-rep3-n240-r2","ambient",32,1,0,4265,2.22044604925031e-16,32,32,35,42,48,0.0110650999976314,0.294471657476577,0.960919318965368,1.5279124639835,1.89007890027091,0.0016069986443345,0.0875496958261079,0.323100108053188,0.647827495935066,0.91770010792269
"paraboloid-surface_area-rep3-n240-r2","ambient",4,1,0,588,8.88178419700125e-16,4,4,5,7,9,0.0110650999976314,0.112250087148072,0.345048546262336,0.604027773952953,0.884247396176828,0.0016069986443345,0.0343889495636647,0.115204714199399,0.249058368860625,0.437620676027874
"paraboloid-surface_area-rep3-n240-r2","ambient",64,1,0,8660,1.57976292047834e-08,64,64,70,85,93,0.0110650999976314,0.41040063133857,1.37957666792853,2.17684808404641,2.61522522782138,0.0016069986443345,0.125475945508783,0.474691031035712,0.949926041002357,1.29616003056221
"paraboloid-surface_area-rep3-n240-r2","ambient",8,1,0,1125,4.44089209850063e-16,8,8,9,12,14,0.0110650999976314,0.157118830469282,0.480586446686258,0.802010941918837,1.11798465459595,0.0016069986443345,0.0435177429851686,0.161401263044439,0.337085996010516,0.52454958673151
"paraboloid-surface_area-rep3-n240-r2","geodesic",128,1,0,17277,2.11071622402415e-08,128,128,139.5,169.05,176,0.0110652704098173,0.601363410668678,2.07361668355234,3.30937126592612,3.9819084823795,0.0016069986443345,0.178981884972015,0.692014626038635,1.29369476290607,1.648515170682
"paraboloid-surface_area-rep3-n240-r2","geodesic",16,1,0,2177,4.44089209850063e-16,16,16,17.5,23,26,0.0110652704098173,0.203084695125653,0.680428919216847,1.09949078545339,1.49355945082627,0.0016069986443345,0.0592175728565635,0.22411203959483,0.456225444073976,0.718209974371678
"paraboloid-surface_area-rep3-n240-r2","geodesic",239,1,0,28680,2.60499377624512e-08,239,239,239,239,239,0.0110652704098173,0.785962397758503,2.82376600575584,4.87946765254496,6.03356569102003,0.0016069986443345,0.235528042337965,0.969449726868909,1.69328049099167,1.98520010496999
"paraboloid-surface_area-rep3-n240-r2","geodesic",32,1,0,4259,4.74684336282394e-09,32,32,35,43,46,0.0110652704098173,0.294454885965118,0.970269983783697,1.54949008418684,1.91753341498492,0.0016069986443345,0.087484111356582,0.321400573895485,0.638034682301569,0.906505132402103
"paraboloid-surface_area-rep3-n240-r2","geodesic",4,1,0,588,4.44089209850063e-16,4,4,5,7,9,0.0110652704098173,0.112262663923785,0.345129569804522,0.606738217276962,0.891117394807193,0.0016069986443345,0.0343889495636647,0.115204714199399,0.249058368860625,0.437620676027874
"paraboloid-surface_area-rep3-n240-r2","geodesic",64,1,0,8641,1.68821963075771e-08,64,64,69,87,95,0.0110652704098173,0.410233899297657,1.41193595077631,2.2531210582903,2.7942180957732,0.0016069986443345,0.125384651288056,0.465988910428644,0.925849153347527,1.28647159520665
"paraboloid-surface_area-rep3-n240-r2","geodesic",8,1,0,1124,4.09713840632264e-09,8,8,9,12,14,0.0110652704098173,0.157047140699428,0.481204409498014,0.804839537526322,1.11916205714675,0.0016069986443345,0.0435159188243017,0.161240905506031,0.333533335402379,0.52454958673151
"paraboloid-surface_area-rep3-n240-r32","ambient",128,1,0,17980,4.44089209850063e-16,128,128,132,239,239,0.793613509555145,35.7452864085403,165.349826902632,422.766244272283,629.803574575571,0.0015364916900067,0.181718067543489,0.960977275805127,1.76266972846579,1.98586134381318
"paraboloid-surface_area-rep3-n240-r32","ambient",16,1,0,2145,4.44089209850063e-16,16,16,18,21,26,0.793613509555145,13.128239066925,38.5181635370457,55.0898628631293,112.508945065964,0.0015364916900067,0.0810018973232129,0.715026002043081,1.48790477369385,1.76367088005681
"paraboloid-surface_area-rep3-n240-r32","ambient",239,1,0,28680,0,239,239,239,239,239,0.793613509555145,44.2188721329069,277.792983188485,757.913772486042,982.150436957721,0.0015364916900067,0.232148798545116,0.993485607187585,1.70360908821253,1.98586134381318
"paraboloid-surface_area-rep3-n240-r32","ambient",32,1,0,4135,8.88178419700125e-16,32,32,34,41,46,0.793613509555145,17.9513576000907,52.2968706157247,98.4585684560179,200.130642490382,0.0015364916900067,0.108138188394526,0.871228419070372,1.74794858009833,1.98586134381318
"paraboloid-surface_area-rep3-n240-r32","ambient",4,3,4,592,1.33226762955019e-15,4,4,5,7,9,0.793613509555145,6.31084135829926,20.3858304776411,34.6303696907729,44.5804890998547,0.0015364916900067,0.0399782549553625,0.397021466450932,0.928915323398854,1.38779515852906
"paraboloid-surface_area-rep3-n240-r32","ambient",64,1,0,8497,8.16806644543533e-09,64,64,67,91.05,101,0.793613509555145,24.0839936285926,82.4968811524028,206.814035225202,382.488710952464,0.0015364916900067,0.139542993728746,0.920440620453465,1.81323542941867,1.98586134381318
"paraboloid-surface_area-rep3-n240-r32","ambient",8,1,0,1129,4.44089209850063e-16,8,8,9,12,15,0.793613509555145,9.52173569701447,28.002442740974,43.4600253213724,55.4411454057758,0.0015364916900067,0.0574268446253074,0.543286697923274,1.14503845890286,1.58565869408297
"paraboloid-surface_area-rep3-n240-r32","geodesic",128,1,0,17975,2.96014683875967e-08,128,128,132.5,239,239,0.793619095872351,37.6359263952167,167.973184797492,423.343171269239,629.895668511238,0.0015364916900067,0.181717991302087,0.959875349799851,1.76273553119109,1.98586134381318
"paraboloid-surface_area-rep3-n240-r32","geodesic",16,1,0,2141,1.50532430964745e-09,16,16,18,21,25,0.793619095872351,13.1790552955118,40.9101121594884,60.5314089319004,112.523383158579,0.0015364916900067,0.0783863406318719,0.665595027930119,1.35516620391359,1.64922356932078
"paraboloid-surface_area-rep3-n240-r32","geodesic",239,1,0,28680,3.48595126098417e-08,239,239,239,239,239,0.793619095872351,47.5318116233359,279.245110529224,758.164584919095,982.247148583125,0.0015364916900067,0.232148798545116,0.993485607187585,1.70360908821253,1.98586134381318
"paraboloid-surface_area-rep3-n240-r32","geodesic",32,1,0,4124,1.09634740730336e-08,32,32,34,41.05,47,0.793619095872351,18.2843334174759,57.8691562231249,100.378991249391,200.158573047074,0.0015364916900067,0.100250681976893,0.818363127450302,1.64831033773877,1.97326792333652
"paraboloid-surface_area-rep3-n240-r32","geodesic",4,3,4,590,8.88178419700125e-16,4,4,5,7,8,0.793619095872351,6.31078350177122,20.8903333798214,35.8327984219094,45.3367273021075,0.0015364916900067,0.037655562589308,0.364098529847617,0.864332155328237,1.06218887801134
"paraboloid-surface_area-rep3-n240-r32","geodesic",64,1,0,8479,2.67761173233794e-08,64,64,67,89.05,102,0.793619095872351,24.8715395888146,89.1152816986694,207.417151578012,382.786460951647,0.0015364916900067,0.136348774190762,0.910915812182059,1.80804456267008,1.98586134381318
"paraboloid-surface_area-rep3-n240-r32","geodesic",8,1,0,1127,4.44089209850063e-16,8,8,9,12,15,0.793619095872351,9.56580087525798,29.0129473102171,46.7433841802668,58.6284363361272,0.0015364916900067,0.0561305101733483,0.496669716629068,1.06474714095952,1.38779515852906
"paraboloid-surface_area-rep3-n240-r4","ambient",128,1,0,17920,2.22044604925031e-16,128,128,139,200.05,211,0.0286162275503698,1.67606918812232,5.26460205936466,7.85174715161295,10.274532703326,0.00155692626011492,0.180533858678809,0.841568188711872,1.69163335786464,1.98567247380996
"paraboloid-surface_area-rep3-n240-r4","ambient",16,1,0,2151,4.44089209850063e-16,16,16,17,23,24,0.0286162275503698,0.55992989415907,1.84550450450711,2.80386444451759,3.8373859172499,0.00155692626011492,0.0581916188333558,0.283693644785539,0.612009758659931,0.949410269720875
"paraboloid-surface_area-rep3-n240-r4","ambient",239,1,0,28680,0,239,239,239,239,239,0.0286162275503698,2.11644329018514,6.66926353814424,12.6634735260686,16.0238711163832,0.00155692626011492,0.233299921319368,0.985849324115555,1.70078616707343,1.98567247380996
"paraboloid-surface_area-rep3-n240-r4","ambient",32,1,0,4262,2.22044604925031e-16,32,32,35,41,47,0.0286162275503698,0.785621046984613,2.58624334411381,4.01361024943935,5.0826560146802,0.00155692626011492,0.0862585250491199,0.408851469553303,0.867668223984942,1.21530596943248
"paraboloid-surface_area-rep3-n240-r4","ambient",4,1,0,582,8.88178419700125e-16,4,4,5,7,8,0.0286162275503698,0.32155706866769,0.935282704630876,1.58835220912634,2.16426578139236,0.00155692626011492,0.0343372516888398,0.143373259326803,0.346953622754544,0.505785828606072
"paraboloid-surface_area-rep3-n240-r4","ambient",64,1,0,8584,2.22044604925031e-16,64,64,69,85,92,0.0286162275503698,1.13624621450652,3.67900552861717,5.71047138424368,6.75023938209635,0.00155692626011492,0.123518069214094,0.584127701281258,1.20491334660043,1.64902118337226
"paraboloid-surface_area-rep3-n240-r4","ambient",8,1,0,1116,4.44089209850063e-16,8,8,9,12,15,0.0286162275503698,0.406001619045518,1.30968788212273,2.09940519191111,2.74167684110953,0.00155692626011492,0.0420560745317394,0.19293142160214,0.452781200589922,0.623042848057303
"paraboloid-surface_area-rep3-n240-r4","geodesic",128,1,0,17639,1.62288140703737e-08,128,128,135,188.15,198,0.0286173916573089,1.68672489261584,5.66218074189458,8.93351017961848,10.6173608124989,0.00155692626011492,0.17968893947962,0.78056743765374,1.52365434405183,1.87644521032521
"paraboloid-surface_area-rep3-n240-r4","geodesic",16,1,0,2150,9.49687595230841e-09,16,16,17,22.05,24,0.0286173916573089,0.560109277563176,1.8713209412676,2.8535025680186,3.9254348772228,0.00155692626011492,0.0581773308847624,0.278668848685693,0.597506009457892,0.879683815601899
"paraboloid-surface_area-rep3-n240-r4","geodesic",239,1,0,28680,2.5277975712612e-08,239,239,239,239,239,0.0286173916573089,2.14655591778487,7.53608352193838,13.2026212760325,16.6793450495211,0.00155692626011492,0.233299921319368,0.985849324115555,1.70078616707343,1.98567247380996
"paraboloid-surface_area-rep3-n240-r4","geodesic",32,1,0,4243,2.46686404636876e-09,32,32,34.5,41,46,0.0286173916573089,0.784554385727858,2.62730366675834,4.13110593476215,5.2228872741118,0.00155692626011492,0.0860442372209239,0.395494762883094,0.837889140869619,1.19908338356909
"paraboloid-surface_area-rep3-n240-r4","geodesic",4,1,0,582,8.88178419700125e-16,4,4,5,7,8,0.0286173916573089,0.3215610543126,0.93967940282013,1.59569917455027,2.18454004191043,0.00155692626011492,0.0343372516888398,0.142596834355256,0.344554332608554,0.505785828606072
"paraboloid-surface_area-rep3-n240-r4","geodesic",64,1,0,8535,1.38729034371288e-08,64,64,69,83.05,90,0.0286173916573089,1.13750502255671,3.84389843569402,6.05816683056573,7.4418372288463,0.00155692626011492,0.123013994169735,0.557030315646118,1.14543177625251,1.59865404946936
"paraboloid-surface_area-rep3-n240-r4","geodesic",8,1,0,1121,4.44089209850063e-16,8,8,9,12,15,0.0286173916573089,0.406535379744995,1.31526586829629,2.12441642826425,2.78166638214249,0.00155692626011492,0.0421009239667408,0.191959881463844,0.451091465814826,0.623042848057303
"paraboloid-surface_area-rep3-n240-r64","ambient",128,1,0,17988,1.44449523453716e-08,128,128,132,239,239,2.41163913183006,95.9319489737512,648.615291069702,1689.14964397134,2517.64790850645,0.00153621504897544,0.181719121388227,0.963650057026057,1.76266627841988,1.98586386984922
"paraboloid-surface_area-rep3-n240-r64","ambient",16,1,0,2133,6.66133814775094e-16,16,16,17,21,24,2.41163913183006,37.9953492006234,104.901895723266,193.88930139903,449.289689796242,0.00153621504897544,0.100098623845722,0.868221245538913,1.69348137670087,1.98586386984922
"paraboloid-surface_area-rep3-n240-r64","ambient",239,1,0,28680,1.92927007702792e-08,239,239,239,239,239,2.41163913183006,121.481411690703,1105.454754594,3028.50624995799,3926.82337764882,0.00153621504897544,0.232097392766812,0.993693347283171,1.70366877124275,1.98586386984922
"paraboloid-surface_area-rep3-n240-r64","ambient",32,1,0,4162,4.44089209850063e-16,32,32,34,41.05,46,2.41163913183006,49.3565964737739,154.803061198068,385.751620897201,799.582585775905,0.00153621504897544,0.114176694675002,0.911931819690003,1.80253352018903,1.98586386984922
"paraboloid-surface_area-rep3-n240-r64","ambient",4,3,3,583,1.33226762955019e-15,4,4,5,7,9,2.41163913183006,18.7498412026575,58.4104088880442,95.338134623912,145.521793828722,0.00153621504897544,0.0559991175429171,0.537514568337655,1.21902659683129,1.73718898850457
"paraboloid-surface_area-rep3-n240-r64","ambient",64,1,0,8502,2.25259966235569e-09,64,64,68,91.15,101,2.41163913183006,68.8504070661152,304.916948050776,823.682828624816,1527.78051634179,0.00153621504897544,0.141307454081084,0.928300130937495,1.81368419678009,1.98586386984922
"paraboloid-surface_area-rep3-n240-r64","ambient",8,1,0,1113,8.88178419700125e-16,8,8,9,12,14,2.41163913183006,25.4168985183566,77.4465023646889,123.085608716013,221.23198391416,0.00153621504897544,0.078673680689546,0.695148327906502,1.5047716238143,1.88994542149529
"paraboloid-surface_area-rep3-n240-r64","geodesic",128,1,0,17986,3.25245883558978e-08,128,128,132,239,239,2.41331313679368,104.847377680144,651.333163591067,1689.3492292074,2517.73989700725,0.00153621504897544,0.181717923363187,0.962956077350835,1.76267661004669,1.98586386984922
"paraboloid-surface_area-rep3-n240-r64","geodesic",16,1,0,2132,8.88178419700125e-16,16,16,17,21,26,2.41331313679368,38.5780160552352,115.827141435968,197.505426789372,449.304110261899,0.00153621504897544,0.09488725473637,0.813813660908291,1.59023678732649,1.91093183008046
"paraboloid-surface_area-rep3-n240-r64","geodesic",239,1,0,28680,5.46519132171852e-08,239,239,239,239,239,2.41331313679368,136.193777654209,1106.20165915208,3029.13291274722,3926.91990322585,0.00153621504897544,0.232097392766812,0.993693347283171,1.70366877124275,1.98586386984922
"paraboloid-surface_area-rep3-n240-r64","geodesic",32,1,0,4146,5.41249911556463e-09,32,32,34,41,46,2.41331313679368,51.5917991257985,169.650545263996,389.555936173362,799.610470234732,0.00153621504897544,0.11320362559965,0.90277665846774,1.77007044461446,1.98586386984922
"paraboloid-surface_area-rep3-n240-r64","geodesic",4,3,3,589,8.88178419700125e-16,4,4,5,7,9,2.41331313679368,19.0544276674046,60.2145828211569,104.834741107157,149.020490199841,0.00153621504897544,0.0539119525493805,0.508959254233698,1.18056682258266,1.52235288703013
"paraboloid-surface_area-rep3-n240-r64","geodesic",64,1,0,8505,3.3059205595265e-08,64,64,67,91.15,101,2.41331313679368,72.4986447472744,311.181016149248,824.123610681587,1528.07929055431,0.00153621504897544,0.140952812757412,0.926707457520116,1.81356557435023,1.98586386984922
"paraboloid-surface_area-rep3-n240-r64","geodesic",8,1,0,1126,8.88178419700125e-16,8,8,9,12,14,2.41331313679368,25.8925848307542,81.6186251199633,135.35393262124,221.237136146866,0.00153621504897544,0.0731658913130496,0.667628574714935,1.40216593146484,1.73718898850457
"paraboloid-surface_area-rep3-n240-r8","ambient",128,1,0,17830,4.44089209850063e-16,128,128,131,216.1,239,0.0745170602202108,4.61446731837168,14.1682588222911,27.3777441210004,39.8165729593434,0.00154172912181065,0.179584396279982,0.929560464552411,1.76257018794552,1.98581326392202
"paraboloid-surface_area-rep3-n240-r8","ambient",16,1,0,2141,4.44089209850063e-16,16,16,17,22,25,0.0745170602202108,1.52009181134924,5.03061508416998,7.55899848122792,9.81629441583026,0.00154172912181065,0.0573804062521971,0.380570071296243,0.838027843407933,1.15227367597007
"paraboloid-surface_area-rep3-n240-r8","ambient",239,1,0,28680,0,239,239,239,239,239,0.0745170602202108,5.84515204690623,19.5408621341442,48.1365683559907,61.902151590346,0.00154172912181065,0.232520378618284,0.991565470631646,1.70254669790269,1.98581326392202
"paraboloid-surface_area-rep3-n240-r8","ambient",32,1,0,4269,4.44089209850063e-16,32,32,34,43,50,0.0745170602202108,2.22231227444881,7.19903151529067,10.5698289477065,13.2031257505162,0.00154172912181065,0.0859589736262311,0.548214089124061,1.14778934598949,1.60253184431483
"paraboloid-surface_area-rep3-n240-r8","ambient",4,1,0,586,8.88178419700125e-16,4,4,5,7,9,0.0745170602202108,0.886733725132805,2.60646929862795,4.36806154107804,5.51765439542851,0.00154172912181065,0.0344452067544713,0.186489260984245,0.482499143530049,0.637214040525903
"paraboloid-surface_area-rep3-n240-r8","ambient",64,1,0,8490,4.44089209850063e-16,64,64,69,86,95,0.0745170602202108,3.20112702186215,9.92963292549668,15.4347973985079,24.5340697008096,0.00154172912181065,0.121871978563242,0.755116706087829,1.57109359369148,1.98581326392202
"paraboloid-surface_area-rep3-n240-r8","ambient",8,1,0,1107,4.44089209850063e-16,8,8,9,12,14,0.0745170602202108,1.19079949914215,3.63972644278503,5.61296274595497,6.77097032256548,0.00154172912181065,0.0417061348349111,0.27177448405493,0.61225059565492,0.767339867048969
"paraboloid-surface_area-rep3-n240-r8","geodesic",128,1,0,17768,3.10596437458344e-08,128,128,134.5,210.05,223,0.0745201492568466,4.70849366814202,15.9024836518669,27.9888054198702,39.9096924300595,0.00154172912181065,0.179284766471122,0.897305720381628,1.74103525971169,1.98581326392202
"paraboloid-surface_area-rep3-n240-r8","geodesic",16,1,0,2137,4.44089209850063e-16,16,16,17,22,25,0.0745201492568466,1.51863453598059,5.13972326799919,7.73259637687342,9.9320966803397,0.00154172912181065,0.057376467408746,0.368046270398521,0.792281812608705,1.15227367597007
"paraboloid-surface_area-rep3-n240-r8","geodesic",239,1,0,28680,2.57395749159173e-08,239,239,239,239,239,0.0745201492568466,6.00822765758681,21.5483766397878,48.5780129551648,62.6004480257225,0.00154172912181065,0.232520378618284,0.991565470631646,1.70254669790269,1.98581326392202
"paraboloid-surface_area-rep3-n240-r8","geodesic",32,1,0,4233,2.70235167576516e-10,32,32,34,42,47,0.0745201492568466,2.22381829204418,7.41165737607533,11.1411404480629,13.9613210447666,0.00154172912181065,0.085292288698797,0.51338243257763,1.08845380879769,1.5243110709723
"paraboloid-surface_area-rep3-n240-r8","geodesic",4,1,0,587,8.88178419700125e-16,4,4,5,7,9,0.0745201492568466,0.889723033589502,2.62701273974664,4.40209849609146,5.6210892281652,0.00154172912181065,0.034462551730003,0.185222781067481,0.477502380243786,0.626449715129795
"paraboloid-surface_area-rep3-n240-r8","geodesic",64,1,0,8480,1.47238096159796e-08,64,64,68,85,93,0.0745201492568466,3.22422231121209,10.608245805479,17.1647590630484,24.9210946667191,0.00154172912181065,0.121820731955224,0.698228655342725,1.43520754544937,1.84610866398343
"paraboloid-surface_area-rep3-n240-r8","geodesic",8,1,0,1107,4.44089209850063e-16,8,8,9,12,14,0.0745201492568466,1.19148575892619,3.6926747789364,5.69502695068176,6.79966851456804,0.00154172912181065,0.0417061348349111,0.266902486644764,0.599926091480415,0.73215208439516
"saddle-disk-rep1-n240-r1","ambient",128,1,0,19311,2.22044604925031e-16,128,128,140,239,239,0.0174805434003165,0.245480044645352,0.823608286160363,1.39642388840766,1.66137545889156,0.0143143434671021,0.193181604825092,0.679494101691096,1.15424876426665,1.48241088743736
"saddle-disk-rep1-n240-r1","ambient",16,1,0,2236,4.44089209850063e-16,16,16,18,23,27,0.0174805434003165,0.0833030848513045,0.261975798295731,0.475614458552637,0.672086174847188,0.0143143434671021,0.0647914941409533,0.211577818936574,0.389120528740807,0.587346521445272
"saddle-disk-rep1-n240-r1","ambient",239,1,0,28680,0,239,239,239,239,239,0.0174805434003165,0.295510940575308,1.05193095923397,1.81421615849744,2.45591475851452,0.0143143434671021,0.238866905851992,0.878730557188106,1.62124282910863,1.9884200901266
"saddle-disk-rep1-n240-r1","ambient",32,1,0,4578,4.44089209850063e-16,32,32,37,48,59,0.0174805434003165,0.121668511513655,0.37221919552041,0.678896606996379,0.94533668066796,0.0143143434671021,0.0931896733250442,0.303154386715933,0.543935616904852,0.75468606184266
"saddle-disk-rep1-n240-r1","ambient",4,1,0,580,6.66133814775094e-16,4,4,5,7,8,0.0174805434003165,0.0466054270440431,0.137745109378982,0.257758150174844,0.456644789098885,0.0143143434671021,0.0339299545733642,0.110314818455088,0.206869762759339,0.338921723839259
"saddle-disk-rep1-n240-r1","ambient",64,1,0,9493,4.44089209850063e-16,64,64,72,115,130,0.0174805434003165,0.170227111005712,0.554144096229133,1.00405800422889,1.2824179182765,0.0143143434671021,0.136757053527254,0.44927703173705,0.755558023572977,0.990255676824243
"saddle-disk-rep1-n240-r1","ambient",8,1,0,1138,4.44089209850063e-16,8,8,9,12,14,0.0174805434003165,0.0615960670602629,0.186125693157523,0.329488628497166,0.531596637864397,0.0143143434671021,0.0489483381203423,0.151520743214349,0.277024055842329,0.472496825157163
"saddle-disk-rep1-n240-r1","geodesic",128,1,0,19147,2.06938985947147e-08,128,128,141,239,239,0.0174805935806301,0.244558624182729,0.834443366467911,1.46394076118249,1.76612964147766,0.0143143434671021,0.192342848476655,0.675403880866627,1.11877974321782,1.36192650317287
"saddle-disk-rep1-n240-r1","geodesic",16,1,0,2231,6.25520302222071e-10,16,16,18,23,27,0.0174805935806301,0.083237584918477,0.262119463100848,0.47745416785045,0.675080305943316,0.0143143434671021,0.0647675882858623,0.211429114944883,0.387743018733355,0.587346521445272
"saddle-disk-rep1-n240-r1","geodesic",239,1,0,28680,3.10617456200646e-08,239,239,239,239,239,0.0174805935806301,0.296102948302333,1.08880801639573,2.0387752462045,2.87651738895371,0.0143143434671021,0.238866905851992,0.878730557188106,1.62124282910863,1.9884200901266
"saddle-disk-rep1-n240-r1","geodesic",32,1,0,4572,9.54381285112049e-09,32,32,37,48,58,0.0174805935806301,0.121588342567046,0.374198622409151,0.681746341170811,0.948049722976187,0.0143143434671021,0.0931069931840914,0.30295729176049,0.541763133982113,0.75468606184266
"saddle-disk-rep1-n240-r1","geodesic",4,1,0,580,4.44089209850063e-16,4,4,5,7,8,0.0174805935806301,0.0466068093669566,0.137757010905808,0.257825680201929,0.456854928489752,0.0143143434671021,0.0339299545733642,0.110314818455088,0.206869762759339,0.338921723839259
"saddle-disk-rep1-n240-r1","geodesic",64,1,0,9460,1.24723555927631e-08,64,64,72,111.05,129,0.0174805935806301,0.170401963909681,0.558535453714403,1.01284352720917,1.31640297492545,0.0143143434671021,0.136603666897892,0.448486544448281,0.753577872954475,0.990255676824243
"saddle-disk-rep1-n240-r1","geodesic",8,1,0,1137,6.25520302222071e-10,8,8,9,12,14,0.0174805935806301,0.0616046200335221,0.186015987264021,0.330215992183372,0.53166593201483,0.0143143434671021,0.0489283559887881,0.151491340592356,0.277033830087854,0.472496825157163
"saddle-disk-rep1-n240-r16","ambient",128,1,0,18995,1.65879885383191e-08,128,128,147,239,239,0.529963407980621,12.7617453896878,65.6350857744896,186.920575009227,256.033834389651,0.0143143434671021,0.191348885686647,0.76178952657355,1.64410591893928,1.9884200901266
"saddle-disk-rep1-n240-r16","ambient",16,1,0,2279,4.44089209850063e-16,16,16,18,24,29,0.529963407980621,4.353355526885,14.9362059675439,37.0379977689339,91.6208707210244,0.0143143434671021,0.0666122864709024,0.474927566097749,1.78067998702837,1.9884200901266
"saddle-disk-rep1-n240-r16","ambient",239,1,0,28680,2.38711912459166e-08,239,239,239,239,239,0.529963407980621,15.8539248121127,103.530845466097,293.569812590576,496.69412719187,0.0143143434671021,0.238866905851992,0.878730557188106,1.62124282910863,1.9884200901266
"saddle-disk-rep1-n240-r16","ambient",32,1,0,4469,7.04010777452524e-09,32,32,37,46,48,0.529963407980621,5.9694158587704,21.4035591904766,63.9000377856852,133.230946672934,0.0143143434671021,0.0947013637244402,0.625179618243799,1.77071990370486,1.9884200901266
"saddle-disk-rep1-n240-r16","ambient",4,2,3,611,1.33226762955019e-15,4,4,5,7,9,0.529963407980621,2.42462565109998,7.52479335302145,20.060905390968,52.5966956249931,0.0143143434671021,0.0366584394141,0.241646283503233,0.68794974268294,1.9884200901266
"saddle-disk-rep1-n240-r16","ambient",64,1,0,9456,1.25885328827735e-08,64,64,79,96.05,103,0.529963407980621,8.54458954663639,33.8942690876955,119.114636980639,194.814447935167,0.0143143434671021,0.137235845164847,0.685814808841911,1.72312964258889,1.9884200901266
"saddle-disk-rep1-n240-r16","ambient",8,1,0,1146,8.88178419700125e-16,8,8,9,13,17,0.529963407980621,3.13868802825741,10.3530822601031,27.9836291835163,62.8625836153081,0.0143143434671021,0.050865700344904,0.326494312703543,1.59409283968184,1.9884200901266
"saddle-disk-rep1-n240-r16","geodesic",128,1,0,20745,3.58359946162068e-08,128,128,133,239,239,0.530010944512925,14.8281082527173,95.2655260535501,227.307236981912,292.380148171896,0.0143143434671021,0.201679137077319,0.73922769716931,1.42480946747888,1.96596666846329
"saddle-disk-rep1-n240-r16","geodesic",16,1,0,2273,1.36290321528509e-08,16,16,19,24.05,35,0.530010944512925,4.43329808645557,16.3156343846333,64.5797309214622,138.367758954785,0.0143143434671021,0.0659261802896021,0.315663670367001,0.785798495379968,1.27869265475002
"saddle-disk-rep1-n240-r16","geodesic",239,1,0,28680,3.6752058729661e-08,239,239,239,239,239,0.530010944512925,18.2878594461571,131.334347035767,321.397856104324,496.694186689227,0.0143143434671021,0.238866905851992,0.878730557188106,1.62124282910863,1.9884200901266
"saddle-disk-rep1-n240-r16","geodesic",32,1,0,4981,3.43983135309145e-08,32,32,40,58.1,79,0.530010944512925,6.47683316659334,29.7814274867953,118.434578555603,198.58156186098,0.0143143434671021,0.0984012929555042,0.372415069779087,0.84754498124087,1.27869265475002
"saddle-disk-rep1-n240-r16","geodesic",4,4,3,607,8.88178419700125e-16,4,4,5,7,10,0.530010944512925,2.41734170772725,7.58926669130266,20.0985065007055,72.0654858508465,0.0143143434671021,0.0361995445122064,0.233719252557906,0.639226309077716,1.08532967070086
"saddle-disk-rep1-n240-r16","geodesic",64,1,0,10828,3.58359955043852e-08,64,64,76,175.35,239,0.530010944512925,9.81922299848572,53.9933644972156,183.232211931456,252.21817730877,0.0143143434671021,0.145136688898661,0.529053953865361,1.01337557279771,1.75095285579585
"saddle-disk-rep1-n240-r16","geodesic",8,1,0,1139,3.20296442701817e-08,8,8,9,13,16,0.530010944512925,3.18166704273079,10.7813121645955,34.201418202328,108.917792955957,0.0143143434671021,0.0508300494720248,0.280215708874301,0.703379962593752,1.08532967070086
"saddle-disk-rep1-n240-r2","ambient",128,1,0,19933,4.44089209850063e-16,128,128,152,238,239,0.040620658210487,0.616462634678834,2.1185161684546,3.74490152441611,4.59852460224517,0.0143143434671021,0.195858038038113,0.708632635366407,1.52506807608424,1.9884200901266
"saddle-disk-rep1-n240-r2","ambient",16,1,0,2284,4.44089209850063e-16,16,16,19,24.05,28,0.040620658210487,0.217545306747615,0.664114138684415,1.28662024072137,2.27006128220915,0.0143143434671021,0.0652611091064943,0.225895498988487,0.48782144428883,0.706159015679528
"saddle-disk-rep1-n240-r2","ambient",239,1,0,28680,0,239,239,239,239,239,0.040620658210487,0.734158780828559,2.66942451961765,5.21664877421386,8.19207537185694,0.0143143434671021,0.238866905851992,0.878730557188106,1.62124282910863,1.9884200901266
"saddle-disk-rep1-n240-r2","ambient",32,1,0,4751,4.44089209850063e-16,32,32,39,51,57,0.040620658210487,0.310631553723014,0.966920119852434,2.07581600631297,3.28429655076934,0.0143143434671021,0.0954234818501985,0.318772691049077,0.634201466656676,0.87700560527324
"saddle-disk-rep1-n240-r2","ambient",4,1,0,584,4.44089209850063e-16,4,4,5,7,8,0.040620658210487,0.121666370269122,0.34762211179341,0.660151166018167,1.20934648518558,0.0143143434671021,0.0339425228010145,0.120202615311097,0.27400539805163,0.472496825157163
"saddle-disk-rep1-n240-r2","ambient",64,1,0,10056,4.44089209850063e-16,64,64,74.5,136.2,156,0.040620658210487,0.442637292611323,1.44037667551819,3.1920110116698,3.98330233652548,0.0143143434671021,0.139922537209933,0.472698055115709,0.850838014851876,1.95618368291384
"saddle-disk-rep1-n240-r2","ambient",8,1,0,1139,8.88178419700125e-16,8,8,9,12,15,0.040620658210487,0.154927245531263,0.477580096684343,0.905090792869722,1.83488312321971,0.0143143434671021,0.0489683202518964,0.159950273166929,0.347174034241129,0.639371649928273
"saddle-disk-rep1-n240-r2","geodesic",128,1,0,20039,1.96687905962278e-08,128,128,148,239,239,0.0406206839095513,0.620000294071981,2.24888271853507,4.39298269648828,5.46913920122783,0.0143143434671021,0.196879884644549,0.697669690140977,1.20657757688061,1.57490829690802
"saddle-disk-rep1-n240-r2","geodesic",16,1,0,2279,4.91623786125217e-09,16,16,18.5,24,27,0.0406206839095513,0.217633844620205,0.667607604162445,1.29188526314084,2.27114521089405,0.0143143434671021,0.0652074325191095,0.225380335756598,0.485561787703228,0.701721835379489
"saddle-disk-rep1-n240-r2","geodesic",239,1,0,28680,2.43312596737155e-08,239,239,239,239,239,0.0406206839095513,0.741048967476428,2.91467904004703,5.95142783533576,8.93422702579723,0.0143143434671021,0.238866905851992,0.878730557188106,1.62124282910863,1.9884200901266
"saddle-disk-rep1-n240-r2","geodesic",32,1,0,4738,7.8777184775447e-09,32,32,38,52,56,0.0406206839095513,0.310591987110869,0.973968989120809,2.08237118769788,3.28558935707327,0.0143143434671021,0.0952953222350237,0.317125885248473,0.630514792343845,0.87700560527324
"saddle-disk-rep1-n240-r2","geodesic",4,1,0,584,6.66133814775094e-16,4,4,5,7,8,0.0406206839095513,0.121700871660877,0.348351462306083,0.661754195201993,1.20942768191224,0.0143143434671021,0.0339425228010145,0.120202615311097,0.27400539805163,0.472496825157163
"saddle-disk-rep1-n240-r2","geodesic",64,1,0,9959,1.53087273968566e-08,64,64,73,141,153,0.0406206839095513,0.441754571540928,1.46750428160498,3.21606313457525,4.32411750370485,0.0143143434671021,0.139204298380931,0.468256934167624,0.819273903297802,1.13527202147661
"saddle-disk-rep1-n240-r2","geodesic",8,1,0,1137,1.08797704179153e-09,8,8,9,12,15,0.0406206839095513,0.154576956577095,0.478120110382538,0.905991467731431,1.83498014157982,0.0143143434671021,0.0489283559887881,0.159813872346673,0.347036260815721,0.639371649928273
"saddle-disk-rep1-n240-r32","ambient",128,1,0,18986,3.24321449696185e-08,128,128,147,239,239,1.10029453276107,36.5728369760286,256.764106146981,745.402632458677,1021.99158437767,0.0143143434671022,0.191312897412093,0.763901156313757,1.64449606878078,1.9884200901266
"saddle-disk-rep1-n240-r32","ambient",16,1,0,2196,9.70689661983215e-09,16,16,18,23,24,1.10029453276107,11.6171837791692,42.8559074173272,128.38634523154,353.798421379888,0.0143143434671022,0.0692165622199988,0.62045993074817,1.8052361528008,1.9884200901266
"saddle-disk-rep1-n240-r32","ambient",239,1,0,28680,2.97306907981465e-08,239,239,239,239,239,1.10029453276107,47.7821290105561,410.59045968054,1172.25743405898,1985.54405395296,0.0143143434671022,0.238866905851992,0.878730557188106,1.62124282910863,1.9884200901266
"saddle-disk-rep1-n240-r32","ambient",32,1,0,4397,9.70689661983215e-09,32,32,36,45,51,1.10029453276107,17.2717255066915,63.8635694562565,248.387719893809,523.999317009655,0.0143143434671022,0.0962647012912256,0.683109795050376,1.77429577374752,1.9884200901266
"saddle-disk-rep1-n240-r32","ambient",4,2,6,609,8.88178419700125e-16,4,4,5,8,9,1.10029453276107,6.06156392698746,22.2751287436348,61.1155957677404,188.817496257143,0.0143143434671022,0.0383576604384738,0.329369851435112,1.7218875741115,1.9884200901266
"saddle-disk-rep1-n240-r32","ambient",64,1,0,9404,1.20420637905738e-08,64,64,78,96.05,103,1.10029453276107,24.642863672771,123.762419929715,474.072667026606,778.635100680851,0.0143143434671022,0.136839552512206,0.697814170889047,1.72444789769614,1.9884200901266
"saddle-disk-rep1-n240-r32","ambient",8,1,0,1134,8.88178419700125e-16,8,8,9,12,16,1.10029453276107,8.37208369360201,29.7094939203266,76.3559582245091,229.36618265018,0.0143143434671022,0.0527798044369568,0.469181957382897,1.79168498422867,1.9884200901266
"saddle-disk-rep1-n240-r32","geodesic",128,1,0,20750,4.6014245747017e-08,128,128,133,239,239,1.10038625601358,49.8928717887033,376.063592821692,903.325372703805,1168.1670953319,0.0143143434671022,0.201681310537396,0.739918027583138,1.42592504349714,1.96596666846329
"saddle-disk-rep1-n240-r32","geodesic",16,1,0,2260,3.74266289071556e-08,16,16,18,24.05,34,1.10038625601358,12.4120896431851,58.3655258535209,258.16032472856,553.129554326431,0.0143143434671022,0.0666325751561287,0.323341469694527,0.816236682237914,1.27869265475002
"saddle-disk-rep1-n240-r32","geodesic",239,1,0,28680,4.50340862379051e-08,239,239,239,239,239,1.10038625601358,64.8940094975381,520.669238664638,1282.25793296393,1985.54411388764,0.0143143434671022,0.238866905851992,0.878730557188106,1.62124282910863,1.9884200901266
"saddle-disk-rep1-n240-r32","geodesic",32,1,0,5005,3.83862763797538e-08,32,32,41,61.05,79,1.10038625601358,19.3866389048424,114.764046476737,472.767714228926,793.703640104347,0.0143143434671022,0.0990381951707369,0.377635588321947,0.861048906406007,1.30345661112915
"saddle-disk-rep1-n240-r32","geodesic",4,4,3,595,8.88178419700125e-16,4,4,5,7,11,1.10038625601358,6.00764767623744,22.6948315849065,76.7640780529454,287.998207194883,0.0143143434671022,0.0369565054745741,0.275095465994394,0.705842493062935,1.08532967070086
"saddle-disk-rep1-n240-r32","geodesic",64,1,0,10864,4.32888667134534e-08,64,64,76,176,239,1.10038625601358,30.0819704365182,211.636642764806,731.363730007127,1006.60004944711,0.0143143434671022,0.145244740907994,0.534164532204626,1.04343638532339,1.84223266536461
"saddle-disk-rep1-n240-r32","geodesic",8,1,0,1129,8.15352940719549e-09,8,8,9,12,18,1.10038625601358,8.65657723944602,32.7690271621938,137.594312583821,434.693436349027,0.0143143434671022,0.0508720548752417,0.300301480084174,0.785425912219593,1.27869265475002
"saddle-disk-rep1-n240-r4","ambient",128,1,0,19213,4.44089209850063e-16,128,128,150,225,239,0.0861385499279118,1.59624069670165,5.76529798558191,12.4392924634782,16.540296614549,0.0143143434671021,0.192637962766209,0.739951885529031,1.63198715878923,1.9884200901266
"saddle-disk-rep1-n240-r4","ambient",16,1,0,2315,4.44089209850063e-16,16,16,18,25,28,0.0861385499279118,0.57921762343308,1.81738145523278,4.18038840126707,8.00658702971494,0.0143143434671021,0.0660064077514087,0.258120344324198,0.607859301013153,1.92744996438842
"saddle-disk-rep1-n240-r4","ambient",239,1,0,28680,0,239,239,239,239,239,0.0861385499279118,1.98864696012434,7.64986862128448,18.9734429243773,31.4260471179582,0.0143143434671021,0.238866905851992,0.878730557188106,1.62124282910863,1.9884200901266
"saddle-disk-rep1-n240-r4","ambient",32,1,0,4868,4.44089209850063e-16,32,32,39.5,54.05,72,0.0861385499279118,0.819280104380092,2.6737784336494,7.10515719211835,9.99054591660186,0.0143143434671021,0.0965127654541805,0.348982826544648,0.960282947660257,1.9884200901266
"saddle-disk-rep1-n240-r4","ambient",4,1,0,583,6.66133814775094e-16,4,4,5,7,8,0.0861385499279118,0.337392763733919,0.942706833660677,1.91459576394075,4.58564176369491,0.0143143434671021,0.0339398404348508,0.143406223082194,0.346743905785569,0.639371649928273
"saddle-disk-rep1-n240-r4","ambient",64,1,0,10117,4.44089209850063e-16,64,64,82,112,120,0.0861385499279118,1.20155886027738,3.96944203211892,8.82393201613974,12.9702863815141,0.0143143434671021,0.14041594219733,0.541895726123239,1.67033196639817,1.9884200901266
"saddle-disk-rep1-n240-r4","ambient",8,1,0,1157,4.44089209850063e-16,8,8,9,13,15,0.0861385499279118,0.423147928362885,1.32156927982114,2.73016745141543,7.0178231990163,0.0143143434671021,0.0493624003773076,0.191071011471023,0.473554268038529,0.729087945990662
"saddle-disk-rep1-n240-r4","geodesic",128,1,0,20566,1.92177396218796e-08,128,128,131.5,239,239,0.0861386132338962,1.69310560813523,6.98421138911384,15.350320125893,19.3976276431725,0.0143143434671021,0.201152304444878,0.72407630086113,1.32872633592973,1.84223266536461
"saddle-disk-rep1-n240-r4","geodesic",16,1,0,2309,9.76050240630855e-09,16,16,18,25,30,0.0861386132338962,0.580395245600801,1.83492112838449,4.18188039385469,8.75398754906968,0.0143143434671021,0.0657657253659889,0.256592593603638,0.60117060879894,0.877887191155662
"saddle-disk-rep1-n240-r4","geodesic",239,1,0,28680,2.95106434844428e-08,239,239,239,239,239,0.0861386132338962,2.02679676035486,9.268707721788,21.0420069680957,32.1477421829628,0.0143143434671021,0.238866905851992,0.878730557188106,1.62124282910863,1.9884200901266
"saddle-disk-rep1-n240-r4","geodesic",32,1,0,4879,1.3480345728567e-08,32,32,40,53.05,70,0.0861386132338962,0.822510337028375,2.74685936379555,7.65709934667521,12.6042958934044,0.0143143434671021,0.0965916164201148,0.342422418689963,0.737198031612665,1.06128360187837
"saddle-disk-rep1-n240-r4","geodesic",4,1,0,583,8.88178419700125e-16,4,4,5,7,8,0.0861386132338962,0.337423143864642,0.945116714024814,1.91514014316726,4.58573185176649,0.0143143434671021,0.0339398404348508,0.142640565437267,0.346743905785569,0.639371649928273
"saddle-disk-rep1-n240-r4","geodesic",64,1,0,10406,3.69510164688336e-08,64,64,74,160.05,204,0.0861386132338962,1.23356703127727,4.31878547122744,11.8508783707511,16.2255914542888,0.0143143434671021,0.14263348605957,0.495156995776989,0.892020133210527,1.30345661112915
"saddle-disk-rep1-n240-r4","geodesic",8,1,0,1154,8.88178419700125e-16,8,8,9,12,16,0.0861386132338962,0.423407280518565,1.3247911665091,2.74695709776162,7.01793024398556,0.0143143434671021,0.0492960036531258,0.188899892211597,0.47190873629068,0.70998460927189
"saddle-disk-rep1-n240-r64","ambient",128,1,0,18983,6.66507804503169e-08,128,128,147,239,239,2.49756751527899,110.892817282455,1023.16070606864,2979.26620842241,4085.81977236277,0.0143143434671021,0.191300901320574,0.764394991029912,1.64453177234804,1.9884200901266
"saddle-disk-rep1-n240-r64","ambient",16,1,0,2178,4.44089209850063e-16,16,16,18,22.05,25,2.49756751527899,32.521693110957,125.748596604042,497.25048460887,1414.9278189739,0.0143143434671021,0.0716545220466446,0.6855374243746,1.81290297518949,1.9884200901266
"saddle-disk-rep1-n240-r64","ambient",239,1,0,28680,3.36437708803317e-08,239,239,239,239,239,2.49756751527899,153.903827860079,1639.73986249234,4688.24520366185,7940.94328279697,0.0143143434671021,0.238866905851992,0.878730557188106,1.62124282910863,1.9884200901266
"saddle-disk-rep1-n240-r64","ambient",32,1,0,4377,2.1503391955946e-08,32,32,36,45,51,2.49756751527899,48.0141815104639,230.996253887719,988.844012341165,2086.97739202998,0.0143143434671021,0.0971503572028066,0.695544883143795,1.77717771857664,1.9884200901266
"saddle-disk-rep1-n240-r64","ambient",4,6,6,591,1.33226762955019e-15,4,4,5,7,9,2.49756751527899,17.2302276143987,66.448981289319,181.067080563861,726.091706209648,0.0143143434671021,0.0633943018627471,0.482787011815067,1.7540760953158,1.9884200901266
"saddle-disk-rep1-n240-r64","ambient",64,1,0,9396,2.67418731603186e-08,64,64,78,96.05,103,2.49756751527899,72.6999183090229,484.758507043397,1893.43669288698,3113.91740036428,0.0143143434671021,0.136792646322484,0.702199871794583,1.72536526622969,1.9884200901266
"saddle-disk-rep1-n240-r64","ambient",8,1,0,1116,8.88178419700125e-16,8,8,9,12.05,15,2.49756751527899,22.8694786104091,87.6743172223576,271.300108642613,903.074477829885,0.0143143434671021,0.0644371509765153,0.634276444726321,1.81539287223966,1.9884200901266
"saddle-disk-rep1-n240-r64","geodesic",128,1,0,20750,5.18244789304845e-08,128,128,133,239,239,2.4977292110839,190.578064844795,1499.80610772195,3606.87190827611,4669.20464492929,0.0143143434671021,0.201681310537396,0.741544798811186,1.42903378478751,1.96596666846329
"saddle-disk-rep1-n240-r64","geodesic",16,1,0,2273,1.62051436713995e-08,16,16,19,25,34,2.4977292110839,35.6950316417526,225.310175600395,1030.83834513149,2212.17659980542,0.0143143434671021,0.0666725047279804,0.32702438786213,0.827933256564401,1.27869265475002
"saddle-disk-rep1-n240-r64","geodesic",239,1,0,28680,4.45997185849478e-08,239,239,239,239,239,2.4977292110839,251.85181435416,2076.92208573086,5123.90112674299,7940.943342513,0.0143143434671021,0.238866905851992,0.878730557188106,1.62124282910863,1.9884200901266
"saddle-disk-rep1-n240-r64","geodesic",32,1,0,5010,3.74514281809013e-08,32,32,41,64.05,78,2.4977292110839,59.5846664363081,455.40516056229,1889.29813935861,3174.19163868988,0.0143143434671021,0.099081015495505,0.380272587842325,0.875437660236586,1.52322045868139
"saddle-disk-rep1-n240-r64","geodesic",4,8,7,596,8.88178419700125e-16,4,4,5,7,10,2.4977292110839,17.5487793695222,75.2063837965711,300.20697557969,1151.7289402045,0.0143143434671021,0.0384066487786063,0.299238506099162,0.757088456425305,1.15535969059837
"saddle-disk-rep1-n240-r64","geodesic",64,1,0,10880,4.07866695972814e-08,64,64,76,178.8,239,2.4977292110839,103.748328692602,841.782279553559,2923.77859438914,4015.21955354504,0.0143143434671021,0.145260717273473,0.536345566982903,1.06094000879835,1.84223266536461
"saddle-disk-rep1-n240-r64","geodesic",8,1,0,1132,6.6192075917626e-09,8,8,9,12,17,2.4977292110839,24.1869144240833,117.117474445413,544.347112325385,1737.7946168592,0.0143143434671021,0.0508784094055795,0.313375160668711,0.820460414219746,1.27869265475002
"saddle-disk-rep1-n240-r8","ambient",128,1,0,19041,3.84072853520934e-08,128,128,148,239,239,0.20686848907618,4.45264891889636,17.8030817392233,47.2790994175823,64.4584007706931,0.0143143434671021,0.19175025146602,0.756693868210545,1.64337965491778,1.9884200901266
"saddle-disk-rep1-n240-r8","ambient",16,1,0,2299,4.44089209850063e-16,16,16,18,26,33,0.20686848907618,1.56222617605455,5.2564669288842,14.0444874031223,26.1250967149883,0.0143143434671021,0.0654232029996721,0.318817373139539,1.4653401613632,1.9884200901266
"saddle-disk-rep1-n240-r8","ambient",239,1,0,28680,0,239,239,239,239,239,0.20686848907618,5.54782625590924,26.798792574039,73.9035866720867,124.481168853835,0.0143143434671021,0.238866905851992,0.878730557188106,1.62124282910863,1.9884200901266
"saddle-disk-rep1-n240-r8","ambient",32,1,0,4725,4.44089209850063e-16,32,32,38,52,56,0.20686848907618,2.22871613276376,7.48430573363311,18.2168522360146,34.6759334462414,0.0143143434671021,0.0953695460793755,0.488750964540375,1.75163264822351,1.9884200901266
"saddle-disk-rep1-n240-r8","ambient",4,2,2,603,8.88178419700125e-16,4,4,5,7,9,0.20686848907618,0.916887662161316,2.6370904486442,5.82882559477518,16.6266831837244,0.0143143434671021,0.0340871518017485,0.1810781300831,0.517504850165835,1.92744996438842
"saddle-disk-rep1-n240-r8","ambient",64,1,0,9593,4.44089209850063e-16,64,64,82,96,102,0.20686848907618,3.12156304130717,11.0675682839363,30.9582419752729,49.4853538888346,0.0143143434671021,0.137381510651712,0.639850687436243,1.71124057251823,1.9884200901266
"saddle-disk-rep1-n240-r8","ambient",8,1,0,1157,8.88178419700125e-16,8,8,9,13,18,0.20686848907618,1.18311939891359,3.60476012342961,8.91004011323067,18.7287302237343,0.0143143434671021,0.0493624003773077,0.246608605206576,0.621054375924158,1.92744996438842
"saddle-disk-rep1-n240-r8","geodesic",128,1,0,20719,2.71027515985622e-08,128,128,133,239,239,0.206868603020074,4.8585130922755,24.8488483566055,57.9355645122001,74.0906906135063,0.0143143434671021,0.201386583234216,0.73574520777275,1.40233243300539,1.96596666846329
"saddle-disk-rep1-n240-r8","geodesic",16,1,0,2288,4.44089209850063e-16,16,16,18,25.05,36,0.206868603020074,1.56720182974947,5.34268573960281,16.2854407658022,34.6771733790855,0.0143143434671021,0.065304334144675,0.290952542390272,0.706543516067048,1.12456920533908
"saddle-disk-rep1-n240-r8","geodesic",239,1,0,28680,3.70023136575526e-08,239,239,239,239,239,0.206868603020074,5.86071670405726,33.793749621598,81.2140446311696,124.481227918958,0.0143143434671021,0.238866905851992,0.878730557188106,1.62124282910863,1.9884200901266
"saddle-disk-rep1-n240-r8","geodesic",32,1,0,4944,1.09171985340772e-08,32,32,40.5,57,80,0.206868603020074,2.28571997672169,8.35665879074753,29.7982052477738,49.8007304527979,0.0143143434671021,0.0974957987483873,0.362233030860049,0.810614924931621,1.20633931788756
"saddle-disk-rep1-n240-r8","geodesic",4,2,2,602,8.88178419700125e-16,4,4,5,7,8,0.206868603020074,0.918382807147585,2.65498414087132,5.87533185400922,18.0821554297133,0.0143143434671021,0.034037637413773,0.180228595089719,0.511803820203156,0.754337652817392
"saddle-disk-rep1-n240-r8","geodesic",64,1,0,10706,3.66472181489996e-08,64,64,75.5,176,221,0.206868603020074,3.39760663626416,14.4751493232098,46.1749076345221,63.3189153474356,0.0143143434671021,0.144747688255589,0.517225032658207,0.95308885400895,1.53164695940447
"saddle-disk-rep1-n240-r8","geodesic",8,1,0,1155,8.88178419700125e-16,8,8,9,13,17,0.206868603020074,1.18288116251235,3.64334837475288,8.94171875414872,27.4725024928714,0.0143143434671021,0.0493181358945198,0.239856343424867,0.602083007644513,0.830463782452002
"saddle-disk-rep1-n480-r64","ambient",128,1,0,37129,3.72334143516895e-08,128,128,154.5,195.05,203,1.39616709705157,74.4273406375032,490.216753919974,1915.04427870299,3010.35621990197,0.00785873822123885,0.132546552361891,0.719208052312167,1.72323253737895,1.99724417135867
"saddle-disk-rep1-n480-r64","ambient",16,1,0,4296,8.88178419700125e-16,16,16,17,22,26,1.39616709705157,23.838922385417,85.9238284806056,262.619554749665,903.074477829885,0.00785873822123885,0.0599882935337254,0.630555630972981,1.81539287223966,1.99724417135867
"saddle-disk-rep1-n480-r64","ambient",479,1,0,114960,5.8040630968037e-08,479,479,479,479,479,1.39616709705157,161.865706952965,1662.47323161031,4767.70381088173,8024.42205886457,0.00785873822123885,0.236475511272654,0.891940472160073,1.61853312488177,1.99724417135867
"saddle-disk-rep1-n480-r64","ambient",64,1,0,17501,3.42893793359167e-08,64,64,72,87.0999999999999,101,1.39616709705157,50.0540357159782,236.806079777633,1005.58331059869,2005.58860462295,0.00785873822123885,0.0929071757762096,0.707432351732542,1.78041719450202,1.99724417135867
"saddle-disk-rep1-n480-r64","ambient",8,1,0,2268,1.33226762955019e-15,8,8,9,12.05,16,1.39616709705157,17.3464467247925,62.0743340282616,152.085637564872,575.581503974706,0.00785873822123885,0.0507070467700724,0.46674970599915,1.77206488179543,1.99724417135867
"saddle-disk-rep1-n480-r64","geodesic",128,1,0,42947,5.52149690413728e-08,128,128,152,347,479,1.39616727902064,108.711095145263,874.950838403539,2924.53226582214,4147.21121708132,0.00785873822123885,0.14255528657039,0.533270329877862,1.07917037470701,1.95051993281447
"saddle-disk-rep1-n480-r64","geodesic",16,1,0,4374,1.20172547468655e-08,16,16,18,23,32,1.39616727902064,25.1415852698883,117.566074544179,515.919775702207,1391.70645520081,0.00785873822123885,0.0481200396046898,0.302083681102425,0.818085323813712,1.27869265475002
"saddle-disk-rep1-n480-r64","geodesic",479,1,0,114960,6.40510608995726e-08,479,479,479,479,479,1.39616727902064,259.820405284667,2117.7780501123,5168.46555765063,8080.25400438068,0.00785873822123885,0.236475511272654,0.891940472160073,1.61853312488177,1.99724417135867
"saddle-disk-rep1-n480-r64","geodesic",64,1,0,19830,4.1832503239192e-08,64,64,80,119.25,152,1.39616727902064,60.7813634144421,451.519357777132,1897.46144758311,3174.12161934053,0.00785873822123885,0.0960412514532893,0.382778978835481,0.891336357394542,1.80356969263575
"saddle-disk-rep1-n480-r64","geodesic",8,1,0,2229,1.11337898900388e-08,8,8,9,12,20,1.39616727902064,17.5444490493557,68.2351903996453,274.929795863736,953.732287626764,0.00785873822123885,0.037250779000623,0.290718880540125,0.775232685940117,1.27869265475002
"saddle-disk-rep2-n240-r1","ambient",128,1,0,19009,2.22044604925031e-16,128,128,140,239,239,0.00861162626518491,0.238350598964154,0.827427107046807,1.35202716771068,1.6890377686983,0.00453895004385553,0.187064061423384,0.694621038583641,1.13204093527992,1.52889881104918
"saddle-disk-rep2-n240-r1","ambient",16,1,0,2254,4.44089209850063e-16,16,16,18,23,26,0.00861162626518491,0.084440041024083,0.259561019169677,0.498883182372516,0.703447910613539,0.00453895004385553,0.0652254145792713,0.208200813571486,0.399128738556568,0.653286002788984
"saddle-disk-rep2-n240-r1","ambient",239,1,0,28680,0,239,239,239,239,239,0.00861162626518491,0.294305171621232,1.04699316010836,1.80306710659142,2.43518180413965,0.00453895004385553,0.234727732642804,0.89821302429513,1.64758614834595,1.97002609676705
"saddle-disk-rep2-n240-r1","ambient",32,1,0,4541,4.44089209850063e-16,32,32,37,47,52,0.00861162626518491,0.117544010249666,0.375303364969624,0.710028378519954,1.00601982914863,0.00453895004385553,0.0926679815234136,0.297769394869402,0.538440271665594,0.791843118486272
"saddle-disk-rep2-n240-r1","ambient",4,1,0,606,8.88178419700125e-16,4,4,5,7,9,0.00861162626518491,0.0423040123206039,0.137052798711775,0.285039842365548,0.410875447311111,0.00453895004385553,0.0323733920937315,0.112044131998588,0.227330593704976,0.404157629214447
"saddle-disk-rep2-n240-r1","ambient",64,1,0,9417,4.44089209850063e-16,64,64,72,114.1,137,0.00861162626518491,0.16544778308816,0.558958336345673,0.991056462849244,1.3375883361739,0.00453895004385553,0.13151303288251,0.453092298525656,0.774655980692785,1.05879534744938
"saddle-disk-rep2-n240-r1","ambient",8,1,0,1135,4.44089209850063e-16,8,8,9,12,15,0.00861162626518491,0.0589853321196616,0.183792772490789,0.369834541865564,0.546585521107807,0.00453895004385553,0.0458592485928163,0.148321745134181,0.285548457874235,0.510383349867748
"saddle-disk-rep2-n240-r1","geodesic",128,1,0,18816,1.868344967626e-08,128,128,139.5,239,239,0.00861164814687401,0.237886313991394,0.838220933866864,1.40612223871717,1.84489075461173,0.00453895004385553,0.185725716183737,0.689624960410562,1.09993673966749,1.4058347725185
"saddle-disk-rep2-n240-r1","geodesic",16,1,0,2256,1.18193006493073e-08,16,16,18,23,26,0.00861164814687401,0.0844615778525989,0.260471457746771,0.499390656329104,0.704922125815964,0.00453895004385553,0.0652740044297313,0.208217241511734,0.398956256818325,0.653286002788984
"saddle-disk-rep2-n240-r1","geodesic",239,1,0,28680,1.91723605880156e-08,239,239,239,239,239,0.00861164814687401,0.295073393620708,1.08430770229653,2.01532785802739,2.82336158626761,0.00453895004385553,0.234727732642804,0.89821302429513,1.64758614834595,1.97002609676705
"saddle-disk-rep2-n240-r1","geodesic",32,1,0,4540,1.18193008713519e-08,32,32,37,47,53,0.00861164814687401,0.117666234916736,0.37668708514686,0.712234518219578,1.01102694438105,0.00453895004385553,0.0926541698307056,0.297724144930158,0.537859594311931,0.791843118486272
"saddle-disk-rep2-n240-r1","geodesic",4,1,0,606,4.44089209850063e-16,4,4,5,7,9,0.00861164814687401,0.042306816642618,0.137056018823542,0.285210187929439,0.412615008003845,0.00453895004385553,0.0323733920937315,0.112044131998588,0.227330593704976,0.404157629214447
"saddle-disk-rep2-n240-r1","geodesic",64,1,0,9388,2.30622942964942e-08,64,64,71,113.05,133,0.00861164814687401,0.165446665989095,0.562826301362591,0.997159218550231,1.36696370247383,0.00453895004385553,0.131381523097642,0.452110839843823,0.772115169874306,1.05879534744938
"saddle-disk-rep2-n240-r1","geodesic",8,1,0,1134,1.18193007603296e-08,8,8,9,12,15,0.00861164814687401,0.0589776538558386,0.183653634302702,0.370187257792581,0.547303601141964,0.00453895004385553,0.0458435599756218,0.148211745909075,0.28556866269959,0.510383349867748
"saddle-disk-rep2-n240-r16","ambient",128,1,0,19153,8.24343926453253e-09,128,128,151.5,239,239,0.1382338493022,12.5589553384174,59.9666680744194,178.074942290872,272.935570304558,0.00453895004385553,0.18814231438687,0.809919112699068,1.66318499837764,1.97002609676705
"saddle-disk-rep2-n240-r16","ambient",16,1,0,2337,4.44089209850063e-16,16,16,19,26,30,0.1382338493022,3.60336611389017,14.758435991517,39.8430127438485,107.461258791504,0.00453895004385553,0.0706189554604232,0.504562911380772,1.75480055875455,1.96722224318196
"saddle-disk-rep2-n240-r16","ambient",239,1,0,28680,1.46106704512761e-08,239,239,239,239,239,0.1382338493022,15.4754700200149,95.1946710902944,277.121491065539,507.09622612625,0.00453895004385553,0.234727732642804,0.89821302429513,1.64758614834595,1.97002609676705
"saddle-disk-rep2-n240-r16","ambient",32,1,0,4578,4.44089209850063e-16,32,32,37,47,53,0.1382338493022,5.66748848226851,20.5981437750281,68.9843248090174,163.784224485217,0.00453895004385553,0.0956562032956752,0.677791312160097,1.75536012230646,1.96722224318196
"saddle-disk-rep2-n240-r16","ambient",4,2,4,602,8.88178419700125e-16,4,4,5,7,10,0.1382338493022,1.95526859840557,7.36259488624234,24.1025525608471,59.7389803404535,0.00453895004385553,0.0352800504860842,0.229468944783736,0.706551132322595,1.96493238932018
"saddle-disk-rep2-n240-r16","ambient",64,1,0,9493,4.44089209850063e-16,64,64,80,100.05,110,0.1382338493022,8.62619577350839,31.547675861309,119.643781500777,226.157407473642,0.00453895004385553,0.134754760472877,0.754839092189913,1.7193389015243,1.96722224318196
"saddle-disk-rep2-n240-r16","ambient",8,1,0,1181,8.88178419700125e-16,8,8,9,14,18,0.1382338493022,2.68505053024578,10.4536460823786,30.4531409862392,76.0170636201589,0.00453895004385553,0.0496665458859606,0.322179005694799,1.49506261552339,1.96493238932018
"saddle-disk-rep2-n240-r16","geodesic",128,1,0,20763,3.16563133484493e-08,128,128,137,239,239,0.138234325337467,14.1924532118129,85.0410743456311,214.716275413384,298.660944523058,0.00453895004385553,0.196020365903149,0.770249536835501,1.4783474644467,1.97002609676705
"saddle-disk-rep2-n240-r16","geodesic",16,1,0,2354,8.6036846536075e-09,16,16,19,26.05,40,0.138234325337467,3.78780325711858,16.2101277242537,70.2594884342436,141.836225309291,0.00453895004385553,0.0688051184706395,0.334375997235196,0.869071393987446,1.17759518734996
"saddle-disk-rep2-n240-r16","geodesic",239,1,0,28680,3.22588089574083e-08,239,239,239,239,239,0.138234325337467,17.6505388982371,120.406590818608,303.259757450631,507.097375749126,0.00453895004385553,0.234727732642804,0.89821302429513,1.64758614834595,1.97002609676705
"saddle-disk-rep2-n240-r16","geodesic",32,1,0,5003,2.27852050560529e-08,32,32,40,58,80,0.138234325337467,6.19732766376348,27.1009067206685,121.186950800628,210.220796757207,0.00453895004385553,0.0957228998041967,0.409007788242523,0.925888036621953,1.53859804447903
"saddle-disk-rep2-n240-r16","geodesic",4,4,4,598,8.88178419700125e-16,4,4,5,7,9,0.138234325337467,1.96976494180736,7.40797562049835,24.3166578611746,74.1980827558476,0.00453895004385553,0.0348835662824947,0.221870665523673,0.630721750135154,0.901108259150779
"saddle-disk-rep2-n240-r16","geodesic",64,1,0,10799,4.09084268682136e-08,64,64,79,169.1,210,0.138234325337467,9.70407847670426,49.2419428542709,174.620738821698,260.873711658101,0.00453895004385553,0.141194114194273,0.55780980187384,1.05460443148303,1.87572094039659
"saddle-disk-rep2-n240-r16","geodesic",8,1,0,1173,8.88178419700125e-16,8,8,9,14,18,0.138234325337467,2.76717903737538,10.5943439858359,37.7386522670825,107.461598817799,0.00453895004385553,0.0495650836118212,0.28371652527816,0.741919803883834,0.952877567471124
"saddle-disk-rep2-n240-r2","ambient",128,1,0,19826,4.44089209850063e-16,128,128,150.5,238.05,239,0.0172239121601225,0.610325357686992,2.09090250422688,3.66323982400973,4.85768436898308,0.00453895004385553,0.19051165500757,0.72997244281499,1.46479673095225,1.96493238932018
"saddle-disk-rep2-n240-r2","ambient",16,1,0,2280,4.44089209850063e-16,16,16,19,24,30,0.0172239121601225,0.20883472330666,0.668583166251968,1.38584599950367,2.43778683718258,0.00453895004385553,0.0657979363967493,0.221597872499934,0.482282055171288,0.791843118486272
"saddle-disk-rep2-n240-r2","ambient",239,1,0,28680,0,239,239,239,239,239,0.0172239121601225,0.740086109809345,2.62156401149717,4.96955079843068,8.40898151014208,0.00453895004385553,0.234727732642804,0.89821302429513,1.64758614834595,1.97002609676705
"saddle-disk-rep2-n240-r2","ambient",32,1,0,4755,4.44089209850063e-16,32,32,38,52,57,0.0172239121601225,0.300659167336926,0.974728872485275,2.17809977090749,3.48189661532813,0.00453895004385553,0.0934813564784763,0.317695908459882,0.64400734014828,0.964548665057259
"saddle-disk-rep2-n240-r2","ambient",4,1,0,603,8.88178419700125e-16,4,4,5,7,9,0.0172239121601225,0.103854280480657,0.344663811838022,0.726003398711561,1.30109033268299,0.00453895004385553,0.0323413054497681,0.117942617876342,0.280987184282725,0.404157629214447
"saddle-disk-rep2-n240-r2","ambient",64,1,0,10082,4.44089209850063e-16,64,64,77,136.1,163,0.0172239121601225,0.431415128150302,1.45922400445121,3.11103595143042,4.19466309163183,0.00453895004385553,0.136108183379289,0.484906424519309,0.884335289553099,1.96201343945106
"saddle-disk-rep2-n240-r2","ambient",8,1,0,1145,4.44089209850063e-16,8,8,9,13,15,0.0172239121601225,0.157272061053888,0.470672705892771,0.998660877391615,1.79306871647526,0.00453895004385553,0.0462009043099615,0.156052776516102,0.356364658307052,0.760634090079171
"saddle-disk-rep2-n240-r2","geodesic",128,1,0,19761,1.91411348993142e-08,128,128,149,239,239,0.0172239669301407,0.612999517492827,2.20072898377284,4.21291107627283,5.72651258606013,0.00453895004385553,0.190284767046743,0.714164295265059,1.18607235687597,1.58044184998834
"saddle-disk-rep2-n240-r2","geodesic",16,1,0,2281,5.55130363899536e-09,16,16,19,23,30,0.0172239669301407,0.209668402203591,0.67119914279935,1.39074115407523,2.44002370630841,0.00453895004385553,0.0658191183620581,0.220892807131235,0.479403799593189,0.791843118486272
"saddle-disk-rep2-n240-r2","geodesic",239,1,0,28680,2.7552641723716e-08,239,239,239,239,239,0.0172239669301407,0.744905249355454,2.83442251799629,5.73629363626369,8.72431683774321,0.00453895004385553,0.234727732642804,0.89821302429513,1.64758614834595,1.97002609676705
"saddle-disk-rep2-n240-r2","geodesic",32,1,0,4735,2.83936771872106e-08,32,32,38,51.05,57,0.0172239669301407,0.300694354881002,0.982831839839691,2.18739172983124,3.48984358720635,0.00453895004385553,0.093463600001668,0.316161368851422,0.635504194901015,0.964548665057259
"saddle-disk-rep2-n240-r2","geodesic",4,1,0,603,8.88178419700125e-16,4,4,5,7,9,0.0172239669301407,0.10386264907681,0.344739818110274,0.726270901583141,1.30133813830953,0.00453895004385553,0.0323413054497681,0.117942617876342,0.280987184282725,0.404157629214447
"saddle-disk-rep2-n240-r2","geodesic",64,1,0,9980,1.24026837688973e-08,64,64,77,135,163,0.0172239669301407,0.431276741203683,1.48076141394689,3.15078883177813,4.50619503920475,0.00453895004385553,0.135370114386909,0.4798132915677,0.85886866410982,1.12935011762898
"saddle-disk-rep2-n240-r2","geodesic",8,1,0,1147,4.44089209850063e-16,8,8,9,13,15,0.0172239669301407,0.157351811465995,0.470893060521317,1.01281416867362,1.79315471494597,0.00453895004385553,0.0463246663169505,0.155637151216844,0.352280619353925,0.661912370477332
"saddle-disk-rep2-n240-r32","ambient",128,1,0,19147,2.13019557548932e-08,128,128,151,239,239,0.27914784957378,35.7561714961871,233.741061089936,709.813950855073,1090.9879749775,0.0045389500438554,0.188064016994505,0.811202306899609,1.66412633710282,1.97002609676705
"saddle-disk-rep2-n240-r32","ambient",16,1,0,2230,4.44089209850063e-16,16,16,18,24,26,0.27914784957378,10.0411501545246,40.1215354011736,142.79424465585,429.637589936256,0.0045389500438554,0.0740964898931744,0.650331411388852,1.7888329675679,1.96722224318196
"saddle-disk-rep2-n240-r32","ambient",239,1,0,28680,2.8841250276912e-08,239,239,239,239,239,0.27914784957378,44.6675743252939,376.953534883232,1107.05330199458,2026.8590471161,0.0045389500438554,0.234727732642804,0.89821302429513,1.64758614834595,1.97002609676705
"saddle-disk-rep2-n240-r32","ambient",32,1,0,4437,4.44089209850063e-16,32,32,36,46,51,0.27914784957378,15.6245166606852,60.8192877315884,266.080625160619,654.017265720486,0.0045389500438554,0.0984584356620123,0.750048671652244,1.77015560044552,1.96722224318196
"saddle-disk-rep2-n240-r32","ambient",4,3,5,600,8.88178419700125e-16,4,4,5,7.04999999999998,10,0.27914784957378,4.96236990019374,21.5131798124819,60.735540693311,213.655136773606,0.0045389500438554,0.0366244927452925,0.315966337210185,1.7449381531114,1.96493238932018
"saddle-disk-rep2-n240-r32","ambient",64,1,0,9461,2.03689543010199e-08,64,64,79,101.05,110,0.27914784957378,24.9723462128956,112.940444961343,475.20278083416,902.581591048983,0.0045389500438554,0.134934889681958,0.772839816170554,1.72255990507097,1.97002609676705
"saddle-disk-rep2-n240-r32","ambient",8,1,0,1164,8.88178419700125e-16,8,8,9,13,15,0.27914784957378,7.108252633346,29.8398204967011,84.5764434673723,297.167788703519,0.0045389500438554,0.0535659856596941,0.494759358822582,1.79841606694916,1.96722224318196
"saddle-disk-rep2-n240-r32","geodesic",128,1,0,20778,3.83845346618727e-08,128,128,137,239,239,0.279148793513536,45.7014028320268,333.787473755116,853.489336800508,1193.82169246965,0.0045389500438554,0.196125657110385,0.77156426277064,1.48684436058081,1.97002609676705
"saddle-disk-rep2-n240-r32","geodesic",16,1,0,2330,9.80833984864926e-09,16,16,18,25.05,36,0.279148793513536,10.6506215102966,53.8441001950196,281.68571317497,566.825590718105,0.0045389500438554,0.0702816515895336,0.349949941774791,0.92334430817429,1.26190581665996
"saddle-disk-rep2-n240-r32","geodesic",239,1,0,28680,3.29784941577316e-08,239,239,239,239,239,0.279148793513536,60.036402142843,476.511044462187,1208.64231598862,2026.86019927737,0.0045389500438554,0.234727732642804,0.89821302429513,1.64758614834595,1.97002609676705
"saddle-disk-rep2-n240-r32","geodesic",32,1,0,5028,2.09812025531164e-08,32,32,40,56.2499999999999,81,0.279148793513536,17.8590872827842,103.123210664284,483.568942585123,840.234522254712,0.0045389500438554,0.0969584058239761,0.417543958049678,0.943811708646771,1.53859804447903
"saddle-disk-rep2-n240-r32","geodesic",4,5,5,599,8.88178419700125e-16,4,4,5,7,8,0.279148793513536,5.00700633569762,22.207720816188,96.0602043365055,295.957024962425,0.0045389500438554,0.0365572754275022,0.26909334792259,0.710341555734161,0.952877567471124
"saddle-disk-rep2-n240-r32","geodesic",64,1,0,10850,3.58219098828272e-08,64,64,80,170.7,210,0.279148793513536,29.4026191741389,193.040885057699,695.850813816657,1039.54114191935,0.0045389500438554,0.141929125022029,0.565908590129002,1.09853383673294,1.93528562673225
"saddle-disk-rep2-n240-r32","geodesic",8,1,0,1153,8.88178419700125e-16,8,8,9,13.05,18,0.279148793513536,7.45800368263689,32.6972637814347,150.013462688422,429.637931184998,0.0045389500438554,0.0512786785829307,0.307018766654616,0.846898254380547,1.12935011762898
"saddle-disk-rep2-n240-r4","ambient",128,1,0,19279,2.00584420184668e-08,128,128,154,221.05,239,0.0344531008531031,1.60885330784796,5.49767690661138,11.9021510314627,17.6620746829213,0.0045389500438555,0.188621268541614,0.772207618650838,1.6265752447647,1.96722224318196
"saddle-disk-rep2-n240-r4","ambient",16,1,0,2329,4.44089209850063e-16,16,16,18,25,29,0.0344531008531031,0.554766743128623,1.8476662044988,4.70570241190464,8.26369619019747,0.0045389500438555,0.0660003690621357,0.257684721618979,0.627359473644468,1.94187401478506
"saddle-disk-rep2-n240-r4","ambient",239,1,0,28680,0,239,239,239,239,239,0.0344531008531031,1.99839210278699,7.32494589819458,17.9018602952245,32.1666338607042,0.0045389500438555,0.234727732642804,0.89821302429513,1.64758614834595,1.97002609676705
"saddle-disk-rep2-n240-r4","ambient",32,1,0,4905,4.44089209850063e-16,32,32,39.5,58,67,0.0344531008531031,0.774002365172207,2.73191040830437,7.1135965697872,11.2174959031451,0.0045389500438555,0.0947095466147658,0.3665782672993,1.49510513072774,1.96493238932018
"saddle-disk-rep2-n240-r4","ambient",4,2,3,603,4.44089209850063e-16,4,4,5,7,9,0.0344531008531031,0.272635722602496,0.923069380959934,2.18930203442946,4.86282793920979,0.0045389500438555,0.0323413054497681,0.148763543636023,0.384935361272797,0.630698248917077
"saddle-disk-rep2-n240-r4","ambient",64,1,0,10247,4.44089209850063e-16,64,64,83,121,133,0.0344531008531031,1.14974198819456,3.92040242422143,8.76656630173961,14.4352671714598,0.0045389500438555,0.136780654016769,0.571821213546448,1.65639167554111,1.96493238932018
"saddle-disk-rep2-n240-r4","ambient",8,1,0,1178,8.88178419700125e-16,8,8,9,13,16,0.0344531008531031,0.417596378324751,1.29728223797688,2.80223514322721,6.79284005132571,0.0045389500438555,0.0472613270496626,0.190430471254171,0.482454440288251,0.760634090079171
"saddle-disk-rep2-n240-r4","geodesic",128,1,0,20478,3.52645108669947e-08,128,128,148,239,239,0.0344532177240328,1.68395420400806,6.56893947772379,14.6782080561514,19.8952026510367,0.0045389500438555,0.193977322881904,0.743161030751496,1.33315789372375,1.87572094039659
"saddle-disk-rep2-n240-r4","geodesic",16,1,0,2328,9.28150939438765e-09,16,16,18,26,28,0.0344532177240328,0.555876125359009,1.85477327302304,4.73317461821768,9.12877469406527,0.0045389500438555,0.0660001517434048,0.254931830192775,0.609065281556182,0.938468263784337
"saddle-disk-rep2-n240-r4","geodesic",239,1,0,28680,2.25806158216102e-08,239,239,239,239,239,0.0344532177240328,2.04113064078999,8.66929977022264,20.0229603617531,32.1677346187871,0.0045389500438555,0.234727732642804,0.89821302429513,1.64758614834595,1.97002609676705
"saddle-disk-rep2-n240-r4","geodesic",32,1,0,4911,1.37235555697224e-08,32,32,39,58,69,0.0344532177240328,0.779023986320177,2.79145861819675,7.83212789750309,13.3395769195083,0.0045389500438555,0.094812843684788,0.35853596349564,0.771317943148914,1.12935011762898
"saddle-disk-rep2-n240-r4","geodesic",4,2,3,602,8.88178419700125e-16,4,4,5,7,9,0.0344532177240328,0.271468512781327,0.925171971777867,2.20788391036646,4.86310682353075,0.0045389500438555,0.0323306099017803,0.148569705616007,0.385180813923772,0.630698248917077
"saddle-disk-rep2-n240-r4","geodesic",64,1,0,10415,2.19528502043431e-08,64,64,78,158.1,200,0.0344532177240328,1.17080200683346,4.2212891417642,11.347158845642,16.974697829412,0.0045389500438555,0.138044150276374,0.517160347217089,0.936466145563818,1.24013387887563
"saddle-disk-rep2-n240-r4","geodesic",8,1,0,1171,4.44089209850063e-16,8,8,9,13,16,0.0344532177240328,0.416463704422874,1.29973248044526,2.82407513041785,6.79293608936315,0.0045389500438555,0.0472323690033967,0.188868044089754,0.479131133463533,0.760634090079171
"saddle-disk-rep2-n240-r64","ambient",128,1,0,19145,2.91147321807017e-08,128,128,151,239,239,0.579241076312363,107.324844747317,928.693264312429,2835.7068143044,4363.19726765955,0.00453895004385542,0.188037917863716,0.811526366262952,1.66414474655479,1.97002609676705
"saddle-disk-rep2-n240-r64","ambient",16,1,0,2176,4.44089209850063e-16,16,16,17,23,26,0.579241076312363,28.9905676025978,117.755591535301,564.582029665266,1718.34285190622,0.00453895004385542,0.075247734235851,0.740507246699617,1.792933244742,1.96722224318196
"saddle-disk-rep2-n240-r64","ambient",239,1,0,28680,3.33661045459621e-08,239,239,239,239,239,0.579241076312363,141.436710539103,1503.78948509842,4425.95972483275,8105.90961300657,0.00453895004385542,0.234727732642804,0.89821302429513,1.64758614834595,1.97002609676705
"saddle-disk-rep2-n240-r64","ambient",32,1,0,4419,4.66795069264947e-09,32,32,36,46,54,0.579241076312363,44.3496181124672,214.925474086011,1051.31869295166,2607.66330730238,0.00453895004385542,0.0998094517730183,0.773293845089858,1.77461545767449,1.96722224318196
"saddle-disk-rep2-n240-r64","ambient",4,3,3,603,8.88178419700125e-16,4,4,5,7,8,0.579241076312363,13.5778094390528,59.7469615708413,184.967518173362,827.387829243018,0.00453895004385542,0.049289255056372,0.466337619684747,1.79321543511804,1.96493238932018
"saddle-disk-rep2-n240-r64","ambient",64,1,0,9460,3.81994085252302e-08,64,64,78.5,101.05,111,0.579241076312363,70.8984737440248,440.667603629592,1896.29683469566,3607.25195698522,0.00453895004385542,0.135059368777839,0.777252175968817,1.72373816997718,1.97002609676705
"saddle-disk-rep2-n240-r64","ambient",8,1,0,1122,8.88178419700125e-16,8,8,9,12,14,0.579241076312363,18.5071546729535,81.2525491948304,324.365062014521,1182.98802715613,0.00453895004385542,0.0650368931062534,0.659060501861379,1.81042674190967,1.96722224318196
"saddle-disk-rep2-n240-r64","geodesic",128,1,0,20780,4.5082920063777e-08,128,128,137,239,239,0.579242896413801,167.584091321855,1328.31829360954,3408.28182094007,4774.4643171501,0.00453895004385542,0.196139695938017,0.772273986635965,1.48867737186921,1.97002609676705
"saddle-disk-rep2-n240-r64","geodesic",16,1,0,2331,1.17253415865548e-08,16,16,19,25,37,0.579242896413801,32.6966120533344,206.891187513356,1125.47963863548,2266.78274323694,0.00453895004385542,0.0707138396704793,0.359607055076027,0.933582356443481,1.46465973351479
"saddle-disk-rep2-n240-r64","geodesic",239,1,0,28680,5.15319846794426e-08,239,239,239,239,239,0.579242896413801,226.293062560475,1899.85099880446,4829.90096826289,8105.91076766974,0.00453895004385542,0.234727732642804,0.89821302429513,1.64758614834595,1.97002609676705
"saddle-disk-rep2-n240-r64","geodesic",32,1,0,5041,3.06456500176466e-08,32,32,40,56.4499999999998,81,0.579242896413801,53.2742879725729,406.844073645755,1931.27164683098,3360.28904801174,0.00453895004385542,0.0970080138223307,0.420053787864836,0.960403830374778,1.7972709118811
"saddle-disk-rep2-n240-r64","geodesic",4,8,7,599,8.88178419700125e-16,4,4,5,7,8,0.579242896413801,15.2000493639525,67.0511394997964,380.798703297225,1182.99129305701,0.00453895004385542,0.037047139456689,0.299396521751831,0.839057675307275,1.13457663605604
"saddle-disk-rep2-n240-r64","geodesic",64,1,0,10859,3.95360011395951e-08,64,64,80.5,171.5,210,0.579242896413801,97.8917405296406,765.04783508036,2779.31691328552,4138.31156893354,0.00453895004385542,0.141938154453833,0.569196540853755,1.11897402536454,1.93528562673225
"saddle-disk-rep2-n240-r64","geodesic",8,1,0,1136,8.88178419700125e-16,8,8,9,13,16,0.579242896413801,19.9139594257292,109.625889738334,603.557377331512,1718.34319272908,0.00453895004385542,0.0513627478537167,0.321503874421402,0.901133916141959,1.31600034712707
"saddle-disk-rep2-n240-r8","ambient",128,1,0,19193,4.94251128912992e-09,128,128,151.5,236.1,239,0.0689483978168186,4.41676765250308,16.5735847994797,45.121498734545,68.7777003633045,0.00453895004385542,0.188360656469661,0.801289971401222,1.65916029472428,1.97002609676705
"saddle-disk-rep2-n240-r8","ambient",16,1,0,2370,4.44089209850063e-16,16,16,19,28,33,0.0689483978168186,1.44291394757401,5.31168415449005,14.7044370786478,27.4731562049133,0.00453895004385542,0.0672675042540616,0.32242988678584,1.47984739435599,1.96493238932018
"saddle-disk-rep2-n240-r8","ambient",239,1,0,28680,0,239,239,239,239,239,0.0689483978168186,5.60137482324085,24.8484845723271,69.7316728093704,127.15480563528,0.00453895004385542,0.234727732642804,0.89821302429513,1.64758614834595,1.97002609676705
"saddle-disk-rep2-n240-r8","ambient",32,1,0,4838,1.51778156709526e-09,32,32,39,55,63,0.0689483978168186,2.15107784422757,7.52608108421575,19.0576833119954,41.1366140051138,0.00453895004385542,0.0940641386111652,0.521069581811907,1.72733099207474,1.96493238932018
"saddle-disk-rep2-n240-r8","ambient",4,4,4,607,8.88178419700125e-16,4,4,5,7,10,0.0689483978168186,0.740986109337521,2.56194322221569,6.7173612219545,18.7536810398805,0.00453895004385542,0.0323840876417194,0.178342835177236,0.503569244961559,0.760634090079171
"saddle-disk-rep2-n240-r8","ambient",64,1,0,9696,4.44089209850063e-16,64,64,81,101,107,0.0689483978168186,3.04241961541251,10.5583169731063,31.0011036459476,56.9244443119267,0.00453895004385542,0.134285018370759,0.687870246943117,1.69664028437931,1.96722224318196
"saddle-disk-rep2-n240-r8","ambient",8,1,0,1187,8.88178419700125e-16,8,8,10,14,17,0.0689483978168186,1.07080305945342,3.66465013312027,9.54550243691112,22.4016075998957,0.00453895004385542,0.0475853551495523,0.240025326055236,0.646979303831477,1.96493238932018
"saddle-disk-rep2-n240-r8","geodesic",128,1,0,20713,3.32843317352172e-08,128,128,136,239,239,0.0689486353991486,4.78837280360465,22.4824557311477,54.995759813996,76.0420188679189,0.00453895004385542,0.195830912747311,0.763653430851378,1.4447067820868,1.97002609676705
"saddle-disk-rep2-n240-r8","geodesic",16,1,0,2359,8.26956236821275e-09,16,16,19,27,36,0.0689486353991486,1.46948460521413,5.41649570509285,17.7419364791342,35.5885723718888,0.00453895004385542,0.0664937066641877,0.301333134043455,0.758452208155126,1.12935011762898
"saddle-disk-rep2-n240-r8","geodesic",239,1,0,28680,3.66730317225006e-08,239,239,239,239,239,0.0689486353991486,5.851492100273,31.2087694406997,76.681645740592,127.155945197907,0.00453895004385542,0.234727732642804,0.89821302429513,1.64758614834595,1.97002609676705
"saddle-disk-rep2-n240-r8","geodesic",32,1,0,4967,2.46604878739731e-08,32,32,40,57,79,0.0689486353991486,2.20382751968719,8.23299581714179,30.5167789081222,52.716991276742,0.00453895004385542,0.0953403408020885,0.392461235970161,0.872405329768283,1.24013387887563
"saddle-disk-rep2-n240-r8","geodesic",4,4,4,605,8.88178419700125e-16,4,4,5,7,10,0.0689486353991486,0.738459748113,2.56066513227787,6.75891037249558,18.7568854445405,0.00453895004385542,0.0323626965457437,0.177506998253715,0.501339587566008,0.760634090079171
"saddle-disk-rep2-n240-r8","geodesic",64,1,0,10659,1.43061960611313e-08,64,64,78,167.25,206,0.0689486353991486,3.30735514342639,13.4319646369662,44.0785790869693,65.8694483154623,0.00453895004385542,0.139921489661637,0.544364909655205,0.999155288184469,1.62284779194776
"saddle-disk-rep2-n240-r8","geodesic",8,1,0,1186,4.37849756451669e-12,8,8,10,14,17,0.0689486353991486,1.08221271999002,3.68718752612837,9.57638920341342,26.917451630301,0.00453895004385542,0.0475416382274182,0.235636958451539,0.612235620179368,0.952877567471124
"saddle-disk-rep3-n240-r1","ambient",128,1,0,19486,2.22044604925031e-16,128,128,142,239,239,0.0029515798252545,0.236583695124101,0.831344344596403,1.4026102374653,1.68531027354562,0.00212639842550111,0.191350729192,0.680092546536784,1.15860926883336,1.55229447754131
"saddle-disk-rep3-n240-r1","ambient",16,1,0,2261,4.44089209850063e-16,16,16,18,24,28,0.0029515798252545,0.0779637380645523,0.259036115724579,0.461944038995061,0.690198318681888,0.00212639842550111,0.0620124999749375,0.208105998547221,0.394368803520796,0.684812116766186
"saddle-disk-rep3-n240-r1","ambient",239,1,0,28680,0,239,239,239,239,239,0.0029515798252545,0.289020479007842,1.06013971925072,1.8231997008076,2.39685727481795,0.00212639842550111,0.235992675076065,0.874509307332382,1.61226399501735,1.97890232125696
"saddle-disk-rep3-n240-r1","ambient",32,1,0,4585,4.44089209850063e-16,32,32,36.5,48,58,0.0029515798252545,0.112927205368053,0.370962380903778,0.675250247616047,0.891463603746894,0.00212639842550111,0.0921425427425975,0.3005722411255,0.542561295010675,0.767676888299475
"saddle-disk-rep3-n240-r1","ambient",4,1,0,594,8.88178419700125e-16,4,4,5,7,8,0.0029515798252545,0.0431163752382933,0.129334859488817,0.245222932455258,0.357298328922841,0.00212639842550111,0.0329999500796084,0.104241541644623,0.206662541510359,0.330916478433731
"saddle-disk-rep3-n240-r1","ambient",64,1,0,9680,4.44089209850063e-16,64,64,72,117.05,134,0.0029515798252545,0.161920579009072,0.554055776838052,1.03291614035469,1.37654519842085,0.00212639842550111,0.132060805163014,0.453764644482284,0.77304876381233,1.00323631666718
"saddle-disk-rep3-n240-r1","ambient",8,1,0,1128,4.44089209850063e-16,8,8,9,12,14,0.0029515798252545,0.0547257268975662,0.177131093152519,0.3199767556839,0.473575042751762,0.00212639842550111,0.0445372738334761,0.14503582705903,0.280661761712524,0.434423911635243
"saddle-disk-rep3-n240-r1","geodesic",128,1,0,19304,2.53755325640981e-08,128,128,142.5,239,239,0.00295157986802949,0.235872613793587,0.842410899371109,1.47262335815508,1.82862835716801,0.00212639842550111,0.190323858029351,0.676665589954253,1.11884010890535,1.40868091345338
"saddle-disk-rep3-n240-r1","geodesic",16,1,0,2263,4.44089209850063e-16,16,16,18,24,28,0.00295157986802949,0.0779721268798364,0.259303981646868,0.464063637623182,0.695390703757229,0.00212639842550111,0.0620127041667636,0.208110983520814,0.394838153677559,0.684812116766186
"saddle-disk-rep3-n240-r1","geodesic",239,1,0,28680,2.80925616102934e-08,239,239,239,239,239,0.00295157986802949,0.2898458556037,1.09402341900517,2.04897969591912,2.80136042003189,0.00212639842550111,0.235992675076065,0.874509307332382,1.61226399501735,1.97890232125696
"saddle-disk-rep3-n240-r1","geodesic",32,1,0,4581,2.08041577298701e-08,32,32,36.5,48,58,0.00295157986802949,0.11282779087379,0.372340948995604,0.677109681052017,0.89483114977589,0.00212639842550111,0.092088205477268,0.300380863142785,0.541936503392487,0.767676888299475
"saddle-disk-rep3-n240-r1","geodesic",4,1,0,594,4.44089209850063e-16,4,4,5,7,8,0.00295157986802949,0.0431165616865118,0.129440713217924,0.245420542181326,0.357482327283017,0.00212639842550111,0.0329999500796084,0.104241541644623,0.206662541510359,0.330916478433731
"saddle-disk-rep3-n240-r1","geodesic",64,1,0,9645,2.00239049785722e-08,64,64,72,116.05,136,0.00295157986802949,0.161648039505099,0.558087194963293,1.04176880924988,1.40146559358719,0.00212639842550111,0.131866441097044,0.452762064151596,0.769212084269938,1.00323631666718
"saddle-disk-rep3-n240-r1","geodesic",8,1,0,1129,4.44089209850063e-16,8,8,9,12.05,14,0.00295157986802949,0.0547526944557619,0.177274409778118,0.320322501936741,0.474710414042999,0.00212639842550111,0.0445513603177331,0.14515016366345,0.277684849039319,0.434423911635243
"saddle-disk-rep3-n240-r16","ambient",128,1,0,19034,1.25713097709479e-08,128,128,152,239,239,0.0759497764049033,11.51774100082,68.1047579944966,192.548346826703,240.841923723785,0.00212639842550108,0.187996455358043,0.755676304469739,1.64545547230535,1.97890232125696
"saddle-disk-rep3-n240-r16","ambient",16,1,0,2313,8.88178419700125e-16,16,16,18,26.05,35,0.0759497764049033,3.96776199863532,14.5634035142256,32.9668954376188,71.0853147320617,0.00212639842550108,0.0626190414278987,0.447417846750718,1.79950106900635,1.95399524973024
"saddle-disk-rep3-n240-r16","ambient",239,1,0,28680,3.57558556096649e-08,239,239,239,239,239,0.0759497764049033,14.4339605272715,109.321346572507,306.966187838866,474.267736672072,0.00212639842550108,0.235992675076065,0.874509307332382,1.61226399501735,1.97890232125696
"saddle-disk-rep3-n240-r16","ambient",32,1,0,4575,4.44089209850063e-16,32,32,37,50,58,0.0759497764049033,5.43067280517243,21.1571544640535,58.7689025805952,105.911844274666,0.00212639842550108,0.0929773228122625,0.577261698080233,1.79334830418292,1.96316406897873
"saddle-disk-rep3-n240-r16","ambient",4,1,0,599,1.33226762955019e-15,4,4,5,7,11,0.0759497764049033,2.06386913946089,7.66925135488884,17.8002800924154,31.1250037439544,0.00212639842550108,0.0355602637445156,0.230191189498719,0.700402466093554,1.93412523196457
"saddle-disk-rep3-n240-r16","ambient",64,1,0,9543,2.5989394192294e-08,64,64,81,98,103,0.0759497764049033,8.1464524829866,33.3498020433373,116.022889766772,179.760059988529,0.00212639842550108,0.131645486659322,0.646124026584381,1.73957479732849,1.96316406897873
"saddle-disk-rep3-n240-r16","ambient",8,1,0,1176,6.66133814775094e-16,8,8,9,14,19,0.0759497764049033,2.81678463156642,10.5268356882324,26.9020599073418,45.3152495372228,0.00212639842550108,0.0476286148687477,0.298239673892133,1.31818187441472,1.94945003954599
"saddle-disk-rep3-n240-r16","geodesic",128,1,0,20731,3.42257078234098e-08,128,128,135,239,239,0.0759523812284585,13.2645994399441,98.4481143460135,224.619761666059,280.203724692602,0.00212639842550108,0.198465206060402,0.732615645513269,1.40762001053543,1.97890232125696
"saddle-disk-rep3-n240-r16","geodesic",16,1,0,2313,4.41563734188133e-09,16,16,18,25.05,45,0.0759523812284585,4.09834049730417,15.8914884597023,57.6241298212466,117.170573113192,0.00212639842550108,0.0626190414278987,0.294055588880136,0.750943929465187,1.13069262044918
"saddle-disk-rep3-n240-r16","geodesic",239,1,0,28680,4.38219869280942e-08,239,239,239,239,239,0.0759523812284585,16.1591749402901,138.502121782387,332.194365333987,475.71767334153,0.00212639842550108,0.235992675076065,0.874509307332382,1.61226399501735,1.97890232125696
"saddle-disk-rep3-n240-r16","geodesic",32,1,0,5042,1.90006561595624e-08,32,32,40,66.05,86,0.0759523812284585,5.98062831696208,28.1606694872725,115.899029158487,180.887326561601,0.00212639842550108,0.0968862656939271,0.3700372089867,0.825568448684146,1.32896407160166
"saddle-disk-rep3-n240-r16","geodesic",4,3,3,600,4.44089209850063e-16,4,4,5,7,9,0.0759523812284585,2.06404931534668,7.66906834893594,18.0026942133134,32.4053049646085,0.00212639842550108,0.0355917023916611,0.219098006782556,0.605144646044926,0.983623972015403
"saddle-disk-rep3-n240-r16","geodesic",64,1,0,11006,3.41007002635507e-08,64,64,76.5,176.1,215,0.0759523812284585,9.23794702980078,53.784241861863,187.756554262822,244.627347483343,0.00212639842550108,0.142139937468916,0.527477116652069,1.0251755451529,1.97890232125696
"saddle-disk-rep3-n240-r16","geodesic",8,1,0,1154,8.88178419700125e-16,8,8,9,14,19,0.0759523812284585,2.78247575715985,10.8727812108625,28.561542470488,75.2231409592064,0.00212639842550108,0.0452618534561362,0.257682292901187,0.694266243464075,1.11862717441381
"saddle-disk-rep3-n240-r2","ambient",128,1,0,20004,4.44089209850063e-16,128,128,153.5,239,239,0.00669827379872321,0.594203777148218,2.14023328076993,3.74036027381102,4.44024532405237,0.00212639842550108,0.194393660014636,0.7079957220617,1.54404934139564,1.96316406897873
"saddle-disk-rep3-n240-r2","ambient",16,1,0,2302,4.44089209850063e-16,16,16,19,24,26,0.00669827379872321,0.20025421084849,0.652191914555338,1.26554456087757,1.95578975522193,0.00212639842550108,0.0624521713778227,0.21868552552335,0.484254887783579,0.767676888299475
"saddle-disk-rep3-n240-r2","ambient",239,1,0,28680,0,239,239,239,239,239,0.00669827379872321,0.71464634324162,2.75014850404758,5.37191208248951,7.85484877472006,0.00212639842550108,0.235992675076065,0.874509307332382,1.61226399501735,1.97890232125696
"saddle-disk-rep3-n240-r2","ambient",32,1,0,4768,4.44089209850063e-16,32,32,38,54,58,0.00669827379872321,0.28280881284355,0.954036629272561,2.03890361986705,3.06240438866607,0.00212639842550108,0.0942088671785775,0.314642747005245,0.629596371597119,0.926970203548792
"saddle-disk-rep3-n240-r2","ambient",4,1,0,597,8.88178419700125e-16,4,4,5,7,8,0.00669827379872321,0.107814070336827,0.327340889995261,0.668670497448748,1.04957420729407,0.00212639842550108,0.0330141862298854,0.110687455473511,0.265993460554852,0.434423911635243
"saddle-disk-rep3-n240-r2","ambient",64,1,0,10301,4.44089209850063e-16,64,64,76,140.05,162,0.00669827379872321,0.411976572540911,1.43751542896878,3.29420443022618,3.89052891934633,0.00212639842550108,0.13669510382796,0.476412839343447,0.879350623717564,1.93412523196457
"saddle-disk-rep3-n240-r2","ambient",8,1,0,1146,8.88178419700125e-16,8,8,9,12.05,14,0.00669827379872321,0.141723458775874,0.46455641222745,0.876217888630409,1.31483787162342,0.00212639842550108,0.0447698645920989,0.153892525132719,0.355578076011752,0.601282670515213
"saddle-disk-rep3-n240-r2","geodesic",128,1,0,20235,2.52138057099671e-08,128,128,150.5,239,239,0.00669831832498115,0.599560963729223,2.27969601287123,4.39671424694205,5.55092827501164,0.00212639842550108,0.195721317286307,0.701383420177963,1.22459034580323,1.57035476137557
"saddle-disk-rep3-n240-r2","geodesic",16,1,0,2295,1.41458069702338e-08,16,16,18,24,26,0.00669831832498115,0.200269558304369,0.655576147908165,1.28292769325603,1.95583597897864,0.00212639842550108,0.0623205592120346,0.217472241047948,0.482700848874084,0.767676888299475
"saddle-disk-rep3-n240-r2","geodesic",239,1,0,28680,2.73743492318346e-08,239,239,239,239,239,0.00669831832498115,0.720253641652004,2.97859343795706,6.07303199084578,8.68822498566187,0.00212639842550108,0.235992675076065,0.874509307332382,1.61226399501735,1.97890232125696
"saddle-disk-rep3-n240-r2","geodesic",32,1,0,4755,1.79461645544166e-08,32,32,38,53,58,0.00669831832498115,0.282823000155363,0.965286424239797,2.04022093936887,3.0677619897607,0.00212639842550108,0.0939792146795017,0.313553240720428,0.628282979341121,0.926970203548792
"saddle-disk-rep3-n240-r2","geodesic",4,1,0,597,4.44089209850063e-16,4,4,5,7,8,0.00669831832498115,0.107823968840641,0.327341242861116,0.669226644754961,1.05162736620702,0.00212639842550108,0.0330141862298854,0.110687455473511,0.265993460554852,0.434423911635243
"saddle-disk-rep3-n240-r2","geodesic",64,1,0,10204,3.04648009041841e-08,64,64,73.5,140.05,156,0.00669831832498115,0.41036869737758,1.46391121837694,3.33639178239852,4.4698790046936,0.00212639842550108,0.135663373650738,0.471993866262139,0.829420396767525,1.17467697076545
"saddle-disk-rep3-n240-r2","geodesic",8,1,0,1146,4.44089209850063e-16,8,8,9,12.05,14,0.00669831832498115,0.141723694566452,0.464946988914628,0.880505020280385,1.31500798718766,0.00212639842550108,0.0447698645920989,0.153684702494664,0.353646694905967,0.601282670515213
"saddle-disk-rep3-n240-r32","ambient",128,1,0,19026,2.32215748852127e-08,128,128,152,239,239,0.24163593958672,33.4668636012241,267.2642807734,767.697682634069,962.3112537621,0.00212639842550117,0.187940306274238,0.758024171347105,1.64554047772226,1.97890232125696
"saddle-disk-rep3-n240-r32","ambient",16,1,0,2222,7.43302064343254e-09,16,16,18,25,31,0.24163593958672,10.4858216833029,42.9310036352742,107.558474141612,265.801391335186,0.00212639842550117,0.0634570803975296,0.562790175565042,1.81657160057513,1.95399524973024
"saddle-disk-rep3-n240-r32","ambient",239,1,0,28680,1.91076654498801e-08,239,239,239,239,239,0.24163593958672,43.5245130892248,433.257883297434,1226.35608187376,1895.67541156979,0.00212639842550117,0.235992675076065,0.874509307332382,1.61226399501735,1.97890232125696
"saddle-disk-rep3-n240-r32","ambient",32,1,0,4504,8.80671935377109e-09,32,32,37,47,51,0.24163593958672,15.1573813502175,65.0372250341546,225.579118658185,421.39651415169,0.00212639842550117,0.0950407239495736,0.63534107277058,1.79819020145713,1.96316406897873
"saddle-disk-rep3-n240-r32","ambient",4,1,0,618,8.88178419700125e-16,4,4,5,8,12,0.24163593958672,5.84913220380449,22.1572885808782,57.4610914199994,105.043099405711,0.00212639842550117,0.0414237803389074,0.315381834928686,1.57004196507213,1.94945003954599
"saddle-disk-rep3-n240-r32","ambient",64,1,0,9517,3.26760281055272e-08,64,64,81,98.05,104,0.24163593958672,22.4166301162442,122.10645808465,459.597600062696,718.451750324991,0.00212639842550117,0.131829550726202,0.663963361474235,1.74003786539087,1.97890232125696
"saddle-disk-rep3-n240-r32","ambient",8,1,0,1146,8.88178419700125e-16,8,8,9,14,19,0.24163593958672,7.72022952761935,29.9424860798282,67.7338160613694,161.118202904611,0.00212639842550117,0.0519329305839807,0.461136890431861,1.82317006275537,1.94945003954599
"saddle-disk-rep3-n240-r32","geodesic",128,1,0,20733,3.20842832302048e-08,128,128,135,239,239,0.241639661624766,42.3662397581031,389.192751819717,891.699653027108,1114.53170061433,0.00212639842550117,0.198480126682859,0.732786069652233,1.41316505981628,1.97890232125696
"saddle-disk-rep3-n240-r32","geodesic",16,1,0,2320,1.38874519106658e-08,16,16,18,25.1,44,0.241639661624766,11.2749866329179,57.757966261102,229.796601227433,468.288005388718,0.00212639842550117,0.0631237569330478,0.307887341011437,0.788039726196436,1.13140496212837
"saddle-disk-rep3-n240-r32","geodesic",239,1,0,28680,4.9054104778179e-08,239,239,239,239,239,0.241639661624766,54.381638636172,548.930489129517,1326.05355572663,1896.22916329889,0.00212639842550117,0.235992675076065,0.874509307332382,1.61226399501735,1.97890232125696
"saddle-disk-rep3-n240-r32","geodesic",32,1,0,5071,3.31808553966084e-08,32,32,40,66.05,85,0.241639661624766,17.7252952463315,108.43700175886,462.563977553203,722.529363350685,0.00212639842550117,0.0982815448142363,0.377273781687145,0.856510880602189,1.41774906409813
"saddle-disk-rep3-n240-r32","geodesic",4,4,3,598,1.38874519106658e-08,4,4,5,7,10,0.241639661624766,5.6698245820091,22.6818820427521,69.1314609519292,128.134702531549,0.00212639842550117,0.0363595263460464,0.260255644043893,0.69458373500933,1.05814729800866
"saddle-disk-rep3-n240-r32","geodesic",64,1,0,11053,3.22149373843672e-08,64,64,77,181.15,215,0.241639661624766,27.1164888098886,210.961657862295,749.552409482123,968.41904730802,0.00212639842550117,0.142554135998965,0.533898295211904,1.06353152276103,1.97890232125696
"saddle-disk-rep3-n240-r32","geodesic",8,1,0,1149,1.38874519106658e-08,8,8,9,14,22,0.241639661624766,7.95876838149931,33.4896704853257,113.847444087856,300.267812400861,0.00212639842550117,0.0482693143558381,0.276636158571163,0.741082836789677,1.11862717441381
"saddle-disk-rep3-n240-r4","ambient",128,1,0,19251,4.44089209850063e-16,128,128,155,234.05,239,0.0137145608823513,1.52373838952369,5.89830771274212,12.7043860691691,15.7259679089705,0.00212639842550117,0.190064677693927,0.72711578074691,1.62760658973404,1.96316406897873
"saddle-disk-rep3-n240-r4","ambient",16,1,0,2332,4.44089209850063e-16,16,16,18,27,32,0.0137145608823513,0.534370854098034,1.81644280908282,3.83310568172321,7.44525174060362,0.00212639842550117,0.0625253820677828,0.24803550682707,0.60923695446131,0.852378620647745
"saddle-disk-rep3-n240-r4","ambient",239,1,0,28680,0,239,239,239,239,239,0.0137145608823513,1.89194914099767,7.93518689645848,19.7314801361006,30.0745184182642,0.00212639842550117,0.235992675076065,0.874509307332382,1.61226399501735,1.97890232125696
"saddle-disk-rep3-n240-r4","ambient",32,1,0,4937,4.44089209850063e-16,32,32,39,62,79,0.0137145608823513,0.755893588811798,2.63121028908638,6.95547823512766,8.57723688148908,0.00212639842550117,0.0959381744855862,0.346251699877798,1.06655222621592,1.94945003954599
"saddle-disk-rep3-n240-r4","ambient",4,2,1,608,6.66133814775094e-16,4,4,5,7,8,0.0137145608823513,0.270072187396643,0.921873496218211,1.86317968242044,2.43952889606487,0.00212639842550117,0.0334400107298461,0.137162158202653,0.395092263144141,0.601282670515213
"saddle-disk-rep3-n240-r4","ambient",64,1,0,10143,4.44089209850063e-16,64,64,84,114.05,119,0.0137145608823513,1.09025379613875,3.85880167622426,8.69716227038797,12.179409396415,0.00212639842550117,0.135343110630244,0.533698182727291,1.70904487942205,1.96316406897873
"saddle-disk-rep3-n240-r4","ambient",8,1,0,1169,4.44089209850063e-16,8,8,9,13,15,0.0137145608823513,0.401026720367852,1.26096421172382,2.43964402878938,4.89101625785661,0.00212639842550117,0.0451297036583701,0.172310034173619,0.466880026476689,0.744134695853247
"saddle-disk-rep3-n240-r4","geodesic",128,1,0,20632,3.16745354389525e-08,128,128,133,239,239,0.0137148407573264,1.60846253912702,7.12444874604154,15.2278237306996,18.8778359274888,0.00212639842550117,0.197962857232394,0.721671404092578,1.33538461530409,1.97890232125696
"saddle-disk-rep3-n240-r4","geodesic",16,1,0,2322,1.27919145970212e-08,16,16,18,26,32,0.0137148407573264,0.536090750375318,1.83063957253593,3.83386597604386,7.44530338690447,0.00212639842550117,0.062466804930957,0.245791472697505,0.597760923325827,0.852378620647745
"saddle-disk-rep3-n240-r4","geodesic",239,1,0,28680,2.85322663273746e-08,239,239,239,239,239,0.0137148407573264,1.93754899060992,9.66658454153831,21.7136276640379,31.223414103613,0.00212639842550117,0.235992675076065,0.874509307332382,1.61226399501735,1.97890232125696
"saddle-disk-rep3-n240-r4","geodesic",32,1,0,4903,1.27919146386546e-08,32,32,39,61,80,0.0137148407573264,0.757549568829064,2.67272683067437,7.47312710547126,11.6194190876302,0.00212639842550117,0.0956282161580357,0.336522664995694,0.717313803443707,1.14272785447882
"saddle-disk-rep3-n240-r4","geodesic",4,2,1,608,7.90293802621633e-10,4,4,5,7,8,0.0137148407573264,0.270207663637439,0.923086816825768,1.86985892895544,2.44387399257692,0.00212639842550117,0.0334400107298461,0.136373411322774,0.394615064173156,0.601282670515213
"saddle-disk-rep3-n240-r4","geodesic",64,1,0,10587,3.16745354389525e-08,64,64,75,159,192,0.0137148407573264,1.12296967568766,4.28430676648724,12.2502161986022,16.2049943574811,0.00212639842550117,0.139404873408014,0.494168095373787,0.896232501443521,1.41774906409813
"saddle-disk-rep3-n240-r4","geodesic",8,1,0,1166,7.90293802621633e-10,8,8,9,13,15,0.0137148407573264,0.400663616299265,1.26276115164084,2.45113813400363,4.89256632176334,0.00212639842550117,0.0450504137797105,0.171357929613839,0.463213961732628,0.719509288372048
"saddle-disk-rep3-n240-r64","ambient",128,1,0,19022,3.44479325065095e-08,128,128,152,239,239,0.893634690294661,103.6712410867,1064.21135612051,3069.63248416239,3848.18784885476,0.00212639842550108,0.187912231732335,0.758188000797452,1.64561020432618,1.97890232125696
"saddle-disk-rep3-n240-r64","ambient",16,1,0,2183,1.86322590689514e-09,16,16,18,23.05,26,0.893634690294661,29.2053130743156,130.411343244347,407.720434719143,1043.84279783826,0.00212639842550108,0.0651126782299177,0.632694227575506,1.82274835077963,1.95408893223088
"saddle-disk-rep3-n240-r64","ambient",239,1,0,28680,3.55662659323741e-08,239,239,239,239,239,0.893634690294661,141.83727215174,1729.94602716322,4902.58438633252,7581.30546894997,0.00212639842550108,0.235992675076065,0.874509307332382,1.61226399501735,1.97890232125696
"saddle-disk-rep3-n240-r64","ambient",32,1,0,4482,1.45940708962122e-08,32,32,37,46,51,0.893634690294661,40.6755609591574,236.925048943472,893.279621696656,1684.67986096204,0.00212639842550108,0.0957692447292149,0.662757933426565,1.79985139101531,1.96316406897873
"saddle-disk-rep3-n240-r64","ambient",4,4,3,609,1.33226762955019e-15,4,4,5,7,10,0.893634690294661,14.9201547558476,62.2885705517439,152.239513801055,372.070353888062,0.00212639842550108,0.0506468247979784,0.491014058149939,1.81883880390053,1.94945003954599
"saddle-disk-rep3-n240-r64","ambient",64,1,0,9512,4.63249798521304e-08,64,64,81,98.05,104,0.893634690294661,64.2753756495693,476.814869306436,1833.96345675809,2873.21821033624,0.00212639842550108,0.131821473823407,0.666811439466614,1.74005294987613,1.97890232125696
"saddle-disk-rep3-n240-r64","ambient",8,1,0,1133,8.88178419700125e-16,8,8,9,12,20,0.893634690294661,22.023921049225,90.6169725481059,234.519886047603,609.419758242487,0.00212639842550108,0.0551224368876479,0.582075800858016,1.84784871116752,1.94945003954599
"saddle-disk-rep3-n240-r64","geodesic",128,1,0,20737,3.94455059726795e-08,128,128,135,239,239,0.893638878774033,153.599882217307,1548.99684489064,3559.81216487239,4450.80046730545,0.00212639842550108,0.198509967927772,0.732836575146307,1.41315187174402,1.97890232125696
"saddle-disk-rep3-n240-r64","geodesic",16,1,0,2333,2.29784842264991e-08,16,16,18,28.05,42,0.893638878774033,33.1877377711476,226.795045065622,917.685566638382,1872.75752826434,0.00212639842550108,0.0634466186264177,0.314930692554618,0.805549861065646,1.21992980545442
"saddle-disk-rep3-n240-r64","geodesic",239,1,0,28680,4.26653836704816e-08,239,239,239,239,239,0.893638878774033,203.291502582421,2189.55212578402,5300.23867931396,7581.307565151,0.00212639842550108,0.235992675076065,0.874509307332382,1.61226399501735,1.97890232125696
"saddle-disk-rep3-n240-r64","geodesic",32,1,0,5084,3.35496390668766e-08,32,32,40.5,67.1999999999999,86,0.893638878774033,50.2780505620098,427.485527680461,1849.18576402537,2889.09658309475,0.00212639842550108,0.0984625315635628,0.381404448727983,0.87550535967012,1.67131374888918
"saddle-disk-rep3-n240-r64","geodesic",4,6,5,591,3.9666913920211e-09,4,4,5,7,10,0.893638878774033,14.8615478584839,71.6758333125121,272.34830638959,511.041453508327,0.00212639842550108,0.0402652975203772,0.274697810311708,0.752773989677704,1.11862717441381
"saddle-disk-rep3-n240-r64","geodesic",64,1,0,11065,3.44527604223543e-08,64,64,77.5,185,216,0.893638878774033,90.671276144911,840.022787622327,2997.09969472337,3860.91033907095,0.00212639842550108,0.142622900207415,0.53568867985219,1.08141085094282,1.97890232125696
"saddle-disk-rep3-n240-r64","geodesic",8,1,0,1143,1.26239774189685e-08,8,8,9,13.05,20,0.893638878774033,23.557441498926,122.222663615113,452.930670125638,1200.44566950068,0.00212639842550108,0.0505769365666795,0.292028172509299,0.781684069397502,1.21992980545442
"saddle-disk-rep3-n240-r8","ambient",128,1,0,19073,4.44089209850063e-16,128,128,151.5,237.05,239,0.0298379591028617,4.14302223547676,18.3889902821807,48.6730988226541,60.7105199612347,0.00212639842550117,0.18823493217973,0.746938476761498,1.63959279330255,1.97890232125696
"saddle-disk-rep3-n240-r8","ambient",16,1,0,2346,4.44089209850063e-16,16,16,18,28.05,38,0.0298379591028617,1.47236820082508,5.11073566264877,13.4997982489558,20.2642615106711,0.00212639842550117,0.0627117288265113,0.301185421679596,1.14324937208563,1.95399524973024
"saddle-disk-rep3-n240-r8","ambient",239,1,0,28680,0,239,239,239,239,239,0.0298379591028617,5.18362314631165,28.1816938270742,77.1891603076665,118.915178208217,0.00212639842550117,0.235992675076065,0.874509307332382,1.61226399501735,1.97890232125696
"saddle-disk-rep3-n240-r8","ambient",32,1,0,4779,7.5963298984405e-09,32,32,38,59.05,67,0.0298379591028617,2.03923027844386,7.21586661744907,17.5990396554738,28.989964312864,0.00212639842550117,0.0944677284872956,0.47021166105388,1.76335321975706,1.96316406897873
"saddle-disk-rep3-n240-r8","ambient",4,2,3,602,8.88178419700125e-16,4,4,5,7,8,0.0298379591028617,0.775353272838042,2.63858879889179,5.36850756532255,8.45766513343553,0.00212639842550117,0.0330912881873393,0.171168463628853,0.499194709821393,0.719509288372048
"saddle-disk-rep3-n240-r8","ambient",64,1,0,9656,2.79148981707777e-09,64,64,81.5,99,102,0.0298379591028617,2.91063383960104,10.8162558586764,29.9787105445688,45.0868373593781,0.00212639842550117,0.131950120430711,0.607236016030804,1.72937399331328,1.96316406897873
"saddle-disk-rep3-n240-r8","ambient",8,1,0,1167,8.88178419700125e-16,8,8,9,13,18,0.0298379591028617,1.0723867650224,3.63467515975708,7.66341557424495,16.119486211229,0.00212639842550117,0.0450768437392637,0.225236623586409,0.625841686385445,1.93412523196457
"saddle-disk-rep3-n240-r8","geodesic",128,1,0,20712,3.15898152081218e-08,128,128,134,239,239,0.0298391077088411,4.50135324192438,25.5755290971531,57.4716252873468,70.5755385595944,0.00212639842550117,0.19836593548996,0.730874658625221,1.40611651303008,1.97890232125696
"saddle-disk-rep3-n240-r8","geodesic",16,1,0,2326,1.14322982747161e-08,16,16,18,28,40,0.0298391077088411,1.4725316701264,5.25230611287536,14.595214310572,29.3910075882932,0.00212639842550117,0.062595159797998,0.272538480198699,0.682155489232274,1.11862717441381
"saddle-disk-rep3-n240-r8","geodesic",239,1,0,28680,3.43357844379e-08,239,239,239,239,239,0.0298391077088411,5.47129582681006,35.652986631988,83.9761458341779,120.329952041504,0.00212639842550117,0.235992675076065,0.874509307332382,1.61226399501735,1.97890232125696
"saddle-disk-rep3-n240-r8","geodesic",32,1,0,4994,2.77415885818755e-08,32,32,40,62.1,89,0.0298391077088411,2.10072997954285,8.01205068290564,29.2350183596102,45.4758878056849,0.00212639842550117,0.0963477672518286,0.357252230593761,0.784592504845517,1.21606334159095
"saddle-disk-rep3-n240-r8","geodesic",4,2,4,600,8.88178419700125e-16,4,4,5,7,8,0.0298391077088411,0.773871105667538,2.64828963336589,5.37745284813795,8.46274699070935,0.00212639842550117,0.0330284223801625,0.169523034431804,0.494336897956525,0.719509288372048
"saddle-disk-rep3-n240-r8","geodesic",64,1,0,10872,3.68962549401886e-08,64,64,76,163.05,212,0.0298391077088411,3.16045261811008,14.3256700945833,47.4283110176081,62.2500630484741,0.00212639842550117,0.14131702258809,0.51680182562918,0.970002668537097,1.68772634401477
"saddle-disk-rep3-n240-r8","geodesic",8,1,0,1162,1.781293723635e-09,8,8,9,13,19,0.0298391077088411,1.07046649565547,3.6467085351801,7.81097866205119,18.9611641582442,0.00212639842550117,0.0449446939414976,0.221178325536656,0.600922922922109,1.01863615796371
"saddle-surface_area-rep1-n240-r1","ambient",128,1,0,19134,2.22044604925031e-16,128,128,139,239,239,0.0212376967696324,0.254674861630233,0.891998430703695,1.47869164507728,1.70717365943177,0.0160052613882084,0.19532937459843,0.7183438189502,1.24251163753257,1.62131825479651
"saddle-surface_area-rep1-n240-r1","ambient",16,1,0,2189,4.44089209850063e-16,16,16,18,22,29,0.0212376967696324,0.0861898871200686,0.273702589703568,0.45372578700759,0.662862353668243,0.0160052613882084,0.0635592271778675,0.211245827984265,0.386863495884884,0.57896695073836
"saddle-surface_area-rep1-n240-r1","ambient",239,1,0,28680,0,239,239,239,239,239,0.0212376967696324,0.313086941662658,1.14594742080325,1.87904369745699,2.46552121894955,0.0160052613882084,0.24184667400888,0.946571981100937,1.68124004531823,1.99099925726161
"saddle-surface_area-rep1-n240-r1","ambient",32,1,0,4450,4.44089209850063e-16,32,32,36,47,53,0.0212376967696324,0.122304070628306,0.3928673823973,0.654908497667367,0.924330517516467,0.0160052613882084,0.0915397504961251,0.305065906756062,0.535816870147598,0.763085447446101
"saddle-surface_area-rep1-n240-r1","ambient",4,1,0,585,8.88178419700125e-16,4,4,5,7,9,0.0212376967696324,0.0497943174795938,0.144485039923051,0.235408799426194,0.42429159951839,0.0160052613882084,0.0331280442726416,0.109748566707271,0.198990593023622,0.41336410358618
"saddle-surface_area-rep1-n240-r1","ambient",64,1,0,9175,4.44089209850063e-16,64,64,70,110.05,125,0.0212376967696324,0.17564813587059,0.584641439760703,1.01877896000261,1.29851989130711,0.0160052613882084,0.133742374425941,0.458861106896661,0.772392938178898,1.00673541993469
"saddle-surface_area-rep1-n240-r1","ambient",8,1,0,1115,4.44089209850063e-16,8,8,9,12,13,0.0212376967696324,0.0622311364270396,0.192958182777602,0.310352143958182,0.486658487712622,0.0160052613882084,0.044725545895176,0.150707012488374,0.274817993451642,0.42178607273027
"saddle-surface_area-rep1-n240-r1","geodesic",128,1,0,18877,1.99265137723614e-08,128,128,140,239,239,0.0212377162972933,0.253288668463938,0.902112476416119,1.55888432441065,1.86633957965318,0.0160052613882084,0.193135432416283,0.712315889895638,1.17951470733437,1.43478552729587
"saddle-surface_area-rep1-n240-r1","geodesic",16,1,0,2188,4.44089209850063e-16,16,16,18,22,29,0.0212377162972933,0.086171390446707,0.27398070290806,0.455601923414224,0.662863624203305,0.0160052613882084,0.0635569272780338,0.211165642501572,0.385092080781109,0.57896695073836
"saddle-surface_area-rep1-n240-r1","geodesic",239,1,0,28680,2.19755884600659e-08,239,239,239,239,239,0.0212377162972933,0.313724523589699,1.19275811365053,2.1222756298797,2.88202117725982,0.0160052613882084,0.24184667400888,0.946571981100937,1.68124004531823,1.99099925726161
"saddle-surface_area-rep1-n240-r1","geodesic",32,1,0,4446,5.97405147573227e-09,32,32,35.5,47,53,0.0212377162972933,0.122286658372779,0.394226256013934,0.656759203962003,0.924802652388848,0.0160052613882084,0.0915058349942651,0.304944184142899,0.535021868820966,0.763085447446101
"saddle-surface_area-rep1-n240-r1","geodesic",4,1,0,585,4.44089209850063e-16,4,4,5,7,9,0.0212377162972933,0.049794435243465,0.144495257788353,0.23576083104836,0.425321618019698,0.0160052613882084,0.0331280442726416,0.109748566707271,0.198078679324447,0.41336410358618
"saddle-surface_area-rep1-n240-r1","geodesic",64,1,0,9149,1.48790608722749e-08,64,64,69.5,108.05,124,0.0212377162972933,0.175588181995254,0.588763154610625,1.02599719603964,1.30220741846028,0.0160052613882084,0.133467173354752,0.457867373620922,0.768975350075379,0.998942029750062
"saddle-surface_area-rep1-n240-r1","geodesic",8,1,0,1114,4.44089209850063e-16,8,8,9,12,13,0.0212377162972933,0.0622167730142593,0.193000933987688,0.309708079345399,0.486667410690346,0.0160052613882084,0.0447175002140691,0.150635316595498,0.274215492822073,0.42178607273027
"saddle-surface_area-rep1-n240-r16","ambient",128,1,0,18235,2.90874555552989e-08,128,128,138,239,239,0.348603489141223,15.8994139337809,75.3549026002357,191.594445771818,264.702345377204,0.0148191805905155,0.185814318370476,0.886936479505516,1.74167658121374,1.9919850691624
"saddle-surface_area-rep1-n240-r16","ambient",16,1,0,2197,4.44089209850063e-16,16,16,18,22,25,0.348603489141223,5.21159998347964,17.640203650359,34.123123630724,78.6001708557716,0.0148191805905155,0.0629111771243564,0.521585814826546,1.82771842990124,1.9919850691624
"saddle-surface_area-rep1-n240-r16","ambient",239,1,0,28680,1.56502022452543e-08,239,239,239,239,239,0.348603489141223,20.1617591491948,121.461400543273,328.880713085111,498.670264282743,0.0148191805905155,0.237021763713118,1.00411535609428,1.71083222746701,1.9919850691624
"saddle-surface_area-rep1-n240-r16","ambient",32,1,0,4256,4.56035287310641e-09,32,32,35,43,47,0.348603489141223,7.05090691851312,24.8069791252973,56.9489965206561,115.445126878678,0.0148191805905155,0.086564180467965,0.750780757383903,1.83344474202134,1.9919850691624
"saddle-surface_area-rep1-n240-r16","ambient",4,2,2,591,8.88178419700125e-16,4,4,5,7,9,0.348603489141223,2.79960675220206,8.72759069252724,19.1227179249504,38.4667583825099,0.0148191805905155,0.0325481051168425,0.266608228653166,0.682175287261783,1.96848604879925
"saddle-surface_area-rep1-n240-r16","ambient",64,1,0,8849,1.00396800872815e-08,64,64,72.5,94,100,0.348603489141223,10.6232805326026,38.9050203707481,108.331789052728,178.006664573947,0.0148191805905155,0.12690530625779,0.842011941728154,1.79919363633995,1.9919850691624
"saddle-surface_area-rep1-n240-r16","ambient",8,1,0,1124,4.44089209850063e-16,8,8,9,13,17,0.348603489141223,3.75193167840913,12.136053420559,27.1805052919151,52.1277887069981,0.0148191805905155,0.0458061255519682,0.329401175126366,1.12563132323051,1.9919850691624
"saddle-surface_area-rep1-n240-r16","geodesic",128,1,0,20529,3.25092153197204e-08,128,128,128,239,239,0.348604831213561,18.6565879338762,119.847615952099,250.016946208169,315.977262160721,0.0148191805905155,0.198031637807048,0.834574467788192,1.59036032123204,1.97394488889306
"saddle-surface_area-rep1-n240-r16","geodesic",16,1,0,2181,4.54524695658876e-09,16,16,18,22,29,0.348604831213561,5.21684122250894,19.2995973179677,54.5843909020953,115.445134401321,0.0148191805905155,0.0616200997827385,0.334221286703026,0.893769011777173,1.46189949216128
"saddle-surface_area-rep1-n240-r16","geodesic",239,1,0,28680,3.52907394418622e-08,239,239,239,239,239,0.348604831213561,23.6366868012265,161.10189140958,353.889144960543,498.67030733514,0.0148191805905155,0.237021763713118,1.00411535609428,1.71083222746701,1.9919850691624
"saddle-surface_area-rep1-n240-r16","geodesic",32,1,0,4625,1.39479676697363e-08,32,32,36.5,51,71,0.348604831213561,7.52516202590375,34.7572498930025,108.274329335816,183.169218741155,0.0148191805905155,0.0884473527387084,0.377348969031139,0.955616507900958,1.68862665000262
"saddle-surface_area-rep1-n240-r16","geodesic",4,5,4,589,8.88178419700125e-16,4,4,5,7,9,0.348604831213561,2.79849915479853,8.84970013168667,19.3212212766415,57.3802871517056,0.0148191805905155,0.0324570661372052,0.260669264309954,0.652552554383759,0.884312986796191
"saddle-surface_area-rep1-n240-r16","geodesic",64,1,0,10269,3.25092153197204e-08,64,64,71,180,239,0.348604831213561,11.7894666577404,66.7793879527587,188.631944906456,253.996202379724,0.0148191805905155,0.139857686398994,0.539809728305058,1.1843736021121,1.95867527916319
"saddle-surface_area-rep1-n240-r16","geodesic",8,1,0,1120,4.44089209850063e-16,8,8,9,12,15,0.348604831213561,3.73996505915817,12.4843662176893,30.6419710627657,91.2807457838413,0.0148191805905155,0.0456213460483844,0.291724257186414,0.779935127101748,1.19465052202977
"saddle-surface_area-rep1-n240-r2","ambient",128,1,0,19299,4.44089209850063e-16,128,128,149,234.05,239,0.0409027017828149,0.67325348630725,2.39676047544685,3.87395001902818,4.69982793100466,0.0152391350967013,0.193944397268111,0.775708018073103,1.66222818633541,1.99165151369605
"saddle-surface_area-rep1-n240-r2","ambient",16,1,0,2206,4.44089209850063e-16,16,16,18,23,29,0.0409027017828149,0.222207654257545,0.722689802250601,1.21534519734197,1.94486260724111,0.0152391350967013,0.0631564050052105,0.228266472372691,0.482665677814513,0.675940891604984
"saddle-surface_area-rep1-n240-r2","ambient",239,1,0,28680,0,239,239,239,239,239,0.0409027017828149,0.824520507352303,3.01863193551902,5.67245619021642,8.23881574114981,0.0152391350967013,0.239995480157631,0.97984009764945,1.70011903012659,1.99165151369605
"saddle-surface_area-rep1-n240-r2","ambient",32,1,0,4517,4.44089209850063e-16,32,32,36,48.05,57,0.0409027017828149,0.326865654236063,1.05809963280944,1.93112077433961,3.07470467915883,0.0152391350967013,0.0894357181470997,0.320434760783555,0.658752062774264,0.901896551710004
"saddle-surface_area-rep1-n240-r2","ambient",4,1,0,581,6.66133814775094e-16,4,4,5,7,9,0.0409027017828149,0.139678647547062,0.360902970924796,0.620651900468571,1.01653086654039,0.0152391350967013,0.0312987470782373,0.122320023820739,0.263712397594008,0.389152251947825
"saddle-surface_area-rep1-n240-r2","ambient",64,1,0,9583,4.44089209850063e-16,64,64,71,126.15,151,0.0409027017828149,0.475188892330697,1.61717055106264,3.26596979441971,3.92962262336287,0.0152391350967013,0.135001038331824,0.482831803686873,0.936138079523235,1.94463677933282
"saddle-surface_area-rep1-n240-r2","ambient",8,1,0,1125,4.44089209850063e-16,8,8,9,12,16,0.0409027017828149,0.17249569753722,0.519751731056112,0.828435637272587,1.56002775714743,0.0152391350967013,0.0450378600858344,0.165010531176926,0.33908252184194,0.543861124439152
"saddle-surface_area-rep1-n240-r2","geodesic",128,1,0,19911,2.06874788410971e-08,128,128,147,239,239,0.0409028162362938,0.685230906292446,2.61800272142813,4.83190939146252,5.85386786282049,0.0152391350967013,0.197465920354137,0.762585570519478,1.34576071063263,1.68285555059586
"saddle-surface_area-rep1-n240-r2","geodesic",16,1,0,2205,4.44089209850063e-16,16,16,18,23,29,0.0409028162362938,0.222199252890796,0.724980471710028,1.21622193077092,1.95031009446709,0.0152391350967013,0.0631426491913508,0.227673468526337,0.479897673941976,0.731539402358696
"saddle-surface_area-rep1-n240-r2","geodesic",239,1,0,28680,2.44595221854382e-08,239,239,239,239,239,0.0409028162362938,0.827051892160174,3.37746400489571,6.35694125634446,8.97567123254472,0.0152391350967013,0.239995480157631,0.97984009764945,1.70011903012659,1.99165151369605
"saddle-surface_area-rep1-n240-r2","geodesic",32,1,0,4507,6.99873181631006e-09,32,32,35.5,49,57,0.0409028162362938,0.32657410908057,1.06607135142541,1.93439028126148,3.08004980373354,0.0152391350967013,0.0893294615367596,0.319064106870658,0.650792098410874,0.882651996103762
"saddle-surface_area-rep1-n240-r2","geodesic",4,1,0,581,8.88178419700125e-16,4,4,5,7,9,0.0409028162362938,0.139679231913607,0.361031192275026,0.621090545134624,1.01661258990218,0.0152391350967013,0.0312987470782373,0.122320023820739,0.263712397594008,0.389152251947825
"saddle-surface_area-rep1-n240-r2","geodesic",64,1,0,9442,1.29483825883625e-08,64,64,67,130.1,159,0.0409028162362938,0.472828925788367,1.6461503576867,3.30077804001039,4.34278862661501,0.0152391350967013,0.133483122406712,0.476626484493869,0.866496883129943,1.22659117683689
"saddle-surface_area-rep1-n240-r2","geodesic",8,1,0,1124,4.44089209850063e-16,8,8,9,12,16,0.0409028162362938,0.172380502278039,0.521498841574614,0.829129585447789,1.56027835292408,0.0152391350967013,0.0450109392295656,0.164244106360502,0.33848840169609,0.543861124439152
"saddle-surface_area-rep1-n240-r32","ambient",128,1,0,18221,4.98500425383241e-08,128,128,138,239,239,0.897791877709886,46.2362188966254,295.958027309377,763.311180106976,1057.8011782916,0.0148127912860043,0.185600877097257,0.889899403947277,1.74307949572512,1.99199014642314
"saddle-surface_area-rep1-n240-r32","ambient",16,1,0,2139,8.88178419700125e-16,16,16,17,21.05,26,0.897791877709886,14.3737287238551,50.3411424486528,118.931588496286,306.941933244273,0.0148127912860043,0.0660981963007933,0.728859969057304,1.8577817791108,1.99199014642314
"saddle-surface_area-rep1-n240-r32","ambient",239,1,0,28680,3.39388073200553e-08,239,239,239,239,239,0.897791877709886,58.7168265838756,482.24284651014,1313.92056647603,1993.45990510325,0.0148127912860043,0.237041259864982,1.0045323807751,1.71098252606412,1.99199014642314
"saddle-surface_area-rep1-n240-r32","ambient",32,1,0,4231,1.68257479060685e-08,32,32,34,43,47,0.897791877709886,21.3932317865455,75.4421278380454,216.213234122988,461.338260086173,0.0148127912860043,0.087059576856877,0.842867449024773,1.83627951224373,1.99199014642314
"saddle-surface_area-rep1-n240-r32","ambient",4,2,2,596,8.88178419700125e-16,4,4,5,8,10,0.897791877709886,8.09694591397716,25.6825895040215,56.8501829162263,141.809840009002,0.0148127912860043,0.0402355297799287,0.367175924027647,1.56885430983951,1.99199014642314
"saddle-surface_area-rep1-n240-r32","ambient",64,1,0,8846,2.46329108222199e-08,64,64,72,95.05,100,0.897791877709886,31.876253979818,143.797917995546,429.185486121223,704.648760583367,0.0148127912860043,0.126822360074574,0.868249925600126,1.8004234490803,1.99199014642314
"saddle-surface_area-rep1-n240-r32","ambient",8,1,0,1121,4.44089209850063e-16,8,8,9,12,15,0.897791877709886,10.8223672731856,36.6304875181605,70.3516222916145,179.396299260274,0.0148127912860043,0.0568810369105606,0.511314181947378,1.82820113126173,1.99199014642314
"saddle-surface_area-rep1-n240-r32","geodesic",128,1,0,20529,5.07706898744686e-08,128,128,128,239,239,0.897794422143169,65.2639387998321,474.381630766064,994.707467026299,1260.51007217611,0.0148127912860043,0.197963840100494,0.83563675231338,1.59077797248949,1.9739563122103
"saddle-surface_area-rep1-n240-r32","geodesic",16,1,0,2183,3.31158322985914e-08,16,16,17,22.05,29,0.897794422143169,14.5348829740821,69.8998365120121,217.984320940308,461.338267736749,0.0148127912860043,0.0618574889098685,0.340187515950413,0.911286646669949,1.46234659256195
"saddle-surface_area-rep1-n240-r32","geodesic",239,1,0,28680,3.4092725975654e-08,239,239,239,239,239,0.897794422143169,86.2176904389157,639.725374753379,1412.63635140245,1993.45994858951,0.0148127912860043,0.237041259864982,1.0045323807751,1.71098252606412,1.99199014642314
"saddle-surface_area-rep1-n240-r32","geodesic",32,1,0,4655,2.09759378755336e-08,32,32,37,51.15,73,0.897794422143169,23.0865688110956,133.19397719904,431.411426406343,732.115531448179,0.0148127912860043,0.0886500460901532,0.38431187823576,0.993803252128098,1.68888697743578
"saddle-surface_area-rep1-n240-r32","geodesic",4,6,5,593,8.88178419700125e-16,4,4,5,7,11,0.897794422143169,8.06713920562649,26.5613682758896,76.2318886570755,229.144814126634,0.0148127912860043,0.0368249907033127,0.292020929950651,0.780768254889532,1.12852742477591
"saddle-surface_area-rep1-n240-r32","geodesic",64,1,0,10310,3.9377847205202e-08,64,64,71,179,239,0.897794422143169,38.6211684256957,262.466505967389,751.941039849693,1014.57347591812,0.0148127912860043,0.139942597086035,0.547421357914641,1.23660114888169,1.95870235979567
"saddle-surface_area-rep1-n240-r32","geodesic",8,1,0,1116,8.88178419700125e-16,8,8,9,12,15,0.897794422143169,10.800860746451,40.8090768494217,120.42166849092,364.646585486252,0.0148127912860043,0.0475816436137768,0.308077683703496,0.878603875238079,1.22259610120574
"saddle-surface_area-rep1-n240-r4","ambient",128,1,0,18457,2.37217840926007e-08,128,128,141.5,224.15,239,0.0791962592903276,1.85055994233689,6.55180540560465,12.7624801369643,17.1941160181807,0.0149343758726425,0.18844394177196,0.84418338768594,1.73328675526892,1.99189343321855
"saddle-surface_area-rep1-n240-r4","ambient",16,1,0,2225,4.44089209850063e-16,16,16,18,24,29,0.0791962592903276,0.661317241047427,2.0590654021918,3.66006998680065,7.34813086354439,0.0149343758726425,0.0623959063962327,0.275973292732914,0.640863862075952,0.903603240329565
"saddle-surface_area-rep1-n240-r4","ambient",239,1,0,28680,0,239,239,239,239,239,0.0791962592903276,2.36508813768311,8.70306460987377,21.0617505885592,31.5463776605044,0.0149343758726425,0.237480934247493,0.996728837384041,1.7080902829202,1.99189343321855
"saddle-surface_area-rep1-n240-r4","ambient",32,1,0,4577,4.44089209850063e-16,32,32,37,48,62,0.0791962592903276,0.883798704558217,3.05978201377496,6.9396871678261,9.1876432836671,0.0149343758726425,0.0883541268802849,0.361043026496428,0.922419286415599,1.99189343321855
"saddle-surface_area-rep1-n240-r4","ambient",4,1,0,588,8.88178419700125e-16,4,4,5,7,9,0.0791962592903276,0.382087152400983,1.02400127495338,1.77919817561619,3.69765935305542,0.0149343758726425,0.0306099927474485,0.154594563419848,0.35759668187585,0.527161738406876
"saddle-surface_area-rep1-n240-r4","ambient",64,1,0,9505,4.44089209850063e-16,64,64,78,100.05,108,0.0791962592903276,1.33016214066966,4.58888228157125,8.46481976752001,12.1625645993399,0.0149343758726425,0.131980427043433,0.607639611994861,1.7571603553025,1.99189343321855
"saddle-surface_area-rep1-n240-r4","ambient",8,1,0,1129,8.88178419700125e-16,8,8,9,12,16,0.0791962592903276,0.488104730353831,1.42911348429985,2.43761748605346,5.84476225152024,0.0149343758726425,0.0448928325709248,0.199557320785809,0.466725243576567,0.713588647529608
"saddle-surface_area-rep1-n240-r4","geodesic",128,1,0,20464,1.93415212734749e-08,128,128,128,239,239,0.0791965900325766,1.97663408004595,8.49546280298211,16.9189918572123,20.6855957028621,0.0149343758726425,0.198281736843941,0.809507056731741,1.52728459430625,1.95818714191291
"saddle-surface_area-rep1-n240-r4","geodesic",16,1,0,2215,1.23213833025382e-08,16,16,17,23,31,0.0791965900325766,0.660696357613431,2.08143670898163,3.6887104470814,7.34813628853577,0.0149343758726425,0.0621470432126564,0.272523635401146,0.633003971678561,0.873380152319743
"saddle-surface_area-rep1-n240-r4","geodesic",239,1,0,28680,2.49887355252554e-08,239,239,239,239,239,0.0791965900325766,2.39905761857554,11.1623299906945,22.9316486745981,32.3908581538206,0.0149343758726425,0.237480934247493,0.996728837384041,1.7080902829202,1.99189343321855
"saddle-surface_area-rep1-n240-r4","geodesic",32,1,0,4530,3.06582332854077e-08,32,32,36,49,66,0.0791965900325766,0.877576198140563,3.1193975448197,7.01002341928559,11.6195897014737,0.0149343758726425,0.0881575434234553,0.346142085611205,0.811865667399744,1.15260001822246
"saddle-surface_area-rep1-n240-r4","geodesic",4,1,0,587,1.23213833580493e-08,4,4,5,7,9,0.0791965900325766,0.381792798968064,1.01996761087083,1.78242048967736,3.69765946924713,0.0149343758726425,0.0305938100912465,0.152737537476257,0.357508920485604,0.527161738406876
"saddle-surface_area-rep1-n240-r4","geodesic",64,1,0,9843,2.4902101936064e-08,64,64,69,144.1,198,0.0791965900325766,1.36072911316861,5.11018233841937,12.2118753789715,16.1068433088438,0.0149343758726425,0.13513420147934,0.503770633293122,0.984882079035556,1.48634042051492
"saddle-surface_area-rep1-n240-r4","geodesic",8,1,0,1128,1.2321383247027e-08,8,8,9,12,16,0.0791965900325766,0.486194962916795,1.43713188267639,2.44811746747054,5.84495131743114,0.0149343758726425,0.0448759504806387,0.198994712549652,0.460080743956956,0.713588647529608
"saddle-surface_area-rep1-n240-r64","ambient",128,1,0,18215,4.72784715821462e-08,128,128,138,239,239,2.89063171982667,138.083262529601,1177.83014151856,3051.17991011405,4230.19621441932,0.0148111627659661,0.185567799530464,0.890443862506614,1.74385475331649,1.9919914397977
"saddle-surface_area-rep1-n240-r64","ambient",16,1,0,2126,4.44089209850063e-16,16,16,17,21,25,2.89063171982667,41.6234899434665,155.61649886734,451.759852841514,1227.40186650228,0.0148111627659661,0.0720222953402527,0.847555299292492,1.86025906832045,1.9919914397977
"saddle-surface_area-rep1-n240-r64","ambient",239,1,0,28680,3.71999979709159e-08,239,239,239,239,239,2.89063171982667,199.231405510328,1926.03800097462,5253.64577234421,7972.61820617793,0.0148111627659661,0.237036933807392,1.00457390408111,1.71101898228809,1.9919914397977
"saddle-surface_area-rep1-n240-r64","ambient",32,1,0,4218,3.29999547687976e-08,32,32,34,43,47,2.89063171982667,64.3647783029255,277.173343029475,848.446804946834,1844.9077420315,0.0148111627659661,0.0871115806136808,0.863920641210764,1.83797495850277,1.9919914397977
"saddle-surface_area-rep1-n240-r64","ambient",4,3,2,579,1.33226762955019e-15,4,4,5,7,8,2.89063171982667,21.7621470450452,78.1828684113768,157.910012388579,538.720199827251,0.0163634436133584,0.0659063005041534,0.555843743611894,1.83730709368228,1.9919914397977
"saddle-surface_area-rep1-n240-r64","ambient",64,1,0,8838,3.03907623511179e-08,64,64,72,95.05,100,2.89063171982667,92.4671931425652,561.140324492313,1710.83642999213,2811.16859258722,0.0148111627659661,0.126699039284535,0.872147210174589,1.80055504757851,1.9919914397977
"saddle-surface_area-rep1-n240-r64","ambient",8,1,0,1085,1.33226762955019e-15,8,8,9,11,15,2.89063171982667,28.4536216901848,102.681261980918,231.970679023173,685.382448419638,0.0148111627659661,0.0626444076634148,0.750187939374701,1.86491990830266,1.9919914397977
"saddle-surface_area-rep1-n240-r64","geodesic",128,1,0,20529,3.80980571534906e-08,128,128,128,239,239,2.89063447725912,249.525928444894,1890.77672396748,3973.71265883296,5035.52494291306,0.0148111627659661,0.197943431507694,0.835731471768237,1.59346292578515,1.97395922228731
"saddle-surface_area-rep1-n240-r64","geodesic",16,1,0,2185,1.70880103400606e-08,16,16,17,23,27,2.89063447725912,44.2474655616676,267.325737237726,872.016016295255,1844.9077470415,0.0148111627659661,0.0622961392305807,0.344383857942273,0.92384271911985,1.46246089479965
"saddle-surface_area-rep1-n240-r64","geodesic",239,1,0,28680,4.41124381467262e-08,239,239,239,239,239,2.89063447725912,335.481527045549,2554.11436652965,5646.2318768614,7972.61824939649,0.0148111627659661,0.237036933807392,1.00457390408111,1.71101898228809,1.9919914397977
"saddle-surface_area-rep1-n240-r64","geodesic",32,1,0,4669,3.10901913103123e-08,32,32,37,56,73,2.89063447725912,75.3072420544269,525.676609039754,1723.28228854371,2927.89885756912,0.0148111627659661,0.088667946637637,0.38741843788373,1.00604417584587,1.71368458085368
"saddle-surface_area-rep1-n240-r64","geodesic",4,5,5,585,8.3399109840343e-10,4,4,5,7,11,2.89063447725912,21.8691301605812,86.8624303926926,305.202371766122,916.199303077265,0.0148111627659661,0.0373942368713078,0.324368758183711,0.889090950919626,1.29363509434632
"saddle-surface_area-rep1-n240-r64","geodesic",64,1,0,10324,3.80980575975798e-08,64,64,71,167.55,239,2.89063447725912,133.26908495376,1044.80364320875,2999.18745962853,4041.91357078846,0.0148111627659661,0.139971430672368,0.549750361036042,1.26055937378723,1.95870925992279
"saddle-surface_area-rep1-n240-r64","geodesic",8,1,0,1117,1.58639577030328e-08,8,8,9,12,15,2.89063447725912,29.0416873967346,147.812451221118,484.782287808333,1458.10421226525,0.0148111627659661,0.0476789733723531,0.315059183149988,0.904427894101541,1.29363509434632
"saddle-surface_area-rep1-n240-r8","ambient",128,1,0,18274,1.08795061848355e-08,128,128,138.5,236.15,239,0.159952193014574,5.37723566857121,20.2798609929962,48.6117436574793,66.639524264537,0.0148437528893127,0.186393992013036,0.877762291103288,1.74017669080386,1.99196552775265
"saddle-surface_area-rep1-n240-r8","ambient",16,1,0,2208,4.44089209850063e-16,16,16,18,23,30,0.159952193014574,1.83637293049788,5.97641438497414,13.0831211463214,22.9362812615546,0.0148437528893127,0.0619150551752721,0.334570897032243,0.933449901094846,1.99196552775265
"saddle-surface_area-rep1-n240-r8","ambient",239,1,0,28680,0,239,239,239,239,239,0.159952193014574,6.93052536503425,31.1756056181497,82.6582191864355,124.972486065228,0.0148437528893127,0.237439658995352,1.00249432572276,1.71009456993123,1.99196552775265
"saddle-surface_area-rep1-n240-r8","ambient",32,1,0,4474,4.44089209850063e-16,32,32,37,45,49,0.159952193014574,2.57876506796505,8.85349936233169,17.2825092264253,30.4318045238849,0.0148437528893127,0.0875773922616109,0.553850785984329,1.81998279618809,1.99196552775265
"saddle-surface_area-rep1-n240-r8","ambient",4,3,3,597,8.88178419700125e-16,4,4,5,7,9,0.159952193014574,1.02118148678979,2.90039602145701,5.50167529997637,14.4372943169079,0.0148437528893127,0.0305453419930761,0.193157535376567,0.475349665012034,0.707182893041394
"saddle-surface_area-rep1-n240-r8","ambient",64,1,0,8977,4.44089209850063e-16,64,64,74,92,99,0.159952193014574,3.62587096831603,12.7155587625748,28.2871872776948,45.1888548126793,0.0148437528893127,0.127834796710102,0.768036370552854,1.79158417277222,1.99196552775265
"saddle-surface_area-rep1-n240-r8","ambient",8,1,0,1126,4.44089209850063e-16,8,8,9,12,17,0.159952193014574,1.38755392414411,4.05099968056734,8.02477014333625,17.4034664024747,0.0148437528893127,0.0444998464499848,0.260889756167037,0.644642554339993,1.94635309396508
"saddle-surface_area-rep1-n240-r8","geodesic",128,1,0,20516,2.36805559605813e-08,128,128,128,239,239,0.15995290804343,5.9059776328215,30.9492262536192,63.8021154714325,79.7410449624701,0.0148437528893127,0.198144725949752,0.826960920908631,1.5802377088596,1.97390092628943
"saddle-surface_area-rep1-n240-r8","geodesic",16,1,0,2202,1.3744446358821e-08,16,16,18,23,33,0.15995290804343,1.83871993528608,6.13009477742985,13.6971955407352,28.9702606790794,0.0148437528893127,0.0618431775619382,0.310736885304671,0.795047924192972,1.12820167533676
"saddle-surface_area-rep1-n240-r8","geodesic",239,1,0,28680,3.24426796538546e-08,239,239,239,239,239,0.15995290804343,7.26257627634018,41.3013058931043,89.2324309361167,125.023856116879,0.0148437528893127,0.237439658995352,1.00249432572276,1.71009456993123,1.99196552775265
"saddle-surface_area-rep1-n240-r8","geodesic",32,1,0,4558,2.65400819099426e-08,32,32,36,49,68,0.15995290804343,2.59053696003313,9.82002489307873,27.2805131046898,45.9315676818372,0.0148437528893127,0.0881166307982275,0.366590705754173,0.90130699554668,1.34357685329126
"saddle-surface_area-rep1-n240-r8","geodesic",4,2,2,595,3.68530983507753e-10,4,4,5,7,9,0.15995290804343,1.02118406766428,2.89943971012919,5.52324999187278,14.4372943484124,0.0148437528893127,0.0305085404738522,0.188907431486299,0.473908626704547,0.707182893041394
"saddle-surface_area-rep1-n240-r8","geodesic",64,1,0,10168,3.0205042911291e-08,64,64,70,165.05,221,0.15995290804343,3.89667383569125,17.7432281513216,47.501760023007,63.6564599701828,0.0148437528893127,0.138450887490297,0.527990221073062,1.11586268621571,1.8257616960935
"saddle-surface_area-rep1-n240-r8","geodesic",8,1,0,1125,9.99321403405418e-10,8,8,9,12,15,0.15995290804343,1.38769329574169,4.08313292980707,8.08947983700538,22.9364659592513,0.0148437528893127,0.0444674789425209,0.253989492082096,0.621426729233817,0.90126059193366
"saddle-surface_area-rep1-n480-r64","ambient",128,1,0,35031,4.34103384350237e-08,128,128,141,187,197,2.67452420691296,92.3816489875628,561.829507199602,1715.64290325654,2644.32907454804,0.00647454086054923,0.123613468467561,0.879432923546117,1.79770333492504,1.99779959824845
"saddle-surface_area-rep1-n480-r64","ambient",16,1,0,4231,8.88178419700125e-16,16,16,17,21,26,2.67452420691296,28.2947241268316,101.627615325515,227.084356655448,685.382448419639,0.00647454086054923,0.0564709391746135,0.752484834435306,1.8526066832822,1.99779959824845
"saddle-surface_area-rep1-n480-r64","ambient",479,1,0,114960,5.45422933484474e-08,479,479,479,479,479,2.67452420691296,199.012188657506,1948.21415111117,5314.07121139993,8054.00278147432,0.00647454086054923,0.2323634112542,1.01839745830878,1.70937602657704,1.99779959824845
"saddle-surface_area-rep1-n480-r64","ambient",64,1,0,16744,2.2018254997036e-08,64,64,68,85,105,2.67452420691296,62.2811810501386,277.562760058892,858.514875948033,1714.6393285719,0.00647454086054923,0.0851556180391741,0.876469869803155,1.83590142854378,1.99779959824845
"saddle-surface_area-rep1-n480-r64","ambient",8,2,1,2241,8.88178419700125e-16,8,8,9,12,16,2.67452420691296,19.9070265720512,73.6127003644536,138.976265091706,505.423899755193,0.00647454086054923,0.0519429235943265,0.563699066368525,1.82612138256231,1.99779959824845
"saddle-surface_area-rep1-n480-r64","geodesic",128,1,0,40729,6.30053222927529e-08,128,128,141,312.2,479,2.6745267804914,134.596022515737,1057.90836783496,3000.86261802603,4215.77631214217,0.00647454086054923,0.133912595355615,0.543006633701797,1.28899056830306,1.98020299377519
"saddle-surface_area-rep1-n480-r64","geodesic",16,1,0,4277,1.44572249449748e-08,16,16,17,23,28,2.6745267804914,28.810688942763,140.776736682701,426.011229531515,1136.91740773043,0.00647454086054923,0.043671481995246,0.31242658457526,0.904436958439137,1.36527101482844
"saddle-surface_area-rep1-n480-r64","geodesic",479,1,0,114960,5.04419712665793e-08,479,479,479,479,479,2.6745267804914,345.152054329571,2604.26004904647,5685.87235953701,8085.20011607154,0.00647454086054923,0.2323634112542,1.01839745830878,1.70937602657704,1.99779959824845
"saddle-surface_area-rep1-n480-r64","geodesic",64,1,0,18561,4.31559863400821e-08,64,64,74,106.15,133,2.6745267804914,72.6016097765631,528.631862118245,1712.05925466862,2787.76152534302,0.00647454086054923,0.0872094304561896,0.3843130889215,1.03793295319749,1.9666672768106
"saddle-surface_area-rep1-n480-r64","geodesic",8,1,0,2226,5.93880389310186e-09,8,8,9,12,19,2.6745267804914,19.8025769084603,82.7511768335465,232.487789585193,773.055032358631,0.00647454086054923,0.0358128067797975,0.30977312006645,0.88417087250118,1.29363509434632
"saddle-surface_area-rep2-n240-r1","ambient",128,1,0,18813,2.22044604925031e-16,128,128,139,239,239,0.00870416842768937,0.248195604597771,0.88931616300665,1.42718261222542,1.73243043891863,0.00408138337943574,0.187719009051278,0.731081670077326,1.20448276857336,1.60299910512759
"saddle-surface_area-rep2-n240-r1","ambient",16,1,0,2208,4.44089209850063e-16,16,16,18,22.05,27,0.00870416842768937,0.0849364366635733,0.267836128224117,0.477420467543335,0.639849432417903,0.00408138337943574,0.0613060280992006,0.207342866697987,0.380206725357952,0.61150016763514
"saddle-surface_area-rep2-n240-r1","ambient",239,1,0,28680,0,239,239,239,239,239,0.00870416842768937,0.31002120127101,1.13265750938194,1.86513690801015,2.44399416032404,0.00408138337943574,0.235190540069014,0.960365329665663,1.70319820271774,1.97562752736063
"saddle-surface_area-rep2-n240-r1","ambient",32,1,0,4403,4.44089209850063e-16,32,32,36,45,50,0.00870416842768937,0.118124225463202,0.394526377485191,0.685600313302814,0.979549734467462,0.00408138337943574,0.0880939160038335,0.298215042457541,0.536039174168191,0.799490539213517
"saddle-surface_area-rep2-n240-r1","ambient",4,1,0,598,4.44089209850063e-16,4,4,5,7,9,0.00870416842768937,0.0427870462292454,0.142664553439177,0.261664466785233,0.378070788810914,0.00408138337943574,0.0318351948685054,0.111403502759419,0.226930165054869,0.368457560874228
"saddle-surface_area-rep2-n240-r1","ambient",64,1,0,9150,2.22044604925031e-16,64,64,71,109.05,127,0.00870416842768937,0.170539992021942,0.590687276319716,1.00750897333562,1.33502308652385,0.00408138337943574,0.128744686266096,0.461382913287988,0.791505945988297,1.05980564133019
"saddle-surface_area-rep2-n240-r1","ambient",8,1,0,1124,4.44089209850063e-16,8,8,9,12,15,0.00870416842768937,0.0605022770476431,0.190943778195105,0.342262852908926,0.507148322380491,0.00408138337943574,0.0463924603807156,0.147928910051427,0.27368798220819,0.494536132744918
"saddle-surface_area-rep2-n240-r1","geodesic",128,1,0,18541,1.98884411162226e-08,128,128,137,239,239,0.00870419203358925,0.246251266195491,0.902149806083266,1.4935710489837,1.9048828970472,0.00408138337943574,0.185998804490719,0.724470864403138,1.15689361557246,1.47681798825749
"saddle-surface_area-rep2-n240-r1","geodesic",16,1,0,2210,5.64964741656127e-13,16,16,18,22.05,27,0.00870419203358925,0.0850108138735189,0.268259574401658,0.478470898808639,0.640473444339868,0.00408138337943574,0.0613221811659616,0.207619590757106,0.379168609968901,0.61150016763514
"saddle-surface_area-rep2-n240-r1","geodesic",239,1,0,28680,2.28681407143938e-08,239,239,239,239,239,0.00870419203358925,0.31053617230329,1.17633097214305,2.09201835397621,2.83725154712895,0.00408138337943574,0.235190540069014,0.960365329665663,1.70319820271774,1.97562752736063
"saddle-surface_area-rep2-n240-r1","geodesic",32,1,0,4400,9.12401487696002e-10,32,32,36,45,50,0.00870419203358925,0.118210983878622,0.395767210796702,0.687454334311578,0.980583721462667,0.00408138337943574,0.0880747865533855,0.297963846637072,0.528804678777374,0.799490539213517
"saddle-surface_area-rep2-n240-r1","geodesic",4,1,0,598,4.44089209850063e-16,4,4,5,7,9,0.00870419203358925,0.0427887396952986,0.142849633921919,0.26221092280841,0.379174248142907,0.00408138337943574,0.0318351948685054,0.111403502759419,0.225348613713793,0.368457560874228
"saddle-surface_area-rep2-n240-r1","geodesic",64,1,0,9124,1.67565341602227e-08,64,64,70,109,130,0.00870419203358925,0.17043431141353,0.594437075577456,1.01447044074835,1.35127036373835,0.00408138337943574,0.128576252774675,0.460575818002182,0.787997042435261,1.05980564133019
"saddle-surface_area-rep2-n240-r1","geodesic",8,1,0,1124,5.65103519534205e-13,8,8,9,12,15,0.00870419203358925,0.0605037430101644,0.191048933988575,0.342342740256531,0.507975355207318,0.00408138337943574,0.0463924603807156,0.147928910051427,0.271511403296887,0.484379697102478
"saddle-surface_area-rep2-n240-r16","ambient",128,1,0,18551,9.54776102624066e-09,128,128,143.5,239,239,0.382090420082491,15.8601832351324,70.5425427253562,182.918956120561,281.903200325707,0.00391965546401778,0.182719961007625,0.93309398874073,1.75587885993118,1.97800505164436
"saddle-surface_area-rep2-n240-r16","ambient",16,1,0,2263,8.88178419700125e-16,16,16,18,24,28,0.382090420082491,5.13405884482862,17.624458272629,36.161034611183,86.8578952022769,0.00391965546401778,0.0651325859126646,0.580813904273943,1.80580744370674,1.97625298611595
"saddle-surface_area-rep2-n240-r16","ambient",239,1,0,28680,2.95035542663413e-08,239,239,239,239,239,0.382090420082491,19.5506120016301,111.726171396923,309.339475603912,508.363037092212,0.00391965546401778,0.229014838075698,1.01382873975704,1.72932207100698,1.97800505164436
"saddle-surface_area-rep2-n240-r16","ambient",32,1,0,4359,1.34937875317931e-08,32,32,36,44,56,0.382090420082491,7.01165652968025,23.8765973629288,60.4113400285929,149.192671239871,0.00391965546401778,0.0880112575700799,0.807442278356432,1.81540342482079,1.97800505164436
"saddle-surface_area-rep2-n240-r16","ambient",4,1,0,589,1.33226762955019e-15,4,4,5,7,9,0.382090420082491,2.14098146420321,8.84404828166621,20.5154344286761,50.2740172853405,0.00391965546401778,0.0323983322514799,0.252502466180914,0.748420342587894,1.95585353693331
"saddle-surface_area-rep2-n240-r16","ambient",64,1,0,9009,3.49173956415427e-09,64,64,72,97,106,0.382090420082491,10.4983898382799,36.5506824873876,112.911759732391,208.410004183522,0.00391965546401778,0.125538237445244,0.895580082226144,1.79384540015326,1.97800505164436
"saddle-surface_area-rep2-n240-r16","ambient",8,1,0,1153,8.88178419700125e-16,8,8,9,13,16,0.382090420082491,3.35126583550639,12.1571621025352,28.7961659532676,70.9820537413651,0.00391965546401778,0.0451403510051683,0.342279524410071,1.39534298727342,1.9741449363958
"saddle-surface_area-rep2-n240-r16","geodesic",128,1,0,20542,3.73209863013813e-08,128,128,131,239,239,0.382090623864853,18.1040240088572,107.144462224928,235.573011971431,318.178859906115,0.00391965546401778,0.192178383849219,0.859612843510308,1.63458463668156,1.977788192053
"saddle-surface_area-rep2-n240-r16","geodesic",16,1,0,2230,1.46614560492253e-08,16,16,18,25,34,0.382090623864853,5.14666532075281,19.0486858653779,60.8993270460159,119.211476727692,0.00391965546401778,0.0599319774062075,0.370145591614051,0.963613315437349,1.28851874257045
"saddle-surface_area-rep2-n240-r16","geodesic",239,1,0,28680,3.38657213383442e-08,239,239,239,239,239,0.382090623864853,22.3933102589544,146.390114488248,335.520102365465,508.364134524552,0.00391965546401778,0.229014838075698,1.01382873975704,1.72932207100698,1.97800505164436
"saddle-surface_area-rep2-n240-r16","geodesic",32,1,0,4744,1.27240714631327e-08,32,32,38,54,71,0.382090623864853,7.62672505756708,32.4324559458702,111.225128537075,200.194279799888,0.00391965546401778,0.0901377120878674,0.429550982248323,1.02600854734864,1.70359491505914
"saddle-surface_area-rep2-n240-r16","geodesic",4,2,3,589,8.88178419700125e-16,4,4,5,7,9,0.382090623864853,2.14110999568754,8.8824822195541,20.5305656821251,65.9747248397775,0.00391965546401778,0.0313077040442076,0.241026261525409,0.655600205937135,0.973728176475066
"saddle-surface_area-rep2-n240-r16","geodesic",64,1,0,10361,3.24159961095916e-08,64,64,73,164.15,205,0.382090623864853,11.6365580283918,60.9270423554471,180.530292340305,264.247107945092,0.00391965546401778,0.134325517293226,0.593366493621748,1.24373388665374,1.9684295532542
"saddle-surface_area-rep2-n240-r16","geodesic",8,1,0,1140,4.44089209850063e-16,8,8,9,13,17,0.382090623864853,3.32450497527674,12.5469498067012,32.3498937330204,86.2209295276505,0.00391965546401778,0.0445644682050645,0.295329780981469,0.812512580697921,1.14701299973063
"saddle-surface_area-rep2-n240-r2","ambient",128,1,0,19285,4.44089209850063e-16,128,128,150,236.05,239,0.0189537187459468,0.662526168575372,2.34028071109815,3.79129330876657,4.99582708501236,0.00397303383771858,0.188535235782952,0.791454893953934,1.6239154492351,1.9751555913526
"saddle-surface_area-rep2-n240-r2","ambient",16,1,0,2201,4.44089209850063e-16,16,16,18,22.05,28,0.0189537187459468,0.216502140180225,0.713414262484079,1.28547358594958,2.08957794338685,0.00397303383771858,0.0605137906904042,0.218796682444454,0.470138019693495,0.76322898821091
"saddle-surface_area-rep2-n240-r2","ambient",239,1,0,28680,0,239,239,239,239,239,0.0189537187459468,0.827469322329904,2.93864887738109,5.39077932076997,8.42695907234456,0.00397303383771858,0.232109499090742,0.989259802012118,1.72023552914273,1.97705626576053
"saddle-surface_area-rep2-n240-r2","ambient",32,1,0,4530,4.44089209850063e-16,32,32,36,49.05,57,0.0189537187459468,0.324022996160611,1.07476342676235,2.06175286745156,3.3440735233701,0.00397303383771858,0.0880096136293861,0.32098259816046,0.672691863523905,0.940871431399807
"saddle-surface_area-rep2-n240-r2","ambient",4,1,0,601,8.88178419700125e-16,4,4,5,7,10,0.0189537187459468,0.112074917123015,0.379212470354273,0.650272146002413,1.17119959495207,0.00397303383771858,0.0307105200676781,0.125097454629707,0.264379585708945,0.368366738880357
"saddle-surface_area-rep2-n240-r2","ambient",64,1,0,9661,4.44089209850063e-16,64,64,74,123.2,163,0.0189537187459468,0.462935932035259,1.62639808729658,3.19656229135452,4.0844871463812,0.00397303383771858,0.131124050649761,0.499728376539932,0.963157237438692,1.95451234453883
"saddle-surface_area-rep2-n240-r2","ambient",8,1,0,1129,4.44089209850063e-16,8,8,9,12,17,0.0189537187459468,0.157610673204519,0.504043610390601,0.936947209815338,1.48345763495915,0.00397303383771858,0.0449192910898037,0.158553554927152,0.347802606386985,0.612419242829907
"saddle-surface_area-rep2-n240-r2","geodesic",128,1,0,19564,1.65423823528243e-08,128,128,148,239,239,0.018953772645431,0.670259318811573,2.52179999160037,4.62882848019503,5.99334918669499,0.00397303383771858,0.189806153723871,0.770862911571868,1.30926313109902,1.706127251314
"saddle-surface_area-rep2-n240-r2","geodesic",16,1,0,2198,2.1539363626033e-08,16,16,18,23,28,0.018953772645431,0.216925948355762,0.717470688245244,1.28627148968683,2.09057165444553,0.00397303383771858,0.0604660205726017,0.217943706124934,0.466945729387603,0.76322898821091
"saddle-surface_area-rep2-n240-r2","geodesic",239,1,0,28680,2.40685489316661e-08,239,239,239,239,239,0.018953772645431,0.831317012376246,3.24394737994699,6.13316387102662,8.7903791981934,0.00397303383771858,0.232109499090742,0.989259802012118,1.72023552914273,1.97705626576053
"saddle-surface_area-rep2-n240-r2","geodesic",32,1,0,4503,1.91139819527564e-08,32,32,36,49,57,0.018953772645431,0.322342903636224,1.08059340509743,2.07712767022866,3.34574250541712,0.00397303383771858,0.0877170515127295,0.319737557930633,0.665465233699699,0.940871431399807
"saddle-surface_area-rep2-n240-r2","geodesic",4,1,0,601,8.88178419700125e-16,4,4,5,7,10,0.018953772645431,0.112077748634387,0.379444138927425,0.650272308136373,1.17157894680235,0.00397303383771858,0.0307105200676781,0.125097454629707,0.264379585708945,0.368366738880357
"saddle-surface_area-rep2-n240-r2","geodesic",64,1,0,9538,1.72450271840319e-08,64,64,72.5,124,173,0.018953772645431,0.461007575620317,1.65636981279503,3.22661055873948,4.54758350162736,0.00397303383771858,0.13024250720555,0.491279401736206,0.908255899126656,1.13691582421572
"saddle-surface_area-rep2-n240-r2","geodesic",8,1,0,1129,4.44089209850063e-16,8,8,9,12,17,0.018953772645431,0.15761598369101,0.505469656049048,0.943247985625587,1.48345885533163,0.00397303383771858,0.0449192910898037,0.158553554927152,0.347802606386985,0.612419242829907
"saddle-surface_area-rep2-n240-r32","ambient",128,1,0,18543,2.27267262786768e-08,128,128,143,239,239,1.20213971790643,44.0950049813764,275.879262233658,729.388708060548,1126.8329201214,0.00391885322799917,0.182644135279147,0.935607376156809,1.75660136778998,1.97802052495812
"saddle-surface_area-rep2-n240-r32","ambient",16,1,0,2182,4.44089209850063e-16,16,16,18,22,27,1.20213971790643,13.8360299439147,48.1953063428574,125.955450383494,344.412324905687,0.00391885322799917,0.0718254375926588,0.802699007357708,1.8428046368273,1.97626970246844
"saddle-surface_area-rep2-n240-r32","ambient",239,1,0,28680,2.95147954965103e-08,239,239,239,239,239,1.20213971790643,55.7744449168011,442.955473131368,1236.01709464613,2031.93349363779,0.00391885322799917,0.229185339673543,1.01446482036171,1.72949120655728,1.97802052495812
"saddle-surface_area-rep2-n240-r32","ambient",32,1,0,4297,3.83846976426128e-08,32,32,35,43.05,56,1.20213971790643,20.3327131815746,70.5082079058879,228.664736069027,589.301396621857,0.00391885322799917,0.0928662783891538,0.920668649982507,1.82840712336682,1.97802052495812
"saddle-surface_area-rep2-n240-r32","ambient",4,3,4,595,8.88178419700125e-16,4,4,5,7,9,1.20213971790643,6.62777629818233,26.0274503093392,61.7737363124097,187.477316479216,0.00391885322799917,0.0349522433746488,0.356911283399216,1.56452293072518,1.97415815885728
"saddle-surface_area-rep2-n240-r32","ambient",64,1,0,9002,9.67932312079256e-09,64,64,72,97,107,1.20213971790643,31.5511107523534,133.455581838219,446.371726762255,832.886415201603,0.00391885322799917,0.126185529610682,0.923571023419661,1.7976123528341,1.97802052495812
"saddle-surface_area-rep2-n240-r32","ambient",8,1,0,1149,8.88178419700125e-16,8,8,9,13,15,1.20213971790643,9.70406730025105,35.7301201125532,75.5425276791589,263.522539873782,0.00391885322799917,0.0498257219934975,0.561880372661225,1.82571511799647,1.97415815885728
"saddle-surface_area-rep2-n240-r32","geodesic",128,1,0,20552,4.48282451159798e-08,128,128,131,239,239,1.20214138471697,60.1045243837174,423.480471693632,936.191231024676,1270.64002157515,0.00391885322799917,0.19232444992939,0.861338110449916,1.6351564664692,1.97779934248704
"saddle-surface_area-rep2-n240-r32","geodesic",16,1,0,2222,1.41388186991609e-08,16,16,18,24,36,1.20214138471697,14.4670800580916,64.519991679928,243.241393465251,476.0443538576,0.00391885322799917,0.0627541689123995,0.38782288573825,1.01587530369452,1.67252617296099
"saddle-surface_area-rep2-n240-r32","geodesic",239,1,0,28680,2.97063613707849e-08,239,239,239,239,239,1.20214138471697,78.4432829332301,581.628697276944,1339.93560344725,2031.93459341356,0.00391885322799917,0.229185339673543,1.01446482036171,1.72949120655728,1.97802052495812
"saddle-surface_area-rep2-n240-r32","geodesic",32,1,0,4790,3.05996183946888e-08,32,32,38,55.05,71,1.20214138471697,22.576162594771,123.194275252742,443.630212720189,800.079027271704,0.00391885322799917,0.0909979445396396,0.438515442270264,1.0711915176443,1.91317115934916
"saddle-surface_area-rep2-n240-r32","geodesic",4,4,3,590,8.88178419700125e-16,4,4,5,7,8,1.20214138471697,6.62049623204631,26.9612522713111,79.0567347048229,263.427302545569,0.00391885322799917,0.0313046738750769,0.295920444265227,0.798275074479137,1.1387951101734
"saddle-surface_area-rep2-n240-r32","geodesic",64,1,0,10408,3.11113534934293e-08,64,64,73.5,165.1,207,1.20214138471697,36.8542218540313,238.473323168343,718.76184713481,1050.86036353667,0.00391885322799917,0.134620812328008,0.601935351727389,1.30974974646105,1.96845041890102
"saddle-surface_area-rep2-n240-r32","geodesic",8,1,0,1114,9.60962698304257e-10,8,8,9,12,17,1.20214138471697,9.59252355066277,38.5322218494014,129.728273574964,344.412324913888,0.00391885322799917,0.0450266461086624,0.328697276897331,0.960238680874759,1.29825271406457
"saddle-surface_area-rep2-n240-r4","ambient",128,1,0,18694,4.44089209850063e-16,128,128,147,218,239,0.0495921986542285,1.84545245120131,6.34588955937259,12.2970919922619,18.2415586249483,0.00393417822967536,0.18432467274975,0.872215030838951,1.72971473711994,1.97772586935589
"saddle-surface_area-rep2-n240-r4","ambient",16,1,0,2237,4.44089209850063e-16,16,16,18,24,27,0.0495921986542285,0.597933016991854,2.07067110433013,4.14823622526203,7.56001087816764,0.00393417822967536,0.0599955350609705,0.255263025167585,0.635936344818115,1.86219907165906
"saddle-surface_area-rep2-n240-r4","ambient",239,1,0,28680,9.49082101797671e-09,239,239,239,239,239,0.0495921986542285,2.36430201997299,8.26015120231633,19.8265326231605,32.2437872260482,0.00393417822967536,0.229816150331856,1.00581380408181,1.72706429447207,1.97772586935589
"saddle-surface_area-rep2-n240-r4","ambient",32,1,0,4652,4.44089209850063e-16,32,32,37.5,52.05,65,0.0495921986542285,0.89393060501933,3.09674680889853,6.9688764221203,10.1756477243677,0.00393417822967536,0.088459803471036,0.386464486766391,1.0158327396463,1.97390636774357
"saddle-surface_area-rep2-n240-r4","ambient",4,1,0,610,8.88178419700125e-16,4,4,5,7,9,0.0495921986542285,0.315814175421963,1.05365529039809,1.93334500019604,4.26587809814566,0.00393417822967536,0.0306006334106718,0.153080688165466,0.356671577405111,0.541837264507291
"saddle-surface_area-rep2-n240-r4","ambient",64,1,0,9612,4.44089209850063e-16,64,64,78,105.05,115,0.0495921986542285,1.29244643365734,4.51408528302707,8.58732784785368,13.6872961591095,0.00393417822967536,0.129792556377307,0.640551476541247,1.73780424059786,1.97595137573101
"saddle-surface_area-rep2-n240-r4","ambient",8,1,0,1142,4.44089209850063e-16,8,8,9,12.05,16,0.0495921986542285,0.435146279126595,1.4137926084658,2.61326613397698,5.52868307936029,0.00393417822967536,0.044318431339848,0.199299291085434,0.481934146013299,0.763424850520088
"saddle-surface_area-rep2-n240-r4","geodesic",128,1,0,20367,1.95581353334973e-08,128,128,134,239,239,0.0495922861159095,1.97232253072298,7.91180567410265,16.0977470892244,20.7863099713149,0.00393417822967536,0.192890284888429,0.826850182616605,1.55446625755733,1.96805335197626
"saddle-surface_area-rep2-n240-r4","geodesic",16,1,0,2233,1.83225645766782e-08,16,16,18,24,28,0.0495922861159095,0.59729022712894,2.09466452280401,4.16022270309427,7.68599435662059,0.00393417822967536,0.0599870087021952,0.253089119068158,0.628931184328615,0.882863525079328
"saddle-surface_area-rep2-n240-r4","geodesic",239,1,0,28680,2.93491013714231e-08,239,239,239,239,239,0.0495922861159095,2.39841124980721,10.3025197557483,21.9086006969576,32.244839392227,0.00393417822967536,0.229816150331856,1.00581380408181,1.72706429447207,1.97772586935589
"saddle-surface_area-rep2-n240-r4","geodesic",32,1,0,4613,2.92751387576118e-08,32,32,36,52,63,0.0495922861159095,0.894427214192868,3.15426983424169,7.35112342819068,12.7269010403163,0.00393417822967536,0.0882861705902613,0.36789072423822,0.824645607211685,1.13749179674898
"saddle-surface_area-rep2-n240-r4","geodesic",4,1,0,609,8.88178419700125e-16,4,4,5,7,9,0.0495922861159095,0.315885863504907,1.05962657898295,1.93827495557809,4.26632525591417,0.00393417822967536,0.0305830097115043,0.152837248141808,0.356735599743337,0.541837264507291
"saddle-surface_area-rep2-n240-r4","geodesic",64,1,0,9906,1.91394271542578e-08,64,64,72,140.2,193,0.0495922861159095,1.31915185317262,4.96441996926973,11.7823179155014,17.261131726913,0.00393417822967536,0.131634030405396,0.536363349772078,1.0313802081082,1.40887984614447
"saddle-surface_area-rep2-n240-r4","geodesic",8,1,0,1141,4.44089209850063e-16,8,8,9,12,16,0.0495922861159095,0.435061184709434,1.41806063088543,2.6359323734054,5.52868315893504,0.00393417822967536,0.0443175269406871,0.198650600490109,0.479137019351414,0.763424850520088
"saddle-surface_area-rep2-n240-r64","ambient",128,1,0,18545,2.86400156923605e-08,128,128,143,239,239,3.02065196168568,129.861542958296,1097.40352206703,2916.67045034128,4506.55864173886,0.00391864885175793,0.182633785749388,0.936026876204522,1.75664007341442,1.97802446683306
"saddle-surface_area-rep2-n240-r64","ambient",16,1,0,2163,1.23622339032181e-08,16,16,17.5,22,26,3.02065196168568,40.0151920740754,142.566229066684,485.163078089385,1370.92374193883,0.00391864885175793,0.0776164025268177,0.925766515953575,1.85174002924617,1.97802446683306
"saddle-surface_area-rep2-n240-r64","ambient",239,1,0,28680,3.02285831921267e-08,239,239,239,239,239,3.02065196168568,177.538037454416,1768.70277616824,4941.49528846128,8126.21474006192,0.00391864885175793,0.229179866305394,1.01455142566681,1.72953103471006,1.97802446683306
"saddle-surface_area-rep2-n240-r64","ambient",32,1,0,4286,1.23622338615847e-08,32,32,35,44,56,3.02065196168568,61.0565662805669,255.604557160426,909.423218237084,2349.66412829417,0.00391864885175793,0.0962022745622617,0.941155550098812,1.83056432214554,1.97802446683306
"saddle-surface_area-rep2-n240-r64","ambient",4,3,3,580,8.88178419700125e-16,4,4,5,6.04999999999998,8,3.02065196168568,22.4380308075924,74.6635321096418,172.587765839191,718.132940387216,0.00391864885175793,0.044451350580925,0.579930600236412,1.83411887213993,1.97416152732556
"saddle-surface_area-rep2-n240-r64","ambient",64,1,0,8992,3.1364736585715e-08,64,64,72,97.05,106,3.02065196168568,88.7263567371758,520.202089128773,1776.48762113525,3330.78691898539,0.00391864885175793,0.126308501760634,0.930305807765036,1.79833561153403,1.97802446683306
"saddle-surface_area-rep2-n240-r64","ambient",8,1,0,1115,8.88178419700125e-16,8,8,9,12,14,3.02065196168568,27.9338706449791,100.412302281757,268.698839504294,1035.54318972124,0.00391864885175793,0.0647586579272715,0.805844905911613,1.85470425152789,1.97627396101093
"saddle-surface_area-rep2-n240-r64","geodesic",128,1,0,20551,3.98412387525582e-08,128,128,131,239,239,3.02065467154517,227.046058358124,1687.83687851757,3734.92794232746,5077.43790742255,0.00391864885175793,0.192340113374536,0.861684626172041,1.63743225593011,1.97780218311771
"saddle-surface_area-rep2-n240-r64","geodesic",16,1,0,2228,1.1070734329266e-08,16,16,18,25,35,3.02065467154517,41.7871742285422,249.331868270138,970.644226755369,1903.36609792907,0.00391864885175793,0.064215092406309,0.393910988374953,1.02519918428958,1.6725939774481
"saddle-surface_area-rep2-n240-r64","geodesic",239,1,0,28680,4.40866028128539e-08,239,239,239,239,239,3.02065467154517,302.992899916095,2319.94514276875,5355.37524082681,8126.2158423408,0.00391864885175793,0.229179866305394,1.01455142566681,1.72953103471006,1.97802446683306
"saddle-surface_area-rep2-n240-r64","geodesic",32,1,0,4802,2.12712925051761e-08,32,32,38,55.05,72,3.02065467154517,71.8413835099658,484.41438565496,1773.71704757632,3199.61681267354,0.00391864885175793,0.0913568386852905,0.44289014524441,1.08388853222488,1.91318712084344
"saddle-surface_area-rep2-n240-r64","geodesic",4,6,5,580,8.88178419700125e-16,4,4,5,7,8,3.02065467154517,22.4380308534475,84.0792011748282,313.369243584212,1053.23591292673,0.00391864885175793,0.033669033465925,0.336074176955413,0.950567378520556,1.34112476166626
"saddle-surface_area-rep2-n240-r64","geodesic",64,1,0,10414,3.38101977526151e-08,64,64,74,165.1,207,3.02065467154517,126.592164469598,947.797352380746,2864.72675750066,4189.89292189013,0.00391864885175793,0.134624428505608,0.603873270116819,1.34766331570615,1.96845573521307
"saddle-surface_area-rep2-n240-r64","geodesic",8,1,0,1119,8.37805583242535e-09,8,8,9,12,16,3.02065467154517,29.2979839896262,135.211345783087,516.148290237334,1377.17357193568,0.00391864885175793,0.0452048792557052,0.34256624348725,0.983597566579635,1.62107760948826
"saddle-surface_area-rep2-n240-r8","ambient",128,1,0,18581,1.61854170066533e-08,128,128,143,239,239,0.134888563418088,5.4415578183276,19.1962802853321,46.3938232809358,70.6740260384424,0.00392274463240382,0.182877426219534,0.922178348619108,1.75221292366064,1.97794550465877
"saddle-surface_area-rep2-n240-r8","ambient",16,1,0,2254,8.88178419700125e-16,16,16,18,26,30,0.134888563418088,1.78985913467379,6.0399428456257,14.1613518576133,22.4367610456939,0.00392274463240382,0.0597790071377258,0.358281733950166,1.0451317693194,1.97409405166828
"saddle-surface_area-rep2-n240-r8","ambient",239,1,0,28680,8.18570078386927e-09,239,239,239,239,239,0.134888563418088,6.8208284880449,28.923628141266,77.7167412611448,127.469777537087,0.00392274463240382,0.229012248611865,1.01194748389282,1.72878998250331,1.97794550465877
"saddle-surface_area-rep2-n240-r8","ambient",32,1,0,4555,8.18570100591387e-09,32,32,37,49,55,0.134888563418088,2.51974364262308,8.71305184621742,17.8709107943826,38.1176690449485,0.00392274463240382,0.0879627835227828,0.587559216690542,1.77660484479537,1.97618865544797
"saddle-surface_area-rep2-n240-r8","ambient",4,1,0,605,8.88178419700125e-16,4,4,5,7.04999999999998,9,0.134888563418088,0.832223292088053,2.95751297767176,5.91291170199793,16.6100087518475,0.00392274463240382,0.0301146942846961,0.200373353865904,0.500654285646004,0.782566418584776
"saddle-surface_area-rep2-n240-r8","ambient",64,1,0,9146,8.18570078386927e-09,64,64,75,96.05,103,0.134888563418088,3.61883397730723,12.3426894744856,29.2924290405748,52.4298781589433,0.00392274463240382,0.125515134754926,0.816212287279579,1.77690819072419,1.97794550465877
"saddle-surface_area-rep2-n240-r8","ambient",8,1,0,1140,4.44089209850063e-16,8,8,9,12,16,0.134888563418088,1.15592233660774,4.13707575434788,8.563525202961,19.964932868815,0.00392274463240382,0.0438250721281754,0.246215747400867,0.670760594578607,1.97409405166828
"saddle-surface_area-rep2-n240-r8","geodesic",128,1,0,20514,2.79055403229478e-08,128,128,130,239,239,0.134888599855259,5.92485548444298,28.0195195427408,60.0000327186444,80.329813706898,0.00392274463240382,0.19238401542747,0.851284859715748,1.62844500298363,1.97774528179342
"saddle-surface_area-rep2-n240-r8","geodesic",16,1,0,2239,3.70622306178348e-08,16,16,18,25.05,32,0.134888599855259,1.78253344205556,6.2109183068758,15.429939949628,29.9984728410376,0.00392274463240382,0.0597426175195236,0.323559529954258,0.811964465392185,1.14073015768199
"saddle-surface_area-rep2-n240-r8","geodesic",239,1,0,28680,3.29923590669523e-08,239,239,239,239,239,0.134888599855259,7.10925058264181,37.6425343280107,84.7447769114062,127.470865670043,0.00392274463240382,0.229012248611865,1.01194748389282,1.72878998250331,1.97794550465877
"saddle-surface_area-rep2-n240-r8","geodesic",32,1,0,4680,7.58464857586461e-09,32,32,37,52.05,71,0.134888599855259,2.58391567734142,9.5617383109961,28.2708044408542,50.2222857408908,0.00392274463240382,0.0881740677062599,0.412763681415235,0.969832699936192,1.31890966637075
"saddle-surface_area-rep2-n240-r8","geodesic",4,1,0,603,8.88178419700125e-16,4,4,5,7,9,0.134888599855259,0.832514200253917,2.98727900494583,5.92408401835162,16.6104769456966,0.00392274463240382,0.0300783461779648,0.199347020326742,0.500943307883452,0.782566418584776
"saddle-surface_area-rep2-n240-r8","geodesic",64,1,0,10204,1.3984363889108e-08,64,64,73,152.15,204,0.134888599855259,3.92321307057567,16.4631013188593,45.6985409176975,66.9282565803805,0.00392274463240382,0.133438157642523,0.571435771378144,1.1358297001168,1.91515390746074
"saddle-surface_area-rep2-n240-r8","geodesic",8,1,0,1135,1.43338740876686e-09,8,8,9,12,15,0.134888599855259,1.15381388707181,4.19128335051803,8.56755943112981,21.6708525031335,0.00392274463240382,0.0435434303680983,0.240948773880301,0.654636134013491,0.973607862960086
"saddle-surface_area-rep3-n240-r1","ambient",128,1,0,19310,2.22044604925031e-16,128,128,141,239,239,0.00234954561953968,0.248332337620679,0.899660124024227,1.48666606021685,1.73570114076022,0.00173566352310935,0.192633820026831,0.721234736297466,1.24840333012736,1.62996688802006
"saddle-surface_area-rep3-n240-r1","ambient",16,1,0,2224,4.44089209850063e-16,16,16,18,24,28,0.00234954561953968,0.078987435088225,0.268483370710495,0.444683844167443,0.67248552646735,0.00173566352310935,0.0596621106721326,0.208126285930826,0.385919392198295,0.669782653470193
"saddle-surface_area-rep3-n240-r1","ambient",239,1,0,28680,0,239,239,239,239,239,0.00234954561953968,0.305260100992719,1.14715858245043,1.88992621055179,2.41083156018849,0.00173566352310935,0.239828273245341,0.938791849256573,1.67365123528653,1.98392696377909
"saddle-surface_area-rep3-n240-r1","ambient",32,1,0,4469,4.44089209850063e-16,32,32,35.5,47.05,57,0.00234954561953968,0.116169000665997,0.389438052305874,0.65412636735979,0.855098943162396,0.00173566352310935,0.0903973946126393,0.306053786474638,0.546117096802919,0.821391662804445
"saddle-surface_area-rep3-n240-r1","ambient",4,1,0,586,8.88178419700125e-16,4,4,5,7,9,0.00234954561953968,0.0437606529647889,0.134930339641381,0.238339458154872,0.355193816910327,0.00173566352310935,0.0341033334029249,0.107457267158683,0.203009153658454,0.317850667969225
"saddle-surface_area-rep3-n240-r1","ambient",64,1,0,9429,4.44089209850063e-16,64,64,70,115.05,134,0.00234954561953968,0.166651607492103,0.590305108389505,1.05979357031469,1.40850868133633,0.00173566352310935,0.132351266704906,0.466293825753482,0.793192063178915,1.02493967704246
"saddle-surface_area-rep3-n240-r1","ambient",8,1,0,1112,4.44089209850063e-16,8,8,9,12,17,0.00234954561953968,0.0584527570649556,0.182588515992997,0.311574258526061,0.48598382618052,0.00173566352310935,0.0439201355989526,0.146277377345283,0.26710884253564,0.40728128566607
"saddle-surface_area-rep3-n240-r1","geodesic",128,1,0,19078,1.783547332046e-08,128,128,141,239,239,0.0023495456308809,0.246782496624219,0.912084198536997,1.56852541331231,1.90863084318076,0.00173566352310935,0.190302357208379,0.71594819825918,1.18181209299157,1.48715093163071
"saddle-surface_area-rep3-n240-r1","geodesic",16,1,0,2226,4.44089209850063e-16,16,16,18,24,28,0.0023495456308809,0.0791370886103297,0.269060925327852,0.446129726684721,0.675471464208474,0.00173566352310935,0.0597440981934875,0.208270130701514,0.385602154041747,0.669782653470193
"saddle-surface_area-rep3-n240-r1","geodesic",239,1,0,28680,2.09672927908855e-08,239,239,239,239,239,0.0023495456308809,0.305799258687478,1.19094974014552,2.13765985085085,2.82951795616334,0.00173566352310935,0.239828273245341,0.938791849256573,1.67365123528653,1.98392696377909
"saddle-surface_area-rep3-n240-r1","geodesic",32,1,0,4466,4.61325255773914e-10,32,32,36,48,55,0.0023495456308809,0.116134154710831,0.390739060409635,0.659389287025663,0.855221386714496,0.00173566352310935,0.0902286214791292,0.305826962129648,0.545189064725887,0.821391662804445
"saddle-surface_area-rep3-n240-r1","geodesic",4,1,0,586,4.44089209850063e-16,4,4,5,7,9,0.0023495456308809,0.0437622109198431,0.135029074908602,0.238340109078649,0.355303154065215,0.00173566352310935,0.0341033334029249,0.107173434571819,0.203009153658454,0.317850667969225
"saddle-surface_area-rep3-n240-r1","geodesic",64,1,0,9380,1.72184559943389e-08,64,64,70,114.05,136,0.0023495456308809,0.166241873440097,0.593163315625535,1.06931759972994,1.44630261036736,0.00173566352310935,0.132051778929683,0.46489994960902,0.788902396526743,1.07859890833201
"saddle-surface_area-rep3-n240-r1","geodesic",8,1,0,1112,4.44089209850063e-16,8,8,9,12,17,0.0023495456308809,0.0584580714879483,0.182644767520228,0.311601986126395,0.486860367288684,0.00173566352310935,0.0439201355989526,0.146277377345283,0.266538474933396,0.40728128566607
"saddle-surface_area-rep3-n240-r16","ambient",128,1,0,18350,1.7651610839664e-08,128,128,138.5,239,239,0.229177923844216,14.8303124787124,77.3519909905174,198.117673252844,251.017742213302,0.00153757539794791,0.182273515249077,0.860905826384173,1.74483519301409,1.98585142776957
"saddle-surface_area-rep3-n240-r16","ambient",16,1,0,2230,4.44089209850063e-16,16,16,18,23,31,0.229177923844216,5.02134016461489,17.0306024959887,31.8807217805633,59.2549502812349,0.00153757539794791,0.0584007117806888,0.507726170170829,1.84405991217105,1.96901056720548
"saddle-surface_area-rep3-n240-r16","ambient",239,1,0,28680,2.16508346806421e-08,239,239,239,239,239,0.229177923844216,19.1870496872645,127.063993733289,342.60136117907,485.129571713336,0.00153757539794791,0.23223825483194,0.993200723164293,1.70337363424897,1.98585142776957
"saddle-surface_area-rep3-n240-r16","ambient",32,1,0,4354,4.44089209850063e-16,32,32,35,45.05,53,0.229177923844216,7.07952076229649,24.6181333400995,52.5163339139405,100.860970793395,0.00153757539794791,0.0870566979754724,0.696065316234057,1.84388434779591,1.97325346253436
"saddle-surface_area-rep3-n240-r16","ambient",4,3,3,591,1.33226762955019e-15,4,4,5,7,10,0.229177923844216,2.50778234658705,8.34301127897117,16.3008978115201,30.3672404506943,0.00153757539794791,0.0355626546012224,0.244996377760366,0.697998608533068,1.36579761109145
"saddle-surface_area-rep3-n240-r16","ambient",64,1,0,8959,4.12774370239788e-09,64,64,74,91.05,100,0.229177923844216,10.0751141718962,38.7511614391524,105.222283571814,165.285475083673,0.00153757539794791,0.126085176656129,0.791985136739973,1.81116411024834,1.98585142776957
"saddle-surface_area-rep3-n240-r16","ambient",8,1,0,1162,4.44089209850063e-16,8,8,9,14,17,0.229177923844216,3.81987978139845,11.736459189154,24.7476425860604,40.176727086531,0.00153757539794791,0.0429838580931622,0.321508811789694,1.23956987556515,1.95218783749685
"saddle-surface_area-rep3-n240-r16","geodesic",128,1,0,20521,3.24110107641218e-08,128,128,128,239,239,0.229178966856916,17.4739791261153,122.278871518476,246.149602110494,310.520787870346,0.00153757539794791,0.193457947417465,0.817395998754446,1.56815576757218,1.98585142776957
"saddle-surface_area-rep3-n240-r16","geodesic",16,1,0,2228,2.02078986877297e-08,16,16,17,25,37,0.229178966856916,5.01963747948345,18.8174656060227,49.2206802288371,103.484429033144,0.00153757539794791,0.058371841387825,0.318762694153421,0.845574515218518,1.19078946658049
"saddle-surface_area-rep3-n240-r16","geodesic",239,1,0,28680,4.51735688855592e-08,239,239,239,239,239,0.229178966856916,21.8180683566842,166.637030691604,364.382898880687,485.131485725865,0.00153757539794791,0.23223825483194,0.993200723164293,1.70337363424897,1.98585142776957
"saddle-surface_area-rep3-n240-r16","geodesic",32,1,0,4746,2.81509797694923e-08,32,32,38,60.1,81,0.229178966856916,7.4456684940931,32.700320948437,104.669003805538,165.289043139938,0.00153757539794791,0.0915881425492101,0.382648258428655,0.986584244546641,1.61006035291096
"saddle-surface_area-rep3-n240-r16","geodesic",4,4,3,590,7.11365144567822e-09,4,4,5,7,9,0.229178966856916,2.50893608426282,8.43157018554357,16.8101234398578,30.3672462507201,0.00153757539794791,0.0355105192343379,0.239664058512352,0.658482649778613,0.978963297016797
"saddle-surface_area-rep3-n240-r16","geodesic",64,1,0,10507,2.48029277116757e-08,64,64,72,168.2,210,0.229178966856916,11.3608979634059,65.672057353851,195.277238545623,253.349808690708,0.00153757539794791,0.136895331474395,0.548463523629046,1.2022607181201,1.98585142776957
"saddle-surface_area-rep3-n240-r16","geodesic",8,1,0,1132,7.11365116812246e-09,8,8,9,12,14,0.229178966856916,3.67868575400085,11.9297382747393,26.2090598684887,59.255006930994,0.00153757539794791,0.0420764644113129,0.280862826675781,0.760737807603255,1.14398842586533
"saddle-surface_area-rep3-n240-r2","ambient",128,1,0,19389,1.05488995316705e-08,128,128,150,235.1,239,0.00652250836322814,0.647894904981346,2.42292166307564,3.85947938281165,4.55999609901265,0.00160699864433468,0.189978081391697,0.763119932210116,1.67306728272739,1.97230402967295
"saddle-surface_area-rep3-n240-r2","ambient",16,1,0,2256,1.94914906437305e-09,16,16,18,24.05,27,0.00652250836322814,0.216894128940852,0.699842314178279,1.20664522760655,1.80393115224504,0.00160699864433468,0.059986375794238,0.224645078580468,0.482973630338038,0.769189296048023
"saddle-surface_area-rep3-n240-r2","ambient",239,1,0,28680,1.05488995316705e-08,239,239,239,239,239,0.00652250836322814,0.80452622815724,3.08282905172835,5.84592437234232,8.0085191415163,0.00160699864433468,0.235528042337965,0.969449726868909,1.69328049099167,1.98520010496999
"saddle-surface_area-rep3-n240-r2","ambient",32,1,0,4523,1.94914887008402e-09,32,32,36,50.05,56,0.00652250836322814,0.309933060314583,1.04060584361561,1.91182667979328,2.82763458289436,0.00160699864433468,0.0900327049620172,0.322112917171041,0.671111252033322,1.0122065906374
"saddle-surface_area-rep3-n240-r2","ambient",4,1,0,601,8.88178419700125e-16,4,4,5,7,9,0.00652250836322814,0.118387650106716,0.358689732053698,0.631220706727095,0.965299529510788,0.00160699864433468,0.0343905296348875,0.118660491436982,0.254415777636526,0.450081433623489
"saddle-surface_area-rep3-n240-r2","ambient",64,1,0,9905,1.05488995316705e-08,64,64,73,130.15,155,0.00652250836322814,0.460047698459379,1.61433240407626,3.37041111918275,3.90172617081735,0.00160699864433468,0.134289622511281,0.493447808644622,1.03315223047574,1.9504732309014
"saddle-surface_area-rep3-n240-r2","ambient",8,1,0,1133,4.44089209850063e-16,8,8,9,12.05,15,0.00652250836322814,0.148541848453188,0.486614968703502,0.843997375916526,1.16862043552613,0.00160699864433468,0.043532336272104,0.159300981526609,0.346627153544018,0.565099231754197
"saddle-surface_area-rep3-n240-r2","geodesic",128,1,0,20111,1.92405582577493e-08,128,128,148,239,239,0.00652250837285164,0.664455116164286,2.64327707145865,4.848601829647,5.8824100426991,0.00160699864433468,0.193435860439426,0.7626551182185,1.3710924871044,1.7100829268518
"saddle-surface_area-rep3-n240-r2","geodesic",16,1,0,2258,8.05216116006591e-10,16,16,18,24,27,0.00652250837285164,0.217158006816211,0.702208890818165,1.21108219689757,1.80652234846918,0.00160699864433468,0.0599979347486863,0.223386086204204,0.475779192039253,0.769189296048023
"saddle-surface_area-rep3-n240-r2","geodesic",239,1,0,28680,2.09794046579503e-08,239,239,239,239,239,0.00652250837285164,0.809502827385099,3.41860806741472,6.50082522275573,8.81793459809328,0.00160699864433468,0.235528042337965,0.969449726868909,1.69328049099167,1.98520010496999
"saddle-surface_area-rep3-n240-r2","geodesic",32,1,0,4511,1.92405582577493e-08,32,32,35.5,50.05,55,0.00652250837285164,0.309937506024436,1.04866847996749,1.92025205796105,2.8314530910611,0.00160699864433468,0.089958373614727,0.320708083324844,0.662557759038146,1.0122065906374
"saddle-surface_area-rep3-n240-r2","geodesic",4,1,0,601,8.88178419700125e-16,4,4,5,7,9,0.00652250837285164,0.118388134199351,0.358780558247614,0.631829762413977,0.965773558602195,0.00160699864433468,0.0343905296348875,0.118660491436982,0.254415777636526,0.450081433623489
"saddle-surface_area-rep3-n240-r2","geodesic",64,1,0,9780,1.14348366331285e-08,64,64,70,132.05,158,0.00652250837285164,0.457196281323915,1.64479743116061,3.44271646691731,4.66357484948514,0.00160699864433468,0.133421686908195,0.488252674292438,0.891646548677805,1.32383655564928
"saddle-surface_area-rep3-n240-r2","geodesic",8,1,0,1132,4.44089209850063e-16,8,8,9,13,15,0.00652250837285164,0.148531085485879,0.487305544922359,0.846920319035607,1.16966620485373,0.00160699864433468,0.0435305121112371,0.159130481630204,0.346351265018125,0.565099231754197
"saddle-surface_area-rep3-n240-r32","ambient",128,1,0,18345,1.7866998769378e-08,128,128,138.5,239,239,0.766316882137332,43.9664999151383,303.500605647336,789.469762504514,1003.33535395097,0.0015364916900067,0.182093947116292,0.863301585643658,1.74502371981811,1.98586134381318
"saddle-surface_area-rep3-n240-r32","ambient",16,1,0,2161,6.79690059790516e-09,16,16,18,23,25,0.766316882137332,14.099591857688,49.5175754666109,96.2295319326885,219.175458048568,0.0015364916900067,0.0600210088812128,0.695116183154087,1.8595946876982,1.96903230971175
"saddle-surface_area-rep3-n240-r32","ambient",239,1,0,28680,2.60955452802136e-08,239,239,239,239,239,0.766316882137332,56.5294215684423,504.937256885401,1369.15928506594,1939.18645651234,0.0015364916900067,0.232148798545116,0.993485607187585,1.70360908821253,1.98586134381318
"saddle-surface_area-rep3-n240-r32","ambient",32,1,0,4340,8.40488989517496e-09,32,32,34.5,44.05,55,0.766316882137332,19.9373549196171,74.7808354706874,195.165548010763,400.735548943277,0.0015364916900067,0.0885263550695651,0.783702107147902,1.8472703196708,1.97326792333652
"saddle-surface_area-rep3-n240-r32","ambient",4,2,3,606,4.44089209850063e-16,4,4,5,7,10,0.766316882137332,6.74054264384679,24.9678021984532,56.3359873383074,104.148028473138,0.0015364916900067,0.0397367224912842,0.337212604014785,1.45957980876115,1.95221397723174
"saddle-surface_area-rep3-n240-r32","ambient",64,1,0,8947,9.54859347146453e-09,64,64,74,91,100,0.766316882137332,29.4070002221264,142.644936583388,414.823757158151,660.269382204079,0.0015364916900067,0.126105137301662,0.812195107508756,1.81191287287577,1.98586134381318
"saddle-surface_area-rep3-n240-r32","ambient",8,1,0,1138,6.79690059790516e-09,8,8,9,12.05,17,0.766316882137332,9.62700909406071,35.1928196209548,64.5695069072371,152.504304393426,0.0015364916900067,0.0477869632124578,0.483898389208537,1.8169191150164,1.96476957824897
"saddle-surface_area-rep3-n240-r32","geodesic",128,1,0,20526,3.2238460789813e-08,128,128,128,239,239,0.76631843956601,58.5460013165398,484.198315015856,978.795306593282,1235.51159077365,0.0015364916900067,0.193419328563833,0.81979272646066,1.57566488050121,1.98586134381318
"saddle-surface_area-rep3-n240-r32","geodesic",16,1,0,2254,2.65890984785244e-08,16,16,17.5,26.05,39,0.76631843956601,14.5466768371889,67.0438562553714,194.709618150348,413.406296736853,0.0015364916900067,0.0595221426363017,0.33343554817447,0.91986649569201,1.46608683628301
"saddle-surface_area-rep3-n240-r32","geodesic",239,1,0,28680,3.25251252597525e-08,239,239,239,239,239,0.76631843956601,76.9731446572815,661.679477961636,1453.82981485578,1939.18837431689,0.0015364916900067,0.232148798545116,0.993485607187585,1.70360908821253,1.98586134381318
"saddle-surface_area-rep3-n240-r32","geodesic",32,1,0,4792,1.7724095524585e-08,32,32,38,63,80,0.76631843956601,22.0771889755398,124.54917061883,417.16320430028,660.272942878833,0.0015364916900067,0.0923682030208554,0.392146862386197,1.0336958837996,1.98586134381318
"saddle-surface_area-rep3-n240-r32","geodesic",4,5,4,588,9.57852663852066e-09,4,4,5,7,8,0.76631843956601,6.69041058275683,25.7438562909538,64.1303659585095,121.325824557019,0.0015364916900067,0.0376237896798681,0.290299258977664,0.759879713899008,1.0290339180676
"saddle-surface_area-rep3-n240-r32","geodesic",64,1,0,10539,2.9819771985018e-08,64,64,72,174.2,211,0.76631843956601,35.9693633338676,259.314544378898,775.838406805133,999.936430768446,0.0015364916900067,0.137102470595704,0.555854599104486,1.26662303368622,1.98586134381318
"saddle-surface_area-rep3-n240-r32","geodesic",8,1,0,1132,1.92394377651617e-08,8,8,9,12.05,18,0.76631843956601,9.6484978800274,38.7131777009754,102.550150282374,236.7471501879,0.0015364916900067,0.0438069169058213,0.299521012373378,0.82507673678078,1.19040451884483
"saddle-surface_area-rep3-n240-r4","ambient",128,1,0,18533,4.44089209850063e-16,128,128,143,221.05,239,0.0225309259949642,1.76770942038821,6.71645594825533,13.0862551239708,16.2852436313213,0.00155692626011492,0.183628364717147,0.814990730251239,1.73350273688535,1.98567247380996
"saddle-surface_area-rep3-n240-r4","ambient",16,1,0,2249,4.44089209850063e-16,16,16,18,26,29,0.0225309259949642,0.609926413087394,1.96578242893486,3.58233605871534,6.62799869967628,0.00155692626011492,0.0594192432823666,0.25828039868687,0.656739511811785,0.914249770952295
"saddle-surface_area-rep3-n240-r4","ambient",239,1,0,28680,0,239,239,239,239,239,0.0225309259949642,2.26173934908393,8.97761031873658,21.8705934601003,30.735507808869,0.00155692626011492,0.233299921319368,0.985849324115555,1.70078616707343,1.98567247380996
"saddle-surface_area-rep3-n240-r4","ambient",32,1,0,4647,7.93831822498703e-09,32,32,37,54.05,74,0.0225309259949642,0.879331358572048,2.98451680248299,6.78415046089254,8.19117018903507,0.00155692626011492,0.0902980136192083,0.35667740310626,0.978965168992294,1.96434950984511
"saddle-surface_area-rep3-n240-r4","ambient",4,2,3,596,4.44089209850063e-16,4,4,5,7,9,0.0225309259949642,0.338343895213271,1.00014913688198,1.82867263132887,2.61998641947872,0.00155692626011492,0.0345228235834355,0.140437916236365,0.370311258679288,0.556095812123494
"saddle-surface_area-rep3-n240-r4","ambient",64,1,0,9528,1.13178140193071e-08,64,64,79,100.05,108,0.0225309259949642,1.25154718445799,4.47466441989185,8.41755838434544,11.2787457469524,0.00155692626011492,0.129587392285164,0.596282115287712,1.78576361446386,1.97299253607979
"saddle-surface_area-rep3-n240-r4","ambient",8,1,0,1137,4.44089209850063e-16,8,8,9,13,16,0.0225309259949642,0.437519271194692,1.37164696326693,2.44318897924661,3.7833596890633,0.00155692626011492,0.0429215681257685,0.184384970223863,0.462143140810546,0.724467945227951
"saddle-surface_area-rep3-n240-r4","geodesic",128,1,0,20462,2.31480901113912e-08,128,128,128,239,239,0.0225308926615692,1.87799919369921,8.56935505580687,16.763479075902,20.0461196522936,0.00155692626011492,0.193749465129012,0.798168840223149,1.53446982210318,1.98567247380996
"saddle-surface_area-rep3-n240-r4","geodesic",16,1,0,2237,6.5988259301264e-09,16,16,18,25,27,0.0225308926615692,0.607306858040386,1.97787409677528,3.62046523665969,6.62832468178194,0.00155692626011492,0.0592767259225517,0.256861871100452,0.635352253414438,0.898509520839665
"saddle-surface_area-rep3-n240-r4","geodesic",239,1,0,28680,2.46813860460549e-08,239,239,239,239,239,0.0225308926615692,2.30286992797323,11.4834813926101,23.5776049927919,31.7684302157651,0.00155692626011492,0.233299921319368,0.985849324115555,1.70078616707343,1.98567247380996
"saddle-surface_area-rep3-n240-r4","geodesic",32,1,0,4564,2.31480901113912e-08,32,32,35.5,51,79,0.0225308926615692,0.873339331658549,3.05275436641088,6.83130814397076,10.5881866527139,0.00155692626011492,0.0895218538133272,0.342518122574731,0.788594186793937,1.26222347956861
"saddle-surface_area-rep3-n240-r4","geodesic",4,2,3,595,8.88178419700125e-16,4,4,5,7,9,0.0225308926615692,0.3380808840359,0.99894749477685,1.82167436159771,2.62797153663801,0.00155692626011492,0.0345095684481072,0.140219761144737,0.358384185232402,0.556095812123494
"saddle-surface_area-rep3-n240-r4","geodesic",64,1,0,10143,2.71846278820931e-08,64,64,71,144.05,202,0.0225308926615692,1.28267977324802,5.03833289123834,12.7454966899129,17.047383391628,0.00155692626011492,0.135363527944825,0.513831351651893,1.01591549503804,1.60388308172064
"saddle-surface_area-rep3-n240-r4","geodesic",8,1,0,1135,2.4049340574539e-09,8,8,9,13,16,0.0225308926615692,0.437302799941913,1.37525059221665,2.44964765146269,3.78341745167078,0.00155692626011492,0.04281898760589,0.183653796977159,0.460195185387385,0.724467945227951
"saddle-surface_area-rep3-n240-r64","ambient",128,1,0,18344,3.75082200854138e-08,128,128,138.5,239,239,2.89479447875063,130.328559777249,1207.54628844664,3155.65946992076,4012.6068383988,0.00153621504897536,0.18204990688668,0.864345423594773,1.74507364828851,1.98586386984922
"saddle-surface_area-rep3-n240-r64","ambient",16,1,0,2149,1.70447911340688e-09,16,16,17,22,25,2.89479447875063,37.8072490945742,148.695699131659,358.067420474597,852.675618679142,0.00153621504897536,0.0635665690329486,0.783190257072932,1.86849996483038,1.96903784906391
"saddle-surface_area-rep3-n240-r64","ambient",239,1,0,28680,3.50007334226632e-08,239,239,239,239,239,2.89479447875063,181.419292822383,2015.967570891,5475.31372469215,7755.41458632118,0.00153621504897536,0.232097392766812,0.993693347283171,1.70366877124275,1.98586386984922
"saddle-surface_area-rep3-n240-r64","ambient",32,1,0,4332,1.48886369899515e-08,32,32,35,44.05,55,2.89479447875063,57.8336348808148,273.245062826168,760.703146030119,1594.21150034557,0.00153621504897536,0.0887822391397492,0.819429023580055,1.84746909793163,1.98586386984922
"saddle-surface_area-rep3-n240-r64","ambient",4,6,5,599,8.88178419700125e-16,4,4,5,7,10,2.89479447875063,19.23268596387,74.1635360779496,148.054169358068,357.498603819547,0.00153621504897536,0.0503718288787234,0.536000223163246,1.82854245194364,1.96290536295781
"saddle-surface_area-rep3-n240-r64","ambient",64,1,0,8941,2.50542426805112e-08,64,64,74,91,100,2.89479447875063,86.2986487243232,557.284157721,1653.09076369145,2640.19269798252,0.00153621504897536,0.126100996521701,0.815547049501951,1.81198179252941,1.98586386984922
"saddle-surface_area-rep3-n240-r64","ambient",8,1,0,1104,1.70447911340688e-09,8,8,9,12,15,2.89479447875063,27.6336558821138,104.460613785187,218.74583698682,573.186651000074,0.00153621504897536,0.0543444832791581,0.69543835168037,1.85144806362557,1.96477519918866
"saddle-surface_area-rep3-n240-r64","geodesic",128,1,0,20528,3.44126429574487e-08,128,128,128,239,239,2.89479622210723,217.567594161558,1930.36283828856,3908.20147394891,4935.11258261162,0.00153621504897536,0.193385963608066,0.821411351548165,1.57572709596292,1.98586386984922
"saddle-surface_area-rep3-n240-r64","geodesic",16,1,0,2265,1.51935712899842e-08,16,16,18,26,39,2.89479622210723,40.5858701449841,259.586237172257,776.737770419227,1653.09111792593,0.00153621504897536,0.0595656133403858,0.339494096645232,0.982845736321812,1.76735980363099
"saddle-surface_area-rep3-n240-r64","geodesic",239,1,0,28680,5.47563918651406e-08,239,239,239,239,239,2.89479622210723,295.537297926876,2640.56549099178,5812.29283502957,7755.41651138725,0.00153621504897536,0.232097392766812,0.993693347283171,1.70366877124275,1.98586386984922
"saddle-surface_area-rep3-n240-r64","geodesic",32,1,0,4808,3.73963113808884e-08,32,32,38,63.05,81,2.89479622210723,69.0229690479448,490.898559980999,1665.24280707713,2640.1962567123,0.00153621504897536,0.0925158894331917,0.396152656477398,1.06469134269857,1.98586386984922
"saddle-surface_area-rep3-n240-r64","geodesic",4,5,4,588,1.14292375563707e-09,4,4,5,7,9,2.89479622210723,19.2068379500051,81.974498113345,253.327113544859,485.158397995774,0.00153621504897536,0.04012098050349,0.319957586724249,0.83952459148352,1.19043747104698
"saddle-surface_area-rep3-n240-r64","geodesic",64,1,0,10545,5.37486468665804e-08,64,64,72.5,176.4,211,2.89479622210723,123.074994114721,1031.6625673791,3089.37981158307,3978.01703566654,0.00153621504897536,0.137139817574197,0.557434904808661,1.32258229131283,1.98586386984922
"saddle-surface_area-rep3-n240-r64","geodesic",8,1,0,1132,2.74965517021997e-09,8,8,9,12,19,2.89479622210723,27.9072718758973,143.76262505611,407.985263652962,946.712288491174,0.00153621504897536,0.0448552372990577,0.313797093496387,0.890041954862226,1.31571306414141
"saddle-surface_area-rep3-n240-r8","ambient",128,1,0,18383,1.41958407251508e-08,128,128,140.5,233.05,239,0.0847888761825296,5.10158141099808,20.7350332544525,50.1219660245918,62.9463627265832,0.00154172912181065,0.182532305422613,0.850461167238987,1.74352622574593,1.98581326392202
"saddle-surface_area-rep3-n240-r8","ambient",16,1,0,2255,4.44089209850063e-16,16,16,18,26,36,0.0847888761825296,1.78377514187025,5.81572354759076,12.0575576650239,18.9035138195602,0.00154172912181065,0.0586999626266313,0.329537898278937,1.06069208743958,1.9646626132852
"saddle-surface_area-rep3-n240-r8","ambient",239,1,0,28680,1.85275053077305e-08,239,239,239,239,239,0.0847888761825296,6.50355037100168,32.5261256919262,85.9687799021094,121.615332516718,0.00154172912181065,0.232520378618284,0.991565470631646,1.70254669790269,1.98581326392202
"saddle-surface_area-rep3-n240-r8","ambient",32,1,0,4531,4.44089209850063e-16,32,32,36,50.05,60,0.0847888761825296,2.50927369827258,8.50193868228966,16.4329928153684,26.0021155658613,0.00154172912181065,0.0886518996581554,0.52375596937131,1.82693578851609,1.96892690572516
"saddle-surface_area-rep3-n240-r8","ambient",4,2,2,598,8.88178419700125e-16,4,4,5,7,9,0.0847888761825296,0.972404512143409,2.85261391426101,5.43275591921291,7.62675013859231,0.00154172912181065,0.0343026108339172,0.188333292042769,0.53449643149656,0.852873304397176
"saddle-surface_area-rep3-n240-r8","ambient",64,1,0,9042,2.78129919095704e-08,64,64,75,90,101,0.0847888761825296,3.44664710375244,12.6901051732561,27.5570458346078,42.2436814530507,0.00154172912181065,0.126623328309063,0.736581903737177,1.80800496996414,1.97319781103512
"saddle-surface_area-rep3-n240-r8","ambient",8,1,0,1155,4.44089209850063e-16,8,8,9,13,16,0.0847888761825296,1.25652508435707,3.95174742498878,7.34606124824018,14.8802366568134,0.00154172912181065,0.0428929084203247,0.232424937168657,0.657032572216639,0.99267229210988
"saddle-surface_area-rep3-n240-r8","geodesic",128,1,0,20508,2.9680950142108e-08,128,128,128,239,239,0.0847897943374204,5.60203023126348,31.4926300326096,62.9304381527348,78.4332363909895,0.00154172912181065,0.193560193616618,0.812891932077216,1.56096698106577,1.98581326392202
"saddle-surface_area-rep3-n240-r8","geodesic",16,1,0,2212,1.44530009210664e-08,16,16,17,25.05,38,0.0847897943374204,1.74900891212616,5.92320104234049,12.6052364641557,26.0024619608137,0.00154172912181065,0.0582371237594586,0.294899146762212,0.760946240245054,1.1438403532209
"saddle-surface_area-rep3-n240-r8","geodesic",239,1,0,28680,2.64508286385023e-08,239,239,239,239,239,0.0847897943374204,6.86783077666695,42.7103643974256,91.8592051696021,122.542354417799,0.00154172912181065,0.232520378618284,0.991565470631646,1.70254669790269,1.98581326392202
"saddle-surface_area-rep3-n240-r8","geodesic",32,1,0,4652,1.44530009210664e-08,32,32,37,54.15,79,0.0847897943374204,2.55184318021883,9.47137750784984,26.4918644568234,41.5371601949254,0.00154172912181065,0.08994246434888,0.366734879564122,0.895509317532528,1.46337860276725
"saddle-surface_area-rep3-n240-r8","geodesic",4,2,2,598,8.88178419700125e-16,4,4,5,7,9,0.0847897943374204,0.972478040677981,2.8697430441993,5.46696007366493,7.62675596481788,0.00154172912181065,0.0343026108339172,0.18807745947057,0.529148723809623,0.852873304397176
"saddle-surface_area-rep3-n240-r8","geodesic",64,1,0,10424,2.99708204920535e-08,64,64,71.5,153.25,210,0.0847897943374204,3.76384269916611,17.2743649459347,49.3081009010597,64.7614789311686,0.00154172912181065,0.1366255539394,0.535503645314499,1.13512210297941,1.98581326392202
"saddle-surface_area-rep3-n240-r8","geodesic",8,1,0,1148,1.44530009210664e-08,8,8,9,13,15,0.0847897943374204,1.25581170129718,3.97806351057846,7.50335004248308,14.880293566397,0.00154172912181065,0.0427762482974249,0.228674646409898,0.62521646539403,0.978321505842284
