"case","surface","sampling","replicate","n","radius","regime","k","angular_gap_min","angular_gap_q05","angular_gap_median","angular_gap_q95","angular_gap_max","radial_gap_min","radial_gap_q05","radial_gap_median","radial_gap_q95","radial_gap_max"
"paraboloid-disk-rep1-n240-r1","paraboloid","disk",1,240,1,"ambient",128,1.19982358592896e-05,0.0982668519929277,0.987291924481186,2.40167489151013,3.14139308332409,1.48035468677254e-05,0.0221331525071455,0.238206478550466,0.648681704834066,0.915927548686633
"paraboloid-disk-rep1-n240-r1","paraboloid","disk",1,240,1,"ambient",16,1.19982358592896e-05,0.0265953547197888,0.254318236591612,0.664779480798672,3.13609251162862,3.24320694434777e-05,0.00902498973609357,0.0890938070291662,0.210767912797607,0.299363559165407
"paraboloid-disk-rep1-n240-r1","paraboloid","disk",1,240,1,"ambient",239,1.19982358592896e-05,0.159135816001698,1.57304693560022,2.98533756581357,3.14142676971416,1.48035468677254e-05,0.020492183386758,0.230625219262326,0.648010211494774,0.915927548686633
"paraboloid-disk-rep1-n240-r1","paraboloid","disk",1,240,1,"ambient",32,1.19982358592896e-05,0.0386038338511667,0.367568171725296,1.02329598589857,3.13609251162862,1.48035468677254e-05,0.011572515806254,0.124892850455806,0.304598587443504,0.465010376145655
"paraboloid-disk-rep1-n240-r1","paraboloid","disk",1,240,1,"ambient",4,1.19982358592896e-05,0.0158584162187766,0.125491850133341,0.387959087427944,1.46613031692058,0.000315985049014589,0.00535516366176332,0.0450327099737056,0.118570301613495,0.157892103101845
"paraboloid-disk-rep1-n240-r1","paraboloid","disk",1,240,1,"ambient",64,1.19982358592896e-05,0.0562639746679039,0.560289763419849,1.63532516356563,3.13609251162862,1.48035468677254e-05,0.0169414829625837,0.175791496923415,0.459341493987145,0.646687633895822
"paraboloid-disk-rep1-n240-r1","paraboloid","disk",1,240,1,"ambient",8,1.19982358592896e-05,0.0223652520492157,0.180501297185179,0.494947851135176,2.65087770360886,3.24320694434777e-05,0.00637242436084512,0.0628827163432074,0.151786317331026,0.25341498150574
"paraboloid-disk-rep1-n240-r1","paraboloid","disk",1,240,1,"geodesic",128,1.19982358592896e-05,0.0971590867558721,0.979095559583176,2.33671126664449,3.14139308332409,1.48035468677254e-05,0.0221545159388051,0.240981296550762,0.658611411280024,0.915927548686633
"paraboloid-disk-rep1-n240-r1","paraboloid","disk",1,240,1,"geodesic",16,1.19982358592896e-05,0.0266014831907423,0.253603084882621,0.664477784735427,3.13609251162862,3.24320694434777e-05,0.00904985111187834,0.0894082390431206,0.211751600509192,0.299363559165407
"paraboloid-disk-rep1-n240-r1","paraboloid","disk",1,240,1,"geodesic",239,1.19982358592896e-05,0.159135816001698,1.57304693560022,2.98533756581357,3.14142676971416,1.48035468677254e-05,0.020492183386758,0.230625219262326,0.648010211494774,0.915927548686633
"paraboloid-disk-rep1-n240-r1","paraboloid","disk",1,240,1,"geodesic",32,1.19982358592896e-05,0.0385354784926835,0.364377331620938,1.01340745254187,3.13609251162862,1.48035468677254e-05,0.0118627029433966,0.125585948269096,0.306577451084678,0.465010376145655
"paraboloid-disk-rep1-n240-r1","paraboloid","disk",1,240,1,"geodesic",4,1.19982358592896e-05,0.0158584162187766,0.125491850133341,0.387959087427944,1.46613031692058,0.000315985049014589,0.00535516366176332,0.0450327099737056,0.118570301613495,0.157892103101845
"paraboloid-disk-rep1-n240-r1","paraboloid","disk",1,240,1,"geodesic",64,1.19982358592896e-05,0.0558884188019711,0.553274790366841,1.58792451691232,3.13609251162862,1.48035468677254e-05,0.0169722547758076,0.177426433803329,0.464729518124984,0.646687633895822
"paraboloid-disk-rep1-n240-r1","paraboloid","disk",1,240,1,"geodesic",8,1.19982358592896e-05,0.0223597478464135,0.179225600722109,0.494951387697669,2.65087770360886,3.24320694434777e-05,0.00635710306589916,0.0633899702350742,0.153219025126315,0.25341498150574
"paraboloid-disk-rep1-n240-r16","paraboloid","disk",1,240,16,"ambient",128,1.19982358592896e-05,0.159771598001687,1.58120513710559,2.98252658401612,3.14142676971416,1.48035468677532e-05,0.0123814737340288,0.129894213573119,0.391619431929384,0.643759058712091
"paraboloid-disk-rep1-n240-r16","paraboloid","disk",1,240,16,"ambient",16,1.19982358592896e-05,0.078882924511651,0.896830765266052,2.25637469506205,3.13609251162862,1.48035468677532e-05,0.0020758177182451,0.0228733280871292,0.0583675263607342,0.179442317531604
"paraboloid-disk-rep1-n240-r16","paraboloid","disk",1,240,16,"ambient",239,1.19982358592896e-05,0.159135816001698,1.57304693560022,2.98533756581357,3.14142676971416,1.48035468677532e-05,0.0204921833867578,0.230625219262326,0.648010211494774,0.915927548686633
"paraboloid-disk-rep1-n240-r16","paraboloid","disk",1,240,16,"ambient",32,1.19982358592896e-05,0.119040588972231,1.3073414527811,2.89536483038435,3.1381372934505,1.48035468677532e-05,0.00276808691189536,0.0306868231815737,0.109563494978799,0.282791569090157
"paraboloid-disk-rep1-n240-r16","paraboloid","disk",1,240,16,"ambient",4,0.0082243486797049,0.0468416773820888,0.443933073270083,1.25712288492735,2.65087770360886,1.48035468677532e-05,0.00126153830576932,0.0125373463954627,0.0339995885122347,0.0762937841342354
"paraboloid-disk-rep1-n240-r16","paraboloid","disk",1,240,16,"ambient",64,1.19982358592896e-05,0.146765586714791,1.52597961871574,2.9746431884579,3.14139308332409,1.48035468677532e-05,0.00596064287316156,0.0602068677459333,0.206676019315339,0.416368845040088
"paraboloid-disk-rep1-n240-r16","paraboloid","disk",1,240,16,"ambient",8,1.19982358592896e-05,0.0588536889397254,0.597967520004224,1.59969772440121,3.13609251162862,1.48035468677532e-05,0.00162786239199729,0.0178181556725875,0.0438721514691565,0.121789346961668
"paraboloid-disk-rep1-n240-r16","paraboloid","disk",1,240,16,"geodesic",128,1.19982358592896e-05,0.158173398903195,1.57185163023309,2.97939070630281,3.14142676971416,1.48035468677532e-05,0.0123883541828498,0.130004185252567,0.391336263629531,0.643759058712091
"paraboloid-disk-rep1-n240-r16","paraboloid","disk",1,240,16,"geodesic",16,1.19982358592896e-05,0.077668745695047,0.803617543951368,1.94228321367648,3.13609251162862,1.48035468677532e-05,0.00239719198107118,0.0261382965047013,0.0648061328144054,0.179442317531604
"paraboloid-disk-rep1-n240-r16","paraboloid","disk",1,240,16,"geodesic",239,1.19982358592896e-05,0.159135816001698,1.57304693560022,2.98533756581357,3.14142676971416,1.48035468677532e-05,0.0204921833867578,0.230625219262326,0.648010211494774,0.915927548686633
"paraboloid-disk-rep1-n240-r16","paraboloid","disk",1,240,16,"geodesic",32,1.19982358592896e-05,0.111019829977053,1.14132840665243,2.55862135859329,3.13609251162862,1.48035468677532e-05,0.00366299635965926,0.0363009468495915,0.108795673159199,0.282791569090157
"paraboloid-disk-rep1-n240-r16","paraboloid","disk",1,240,16,"geodesic",4,0.0082243486797049,0.0460831411929254,0.436040354435363,1.16401345220538,2.65087770360886,1.48035468677532e-05,0.0012777954698356,0.0131348367546201,0.0353580964866466,0.0762937841342354
"paraboloid-disk-rep1-n240-r16","paraboloid","disk",1,240,16,"geodesic",64,1.19982358592896e-05,0.137831231835345,1.45704147305661,2.9384327503614,3.14139308332409,1.48035468677532e-05,0.00599431292493558,0.0606153484680638,0.20649714175254,0.416368845040088
"paraboloid-disk-rep1-n240-r16","paraboloid","disk",1,240,16,"geodesic",8,1.19982358592896e-05,0.0587083074381624,0.569389176221271,1.46117918686261,3.13609251162862,1.48035468677532e-05,0.00167406119605754,0.0194914696366247,0.046583477341427,0.121789346961668
"paraboloid-disk-rep1-n240-r2","paraboloid","disk",1,240,2,"ambient",128,1.19982358592896e-05,0.105565618924893,1.08087221241466,2.53381018752532,3.14142676971416,1.48035468677532e-05,0.0180320459018261,0.186157259131907,0.490297998198195,0.663782534651771
"paraboloid-disk-rep1-n240-r2","paraboloid","disk",1,240,2,"ambient",16,1.19982358592896e-05,0.0363493005712056,0.318372631800516,0.801451368724501,3.13609251162862,3.24320694434777e-05,0.00712931206479535,0.0691822375267753,0.165809955634563,0.244114950723727
"paraboloid-disk-rep1-n240-r2","paraboloid","disk",1,240,2,"ambient",239,1.19982358592896e-05,0.159135816001698,1.57304693560022,2.98533756581357,3.14142676971416,1.48035468677532e-05,0.0204921833867578,0.230625219262326,0.648010211494774,0.915927548686633
"paraboloid-disk-rep1-n240-r2","paraboloid","disk",1,240,2,"ambient",32,1.19982358592896e-05,0.05160685911559,0.461082701823384,1.21571178538232,3.13609251162862,1.48035468677532e-05,0.00925555808425287,0.0978495080669386,0.236373784816305,0.350153282276438
"paraboloid-disk-rep1-n240-r2","paraboloid","disk",1,240,2,"ambient",4,1.19982358592896e-05,0.01965064941095,0.169941525207837,0.481288209805604,2.65087770360886,3.24320694434777e-05,0.00280251716945401,0.0347549373817512,0.0885271414624849,0.155136184973661
"paraboloid-disk-rep1-n240-r2","paraboloid","disk",1,240,2,"ambient",64,1.19982358592896e-05,0.0672800779807476,0.685682140370756,1.86210904596367,3.13609251162862,1.48035468677532e-05,0.0128338664856021,0.136267482024238,0.333628047584582,0.469577026190987
"paraboloid-disk-rep1-n240-r2","paraboloid","disk",1,240,2,"ambient",8,1.19982358592896e-05,0.0257482645544751,0.230096518269075,0.593268313388091,2.65087770360886,3.24320694434777e-05,0.00511967864997181,0.049250078869323,0.120358612192123,0.179442317531604
"paraboloid-disk-rep1-n240-r2","paraboloid","disk",1,240,2,"geodesic",128,1.19982358592896e-05,0.0995858552199804,1.01064762598309,2.36076512884419,3.14139308332409,1.48035468677532e-05,0.0194125832564688,0.202783367413254,0.54201084048385,0.762752013236897
"paraboloid-disk-rep1-n240-r2","paraboloid","disk",1,240,2,"geodesic",16,1.19982358592896e-05,0.0362631715883085,0.315397126045289,0.781091806248017,3.13609251162862,3.24320694434777e-05,0.00725956203678296,0.0706133357846809,0.166578077390079,0.244114950723727
"paraboloid-disk-rep1-n240-r2","paraboloid","disk",1,240,2,"geodesic",239,1.19982358592896e-05,0.159135816001698,1.57304693560022,2.98533756581357,3.14142676971416,1.48035468677532e-05,0.0204921833867578,0.230625219262326,0.648010211494774,0.915927548686633
"paraboloid-disk-rep1-n240-r2","paraboloid","disk",1,240,2,"geodesic",32,1.19982358592896e-05,0.0508820389163884,0.452297996745185,1.18799842479093,3.13609251162862,1.48035468677532e-05,0.00956801061760188,0.100242790675648,0.238729644961727,0.350153282276438
"paraboloid-disk-rep1-n240-r2","paraboloid","disk",1,240,2,"geodesic",4,1.19982358592896e-05,0.01965064941095,0.169941525207837,0.479055383396867,2.65087770360886,3.24320694434777e-05,0.00280251716945401,0.0353562616621326,0.0885271414624849,0.155136184973661
"paraboloid-disk-rep1-n240-r2","paraboloid","disk",1,240,2,"geodesic",64,1.19982358592896e-05,0.0666667049130445,0.663114047233002,1.75021699476898,3.13609251162862,1.48035468677532e-05,0.0132267611019131,0.140241686062081,0.344262620418219,0.499387660289895
"paraboloid-disk-rep1-n240-r2","paraboloid","disk",1,240,2,"geodesic",8,1.19982358592896e-05,0.0257640046667637,0.229779378175422,0.587868482069426,2.65087770360886,3.24320694434777e-05,0.00512382752238946,0.0495619229065975,0.12081820548678,0.179442317531604
"paraboloid-disk-rep1-n240-r32","paraboloid","disk",1,240,32,"ambient",128,1.19982358592896e-05,0.160575281732076,1.58609055160349,2.98259560624702,3.14142676971416,1.48035468677532e-05,0.0123750390586284,0.129703662363333,0.391774796667336,0.643759058712091
"paraboloid-disk-rep1-n240-r32","paraboloid","disk",1,240,32,"ambient",16,1.19982358592896e-05,0.114539603809242,1.29999759141184,2.9037316454537,3.1381372934505,1.48035468677532e-05,0.00149394635327893,0.015694641316083,0.049581864368544,0.174946201819634
"paraboloid-disk-rep1-n240-r32","paraboloid","disk",1,240,32,"ambient",239,1.19982358592896e-05,0.159135816001698,1.57304693560022,2.98533756581357,3.14142676971416,1.48035468677532e-05,0.0204921833867578,0.230625219262326,0.648010211494774,0.915927548686633
"paraboloid-disk-rep1-n240-r32","paraboloid","disk",1,240,32,"ambient",32,1.19982358592896e-05,0.132550200293577,1.53012385178911,2.97729757395587,3.1381372934505,1.48035468677532e-05,0.00274721394178821,0.0293850287274324,0.109392867907777,0.282791569090158
"paraboloid-disk-rep1-n240-r32","paraboloid","disk",1,240,32,"ambient",4,0.0082243486797049,0.0699612757299445,0.644615635546246,1.69280753072598,3.13054483253329,1.48035468677532e-05,0.000811867025292279,0.0087392864315779,0.0243004754599734,0.049581864368544
"paraboloid-disk-rep1-n240-r32","paraboloid","disk",1,240,32,"ambient",64,1.19982358592896e-05,0.155960535034409,1.57567114660132,2.98145032270332,3.14139308332409,1.48035468677532e-05,0.00593221673649326,0.0600162493868076,0.206676019315339,0.416368845040088
"paraboloid-disk-rep1-n240-r32","paraboloid","disk",1,240,32,"ambient",8,0.0082243486797049,0.0897105935505492,0.92948328806421,2.39612935239019,3.13609251162862,1.48035468677532e-05,0.00126161513473618,0.0113993476729828,0.0289581857016914,0.121789346961668
"paraboloid-disk-rep1-n240-r32","paraboloid","disk",1,240,32,"geodesic",128,1.19982358592896e-05,0.160799441517047,1.58523895894115,2.98257596524161,3.14142676971416,1.48035468677532e-05,0.0123767762157558,0.129799331401199,0.391772957894883,0.643759058712091
"paraboloid-disk-rep1-n240-r32","paraboloid","disk",1,240,32,"geodesic",16,1.19982358592896e-05,0.104796782265447,1.1334488702688,2.54309565739186,3.13609251162862,1.48035468677532e-05,0.00179414010039158,0.0191311219845187,0.0520388851151202,0.174946201819634
"paraboloid-disk-rep1-n240-r32","paraboloid","disk",1,240,32,"geodesic",239,1.19982358592896e-05,0.159135816001698,1.57304693560022,2.98533756581357,3.14142676971416,1.48035468677532e-05,0.0204921833867578,0.230625219262326,0.648010211494774,0.915927548686633
"paraboloid-disk-rep1-n240-r32","paraboloid","disk",1,240,32,"geodesic",32,1.19982358592896e-05,0.129892062316827,1.44778107529308,2.92778050410651,3.1381372934505,1.48035468677532e-05,0.00273262809041289,0.0295520403152027,0.109917332135681,0.282791569090158
"paraboloid-disk-rep1-n240-r32","paraboloid","disk",1,240,32,"geodesic",4,0.0082243486797049,0.06356533399683,0.608096997096041,1.57172974783389,3.01248830450851,1.48035468677532e-05,0.000852316710829026,0.00930281056766419,0.0259928213365568,0.049581864368544
"paraboloid-disk-rep1-n240-r32","paraboloid","disk",1,240,32,"geodesic",64,1.19982358592896e-05,0.155177538604695,1.56330461293669,2.97753638785224,3.14139308332409,1.48035468677532e-05,0.0059376973213749,0.0600367041257315,0.206636753368646,0.416368845040088
"paraboloid-disk-rep1-n240-r32","paraboloid","disk",1,240,32,"geodesic",8,0.0082243486797049,0.0805505021980405,0.867409168359144,1.96316977550496,3.13609251162862,1.48035468677532e-05,0.00131718133334788,0.0130980405994355,0.0341255889653221,0.121789346961668
"paraboloid-disk-rep1-n240-r4","paraboloid","disk",1,240,4,"ambient",128,1.19982358592896e-05,0.138292058243416,1.41841701369624,2.94326156776694,3.14142676971416,1.48035468677532e-05,0.0126519396082453,0.134388169012515,0.389104971496828,0.643759058712091
"paraboloid-disk-rep1-n240-r4","paraboloid","disk",1,240,4,"ambient",16,1.19982358592896e-05,0.0498946395291356,0.4337987487075,1.0921308334762,3.13609251162863,1.48035468677532e-05,0.00507801927314989,0.0495031247246784,0.120212463719744,0.197625357827457
"paraboloid-disk-rep1-n240-r4","paraboloid","disk",1,240,4,"ambient",239,1.19982358592896e-05,0.159135816001698,1.57304693560022,2.98533756581357,3.14142676971416,1.48035468677532e-05,0.0204921833867578,0.230625219262326,0.648010211494774,0.915927548686633
"paraboloid-disk-rep1-n240-r4","paraboloid","disk",1,240,4,"ambient",32,1.19982358592896e-05,0.0647902975595644,0.622001065053358,1.57951224023654,3.13609251162863,1.48035468677532e-05,0.00663607493411961,0.0698874999931085,0.168848458915391,0.297774889824169
"paraboloid-disk-rep1-n240-r4","paraboloid","disk",1,240,4,"ambient",4,1.19982358592896e-05,0.02805584484096,0.226929882755405,0.631149489853581,2.65087770360886,3.24320694434777e-05,0.00196771450960821,0.0261379673350255,0.0664555336116872,0.120412152982047
"paraboloid-disk-rep1-n240-r4","paraboloid","disk",1,240,4,"ambient",64,1.19982358592896e-05,0.0919424402197962,0.929013406306726,2.33315715365651,3.14139308332409,1.48035468677532e-05,0.0093002446799287,0.0957811649856053,0.236281092478144,0.419141027074477
"paraboloid-disk-rep1-n240-r4","paraboloid","disk",1,240,4,"ambient",8,1.19982358592896e-05,0.0359712235088078,0.32125727864341,0.768496155260594,3.13609251162863,3.24320694434777e-05,0.00340151946954679,0.0357674628860437,0.087805698674482,0.155136184973661
"paraboloid-disk-rep1-n240-r4","paraboloid","disk",1,240,4,"geodesic",128,1.19982358592896e-05,0.123214621817271,1.25894429480448,2.66669532485435,3.14142676971416,1.48035468677532e-05,0.0146564758545049,0.155913407634687,0.40464033807097,0.663782534651771
"paraboloid-disk-rep1-n240-r4","paraboloid","disk",1,240,4,"geodesic",16,1.19982358592896e-05,0.0481421121199965,0.424626169228565,1.06139141513284,3.13609251162863,1.48035468677532e-05,0.00516834861086823,0.0504069490353455,0.122929387343345,0.21036296921955
"paraboloid-disk-rep1-n240-r4","paraboloid","disk",1,240,4,"geodesic",239,1.19982358592896e-05,0.159135816001698,1.57304693560022,2.98533756581357,3.14142676971416,1.48035468677532e-05,0.0204921833867578,0.230625219262326,0.648010211494774,0.915927548686633
"paraboloid-disk-rep1-n240-r4","paraboloid","disk",1,240,4,"geodesic",32,1.19982358592896e-05,0.0645365058909023,0.604745088848964,1.4424883122513,3.13609251162863,1.48035468677532e-05,0.00696811613826757,0.0732317351030817,0.175769018024861,0.303468544850632
"paraboloid-disk-rep1-n240-r4","paraboloid","disk",1,240,4,"geodesic",4,1.19982358592896e-05,0.02805584484096,0.22256337185701,0.620559053529017,2.65087770360886,3.24320694434777e-05,0.00200439525689641,0.0267611812189557,0.0678953031190152,0.155136184973661
"paraboloid-disk-rep1-n240-r4","paraboloid","disk",1,240,4,"geodesic",64,1.19982358592896e-05,0.0834667665218629,0.856211986827306,2.04281409528586,3.13609251162863,1.48035468677532e-05,0.0106053945893275,0.105872621795563,0.25337988735029,0.423914299375793
"paraboloid-disk-rep1-n240-r4","paraboloid","disk",1,240,4,"geodesic",8,1.19982358592896e-05,0.0351777870335767,0.316519004594143,0.752535028099634,2.65087770360886,3.24320694434777e-05,0.00348162004895345,0.0361895877152962,0.0890548688444547,0.179442317531604
"paraboloid-disk-rep1-n240-r64","paraboloid","disk",1,240,64,"ambient",128,1.19982358592896e-05,0.161039903239129,1.58650087641932,2.98260402382076,3.14142676971416,1.4803546867781e-05,0.0123742945627166,0.129696853530417,0.391775584712673,0.643759058712091
"paraboloid-disk-rep1-n240-r64","paraboloid","disk",1,240,64,"ambient",16,0.0082243486797049,0.149238483884351,1.53518154353338,2.97514231900141,3.1381372934505,1.4803546867781e-05,0.00146289125275808,0.0148193385237636,0.0502094884382511,0.174946201819634
"paraboloid-disk-rep1-n240-r64","paraboloid","disk",1,240,64,"ambient",239,1.19982358592896e-05,0.159135816001698,1.57304693560022,2.98533756581357,3.14142676971416,1.4803546867781e-05,0.0204921833867578,0.230625219262326,0.648010211494774,0.915927548686633
"paraboloid-disk-rep1-n240-r64","paraboloid","disk",1,240,64,"ambient",32,1.19982358592896e-05,0.13767265928488,1.58463026410376,2.98175204044035,3.13900523211067,1.4803546867781e-05,0.0027420500246333,0.0293279735250304,0.109907709830217,0.282791569090158
"paraboloid-disk-rep1-n240-r64","paraboloid","disk",1,240,64,"ambient",4,0.0183491303293845,0.103321851703433,0.954151242712723,2.62427688317594,3.13054483253329,1.4803546867781e-05,0.000543697302297558,0.00620590925362513,0.0171591231902668,0.049581864368544
"paraboloid-disk-rep1-n240-r64","paraboloid","disk",1,240,64,"ambient",64,1.19982358592896e-05,0.157775000832778,1.59366217203992,2.98304964310679,3.1413930833241,1.4803546867781e-05,0.00592947644405244,0.0600054679009856,0.206695652288686,0.416368845040088
"paraboloid-disk-rep1-n240-r64","paraboloid","disk",1,240,64,"ambient",8,0.0082243486797049,0.128029724897075,1.32498089691861,2.96251192206464,3.13609251162862,1.4803546867781e-05,0.000790600644128192,0.00818714636953782,0.0273426358681297,0.121789346961668
"paraboloid-disk-rep1-n240-r64","paraboloid","disk",1,240,64,"geodesic",128,1.19982358592896e-05,0.160960197910634,1.58644354116751,2.98260121796285,3.14142676971416,1.4803546867781e-05,0.0123745427280205,0.129699019994254,0.391775322030894,0.643759058712091
"paraboloid-disk-rep1-n240-r64","paraboloid","disk",1,240,64,"geodesic",16,0.0082243486797049,0.138466476831402,1.4767402921938,2.94056889198969,3.1381372934505,1.4803546867781e-05,0.00146339928052475,0.0150561838210526,0.0504797716770042,0.174946201819634
"paraboloid-disk-rep1-n240-r64","paraboloid","disk",1,240,64,"geodesic",239,1.19982358592896e-05,0.159135816001698,1.57304693560022,2.98533756581357,3.14142676971416,1.4803546867781e-05,0.0204921833867578,0.230625219262326,0.648010211494774,0.915927548686633
"paraboloid-disk-rep1-n240-r64","paraboloid","disk",1,240,64,"geodesic",32,1.19982358592896e-05,0.136636909622096,1.56625091128044,2.97927067536774,3.1381372934505,1.4803546867781e-05,0.0027427747888041,0.0293295844294554,0.109906969652873,0.282791569090158
"paraboloid-disk-rep1-n240-r64","paraboloid","disk",1,240,64,"geodesic",4,0.0082243486797049,0.0902259382372229,0.868485058730796,2.16503655868352,3.13054483253329,1.4803546867781e-05,0.000589829458038205,0.00709235501486727,0.0197740239668302,0.049581864368544
"paraboloid-disk-rep1-n240-r64","paraboloid","disk",1,240,64,"geodesic",64,1.19982358592896e-05,0.157384907267799,1.5856214579733,2.98199596874751,3.1413930833241,1.4803546867781e-05,0.00593221673649326,0.0600162493868077,0.206676019315339,0.416368845040088
"paraboloid-disk-rep1-n240-r64","paraboloid","disk",1,240,64,"geodesic",8,0.0082243486797049,0.125900204899902,1.20334296652963,2.64598770930043,3.13609251162862,1.4803546867781e-05,0.000941949274473997,0.00942801217474409,0.0273759874824214,0.121789346961668
"paraboloid-disk-rep1-n240-r8","paraboloid","disk",1,240,8,"ambient",128,1.19982358592896e-05,0.155665388590268,1.5472769586227,2.97741694045637,3.14142676971416,1.48035468677532e-05,0.0123957674526162,0.130277329022778,0.391188024441664,0.643759058712091
"paraboloid-disk-rep1-n240-r8","paraboloid","disk",1,240,8,"ambient",16,1.19982358592896e-05,0.0636133569685929,0.610715902211658,1.56423774509125,3.13609251162863,1.48035468677532e-05,0.00325573274915381,0.0340499648033535,0.0855978611191484,0.179442317531604
"paraboloid-disk-rep1-n240-r8","paraboloid","disk",1,240,8,"ambient",239,1.19982358592896e-05,0.159135816001698,1.57304693560022,2.98533756581357,3.14142676971416,1.48035468677532e-05,0.0204921833867578,0.230625219262326,0.648010211494774,0.915927548686633
"paraboloid-disk-rep1-n240-r8","paraboloid","disk",1,240,8,"ambient",32,1.19982358592896e-05,0.0901357916705991,0.889171785074495,2.22762852503201,3.13609251162863,1.48035468677532e-05,0.00445148347510942,0.0464382410800437,0.121635060503237,0.282791569090158
"paraboloid-disk-rep1-n240-r8","paraboloid","disk",1,240,8,"ambient",4,1.19982358592896e-05,0.0346524116963699,0.31661763859975,0.794994905721946,2.65087770360886,3.24320694434777e-05,0.00155253087620847,0.0199778865259303,0.0487914776146213,0.0776709781138566
"paraboloid-disk-rep1-n240-r8","paraboloid","disk",1,240,8,"ambient",64,1.19982358592896e-05,0.124278266869537,1.32227534546171,2.9043864736931,3.14139308332409,1.48035468677532e-05,0.00606811442482529,0.0632414791084122,0.205117196563254,0.419141027074477
"paraboloid-disk-rep1-n240-r8","paraboloid","disk",1,240,8,"ambient",8,1.19982358592896e-05,0.045984463516288,0.433517755703575,1.098330455136,3.13609251162863,1.48035468677532e-05,0.00216963953792733,0.0259023464399587,0.0608957376149533,0.121789346961668
"paraboloid-disk-rep1-n240-r8","paraboloid","disk",1,240,8,"geodesic",128,1.19982358592896e-05,0.150167963198643,1.49392320978889,2.95312783755324,3.14142676971416,1.48035468677532e-05,0.0124302890861116,0.131362831224169,0.39085234550117,0.643759058712091
"paraboloid-disk-rep1-n240-r8","paraboloid","disk",1,240,8,"geodesic",16,1.19982358592896e-05,0.062175656725879,0.588772130582436,1.41051055221033,3.13609251162863,1.48035468677532e-05,0.00333221018736914,0.0361895877152961,0.088870351946693,0.179442317531604
"paraboloid-disk-rep1-n240-r8","paraboloid","disk",1,240,8,"geodesic",239,1.19982358592896e-05,0.159135816001698,1.57304693560022,2.98533756581357,3.14142676971416,1.48035468677532e-05,0.0204921833867578,0.230625219262326,0.648010211494774,0.915927548686633
"paraboloid-disk-rep1-n240-r8","paraboloid","disk",1,240,8,"geodesic",32,1.19982358592896e-05,0.081813108598667,0.814994560658835,1.89338275327024,3.13609251162863,1.48035468677532e-05,0.00512359386539705,0.052657457485481,0.132635203201263,0.296807277953678
"paraboloid-disk-rep1-n240-r8","paraboloid","disk",1,240,8,"geodesic",4,1.19982358592896e-05,0.0347418852334884,0.314340466106551,0.760036533141129,2.65087770360886,3.24320694434777e-05,0.00163998081625423,0.0203082587200876,0.0500305426101397,0.120412152982047
"paraboloid-disk-rep1-n240-r8","paraboloid","disk",1,240,8,"geodesic",64,1.19982358592896e-05,0.110671699072749,1.16010586921163,2.58375661253003,3.14139308332409,1.48035468677532e-05,0.00746033759261281,0.0766006919996827,0.206343438046144,0.419141027074477
"paraboloid-disk-rep1-n240-r8","paraboloid","disk",1,240,8,"geodesic",8,1.19982358592896e-05,0.045984463516288,0.427826018672661,1.07837471511397,3.13609251162863,3.24320694434777e-05,0.00225209239020285,0.0267677932656609,0.0628993749038217,0.143106134190554
"paraboloid-disk-rep1-n480-r64","paraboloid","disk",1,480,64,"ambient",128,1.19982358592896e-05,0.155296224675891,1.57590552898709,2.9829612744681,3.14154991739108,6.30074107998979e-07,0.00563446819936694,0.0574837462542732,0.225811468870471,0.465249571546076
"paraboloid-disk-rep1-n480-r64","paraboloid","disk",1,480,64,"ambient",16,0.00151889849903952,0.122682038076602,1.23982277771083,2.85110431294029,3.1385761431331,6.30074107998979e-07,0.000683190466080069,0.00781356587656423,0.0269599870419686,0.145164827586958
"paraboloid-disk-rep1-n480-r64","paraboloid","disk",1,480,64,"ambient",479,1.19982358592896e-05,0.155577868048295,1.56936403591383,2.98508227007288,3.14155023352031,6.30074107998979e-07,0.0189671860992771,0.222189792068924,0.637875073423439,0.940082260466736
"paraboloid-disk-rep1-n480-r64","paraboloid","disk",1,480,64,"ambient",64,1.19982358592896e-05,0.148658010398659,1.56208384492612,2.98152529075453,3.14154991739108,6.30074107998979e-07,0.00270928650332919,0.0273463789012554,0.117121813359041,0.326829221929055
"paraboloid-disk-rep1-n480-r64","paraboloid","disk",1,480,64,"ambient",8,0.00260714260456424,0.0898469906657571,0.893045201743218,2.45238157304879,3.13609251162862,6.30074107998979e-07,0.000533215224262196,0.00564211508450052,0.0151751592894087,0.096548002883967
"paraboloid-disk-rep1-n480-r64","paraboloid","disk",1,480,64,"geodesic",128,1.19982358592896e-05,0.154847807092395,1.57078616575988,2.9818038359046,3.14154991739108,6.30074107998979e-07,0.00563581179460798,0.057504871102134,0.225805908016993,0.465249571546076
"paraboloid-disk-rep1-n480-r64","paraboloid","disk",1,480,64,"geodesic",16,0.00151889849903952,0.108668932409553,1.10811002288795,2.50778452470756,3.13609251162862,6.30074107998979e-07,0.000836147680824517,0.00914496633272421,0.0270125509135988,0.145164827586958
"paraboloid-disk-rep1-n480-r64","paraboloid","disk",1,480,64,"geodesic",479,1.19982358592896e-05,0.155577868048295,1.56936403591383,2.98508227007288,3.14155023352031,6.30074107998979e-07,0.0189671860992771,0.222189792068924,0.637875073423439,0.940082260466736
"paraboloid-disk-rep1-n480-r64","paraboloid","disk",1,480,64,"geodesic",64,1.19982358592896e-05,0.146055656790252,1.54170374274123,2.97432953841523,3.14154991739108,6.30074107998979e-07,0.00270928650332919,0.0273463789012554,0.117121813359041,0.326829221929055
"paraboloid-disk-rep1-n480-r64","paraboloid","disk",1,480,64,"geodesic",8,0.00260714260456424,0.085863327663322,0.823351089779837,2.05899043743574,3.13609251162862,6.30074107998979e-07,0.000630948668291032,0.00651669367311347,0.0168960050382796,0.096548002883967
"paraboloid-disk-rep2-n240-r1","paraboloid","disk",2,240,1,"ambient",128,5.69209092398104e-05,0.099560671887997,0.988316205525435,2.41517613612867,3.14154678319784,4.0780702078691e-05,0.0197323596122498,0.235521566168322,0.683914055150276,0.931376361155374
"paraboloid-disk-rep2-n240-r1","paraboloid","disk",2,240,1,"ambient",16,5.69209092398104e-05,0.0318378328258813,0.24593564714833,0.842724882354443,3.08759553278145,4.0780702078691e-05,0.00901018301736023,0.0836054296863921,0.220769336345985,0.374358969112942
"paraboloid-disk-rep2-n240-r1","paraboloid","disk",2,240,1,"ambient",239,5.69209092398104e-05,0.157483463312666,1.56708823816418,2.98660498190064,3.14154678319784,5.9512568009179e-06,0.0186923447946233,0.227919177926965,0.6840499271827,0.933177634845378
"paraboloid-disk-rep2-n240-r1","paraboloid","disk",2,240,1,"ambient",32,5.69209092398104e-05,0.0402650680277889,0.356487574045113,1.08264805558532,3.13308094467866,4.0780702078691e-05,0.0114397711366868,0.120619523003539,0.304430192632062,0.481268396851267
"paraboloid-disk-rep2-n240-r1","paraboloid","disk",2,240,1,"ambient",4,5.69209092398104e-05,0.0124476456562543,0.128352535066364,0.444629274795507,1.73904697344093,4.0780702078691e-05,0.00456908799840054,0.0488097152229527,0.117022296418969,0.173510482140144
"paraboloid-disk-rep2-n240-r1","paraboloid","disk",2,240,1,"ambient",64,5.69209092398104e-05,0.0560548108368905,0.553004724232519,1.70155727858457,3.14049556122907,4.0780702078691e-05,0.0146716512535985,0.172018162568968,0.453595671024783,0.648995435099755
"paraboloid-disk-rep2-n240-r1","paraboloid","disk",2,240,1,"ambient",8,5.69209092398104e-05,0.0188219484513356,0.178923354744768,0.546810052148703,2.84505582823889,4.0780702078691e-05,0.00745911131001041,0.0638920998608454,0.163748020585838,0.275351035504517
"paraboloid-disk-rep2-n240-r1","paraboloid","disk",2,240,1,"geodesic",128,5.69209092398104e-05,0.0985902871786199,0.981225744579908,2.36842675495929,3.14124586992462,4.0780702078691e-05,0.0198266896363641,0.238047581142005,0.69410131364087,0.931376361155374
"paraboloid-disk-rep2-n240-r1","paraboloid","disk",2,240,1,"geodesic",16,5.69209092398104e-05,0.0318378328258813,0.245187648514977,0.817150283543736,3.08759553278145,4.0780702078691e-05,0.00907988615914141,0.0838638896591797,0.220861085683484,0.374358969112942
"paraboloid-disk-rep2-n240-r1","paraboloid","disk",2,240,1,"geodesic",239,5.69209092398104e-05,0.157483463312666,1.56708823816418,2.98660498190064,3.14154678319784,5.9512568009179e-06,0.0186923447946233,0.227919177926965,0.6840499271827,0.933177634845378
"paraboloid-disk-rep2-n240-r1","paraboloid","disk",2,240,1,"geodesic",32,5.69209092398104e-05,0.0401835800678304,0.354889633768724,1.0698445034184,3.13308094467866,4.0780702078691e-05,0.0114390325902952,0.121543900917766,0.306515828185903,0.481268396851267
"paraboloid-disk-rep2-n240-r1","paraboloid","disk",2,240,1,"geodesic",4,5.69209092398104e-05,0.0124513986195197,0.128072762311728,0.444025445356638,1.73904697344093,4.0780702078691e-05,0.00457088087253619,0.0488301055739921,0.118000856340014,0.173510482140144
"paraboloid-disk-rep2-n240-r1","paraboloid","disk",2,240,1,"geodesic",64,5.69209092398104e-05,0.0554917563300849,0.548658345684901,1.66086158689369,3.14049556122907,4.0780702078691e-05,0.014739061011278,0.173361574476012,0.45790804266037,0.648995435099755
"paraboloid-disk-rep2-n240-r1","paraboloid","disk",2,240,1,"geodesic",8,5.69209092398104e-05,0.0188219484513356,0.178923354744768,0.546810052148703,2.84505582823889,4.0780702078691e-05,0.00745911131001041,0.0638920998608454,0.163748020585838,0.275351035504517
"paraboloid-disk-rep2-n240-r16","paraboloid","disk",2,240,16,"ambient",128,5.69209092402545e-05,0.148585780330433,1.54374427718373,2.98848529459905,3.14154678319784,5.95125680047381e-06,0.0111821038663942,0.130525665753401,0.441881192608491,0.680183446454076
"paraboloid-disk-rep2-n240-r16","paraboloid","disk",2,240,16,"ambient",16,5.69209092402545e-05,0.0827273933916003,0.875037771687577,2.37816336320876,3.13308094467866,3.36573864502254e-05,0.00233117847181866,0.0211467994972513,0.0660007000078706,0.162533507351094
"paraboloid-disk-rep2-n240-r16","paraboloid","disk",2,240,16,"ambient",239,5.69209092402545e-05,0.157483463312666,1.56708823816418,2.98660498190064,3.14154678319784,5.95125680047381e-06,0.0186923447946231,0.227919177926965,0.6840499271827,0.933177634845378
"paraboloid-disk-rep2-n240-r16","paraboloid","disk",2,240,16,"ambient",32,5.69209092402545e-05,0.115150804909826,1.26121821499629,2.87284065647156,3.14115484977019,5.95125680047381e-06,0.00274635787357982,0.0289867250466499,0.121063909849794,0.316569608563423
"paraboloid-disk-rep2-n240-r16","paraboloid","disk",2,240,16,"ambient",4,0.000331173680116592,0.0404593788615189,0.426613195561059,1.3730878543367,3.01289522729095,4.0780702078802e-05,0.00134283987927724,0.0127966751458255,0.0335202526383077,0.0715090876882965
"paraboloid-disk-rep2-n240-r16","paraboloid","disk",2,240,16,"ambient",64,5.69209092402545e-05,0.134512932004351,1.47319033261644,2.97464554959359,3.14115484977019,5.95125680047381e-06,0.00562672949556116,0.0591074638251344,0.258796467641522,0.449955148780609
"paraboloid-disk-rep2-n240-r16","paraboloid","disk",2,240,16,"ambient",8,5.69209092402545e-05,0.053943353339177,0.606685933087988,1.87764229920446,3.13308094467866,4.0780702078802e-05,0.00166346247520588,0.0161927815382654,0.0434255130485574,0.0942252231805816
"paraboloid-disk-rep2-n240-r16","paraboloid","disk",2,240,16,"geodesic",128,5.69209092402545e-05,0.146957252503575,1.53217026994773,2.98354218006537,3.14154678319784,5.95125680047381e-06,0.011188405490698,0.130650827543917,0.441854154006588,0.680183446454076
"paraboloid-disk-rep2-n240-r16","paraboloid","disk",2,240,16,"geodesic",16,5.69209092402545e-05,0.0770802283582926,0.81629709914637,2.0242995579418,3.13308094467866,3.36573864502254e-05,0.00244722900978812,0.0240315834232534,0.0716036952270475,0.162533507351094
"paraboloid-disk-rep2-n240-r16","paraboloid","disk",2,240,16,"geodesic",239,5.69209092402545e-05,0.157483463312666,1.56708823816418,2.98660498190064,3.14154678319784,5.95125680047381e-06,0.0186923447946231,0.227919177926965,0.6840499271827,0.933177634845378
"paraboloid-disk-rep2-n240-r16","paraboloid","disk",2,240,16,"geodesic",32,5.69209092402545e-05,0.103402806596606,1.08954208657439,2.51047529854974,3.13338435631311,3.36573864502254e-05,0.00345244959135362,0.0351410357268079,0.120407616571388,0.316569608563423
"paraboloid-disk-rep2-n240-r16","paraboloid","disk",2,240,16,"geodesic",4,0.000331173680116592,0.0407455856974647,0.414647597291401,1.17619912034839,2.8450558282389,4.0780702078802e-05,0.00136391744676023,0.013297996035174,0.0392424235719311,0.0849926914039345
"paraboloid-disk-rep2-n240-r16","paraboloid","disk",2,240,16,"geodesic",64,5.69209092402545e-05,0.128009717813025,1.41640818577555,2.93480749639933,3.14115484977019,5.95125680047381e-06,0.00563178718273827,0.0598844720351593,0.257984968762264,0.449955148780609
"paraboloid-disk-rep2-n240-r16","paraboloid","disk",2,240,16,"geodesic",8,5.69209092402545e-05,0.0503437363154067,0.583032772353769,1.60400512366898,3.01289522729095,4.0780702078802e-05,0.0016811994048361,0.0177022335196383,0.0493766327426085,0.0986007452151545
"paraboloid-disk-rep2-n240-r2","paraboloid","disk",2,240,2,"ambient",128,5.69209092398104e-05,0.106533503957556,1.09032327435173,2.52921489492133,3.14154678319784,3.36573864504475e-05,0.0153058788502897,0.18437255693944,0.498339202710063,0.691703440559572
"paraboloid-disk-rep2-n240-r2","paraboloid","disk",2,240,2,"ambient",16,5.69209092398104e-05,0.0382425184740625,0.32040839798543,0.95145345975502,3.08759553278145,4.0780702078691e-05,0.00714367151607586,0.0667566353537657,0.170434924234592,0.248834127338474
"paraboloid-disk-rep2-n240-r2","paraboloid","disk",2,240,2,"ambient",239,5.69209092398104e-05,0.157483463312666,1.56708823816418,2.98660498190064,3.14154678319784,5.95125680058484e-06,0.0186923447946232,0.227919177926965,0.6840499271827,0.933177634845378
"paraboloid-disk-rep2-n240-r2","paraboloid","disk",2,240,2,"ambient",32,5.69209092398104e-05,0.0477258729708272,0.434808870750659,1.32945255507049,3.13308094467866,4.0780702078691e-05,0.00918561767297243,0.0944552304980101,0.242212144422235,0.357752169667958
"paraboloid-disk-rep2-n240-r2","paraboloid","disk",2,240,2,"ambient",4,5.69209092398104e-05,0.0187145960960369,0.171740786021431,0.503530635632758,1.73904697344093,4.0780702078691e-05,0.00394136248611371,0.0340702903431035,0.0949474281550638,0.173693006392964
"paraboloid-disk-rep2-n240-r2","paraboloid","disk",2,240,2,"ambient",64,5.69209092398104e-05,0.0670378814335683,0.677435265175343,1.92145775031807,3.14049556122907,4.0780702078691e-05,0.0115774405602227,0.134371662020088,0.338062898498488,0.502140009961584
"paraboloid-disk-rep2-n240-r2","paraboloid","disk",2,240,2,"ambient",8,5.69209092398104e-05,0.0258621986614721,0.228621364902387,0.645463938420963,3.01289522729095,4.0780702078691e-05,0.00578856192626894,0.0496047064695185,0.123208325842411,0.209698948038348
"paraboloid-disk-rep2-n240-r2","paraboloid","disk",2,240,2,"geodesic",128,5.69209092398104e-05,0.101554402665968,1.02898983726626,2.36619824179455,3.14070977288294,3.36573864504475e-05,0.0164323864467776,0.200530401969361,0.539353580669218,0.750204321082696
"paraboloid-disk-rep2-n240-r2","paraboloid","disk",2,240,2,"geodesic",16,5.69209092398104e-05,0.0378143256659339,0.319457097026709,0.947102613327846,3.08759553278145,4.0780702078691e-05,0.00724394808894338,0.0676774301764618,0.172227390533913,0.248834127338474
"paraboloid-disk-rep2-n240-r2","paraboloid","disk",2,240,2,"geodesic",239,5.69209092398104e-05,0.157483463312666,1.56708823816418,2.98660498190064,3.14154678319784,5.95125680058484e-06,0.0186923447946232,0.227919177926965,0.6840499271827,0.933177634845378
"paraboloid-disk-rep2-n240-r2","paraboloid","disk",2,240,2,"geodesic",32,5.69209092398104e-05,0.0469347929668007,0.427711149645502,1.27604184837177,3.13308094467866,4.0780702078691e-05,0.00934849221179624,0.0959459230645019,0.244705115953017,0.378836462323344
"paraboloid-disk-rep2-n240-r2","paraboloid","disk",2,240,2,"geodesic",4,5.69209092398104e-05,0.0187145960960369,0.171460556586347,0.503530635632758,1.73904697344093,4.0780702078691e-05,0.00408070612588463,0.0340702903431035,0.0949474281550638,0.173693006392964
"paraboloid-disk-rep2-n240-r2","paraboloid","disk",2,240,2,"geodesic",64,5.69209092398104e-05,0.0652664246931407,0.651372295331654,1.82876896437395,3.14049556122907,4.0780702078691e-05,0.0120376887487669,0.139017947006951,0.351073235957862,0.502140009961584
"paraboloid-disk-rep2-n240-r2","paraboloid","disk",2,240,2,"geodesic",8,5.69209092398104e-05,0.0258508360015555,0.227937941358646,0.6358337180136,2.8450558282389,4.0780702078691e-05,0.00577199134891866,0.0498950217454862,0.124770384772284,0.209698948038348
"paraboloid-disk-rep2-n240-r32","paraboloid","disk",2,240,32,"ambient",128,5.69209092402545e-05,0.150044200741789,1.55495854766756,2.98977884751576,3.14154678319784,5.95125680058484e-06,0.0111757901513454,0.130395103314991,0.441932903576444,0.680183446454076
"paraboloid-disk-rep2-n240-r32","paraboloid","disk",2,240,32,"ambient",16,0.000331173680116592,0.115145019361084,1.24226753555344,2.8495806112506,3.14028890896555,3.36573864504475e-05,0.0015711250294798,0.0149285932865016,0.0630084730236716,0.162533507351094
"paraboloid-disk-rep2-n240-r32","paraboloid","disk",2,240,32,"ambient",239,5.69209092402545e-05,0.157483463312666,1.56708823816418,2.98660498190064,3.14154678319784,5.95125680058484e-06,0.0186923447946232,0.227919177926965,0.6840499271827,0.933177634845378
"paraboloid-disk-rep2-n240-r32","paraboloid","disk",2,240,32,"ambient",32,5.69209092402545e-05,0.14533544991879,1.49546297329596,2.97269640506374,3.14115484977019,5.95125680058484e-06,0.00265317976672775,0.0269043437578225,0.121915871063167,0.316569608563423
"paraboloid-disk-rep2-n240-r32","paraboloid","disk",2,240,32,"ambient",4,0.000331173680116592,0.0494323350382626,0.649251902127817,1.92958069404599,3.13308094467866,4.0780702078691e-05,0.00101586229340707,0.00923254558919451,0.0240711582103211,0.0391351793001259
"paraboloid-disk-rep2-n240-r32","paraboloid","disk",2,240,32,"ambient",64,5.69209092402545e-05,0.140849798806271,1.5118026824234,2.9824572453064,3.14115484977019,5.95125680058484e-06,0.00562192477546916,0.0589194089484932,0.259002306794622,0.449955148780609
"paraboloid-disk-rep2-n240-r32","paraboloid","disk",2,240,32,"ambient",8,0.000331173680116592,0.0884096285658709,0.875037771687577,2.42885744396867,3.13308094467866,3.36573864504475e-05,0.00132741031040486,0.0114161333439541,0.0320294010929091,0.0942252231805816
"paraboloid-disk-rep2-n240-r32","paraboloid","disk",2,240,32,"geodesic",128,5.69209092402545e-05,0.149824532276382,1.55317942611005,2.988718667994,3.14154678319784,5.95125680058484e-06,0.0111778947230283,0.130410205547513,0.441915666587126,0.680183446454076
"paraboloid-disk-rep2-n240-r32","paraboloid","disk",2,240,32,"geodesic",16,0.000331173680116592,0.105302968426068,1.09823377966834,2.50820381484992,3.13308094467866,3.36573864504475e-05,0.00193012441452546,0.0178635023905562,0.0638569687551268,0.162533507351094
"paraboloid-disk-rep2-n240-r32","paraboloid","disk",2,240,32,"geodesic",239,5.69209092402545e-05,0.157483463312666,1.56708823816418,2.98660498190064,3.14154678319784,5.95125680058484e-06,0.0186923447946232,0.227919177926965,0.6840499271827,0.933177634845378
"paraboloid-disk-rep2-n240-r32","paraboloid","disk",2,240,32,"geodesic",32,5.69209092402545e-05,0.135106728129766,1.43097196372037,2.92594145097614,3.14115484977019,5.95125680058484e-06,0.00267143563997141,0.0273381247281236,0.121652119356794,0.316569608563423
"paraboloid-disk-rep2-n240-r32","paraboloid","disk",2,240,32,"geodesic",4,0.000331173680116592,0.0478603208658024,0.623970788205236,1.74229892680468,3.01289522729095,4.0780702078691e-05,0.00106732418212628,0.00940023725928418,0.0249872231553207,0.0517542169646424
"paraboloid-disk-rep2-n240-r32","paraboloid","disk",2,240,32,"geodesic",64,5.69209092402545e-05,0.13924259933474,1.50089560893875,2.97533496548649,3.14115484977019,5.95125680058484e-06,0.00562448682493644,0.0589874927862439,0.258952367378502,0.449955148780609
"paraboloid-disk-rep2-n240-r32","paraboloid","disk",2,240,32,"geodesic",8,0.000331173680116592,0.0645661051872426,0.809299653489493,2.02473086324735,3.13308094467866,3.36573864504475e-05,0.00136285291344794,0.0126548483951667,0.0354196490744985,0.0942252231805816
"paraboloid-disk-rep2-n240-r4","paraboloid","disk",2,240,4,"ambient",128,5.69209092402545e-05,0.130322981505295,1.38073137794171,2.94040977507846,3.14154678319784,5.95125680058484e-06,0.0113283547869572,0.134245641409432,0.44077202101451,0.6826619027755
"paraboloid-disk-rep2-n240-r4","paraboloid","disk",2,240,4,"ambient",16,5.69209092402545e-05,0.0443753781957198,0.424752164960908,1.190285608011,3.13308094467866,4.0780702078691e-05,0.00498950347981582,0.0501178242859494,0.124770384772284,0.222257676049393
"paraboloid-disk-rep2-n240-r4","paraboloid","disk",2,240,4,"ambient",239,5.69209092402545e-05,0.157483463312666,1.56708823816418,2.98660498190064,3.14154678319784,5.95125680058484e-06,0.0186923447946231,0.227919177926965,0.6840499271827,0.933177634845378
"paraboloid-disk-rep2-n240-r4","paraboloid","disk",2,240,4,"ambient",32,5.69209092402545e-05,0.0615934281421983,0.598405100654255,1.71352182152361,3.13308094467866,4.0780702078691e-05,0.00623743180359903,0.0670167810954427,0.175226354962777,0.318439492894072
"paraboloid-disk-rep2-n240-r4","paraboloid","disk",2,240,4,"ambient",4,5.69209092402545e-05,0.0316317613107602,0.231075071842504,0.62028803349986,2.7165080459791,4.0780702078691e-05,0.00318797125655828,0.0250752839033449,0.0714636705480641,0.138189860350052
"paraboloid-disk-rep2-n240-r4","paraboloid","disk",2,240,4,"ambient",64,5.69209092402545e-05,0.0906611732214084,0.915993372387989,2.3980406020505,3.14049556122907,3.36573864504475e-05,0.00837253903609292,0.0915478968402744,0.259657437945268,0.452512895943166
"paraboloid-disk-rep2-n240-r4","paraboloid","disk",2,240,4,"ambient",8,5.69209092402545e-05,0.0366370073780295,0.319096787816435,0.855138429996393,3.01289522729095,4.0780702078691e-05,0.00402732553238913,0.0349074909375569,0.0912996672896169,0.191301194352328
"paraboloid-disk-rep2-n240-r4","paraboloid","disk",2,240,4,"geodesic",128,5.69209092402545e-05,0.119356293304709,1.2451478565213,2.63742480205384,3.14154678319784,3.36573864504475e-05,0.0128073770336281,0.155540520282368,0.443141279922887,0.6826619027755
"paraboloid-disk-rep2-n240-r4","paraboloid","disk",2,240,4,"geodesic",16,5.69209092402545e-05,0.0437461237087548,0.414305582327924,1.10132507173051,3.08759553278145,4.0780702078691e-05,0.00527158784954125,0.0516303388877161,0.126891360431497,0.225758435721204
"paraboloid-disk-rep2-n240-r4","paraboloid","disk",2,240,4,"geodesic",239,5.69209092402545e-05,0.157483463312666,1.56708823816418,2.98660498190064,3.14154678319784,5.95125680058484e-06,0.0186923447946231,0.227919177926965,0.6840499271827,0.933177634845378
"paraboloid-disk-rep2-n240-r4","paraboloid","disk",2,240,4,"geodesic",32,5.69209092402545e-05,0.0611490909403613,0.580846885685172,1.54388205448324,3.13308094467866,4.0780702078691e-05,0.00644611435144651,0.0700897271537148,0.182354843872378,0.32044271776337
"paraboloid-disk-rep2-n240-r4","paraboloid","disk",2,240,4,"geodesic",4,5.69209092402545e-05,0.0316144607364492,0.228590783887242,0.607303084674203,1.90688637249298,4.0780702078691e-05,0.00318185913877433,0.0250752839033449,0.0720586824373983,0.138189860350052
"paraboloid-disk-rep2-n240-r4","paraboloid","disk",2,240,4,"geodesic",64,5.69209092402545e-05,0.086485171763267,0.842834763286052,2.09117311940524,3.14049556122907,3.36573864504475e-05,0.00928308175574626,0.101921344489045,0.274591394988279,0.457786577026118
"paraboloid-disk-rep2-n240-r4","paraboloid","disk",2,240,4,"geodesic",8,5.69209092402545e-05,0.0366521074812435,0.31794900799723,0.828912748613799,3.01289522729095,4.0780702078691e-05,0.00415201417826848,0.0353002947071597,0.0920890817144555,0.191301194352328
"paraboloid-disk-rep2-n240-r64","paraboloid","disk",2,240,64,"ambient",128,5.69209092402545e-05,0.150134027290627,1.5556115867948,2.99008698279715,3.14154678319784,5.95125680047381e-06,0.0111784208659492,0.130422857562625,0.441911357339797,0.680183446454076
"paraboloid-disk-rep2-n240-r64","paraboloid","disk",2,240,64,"ambient",16,0.000331173680116592,0.153594677507066,1.4808124396302,2.95302147971413,3.14115484977019,5.95125680047381e-06,0.00142411307779755,0.013894776510719,0.0610943743029445,0.162533507351094
"paraboloid-disk-rep2-n240-r64","paraboloid","disk",2,240,64,"ambient",239,5.69209092402545e-05,0.157483463312666,1.56708823816418,2.98660498190064,3.14154678319784,5.95125680047381e-06,0.0186923447946232,0.227919177926965,0.6840499271827,0.933177634845378
"paraboloid-disk-rep2-n240-r64","paraboloid","disk",2,240,64,"ambient",32,5.69209092402545e-05,0.149614599232676,1.55315540596933,2.98279606998305,3.14115484977019,5.95125680047381e-06,0.00266214239128899,0.0269568544950604,0.121829057604582,0.316569608563423
"paraboloid-disk-rep2-n240-r64","paraboloid","disk",2,240,64,"ambient",4,0.000331173680116592,0.0924364743253912,0.952116688577701,2.56669427150548,3.13308094467866,3.36573864504475e-05,0.000650210889278074,0.00633432064221667,0.0172239216892898,0.0391351793001258
"paraboloid-disk-rep2-n240-r64","paraboloid","disk",2,240,64,"ambient",64,5.69209092402545e-05,0.143260313306306,1.52998155500072,2.98585346061592,3.14115484977019,5.95125680047381e-06,0.00562064391784808,0.0589146333450786,0.259005904550705,0.449955148780609
"paraboloid-disk-rep2-n240-r64","paraboloid","disk",2,240,64,"ambient",8,0.000331173680116592,0.126009298138643,1.25789644096023,2.86816156327379,3.13308094467866,3.36573864504475e-05,0.000768466836185988,0.00813996063697275,0.031163685783635,0.0942252231805817
"paraboloid-disk-rep2-n240-r64","paraboloid","disk",2,240,64,"geodesic",128,5.69209092402545e-05,0.150062166051557,1.55488079024676,2.9897558013387,3.14154678319784,5.95125680047381e-06,0.0111763162942662,0.130401700893174,0.441928594329114,0.680183446454076
"paraboloid-disk-rep2-n240-r64","paraboloid","disk",2,240,64,"geodesic",16,0.000331173680116592,0.133009656944665,1.37493040185125,2.87283980241938,3.14028890896555,3.36573864504475e-05,0.00156169054942096,0.0144180353999076,0.0612876626179052,0.162533507351094
"paraboloid-disk-rep2-n240-r64","paraboloid","disk",2,240,64,"geodesic",239,5.69209092402545e-05,0.157483463312666,1.56708823816418,2.98660498190064,3.14154678319784,5.95125680047381e-06,0.0186923447946232,0.227919177926965,0.6840499271827,0.933177634845378
"paraboloid-disk-rep2-n240-r64","paraboloid","disk",2,240,64,"geodesic",32,5.69209092402545e-05,0.149053114105518,1.53408441445503,2.97731604954472,3.14115484977019,5.95125680047381e-06,0.00266064862052877,0.026941427796058,0.121843526514347,0.316569608563423
"paraboloid-disk-rep2-n240-r64","paraboloid","disk",2,240,64,"geodesic",4,0.000331173680116592,0.088318467173012,0.871570747656751,2.30834074857563,3.13308094467866,4.0780702078691e-05,0.000751095157112841,0.00699879519185165,0.0202165714021615,0.0391351793001258
"paraboloid-disk-rep2-n240-r64","paraboloid","disk",2,240,64,"geodesic",64,5.69209092402545e-05,0.142724488962558,1.52357514719772,2.98314855118676,3.14115484977019,5.95125680047381e-06,0.00562064391784808,0.0589146333450786,0.259005904550705,0.449955148780609
"paraboloid-disk-rep2-n240-r64","paraboloid","disk",2,240,64,"geodesic",8,0.000331173680116592,0.123425696011042,1.12548208426088,2.55811138303054,3.13308094467866,3.36573864504475e-05,0.00102957626434936,0.00924793048636174,0.0329769506028926,0.0942252231805817
"paraboloid-disk-rep2-n240-r8","paraboloid","disk",2,240,8,"ambient",128,5.69209092402545e-05,0.143825635820065,1.5018943728838,2.9826766463215,3.14154678319784,5.95125680058484e-06,0.0111987300085016,0.130940276599014,0.441640685504797,0.680183446454076
"paraboloid-disk-rep2-n240-r8","paraboloid","disk",2,240,8,"ambient",16,5.69209092402545e-05,0.056426619542541,0.595811241240322,1.74804501225638,3.13308094467866,4.0780702078691e-05,0.0031956114037882,0.0332000359137761,0.0873882854177335,0.162533507351094
"paraboloid-disk-rep2-n240-r8","paraboloid","disk",2,240,8,"ambient",239,5.69209092402545e-05,0.157483463312666,1.56708823816418,2.98660498190064,3.14154678319784,5.95125680058484e-06,0.0186923447946232,0.227919177926965,0.6840499271827,0.933177634845378
"paraboloid-disk-rep2-n240-r8","paraboloid","disk",2,240,8,"ambient",32,5.69209092402545e-05,0.0790101213949334,0.87313486895445,2.29559359159517,3.13338435631311,3.36573864504475e-05,0.00419400803563298,0.0446014506745558,0.126741223711813,0.316569608563423
"paraboloid-disk-rep2-n240-r8","paraboloid","disk",2,240,8,"ambient",4,5.69209092402545e-05,0.0332724675754098,0.313965340329625,0.92228098671199,2.8450558282389,4.0780702078691e-05,0.00204924319455441,0.0198215486940172,0.0521545112048555,0.0942252231805816
"paraboloid-disk-rep2-n240-r8","paraboloid","disk",2,240,8,"ambient",64,5.69209092402545e-05,0.115257023860019,1.28112808663309,2.90266980660906,3.14115484977019,5.95125680058484e-06,0.00568872176319658,0.0625432163321991,0.256736468492037,0.449955148780609
"paraboloid-disk-rep2-n240-r8","paraboloid","disk",2,240,8,"ambient",8,5.69209092402545e-05,0.0405462986197834,0.424481643234076,1.22931455030882,3.01971068756438,4.0780702078691e-05,0.00237880403595109,0.0241104593576722,0.0692416813935187,0.12265345475704
"paraboloid-disk-rep2-n240-r8","paraboloid","disk",2,240,8,"geodesic",128,5.69209092402545e-05,0.139937001397293,1.4583442027792,2.9509991305677,3.14154678319784,5.95125680058484e-06,0.0112187962655398,0.131891880327901,0.441369330460385,0.6826619027755
"paraboloid-disk-rep2-n240-r8","paraboloid","disk",2,240,8,"geodesic",16,5.69209092402545e-05,0.054977944052251,0.571384785970391,1.52835222895427,3.13308094467866,4.0780702078691e-05,0.0032803106423731,0.0347844492843997,0.0942552187049077,0.186174505248433
"paraboloid-disk-rep2-n240-r8","paraboloid","disk",2,240,8,"geodesic",239,5.69209092402545e-05,0.157483463312666,1.56708823816418,2.98660498190064,3.14154678319784,5.95125680058484e-06,0.0186923447946232,0.227919177926965,0.6840499271827,0.933177634845378
"paraboloid-disk-rep2-n240-r8","paraboloid","disk",2,240,8,"geodesic",32,5.69209092402545e-05,0.0762140049519965,0.808958103530803,2.02377456620455,3.13308094467866,3.36573864504475e-05,0.00493631974633545,0.0505578967710064,0.135577076465209,0.318439492894072
"paraboloid-disk-rep2-n240-r8","paraboloid","disk",2,240,8,"geodesic",4,5.69209092402545e-05,0.0331630501829881,0.307802045852942,0.85020053745744,2.7165080459791,4.0780702078691e-05,0.00204923131109254,0.0199716254551082,0.0545091564002353,0.0942252231805816
"paraboloid-disk-rep2-n240-r8","paraboloid","disk",2,240,8,"geodesic",64,5.69209092402545e-05,0.105739409876985,1.12721413265312,2.59429518981685,3.14049556122907,3.36573864504475e-05,0.00655293513922608,0.0737070031251595,0.256521582016761,0.450509671073868
"paraboloid-disk-rep2-n240-r8","paraboloid","disk",2,240,8,"geodesic",8,5.69209092402545e-05,0.0404986445300315,0.42029965140539,1.10058377224544,3.01289522729095,4.0780702078691e-05,0.00243233573323771,0.0247813160123556,0.0705825336675864,0.12265345475704
"paraboloid-disk-rep3-n240-r1","paraboloid","disk",3,240,1,"ambient",128,9.43536406641243e-05,0.101080539396941,0.988981829601387,2.4499991146773,3.14150463726142,4.14839600003658e-05,0.0202276216330124,0.247487968206563,0.679008107366068,0.915837190439131
"paraboloid-disk-rep3-n240-r1","paraboloid","disk",3,240,1,"ambient",16,0.000247796256648503,0.0232293151632765,0.247776589722007,0.796305749210661,2.9502497178209,6.89445347696327e-05,0.00838265091234778,0.0896335145010736,0.217683165768309,0.320359950577174
"paraboloid-disk-rep3-n240-r1","paraboloid","disk",3,240,1,"ambient",239,9.43536406641243e-05,0.154459321531934,1.55354804555996,2.98518098097759,3.14155974437144,1.18660774587331e-05,0.018852695517273,0.235792004522432,0.676272514227127,0.919062300126469
"paraboloid-disk-rep3-n240-r1","paraboloid","disk",3,240,1,"ambient",32,0.000247796256648503,0.035496543859686,0.371154966503901,1.18340490563467,3.13510766412926,5.71955501242893e-05,0.0110667480454455,0.125805382691062,0.302872959272458,0.428117187424599
"paraboloid-disk-rep3-n240-r1","paraboloid","disk",3,240,1,"ambient",4,0.000247796256648503,0.0112969041838475,0.123396861391916,0.409871694253313,2.54955447228539,6.89445347696327e-05,0.00412359855688693,0.0462304278514073,0.110293258205547,0.165794488826632
"paraboloid-disk-rep3-n240-r1","paraboloid","disk",3,240,1,"ambient",64,9.43536406641243e-05,0.0561046159917323,0.573025598394945,1.67433295343338,3.13770534140645,4.14839600003658e-05,0.0151286478712568,0.181615007802895,0.457686396188796,0.664716604363993
"paraboloid-disk-rep3-n240-r1","paraboloid","disk",3,240,1,"ambient",8,0.000247796256648503,0.0166939090711282,0.170038521205097,0.528067900756526,2.54955447228539,6.89445347696327e-05,0.00539391793789995,0.0641153740441552,0.15323286989656,0.231705287107149
"paraboloid-disk-rep3-n240-r1","paraboloid","disk",3,240,1,"geodesic",128,9.43536406641243e-05,0.100091467851737,0.97816004952546,2.41222918616886,3.14150463726142,4.14839600003658e-05,0.0202900653271878,0.250274400770187,0.690861906700546,0.918282123913474
"paraboloid-disk-rep3-n240-r1","paraboloid","disk",3,240,1,"geodesic",16,0.000247796256648503,0.0232270109615188,0.246701186303633,0.789521640968485,2.9502497178209,6.89445347696327e-05,0.00841549804537191,0.0899953203654704,0.218655320542957,0.320359950577174
"paraboloid-disk-rep3-n240-r1","paraboloid","disk",3,240,1,"geodesic",239,9.43536406641243e-05,0.154459321531934,1.55354804555996,2.98518098097759,3.14155974437144,1.18660774587331e-05,0.018852695517273,0.235792004522432,0.676272514227127,0.919062300126469
"paraboloid-disk-rep3-n240-r1","paraboloid","disk",3,240,1,"geodesic",32,0.000247796256648503,0.0351983036839353,0.368271142494155,1.13814564191298,3.13510766412926,5.71955501242893e-05,0.0110824895736938,0.126618008975601,0.304619004515533,0.428117187424599
"paraboloid-disk-rep3-n240-r1","paraboloid","disk",3,240,1,"geodesic",4,0.000247796256648503,0.0112969041838475,0.123396861391916,0.409871694253313,2.54955447228539,6.89445347696327e-05,0.00412359855688693,0.0462304278514073,0.110293258205547,0.165794488826632
"paraboloid-disk-rep3-n240-r1","paraboloid","disk",3,240,1,"geodesic",64,9.43536406641243e-05,0.0556972217655677,0.565167186207912,1.63498584513598,3.13770534140645,4.14839600003658e-05,0.0151257648026494,0.182792994130828,0.464191913090364,0.680541325071356
"paraboloid-disk-rep3-n240-r1","paraboloid","disk",3,240,1,"geodesic",8,0.000247796256648503,0.0161830872489225,0.169087340144545,0.526634446990652,2.54955447228539,6.89445347696327e-05,0.00538344738067544,0.064338223888296,0.153389270382727,0.231705287107149
"paraboloid-disk-rep3-n240-r16","paraboloid","disk",3,240,16,"ambient",128,0.000247796256648503,0.150903733637852,1.5373507952131,2.98705506157771,3.14150463726142,1.18660774586221e-05,0.011331569917634,0.132630219441209,0.419331587974462,0.647020008775763
"paraboloid-disk-rep3-n240-r16","paraboloid","disk",3,240,16,"ambient",16,0.000522591362908165,0.0848180716904641,0.903123483392143,2.37842954461735,3.13510766412926,2.26065952316779e-05,0.00203009274761535,0.0206569699807184,0.0584269970489733,0.156194210810933
"paraboloid-disk-rep3-n240-r16","paraboloid","disk",3,240,16,"ambient",239,9.43536406640133e-05,0.154459321531934,1.55354804555996,2.98518098097759,3.14155974437144,1.18660774586221e-05,0.0188526955172729,0.235792004522432,0.676272514227126,0.919062300126469
"paraboloid-disk-rep3-n240-r16","paraboloid","disk",3,240,16,"ambient",32,0.000247796256648503,0.112801083149836,1.29010120746839,2.89597199005071,3.13860911945673,1.18660774586221e-05,0.00267624229253916,0.0291691237031085,0.112383187772196,0.254578617306241
"paraboloid-disk-rep3-n240-r16","paraboloid","disk",3,240,16,"ambient",4,0.000522591362908165,0.040853877229024,0.425234051875019,1.19081684257991,2.54955447228539,5.71955501242893e-05,0.00134411121983346,0.0131422696345147,0.0337192102594423,0.0506503159551786
"paraboloid-disk-rep3-n240-r16","paraboloid","disk",3,240,16,"ambient",64,0.000247796256648503,0.144846447904057,1.49782324903086,2.9805771260319,3.14150463726142,1.18660774586221e-05,0.00560851329049015,0.0613155964909551,0.233296765966123,0.433332805966496
"paraboloid-disk-rep3-n240-r16","paraboloid","disk",3,240,16,"ambient",8,0.000522591362908165,0.0571830565803216,0.629647820954875,1.73120990420411,3.13510766412926,4.14839600003658e-05,0.00175818792093718,0.0167114724995434,0.0458884447063452,0.0838021289283638
"paraboloid-disk-rep3-n240-r16","paraboloid","disk",3,240,16,"geodesic",128,0.000247796256648503,0.15011105514919,1.52893605073651,2.98186842522583,3.14150463726142,1.18660774586221e-05,0.0113318043295873,0.132663482335999,0.419306459197099,0.647020008775763
"paraboloid-disk-rep3-n240-r16","paraboloid","disk",3,240,16,"geodesic",16,0.000522591362908165,0.0823583058068063,0.819083541462259,1.97395628214792,3.13510766412926,2.39499065622928e-05,0.00232360988591426,0.0241615566083859,0.0683656101070843,0.156194210810933
"paraboloid-disk-rep3-n240-r16","paraboloid","disk",3,240,16,"geodesic",239,9.43536406640133e-05,0.154459321531934,1.55354804555996,2.98518098097759,3.14155974437144,1.18660774586221e-05,0.0188526955172729,0.235792004522432,0.676272514227126,0.919062300126469
"paraboloid-disk-rep3-n240-r16","paraboloid","disk",3,240,16,"geodesic",32,0.000247796256648503,0.11073019547602,1.13364687622038,2.52661277547785,3.13770534140645,2.26065952316779e-05,0.00321739565245767,0.034940664931943,0.114457239438346,0.254578617306241
"paraboloid-disk-rep3-n240-r16","paraboloid","disk",3,240,16,"geodesic",4,0.000522591362908165,0.0406539490733966,0.400901772732204,1.12369982647545,2.54955447228539,5.71955501242893e-05,0.00143276574616213,0.0134499758287587,0.035698220560999,0.0559355505060852
"paraboloid-disk-rep3-n240-r16","paraboloid","disk",3,240,16,"geodesic",64,0.000247796256648503,0.138018129141468,1.44393920933545,2.93628001183313,3.14150463726142,1.18660774586221e-05,0.00561583613546224,0.0621569822149552,0.233065565936906,0.433332805966496
"paraboloid-disk-rep3-n240-r16","paraboloid","disk",3,240,16,"geodesic",8,0.000522591362908165,0.0546394623986535,0.603636671119937,1.46511482753149,2.9502497178209,4.14839600003658e-05,0.00194371820490399,0.0175044438699699,0.0493744587764927,0.0838021289283638
"paraboloid-disk-rep3-n240-r2","paraboloid","disk",3,240,2,"ambient",128,9.43536406641243e-05,0.110123432254256,1.09901674526703,2.48553675928914,3.14150463726142,2.26065952316779e-05,0.0157226697434074,0.191151237082908,0.49216253973588,0.647020008775763
"paraboloid-disk-rep3-n240-r2","paraboloid","disk",3,240,2,"ambient",16,0.000247796256648503,0.0293877660752076,0.323856704613069,0.897386511889076,2.9502497178209,6.89445347696327e-05,0.00636202507657549,0.0693687350610074,0.166061097156249,0.255385665094566
"paraboloid-disk-rep3-n240-r2","paraboloid","disk",3,240,2,"ambient",239,9.43536406641243e-05,0.154459321531934,1.55354804555996,2.98518098097759,3.14155974437144,1.18660774586221e-05,0.018852695517273,0.235792004522432,0.676272514227127,0.919062300126469
"paraboloid-disk-rep3-n240-r2","paraboloid","disk",3,240,2,"ambient",32,0.000247796256648503,0.0440864525067077,0.46781134551307,1.38145774022741,3.13510766412926,4.14839600003658e-05,0.00866095147031606,0.100552233781987,0.23921019714758,0.347852107395749
"paraboloid-disk-rep3-n240-r2","paraboloid","disk",3,240,2,"ambient",4,0.000522591362908165,0.015323564126612,0.160641718688041,0.463749502277269,2.54955447228539,6.89445347696327e-05,0.0028612968589573,0.0344339600846493,0.0904548285900799,0.127248669966564
"paraboloid-disk-rep3-n240-r2","paraboloid","disk",3,240,2,"ambient",64,0.000247796256648503,0.0666418773562794,0.700994460775532,1.94052409768776,3.13770534140645,4.14839600003658e-05,0.0120012797974158,0.136666221975337,0.334758719148785,0.465576738807134
"paraboloid-disk-rep3-n240-r2","paraboloid","disk",3,240,2,"ambient",8,0.000247796256648503,0.0215084984329617,0.227850730420882,0.650886423637595,2.54955447228539,6.89445347696327e-05,0.00469437625555809,0.049979541788182,0.115404835022577,0.197500100245228
"paraboloid-disk-rep3-n240-r2","paraboloid","disk",3,240,2,"geodesic",128,9.43536406641243e-05,0.10412646436674,1.03438438320626,2.34453071813713,3.14150463726142,2.26065952316779e-05,0.0167881732093455,0.207100996963018,0.544323567419795,0.757502874974686
"paraboloid-disk-rep3-n240-r2","paraboloid","disk",3,240,2,"geodesic",16,0.000247796256648503,0.0291364786840923,0.319149103744498,0.87405909830961,2.9502497178209,6.89445347696327e-05,0.0065689871013976,0.0703600752086242,0.169032349550927,0.255385665094566
"paraboloid-disk-rep3-n240-r2","paraboloid","disk",3,240,2,"geodesic",239,9.43536406641243e-05,0.154459321531934,1.55354804555996,2.98518098097759,3.14155974437144,1.18660774586221e-05,0.018852695517273,0.235792004522432,0.676272514227127,0.919062300126469
"paraboloid-disk-rep3-n240-r2","paraboloid","disk",3,240,2,"geodesic",32,0.000247796256648503,0.0435575850053923,0.46000625708056,1.32872623554659,3.13510766412926,4.14839600003658e-05,0.00873815022747237,0.101817775618115,0.240979560408418,0.347852107395749
"paraboloid-disk-rep3-n240-r2","paraboloid","disk",3,240,2,"geodesic",4,0.000522591362908165,0.015323564126612,0.160641718688041,0.459655026995779,2.54955447228539,6.89445347696327e-05,0.0028612968589573,0.0346696655467536,0.0914477189248005,0.165794488826632
"paraboloid-disk-rep3-n240-r2","paraboloid","disk",3,240,2,"geodesic",64,0.000247796256648503,0.0652832118563101,0.677602277761252,1.79612351460818,3.13770534140645,4.14839600003658e-05,0.0123874840169152,0.141572659528218,0.349865369293307,0.494747218617457
"paraboloid-disk-rep3-n240-r2","paraboloid","disk",3,240,2,"geodesic",8,0.000247796256648503,0.0215155608563861,0.226653524265993,0.627072378836839,2.54955447228539,6.89445347696327e-05,0.00469705045059702,0.0506578570852876,0.117657326745825,0.197500100245228
"paraboloid-disk-rep3-n240-r32","paraboloid","disk",3,240,32,"ambient",128,0.000247796256648503,0.152037447438325,1.54623792367791,2.98731540121661,3.14150463726142,1.18660774586221e-05,0.011331478545905,0.132600893825135,0.419336282982514,0.647020008775763
"paraboloid-disk-rep3-n240-r32","paraboloid","disk",3,240,32,"ambient",16,0.000522591362908165,0.116204495590465,1.2436843031402,2.84600124656481,3.13860911945673,1.18660774586221e-05,0.00150332662684816,0.0156570495063457,0.0516876981094483,0.156194210810933
"paraboloid-disk-rep3-n240-r32","paraboloid","disk",3,240,32,"ambient",239,9.43536406641243e-05,0.154459321531934,1.55354804555996,2.98518098097759,3.14155974437144,1.18660774586221e-05,0.0188526955172729,0.235792004522432,0.676272514227126,0.919062300126469
"paraboloid-disk-rep3-n240-r32","paraboloid","disk",3,240,32,"ambient",32,0.000247796256648503,0.129521209437287,1.476328544945,2.97496686380266,3.14122011184666,1.18660774586221e-05,0.00265156612919075,0.0279284594045892,0.109703727736995,0.254578617306241
"paraboloid-disk-rep3-n240-r32","paraboloid","disk",3,240,32,"ambient",4,0.000522591362908165,0.0596972449727229,0.644818639958458,1.87084717340032,3.13510766412926,4.14839600004768e-05,0.000801325379697867,0.00863923674098072,0.0230584890200896,0.0506503159551786
"paraboloid-disk-rep3-n240-r32","paraboloid","disk",3,240,32,"ambient",64,0.000247796256648503,0.151058360977834,1.5498974885296,2.98921947259577,3.14150463726142,1.18660774586221e-05,0.00560712843387693,0.0611396556595614,0.233457362997405,0.433332805966496
"paraboloid-disk-rep3-n240-r32","paraboloid","disk",3,240,32,"ambient",8,0.000522591362908165,0.086125887885897,0.906090467559846,2.4201881191054,3.13510766412926,2.26065952316779e-05,0.00102173085084752,0.0113000580149354,0.0312855525297617,0.0838021289283638
"paraboloid-disk-rep3-n240-r32","paraboloid","disk",3,240,32,"geodesic",128,0.000247796256648503,0.152040550499252,1.5441633759304,2.98706557236829,3.14150463726142,1.18660774586221e-05,0.0113315242317695,0.132615023077114,0.419333935478488,0.647020008775763
"paraboloid-disk-rep3-n240-r32","paraboloid","disk",3,240,32,"geodesic",16,0.000522591362908165,0.109851336255566,1.10303831431766,2.53766216890143,3.13510766412926,2.26065952316779e-05,0.001728200665637,0.0176854387295182,0.0530068935763098,0.156194210810933
"paraboloid-disk-rep3-n240-r32","paraboloid","disk",3,240,32,"geodesic",239,9.43536406641243e-05,0.154459321531934,1.55354804555996,2.98518098097759,3.14155974437144,1.18660774586221e-05,0.0188526955172729,0.235792004522432,0.676272514227126,0.919062300126469
"paraboloid-disk-rep3-n240-r32","paraboloid","disk",3,240,32,"geodesic",32,0.000247796256648503,0.125216748165135,1.41338411445332,2.92561259309415,3.13860911945673,1.18660774586221e-05,0.0026748659486826,0.0282941743302361,0.110187455346688,0.254578617306241
"paraboloid-disk-rep3-n240-r32","paraboloid","disk",3,240,32,"geodesic",4,0.000522591362908165,0.0582692036495123,0.624425376026349,1.6889271669266,2.74672140107808,4.91779613447374e-05,0.000866621127474848,0.00940014959875457,0.0264477269299268,0.0506503159551786
"paraboloid-disk-rep3-n240-r32","paraboloid","disk",3,240,32,"geodesic",64,0.000247796256648503,0.149726117967988,1.53872226529743,2.98290720165745,3.14150463726142,1.18660774586221e-05,0.00560578905045124,0.0611307107988835,0.233472997640154,0.433332805966496
"paraboloid-disk-rep3-n240-r32","paraboloid","disk",3,240,32,"geodesic",8,0.000522591362908165,0.0818439019689447,0.81747554641262,2.08675374548699,3.13510766412926,2.26065952316779e-05,0.00118539907386848,0.0129994161495604,0.0355401920402989,0.0838021289283638
"paraboloid-disk-rep3-n240-r4","paraboloid","disk",3,240,4,"ambient",128,0.000247796256648947,0.138341717248024,1.40115964373099,2.94539675958792,3.14150463726142,1.18660774586221e-05,0.0116535695938054,0.137112119683926,0.416892889395777,0.647020008775763
"paraboloid-disk-rep3-n240-r4","paraboloid","disk",3,240,4,"ambient",16,0.000247796256648947,0.0389707878813327,0.433460689219545,1.13665082283922,3.13510766412926,4.14839600003658e-05,0.00428586185427204,0.0499136713264327,0.121538545979141,0.214247838692201
"paraboloid-disk-rep3-n240-r4","paraboloid","disk",3,240,4,"ambient",239,9.43536406641243e-05,0.154459321531934,1.55354804555996,2.98518098097759,3.14155974437144,1.18660774586221e-05,0.0188526955172729,0.235792004522432,0.676272514227127,0.919062300126469
"paraboloid-disk-rep3-n240-r4","paraboloid","disk",3,240,4,"ambient",32,0.000247796256648947,0.0598265962162108,0.647271707852181,1.67290868689047,3.13510766412926,4.14839600003658e-05,0.00623199221177465,0.0702751845994717,0.172893328865413,0.289560369368814
"paraboloid-disk-rep3-n240-r4","paraboloid","disk",3,240,4,"ambient",4,0.000522591362908165,0.0255254497477389,0.21796484207662,0.621512497632255,2.54955447228539,6.89445347696327e-05,0.0026593799261029,0.0254322409087712,0.0686090131979464,0.109435939178724
"paraboloid-disk-rep3-n240-r4","paraboloid","disk",3,240,4,"ambient",64,0.000247796256648947,0.0951432318691522,0.954659668785748,2.35368381600883,3.13955752379015,2.26065952316779e-05,0.00818324990965214,0.0955104156042332,0.243194114701649,0.433332805966496
"paraboloid-disk-rep3-n240-r4","paraboloid","disk",3,240,4,"ambient",8,0.000247796256648947,0.0291618729301034,0.299623519554364,0.807718379952603,2.9502497178209,6.89445347696327e-05,0.00379407213947545,0.0353584900194187,0.0913304285926053,0.165794488826632
"paraboloid-disk-rep3-n240-r4","paraboloid","disk",3,240,4,"geodesic",128,0.000247796256648947,0.124752058422637,1.23973812999416,2.612373849754,3.14150463726142,2.26065952316779e-05,0.0134459826736313,0.161799103031824,0.423473225246539,0.647020008775763
"paraboloid-disk-rep3-n240-r4","paraboloid","disk",3,240,4,"geodesic",16,0.000247796256648947,0.0385306447741433,0.427511261995411,1.10213873707449,3.01853318634494,4.14839600003658e-05,0.0045269838660393,0.0511732133854381,0.123617106138197,0.214247838692201
"paraboloid-disk-rep3-n240-r4","paraboloid","disk",3,240,4,"geodesic",239,9.43536406641243e-05,0.154459321531934,1.55354804555996,2.98518098097759,3.14155974437144,1.18660774586221e-05,0.0188526955172729,0.235792004522432,0.676272514227127,0.919062300126469
"paraboloid-disk-rep3-n240-r4","paraboloid","disk",3,240,4,"geodesic",32,0.000247796256648947,0.0579233839861274,0.622752746944537,1.56657980890279,3.13510766412926,4.14839600003658e-05,0.00677343995835089,0.0737004906618018,0.180504800104896,0.299553667561045
"paraboloid-disk-rep3-n240-r4","paraboloid","disk",3,240,4,"geodesic",4,0.000522591362908165,0.0255254497477389,0.214320891445548,0.617815966052368,2.54955447228539,6.89445347696327e-05,0.0026593799261029,0.0258663840045696,0.0691013803342999,0.109435939178724
"paraboloid-disk-rep3-n240-r4","paraboloid","disk",3,240,4,"geodesic",64,0.000247796256648947,0.0875050388031379,0.881654959474657,2.08954094093217,3.13770534140645,2.39499065622928e-05,0.00897418280035027,0.105730552671885,0.260027259696565,0.443821861153706
"paraboloid-disk-rep3-n240-r4","paraboloid","disk",3,240,4,"geodesic",8,0.000247796256648947,0.0280874049696795,0.296585519447285,0.796163229400279,2.9502497178209,6.89445347696327e-05,0.00390147559735245,0.0355439170030304,0.0952436888465631,0.197500100245228
"paraboloid-disk-rep3-n240-r64","paraboloid","disk",3,240,64,"ambient",128,0.000247796256648503,0.153289920431273,1.54938955113233,2.98855006085013,3.14150463726142,1.18660774586221e-05,0.0113314328600405,0.132586764573156,0.419338630486541,0.647020008775763
"paraboloid-disk-rep3-n240-r64","paraboloid","disk",3,240,64,"ambient",16,0.000522591362908165,0.148461779909792,1.44941476768424,2.97843771470252,3.13860911945673,1.18660774586221e-05,0.00143235237272007,0.0145551611963834,0.05101825819837,0.156194210810933
"paraboloid-disk-rep3-n240-r64","paraboloid","disk",3,240,64,"ambient",239,9.43536406641798e-05,0.154459321531934,1.55354804555996,2.98518098097759,3.14155974437144,1.18660774586221e-05,0.0188526955172729,0.235792004522432,0.676272514227127,0.919062300126469
"paraboloid-disk-rep3-n240-r64","paraboloid","disk",3,240,64,"ambient",32,0.000247796256648503,0.136421493136111,1.53248379486596,2.98890674520915,3.14122011184666,1.18660774586221e-05,0.00265772326819771,0.0279341739960157,0.109568302416182,0.254578617306241
"paraboloid-disk-rep3-n240-r64","paraboloid","disk",3,240,64,"ambient",4,0.000522591362908165,0.0795690840601621,0.946857989379691,2.51094304089446,3.13510766412926,1.18660774586221e-05,0.000491150445772703,0.00565549197999826,0.0173027425839153,0.0506503159551786
"paraboloid-disk-rep3-n240-r64","paraboloid","disk",3,240,64,"ambient",64,0.000247796256648503,0.152000210707204,1.55616308075159,2.98940994246699,3.14150463726142,1.18660774586221e-05,0.00560847160673491,0.061173267044836,0.233429648155612,0.433332805966496
"paraboloid-disk-rep3-n240-r64","paraboloid","disk",3,240,64,"ambient",8,0.000522591362908165,0.123977823769241,1.25639406541423,2.86492594837084,3.13860911945673,1.18660774586221e-05,0.000756996875614641,0.00861545248898987,0.0281924021577373,0.0838021289283638
"paraboloid-disk-rep3-n240-r64","paraboloid","disk",3,240,64,"geodesic",128,0.000247796256648503,0.152620714057236,1.54735800473565,2.98731540121661,3.14150463726142,1.18660774586221e-05,0.011331478545905,0.132600893825135,0.419336282982514,0.647020008775763
"paraboloid-disk-rep3-n240-r64","paraboloid","disk",3,240,64,"geodesic",16,0.000522591362908165,0.137168443716592,1.36022538263661,2.90223185088834,3.13860911945673,1.18660774586221e-05,0.00146942639851111,0.0149949102924386,0.0510643997546438,0.156194210810933
"paraboloid-disk-rep3-n240-r64","paraboloid","disk",3,240,64,"geodesic",239,9.43536406641798e-05,0.154459321531934,1.55354804555996,2.98518098097759,3.14155974437144,1.18660774586221e-05,0.0188526955172729,0.235792004522432,0.676272514227127,0.919062300126469
"paraboloid-disk-rep3-n240-r64","paraboloid","disk",3,240,64,"geodesic",32,0.000247796256648503,0.13564163671639,1.51621179724834,2.9786923906241,3.14122011184666,1.18660774586221e-05,0.00265635812756335,0.0279415874806221,0.109594361155435,0.254578617306241
"paraboloid-disk-rep3-n240-r64","paraboloid","disk",3,240,64,"geodesic",4,0.000522591362908165,0.0783331245116035,0.869290696431471,2.23026480189566,3.13510766412926,2.26065952316779e-05,0.000628648660411801,0.00655311419607962,0.018287112363332,0.0506503159551786
"paraboloid-disk-rep3-n240-r64","paraboloid","disk",3,240,64,"geodesic",64,0.000247796256648503,0.151960885470418,1.55424285663592,2.98922848813426,3.14150463726142,1.18660774586221e-05,0.00560311028359986,0.0611249270285528,0.233504266925652,0.433332805966496
"paraboloid-disk-rep3-n240-r64","paraboloid","disk",3,240,64,"geodesic",8,0.000522591362908165,0.110773378448512,1.10514219992598,2.54319525019516,3.13510766412926,2.26065952316779e-05,0.00084026740760659,0.00960786656804086,0.0295609503912995,0.0838021289283638
"paraboloid-disk-rep3-n240-r8","paraboloid","disk",3,240,8,"ambient",128,0.000247796256648058,0.148608920815031,1.50788536383686,2.98003571413503,3.14150463726142,1.18660774587331e-05,0.0113431896945343,0.132922189136805,0.418737656179111,0.647020008775763
"paraboloid-disk-rep3-n240-r8","paraboloid","disk",3,240,8,"ambient",16,0.000247796256648058,0.0544847173755608,0.618009703836414,1.65645559799086,3.13510766412926,4.14839600003658e-05,0.00299826675765169,0.0326280151014692,0.085560378795018,0.156194210810933
"paraboloid-disk-rep3-n240-r8","paraboloid","disk",3,240,8,"ambient",239,9.43536406641243e-05,0.154459321531934,1.55354804555996,2.98518098097759,3.14155974437144,1.18660774587331e-05,0.0188526955172729,0.235792004522432,0.676272514227127,0.919062300126469
"paraboloid-disk-rep3-n240-r8","paraboloid","disk",3,240,8,"ambient",32,0.000247796256648058,0.0850188113924971,0.90453559378111,2.4035984647945,3.13770534140645,2.26065952316779e-05,0.00402571330576518,0.0447406868364626,0.122628130289215,0.254578617306241
"paraboloid-disk-rep3-n240-r8","paraboloid","disk",3,240,8,"ambient",4,0.000522591362908165,0.0352268083360301,0.304252390654637,0.811422253690904,2.54955447228539,6.89445347696327e-05,0.00214933177452662,0.0175745708720696,0.0490902995999559,0.0830219527153692
"paraboloid-disk-rep3-n240-r8","paraboloid","disk",3,240,8,"ambient",64,0.000247796256648058,0.125515590394232,1.3030920731277,2.90431041370485,3.14150463726142,1.18660774587331e-05,0.00574366848261865,0.0645018658942594,0.228182010543344,0.433332805966496
"paraboloid-disk-rep3-n240-r8","paraboloid","disk",3,240,8,"ambient",8,0.000522591362908165,0.0389930064748893,0.440999731628279,1.11813063157738,2.9502497178209,4.14839600003658e-05,0.00245148370276479,0.0240795933983773,0.0649248339087506,0.11020515556329
"paraboloid-disk-rep3-n240-r8","paraboloid","disk",3,240,8,"geodesic",128,0.000247796256648058,0.144319085716355,1.47176137058319,2.95535292966551,3.14150463726142,1.18660774587331e-05,0.0113772180303354,0.134028023590645,0.417923379652474,0.647020008775763
"paraboloid-disk-rep3-n240-r8","paraboloid","disk",3,240,8,"geodesic",16,0.000247796256648058,0.0530267252068823,0.596661252432738,1.45391160588552,3.13510766412926,4.14839600003658e-05,0.00314415153577392,0.0344219829796817,0.0910131095023572,0.170934669897306
"paraboloid-disk-rep3-n240-r8","paraboloid","disk",3,240,8,"geodesic",239,9.43536406641243e-05,0.154459321531934,1.55354804555996,2.98518098097759,3.14155974437144,1.18660774587331e-05,0.0188526955172729,0.235792004522432,0.676272514227127,0.919062300126469
"paraboloid-disk-rep3-n240-r8","paraboloid","disk",3,240,8,"geodesic",32,0.000247796256648058,0.0802028229483424,0.834927450376883,1.98565072806961,3.13510766412926,2.26065952316779e-05,0.00437203208626068,0.0512024966379382,0.135398902795905,0.259630644736087
"paraboloid-disk-rep3-n240-r8","paraboloid","disk",3,240,8,"geodesic",4,0.000522591362908165,0.0352238533130895,0.297956639042684,0.798058860498616,2.50832407316241,6.89445347696327e-05,0.0022026113563765,0.0178678387165759,0.0498984352719456,0.0837331843935942
"paraboloid-disk-rep3-n240-r8","paraboloid","disk",3,240,8,"geodesic",64,0.000247796256648058,0.113699981496997,1.15938359182834,2.54958678104301,3.13955752379015,2.26065952316779e-05,0.00662519683187914,0.0769317305671515,0.227957874469125,0.433332805966496
"paraboloid-disk-rep3-n240-r8","paraboloid","disk",3,240,8,"geodesic",8,0.000522591362908165,0.0386035574606619,0.433125670285282,1.04659403081871,2.9502497178209,5.71955501242893e-05,0.00261307666132934,0.0253010356899735,0.067800623359987,0.11499911939122
"paraboloid-surface_area-rep1-n240-r1","paraboloid","surface_area",1,240,1,"ambient",128,1.19982358592896e-05,0.0953188695745357,0.967088579579318,2.23685493162746,3.14139308332409,1.76705437920921e-05,0.0191293121440659,0.216284023983479,0.624273379789304,0.891769044224044
"paraboloid-surface_area-rep1-n240-r1","paraboloid","surface_area",1,240,1,"ambient",16,1.19982358592896e-05,0.0257167231969753,0.238090537996043,0.63299104090984,3.13609251162862,2.72128909509783e-05,0.00800111487528097,0.0835906222899586,0.204953328342578,0.289728827447988
"paraboloid-surface_area-rep1-n240-r1","paraboloid","surface_area",1,240,1,"ambient",239,1.19982358592896e-05,0.159135816001698,1.57304693560022,2.98533756581357,3.14142676971416,1.76705437920921e-05,0.017558608041091,0.204158063371407,0.615956817815135,0.891769044224044
"paraboloid-surface_area-rep1-n240-r1","paraboloid","surface_area",1,240,1,"ambient",32,1.19982358592896e-05,0.0358834753469569,0.345794521224612,0.954720913154046,3.13609251162862,1.76705437920921e-05,0.0106018941257526,0.116791345622895,0.290762990135878,0.421500590897546
"paraboloid-surface_area-rep1-n240-r1","paraboloid","surface_area",1,240,1,"ambient",4,1.19982358592896e-05,0.0158415758863617,0.117537596447179,0.378555166298525,1.46613031692058,0.00033097370160573,0.00523750532147479,0.0451884094722896,0.114267972929708,0.190436333512435
"paraboloid-surface_area-rep1-n240-r1","paraboloid","surface_area",1,240,1,"ambient",64,1.19982358592896e-05,0.054267519276444,0.529988233219835,1.42934765401339,3.13609251162862,1.76705437920921e-05,0.0149445666995218,0.161378471477338,0.435910292617835,0.581438662311752
"paraboloid-surface_area-rep1-n240-r1","paraboloid","surface_area",1,240,1,"ambient",8,1.19982358592896e-05,0.0195618060972479,0.164227844328832,0.489273604228838,2.65087770360886,2.72128909509783e-05,0.00557909806262622,0.06113691345028,0.150672698547044,0.218505653154115
"paraboloid-surface_area-rep1-n240-r1","paraboloid","surface_area",1,240,1,"geodesic",128,1.19982358592896e-05,0.0944073204509103,0.95674958767504,2.16577071181071,3.14139308332409,1.76705437920921e-05,0.0191578349668853,0.218421725613099,0.633749622493926,0.891769044224044
"paraboloid-surface_area-rep1-n240-r1","paraboloid","surface_area",1,240,1,"geodesic",16,1.19982358592896e-05,0.0257167384802059,0.237026378773092,0.63291772824409,3.13609251162862,2.72128909509783e-05,0.00802903761433451,0.0842070936497415,0.206499543659134,0.290260050589437
"paraboloid-surface_area-rep1-n240-r1","paraboloid","surface_area",1,240,1,"geodesic",239,1.19982358592896e-05,0.159135816001698,1.57304693560022,2.98533756581357,3.14142676971416,1.76705437920921e-05,0.017558608041091,0.204158063371407,0.615956817815135,0.891769044224044
"paraboloid-surface_area-rep1-n240-r1","paraboloid","surface_area",1,240,1,"geodesic",32,1.19982358592896e-05,0.0358875323021497,0.344313396505002,0.954063729964586,3.13609251162862,1.76705437920921e-05,0.010621217796671,0.117332384140769,0.293300935351034,0.441717552009821
"paraboloid-surface_area-rep1-n240-r1","paraboloid","surface_area",1,240,1,"geodesic",4,1.19982358592896e-05,0.0158415758863617,0.117537596447179,0.375561143618984,1.46613031692058,0.00033097370160573,0.00532091587878532,0.045224006012017,0.116109003398861,0.190436333512435
"paraboloid-surface_area-rep1-n240-r1","paraboloid","surface_area",1,240,1,"geodesic",64,1.19982358592896e-05,0.0533784370600551,0.526415006369365,1.39570303422064,3.13609251162862,1.76705437920921e-05,0.0149806846109869,0.163639073310384,0.441942756575599,0.594429623096285
"paraboloid-surface_area-rep1-n240-r1","paraboloid","surface_area",1,240,1,"geodesic",8,1.19982358592896e-05,0.0195654208277676,0.163989959867053,0.489161049033257,2.65087770360886,2.72128909509783e-05,0.00568918868869872,0.0613449669741134,0.151115706872852,0.218505653154115
"paraboloid-surface_area-rep1-n240-r16","paraboloid","surface_area",1,240,16,"ambient",128,1.19982358592896e-05,0.15813315365592,1.57180977063835,2.98086901113717,3.14142676971416,1.68153394758397e-05,0.00927778836811862,0.101039528193428,0.354137160209252,0.620195315030588
"paraboloid-surface_area-rep1-n240-r16","paraboloid","surface_area",1,240,16,"ambient",16,1.19982358592896e-05,0.0738841309158605,0.759712993919285,2.12051803872397,3.13609251162863,1.68153394758397e-05,0.00194423236512553,0.020673223192986,0.05911495850679,0.220985175340573
"paraboloid-surface_area-rep1-n240-r16","paraboloid","surface_area",1,240,16,"ambient",239,1.19982358592896e-05,0.159135816001698,1.57304693560022,2.98533756581357,3.14142676971416,1.68153394758397e-05,0.0153492288219786,0.17908589982225,0.545286201963317,0.81135426030523
"paraboloid-surface_area-rep1-n240-r16","paraboloid","surface_area",1,240,16,"ambient",32,1.19982358592896e-05,0.10719021134158,1.1307573685505,2.77552917073256,3.13799930544106,1.68153394758397e-05,0.00259030723864764,0.0268923181836383,0.121015839794507,0.322828754569979
"paraboloid-surface_area-rep1-n240-r16","paraboloid","surface_area",1,240,16,"ambient",4,1.19982358592896e-05,0.0374994926553348,0.395289489749405,1.18597264892292,2.86524107676466,1.68153394758397e-05,0.000929559882313341,0.0115348927018931,0.032402485905399,0.0703685518661456
"paraboloid-surface_area-rep1-n240-r16","paraboloid","surface_area",1,240,16,"ambient",64,1.19982358592896e-05,0.137553465256244,1.46613031692058,2.96193975845968,3.1413930833241,1.68153394758397e-05,0.00445356045574077,0.0458058683249523,0.210918943631354,0.441023387519799
"paraboloid-surface_area-rep1-n240-r16","paraboloid","surface_area",1,240,16,"ambient",8,1.19982358592896e-05,0.0571761291801675,0.525487478118325,1.54253484705062,3.13609251162863,1.68153394758397e-05,0.001308243866362,0.0158634098229765,0.0405811513893489,0.158272218753585
"paraboloid-surface_area-rep1-n240-r16","paraboloid","surface_area",1,240,16,"geodesic",128,1.19982358592896e-05,0.15605093168354,1.55263451421346,2.97651477060017,3.14142676971416,1.68153394758397e-05,0.00927413107701097,0.100808044203935,0.354177744515949,0.620195315030588
"paraboloid-surface_area-rep1-n240-r16","paraboloid","surface_area",1,240,16,"geodesic",16,1.19982358592896e-05,0.0683648404240411,0.699389209495939,1.81498600537406,3.13609251162863,1.68153394758397e-05,0.00217189153854619,0.022343419803237,0.0657359173843015,0.220985175340573
"paraboloid-surface_area-rep1-n240-r16","paraboloid","surface_area",1,240,16,"geodesic",239,1.19982358592896e-05,0.159135816001698,1.57304693560022,2.98533756581357,3.14142676971416,1.68153394758397e-05,0.0153492288219786,0.17908589982225,0.545286201963317,0.81135426030523
"paraboloid-surface_area-rep1-n240-r16","paraboloid","surface_area",1,240,16,"geodesic",32,1.19982358592896e-05,0.102768328146616,0.990277126045767,2.36368329433344,3.13609251162863,1.68153394758397e-05,0.00309546622671637,0.0321968209270397,0.121021725163323,0.322828754569979
"paraboloid-surface_area-rep1-n240-r16","paraboloid","surface_area",1,240,16,"geodesic",4,1.19982358592896e-05,0.0374994926553348,0.382892490779557,1.11273519265722,2.65087770360886,1.68153394758397e-05,0.00102797502821407,0.0117883963106786,0.0341634523710126,0.104004800251019
"paraboloid-surface_area-rep1-n240-r16","paraboloid","surface_area",1,240,16,"geodesic",64,1.19982358592896e-05,0.126564810209798,1.3478126655417,2.84294778165329,3.1413930833241,1.68153394758397e-05,0.00472699217689551,0.0489271855827493,0.211006767255571,0.44238758655953
"paraboloid-surface_area-rep1-n240-r16","paraboloid","surface_area",1,240,16,"geodesic",8,1.19982358592896e-05,0.055815034886245,0.505949722137107,1.36237284500618,3.13609251162863,1.68153394758397e-05,0.00132376822251243,0.0166274794363759,0.0443817284145278,0.158272218753585
"paraboloid-surface_area-rep1-n240-r2","paraboloid","surface_area",1,240,2,"ambient",128,1.19982358592896e-05,0.0993462579468522,1.01859662210066,2.37666935620459,3.1413930833241,1.82592136430126e-05,0.0149413068196313,0.161130460834206,0.456816521193574,0.683377123702544
"paraboloid-surface_area-rep1-n240-r2","paraboloid","surface_area",1,240,2,"ambient",16,1.19982358592896e-05,0.0320313835929338,0.288190626173411,0.733448467255473,3.13609251162863,2.50105955408308e-05,0.0060662489247012,0.062476870044712,0.159163307907536,0.299027883812614
"paraboloid-surface_area-rep1-n240-r2","paraboloid","surface_area",1,240,2,"ambient",239,1.19982358592896e-05,0.159135816001698,1.57304693560022,2.98533756581357,3.14142676971416,1.82592136430126e-05,0.0162246068058897,0.189640617995606,0.58221244512996,0.863291028697794
"paraboloid-surface_area-rep1-n240-r2","paraboloid","surface_area",1,240,2,"ambient",32,1.19982358592896e-05,0.0449673133927174,0.414250948987663,1.12592939373803,3.13609251162863,1.82592136430126e-05,0.00784084954220279,0.0857307853685828,0.217212222112027,0.384519095770436
"paraboloid-surface_area-rep1-n240-r2","paraboloid","surface_area",1,240,2,"ambient",4,1.19982358592896e-05,0.0178040341056555,0.149464836906009,0.457677462064371,2.65087770360886,2.50105955408308e-05,0.00280073141161648,0.0321532386647931,0.0961659582076482,0.207842374912352
"paraboloid-surface_area-rep1-n240-r2","paraboloid","surface_area",1,240,2,"ambient",64,1.19982358592896e-05,0.0643581564041327,0.633868299813556,1.69364069677168,3.13609251162863,1.82592136430126e-05,0.0110332139084242,0.11739678605833,0.307654095876728,0.499243847698395
"paraboloid-surface_area-rep1-n240-r2","paraboloid","surface_area",1,240,2,"ambient",8,1.19982358592896e-05,0.0229227000828049,0.205772888263199,0.53561444749913,2.65087770360886,2.50105955408308e-05,0.00481918300734262,0.0443122270360611,0.117740841582947,0.235861811204652
"paraboloid-surface_area-rep1-n240-r2","paraboloid","surface_area",1,240,2,"geodesic",128,1.19982358592896e-05,0.0953866837901138,0.972744233359281,2.13685729099289,3.1413930833241,1.82592136430126e-05,0.0158009007579933,0.17339514788848,0.491231846179222,0.698410437615583
"paraboloid-surface_area-rep1-n240-r2","paraboloid","surface_area",1,240,2,"geodesic",16,1.19982358592896e-05,0.0306297029703946,0.285772305909453,0.72590208376662,3.13609251162863,2.50105955408308e-05,0.00606981636203381,0.0633941108909657,0.163617400207448,0.30317421328173
"paraboloid-surface_area-rep1-n240-r2","paraboloid","surface_area",1,240,2,"geodesic",239,1.19982358592896e-05,0.159135816001698,1.57304693560022,2.98533756581357,3.14142676971416,1.82592136430126e-05,0.0162246068058897,0.189640617995606,0.58221244512996,0.863291028697794
"paraboloid-surface_area-rep1-n240-r2","paraboloid","surface_area",1,240,2,"geodesic",32,1.19982358592896e-05,0.044729092241679,0.40691888299132,1.05785012604746,3.13609251162863,1.82592136430126e-05,0.00798073156702768,0.0877259866178873,0.223102692337472,0.403303674104973
"paraboloid-surface_area-rep1-n240-r2","paraboloid","surface_area",1,240,2,"geodesic",4,1.19982358592896e-05,0.0177806348451517,0.148813042317848,0.445545010738587,1.46613031692058,2.50105955408308e-05,0.00278241345314001,0.0323538038210312,0.0970579344269699,0.207842374912352
"paraboloid-surface_area-rep1-n240-r2","paraboloid","surface_area",1,240,2,"geodesic",64,1.19982358592896e-05,0.0633156114554155,0.61671806214645,1.57769591601157,3.13609251162863,1.82592136430126e-05,0.0113696034957456,0.122740259580636,0.323078247219054,0.513376041672553
"paraboloid-surface_area-rep1-n240-r2","paraboloid","surface_area",1,240,2,"geodesic",8,1.19982358592896e-05,0.0229273682608033,0.205389429528251,0.535582142913356,2.65087770360886,2.50105955408308e-05,0.00482033671161095,0.0445679739730557,0.118836298119461,0.235861811204652
"paraboloid-surface_area-rep1-n240-r32","paraboloid","surface_area",1,240,32,"ambient",128,1.19982358592896e-05,0.161525521166147,1.58241875435131,2.9825731593837,3.14142676971416,1.67653122283284e-05,0.00929442988825356,0.101074552961157,0.353467561198865,0.618721049784796
"paraboloid-surface_area-rep1-n240-r32","paraboloid","surface_area",1,240,32,"ambient",16,1.19982358592896e-05,0.102701688356259,1.12618137018612,2.75712787645405,3.13609251162863,1.67653122283284e-05,0.00128760081852411,0.0144355277767381,0.0578473025664767,0.215355595822138
"paraboloid-surface_area-rep1-n240-r32","paraboloid","surface_area",1,240,32,"ambient",239,1.19982358592896e-05,0.159135816001698,1.57304693560022,2.98533756581357,3.14142676971416,1.67653122283284e-05,0.0153335674648449,0.17887977188323,0.544550672429402,0.809729852231861
"paraboloid-surface_area-rep1-n240-r32","paraboloid","surface_area",1,240,32,"ambient",32,1.19982358592896e-05,0.128147404084751,1.46168711144309,2.95936749192099,3.1381372934505,1.67653122283284e-05,0.00203780864431105,0.0218581291271406,0.120897623281606,0.32170365104093
"paraboloid-surface_area-rep1-n240-r32","paraboloid","surface_area",1,240,32,"ambient",4,0.0082243486797049,0.0621708049597327,0.563859464394203,1.63606246160494,3.13054483253329,1.67653122283284e-05,0.000634480482772326,0.00776755286493291,0.0214904228766676,0.0699331964448955
"paraboloid-surface_area-rep1-n240-r32","paraboloid","surface_area",1,240,32,"ambient",64,1.19982358592896e-05,0.15407074286843,1.56540931733058,2.97939070630281,3.14139308332409,1.67653122283284e-05,0.00446393834388381,0.045882678247073,0.210413490416553,0.439733165508342
"paraboloid-surface_area-rep1-n240-r32","paraboloid","surface_area",1,240,32,"ambient",8,1.19982358592896e-05,0.0707174876976094,0.78780828060023,2.22540986837525,3.13609251162863,1.67653122283284e-05,0.00103021137352044,0.0106055351701673,0.0300377201632739,0.157505778458827
"paraboloid-surface_area-rep1-n240-r32","paraboloid","surface_area",1,240,32,"geodesic",128,1.19982358592896e-05,0.161369807916246,1.5787370726732,2.98182326086669,3.14142676971416,1.67653122283284e-05,0.009285144246105,0.101041183078643,0.3535150392228,0.618721049784796
"paraboloid-surface_area-rep1-n240-r32","paraboloid","surface_area",1,240,32,"geodesic",16,1.19982358592896e-05,0.0900517910726375,0.99066248584894,2.3744880325888,3.13609251162863,1.67653122283284e-05,0.00161725997923858,0.0164175255651464,0.0579672794672075,0.215355595822138
"paraboloid-surface_area-rep1-n240-r32","paraboloid","surface_area",1,240,32,"geodesic",239,1.19982358592896e-05,0.159135816001698,1.57304693560022,2.98533756581357,3.14142676971416,1.67653122283284e-05,0.0153335674648449,0.17887977188323,0.544550672429402,0.809729852231861
"paraboloid-surface_area-rep1-n240-r32","paraboloid","surface_area",1,240,32,"geodesic",32,1.19982358592896e-05,0.121692498390257,1.32749577269893,2.8368815425387,3.13799930544106,1.67653122283284e-05,0.00222919382534941,0.023736529596852,0.12112551946656,0.32170365104093
"paraboloid-surface_area-rep1-n240-r32","paraboloid","surface_area",1,240,32,"geodesic",4,0.0082243486797049,0.0618642715323951,0.540761924178699,1.5258097872196,3.13054483253329,1.67653122283284e-05,0.000634345048812757,0.00815516888236933,0.0249334873213387,0.0699331964448955
"paraboloid-surface_area-rep1-n240-r32","paraboloid","surface_area",1,240,32,"geodesic",64,1.19982358592896e-05,0.148240123498646,1.53271394921457,2.96919561809324,3.14139308332409,1.67653122283284e-05,0.00445844308985307,0.0458093925982231,0.210432945996289,0.439733165508342
"paraboloid-surface_area-rep1-n240-r32","paraboloid","surface_area",1,240,32,"geodesic",8,1.19982358592896e-05,0.0680771913993684,0.721293505879026,1.84807730037363,3.13609251162863,1.67653122283284e-05,0.0011253342741281,0.0117768925805266,0.0335978944817405,0.157505778458827
"paraboloid-surface_area-rep1-n240-r4","paraboloid","surface_area",1,240,4,"ambient",128,1.19982358592896e-05,0.126217985274889,1.31221206810041,2.84915672334282,3.14142676971416,1.74926885128657e-05,0.0100490021608443,0.110105919081041,0.36704393517925,0.649363167257154
"paraboloid-surface_area-rep1-n240-r4","paraboloid","surface_area",1,240,4,"ambient",16,1.19982358592896e-05,0.0445725023203165,0.378407106229201,1.05812566042566,3.13609251162863,1.74926885128657e-05,0.00431855978137056,0.0422206080011928,0.109816933951218,0.263235558917841
"paraboloid-surface_area-rep1-n240-r4","paraboloid","surface_area",1,240,4,"ambient",239,1.19982358592896e-05,0.159135816001698,1.57304693560022,2.98533756581357,3.14142676971416,1.74926885128657e-05,0.0155872190612597,0.182256940140319,0.557883772228077,0.833256185093361
"paraboloid-surface_area-rep1-n240-r4","paraboloid","surface_area",1,240,4,"ambient",32,1.19982358592896e-05,0.0594010309566436,0.55187443842032,1.48351820596417,3.13609251162863,1.74926885128657e-05,0.00569740618131076,0.0605192892753369,0.159417616082265,0.35580690185801
"paraboloid-surface_area-rep1-n240-r4","paraboloid","surface_area",1,240,4,"ambient",4,1.19982358592896e-05,0.0213066720893819,0.201701354176433,0.57135524362315,2.65087770360886,2.41032844729983e-05,0.00189859119470301,0.0224712988634068,0.0654373384886818,0.123198936929301
"paraboloid-surface_area-rep1-n240-r4","paraboloid","surface_area",1,240,4,"ambient",64,1.19982358592896e-05,0.0808607974316968,0.828729812653484,2.23208337929471,3.1413930833241,1.74926885128657e-05,0.00781178687228086,0.0823981695617641,0.224631072320618,0.463542596401564
"paraboloid-surface_area-rep1-n240-r4","paraboloid","surface_area",1,240,4,"ambient",8,1.19982358592896e-05,0.0309809498020458,0.284758695274828,0.720648929473045,3.13609251162863,2.41032844729983e-05,0.00307218709676257,0.0310819454131686,0.0864950111166085,0.195308930011553
"paraboloid-surface_area-rep1-n240-r4","paraboloid","surface_area",1,240,4,"geodesic",128,1.19982358592896e-05,0.115035732423058,1.1567467161957,2.50054937323615,3.1413930833241,1.74926885128657e-05,0.0121267670216824,0.131859741282925,0.375076466566801,0.659484809459986
"paraboloid-surface_area-rep1-n240-r4","paraboloid","surface_area",1,240,4,"geodesic",16,1.19982358592896e-05,0.0441415036757743,0.373791255644599,1.00601329455825,3.13609251162863,2.41032844729983e-05,0.00441377335006127,0.0433224231798444,0.115591291185714,0.291472006325597
"paraboloid-surface_area-rep1-n240-r4","paraboloid","surface_area",1,240,4,"geodesic",239,1.19982358592896e-05,0.159135816001698,1.57304693560022,2.98533756581357,3.14142676971416,1.74926885128657e-05,0.0155872190612597,0.182256940140319,0.557883772228077,0.833256185093361
"paraboloid-surface_area-rep1-n240-r4","paraboloid","surface_area",1,240,4,"geodesic",32,1.19982358592896e-05,0.0589524812001234,0.532228177600658,1.36109889351855,3.13609251162863,1.74926885128657e-05,0.00582225524898134,0.0632045778946748,0.166675509615122,0.365632263830356
"paraboloid-surface_area-rep1-n240-r4","paraboloid","surface_area",1,240,4,"geodesic",4,1.19982358592896e-05,0.021458579125261,0.201583596404553,0.553912394396061,2.65087770360886,2.41032844729983e-05,0.00191293854041656,0.0225728683104706,0.0665590353939629,0.16408093905816
"paraboloid-surface_area-rep1-n240-r4","paraboloid","surface_area",1,240,4,"geodesic",64,1.19982358592896e-05,0.0774338847140362,0.774563212682297,1.91578194223988,3.13609251162863,1.74926885128657e-05,0.00841901626262153,0.0892945398716113,0.236737473120221,0.479416258875934
"paraboloid-surface_area-rep1-n240-r4","paraboloid","surface_area",1,240,4,"geodesic",8,1.19982358592896e-05,0.0298997562116429,0.279573851362192,0.703087034722814,2.65087770360886,2.41032844729983e-05,0.00307655892029298,0.0315354861481949,0.0884675675865788,0.204642450589435
"paraboloid-surface_area-rep1-n240-r64","paraboloid","surface_area",1,240,64,"ambient",128,1.19982358592896e-05,0.161628054248435,1.58452786544383,2.98256360223344,3.14142676971416,1.6751952503391e-05,0.00929836990178385,0.101095719796509,0.353223737565949,0.618324907184978
"paraboloid-surface_area-rep1-n240-r64","paraboloid","surface_area",1,240,64,"ambient",16,0.0082243486797049,0.140152170137786,1.48751747429785,2.96393912770391,3.1381372934505,1.6751952503391e-05,0.00109608667699757,0.0114609990292247,0.0579139571508023,0.215103658083561
"paraboloid-surface_area-rep1-n240-r64","paraboloid","surface_area",1,240,64,"ambient",239,1.19982358592896e-05,0.159135816001698,1.57304693560022,2.98533756581357,3.14142676971416,1.6751952503391e-05,0.0153278878155514,0.17882432077155,0.544362403406696,0.809295377774884
"paraboloid-surface_area-rep1-n240-r64","paraboloid","surface_area",1,240,64,"ambient",32,1.19982358592896e-05,0.135785975415559,1.56906878717105,2.98127180245306,3.13900523211067,1.6751952503391e-05,0.00205117497121701,0.0218518394415338,0.120668017014761,0.321397606813892
"paraboloid-surface_area-rep1-n240-r64","paraboloid","surface_area",1,240,64,"ambient",4,0.0082243486797049,0.085655267064153,0.846327344109534,2.31329731472192,3.13054483253329,1.6751952503391e-05,0.000489100853649882,0.00538489909561965,0.0167760377186095,0.069811307906871
"paraboloid-surface_area-rep1-n240-r64","paraboloid","surface_area",1,240,64,"ambient",64,1.19982358592896e-05,0.155996507004189,1.58609055160349,2.9816050375587,3.1413930833241,1.6751952503391e-05,0.00446498417574348,0.0459223768389034,0.21013543308569,0.43938431441229
"paraboloid-surface_area-rep1-n240-r64","paraboloid","surface_area",1,240,64,"ambient",8,0.0082243486797049,0.111974402083882,1.17314341230282,2.7898838356257,3.13609251162863,1.6751952503391e-05,0.000643249786384151,0.00693107152384928,0.027842477767528,0.157294293445991
"paraboloid-surface_area-rep1-n240-r64","paraboloid","surface_area",1,240,64,"geodesic",128,1.19982358592896e-05,0.161644505219994,1.5839488719255,2.98256284251576,3.14142676971416,1.6751952503391e-05,0.00929955309451627,0.101111069689661,0.353189027181035,0.618324907184978
"paraboloid-surface_area-rep1-n240-r64","paraboloid","surface_area",1,240,64,"geodesic",16,1.19982358592896e-05,0.122369050853697,1.33005567688801,2.82402995460104,3.13609251162863,1.6751952503391e-05,0.00116947713651276,0.0127811544811861,0.0578721201455092,0.215103658083561
"paraboloid-surface_area-rep1-n240-r64","paraboloid","surface_area",1,240,64,"geodesic",239,1.19982358592896e-05,0.159135816001698,1.57304693560022,2.98533756581357,3.14142676971416,1.6751952503391e-05,0.0153278878155514,0.17882432077155,0.544362403406696,0.809295377774884
"paraboloid-surface_area-rep1-n240-r64","paraboloid","surface_area",1,240,64,"geodesic",32,1.19982358592896e-05,0.134850481994806,1.53016623916337,2.97111560171977,3.1381372934505,1.6751952503391e-05,0.00204993902041006,0.0218518394415338,0.120669692210011,0.321397606813892
"paraboloid-surface_area-rep1-n240-r64","paraboloid","surface_area",1,240,64,"geodesic",4,0.0082243486797049,0.077541483348801,0.762823293119428,1.98190892123859,3.13054483253329,1.6751952503391e-05,0.000602591121317708,0.00584395733679344,0.0182139914274757,0.069811307906871
"paraboloid-surface_area-rep1-n240-r64","paraboloid","surface_area",1,240,64,"geodesic",64,1.19982358592896e-05,0.155983017515522,1.58013845375144,2.97996580215555,3.1413930833241,1.6751952503391e-05,0.0044641946523077,0.0459126974097216,0.210183015531581,0.43938431441229
"paraboloid-surface_area-rep1-n240-r64","paraboloid","surface_area",1,240,64,"geodesic",8,0.0082243486797049,0.0987005781645732,1.00956496517987,2.4298185864088,3.13609251162863,1.6751952503391e-05,0.000906517677941154,0.00835067440065496,0.0278491407991561,0.157294293445991
"paraboloid-surface_area-rep1-n240-r8","paraboloid","surface_area",1,240,8,"ambient",128,1.19982358592896e-05,0.149502246260292,1.50582715127966,2.97031578943951,3.14142676971416,1.69894301287887e-05,0.00926456771900012,0.100580535671434,0.357673079340303,0.62525556292657
"paraboloid-surface_area-rep1-n240-r8","paraboloid","surface_area",1,240,8,"ambient",16,1.19982358592896e-05,0.0563008631040618,0.534218225360384,1.44330370712691,3.13609251162862,1.69894301287887e-05,0.0027139954206052,0.0306593039723695,0.0807844984906927,0.224027854552931
"paraboloid-surface_area-rep1-n240-r8","paraboloid","surface_area",1,240,8,"ambient",239,1.19982358592896e-05,0.159135816001698,1.57304693560022,2.98533756581357,3.14142676971416,1.69894301287887e-05,0.015399463373921,0.179782885093399,0.548256953411583,0.81698979297076
"paraboloid-surface_area-rep1-n240-r8","paraboloid","surface_area",1,240,8,"ambient",32,1.19982358592896e-05,0.0772187628149785,0.762807647330533,2.06799272786382,3.13609251162862,1.69894301287887e-05,0.00398971195160716,0.0413405501341269,0.122030575901198,0.326580134981587
"paraboloid-surface_area-rep1-n240-r8","paraboloid","surface_area",1,240,8,"ambient",4,1.19982358592896e-05,0.0329659310193116,0.284888750929444,0.751290205604307,2.65087770360886,2.3821966591564e-05,0.0013157191092929,0.0168030585362727,0.046757972875981,0.105816289713475
"paraboloid-surface_area-rep1-n240-r8","paraboloid","surface_area",1,240,8,"ambient",64,1.19982358592896e-05,0.107320927427913,1.15805087786389,2.790252444977,3.14139308332409,1.69894301287887e-05,0.00522511045094932,0.0546312669226723,0.212459669846845,0.446718268525868
"paraboloid-surface_area-rep1-n240-r8","paraboloid","surface_area",1,240,8,"ambient",8,1.19982358592896e-05,0.0442718801197415,0.38582512867987,1.08341117561098,3.13609251162862,1.69894301287887e-05,0.00195870771916145,0.0219229118539331,0.0586255842648426,0.16073922810763
"paraboloid-surface_area-rep1-n240-r8","paraboloid","surface_area",1,240,8,"geodesic",128,1.19982358592896e-05,0.139163906701202,1.42211893782743,2.89532681929291,3.14142676971416,1.69894301287887e-05,0.00936347666219191,0.103547140030884,0.358951848219181,0.635080847066587
"paraboloid-surface_area-rep1-n240-r8","paraboloid","surface_area",1,240,8,"geodesic",16,1.19982358592896e-05,0.0559775924019199,0.519443495739464,1.32791358194482,3.13609251162862,1.69894301287887e-05,0.00298967481555575,0.0323770963403891,0.0855149177150776,0.224027854552931
"paraboloid-surface_area-rep1-n240-r8","paraboloid","surface_area",1,240,8,"geodesic",239,1.19982358592896e-05,0.159135816001698,1.57304693560022,2.98533756581357,3.14142676971416,1.69894301287887e-05,0.015399463373921,0.179782885093399,0.548256953411583,0.81698979297076
"paraboloid-surface_area-rep1-n240-r8","paraboloid","surface_area",1,240,8,"geodesic",32,1.19982358592896e-05,0.071793252398454,0.715659647811807,1.78154530981191,3.13609251162862,1.69894301287887e-05,0.00434133622791291,0.0447048460163556,0.128104843204022,0.339669402793431
"paraboloid-surface_area-rep1-n240-r8","paraboloid","surface_area",1,240,8,"geodesic",4,1.19982358592896e-05,0.0325921120487603,0.279573851362192,0.734563815129196,2.65087770360886,2.3821966591564e-05,0.00130857251931543,0.01687900818979,0.0468105737262892,0.107989440251418
"paraboloid-surface_area-rep1-n240-r8","paraboloid","surface_area",1,240,8,"geodesic",64,1.19982358592896e-05,0.0994601346121192,1.01633608554797,2.4142363200849,3.14139308332409,1.69894301287887e-05,0.00624948568289205,0.0646918609650539,0.212610046997226,0.451751768490548
"paraboloid-surface_area-rep1-n240-r8","paraboloid","surface_area",1,240,8,"geodesic",8,1.19982358592896e-05,0.0419547244136439,0.378606429130278,1.03783994313507,3.13609251162862,2.3821966591564e-05,0.00204259884519559,0.0223385317365735,0.0631340190653426,0.16073922810763
"paraboloid-surface_area-rep1-n480-r64","paraboloid","surface_area",1,480,64,"ambient",128,1.19982358592896e-05,0.154869405448586,1.57230982878071,2.9828628795906,3.14154991739108,5.8810425085376e-07,0.00428082470239239,0.0441253903377028,0.222407195672733,0.498350863647067
"paraboloid-surface_area-rep1-n480-r64","paraboloid","surface_area",1,480,64,"ambient",16,0.00151889849903952,0.104974192067506,1.07847089389721,2.70384973896199,3.1385761431331,5.8810425085376e-07,0.000598682897506436,0.00676331288662857,0.0283023455473479,0.195007291731262
"paraboloid-surface_area-rep1-n480-r64","paraboloid","surface_area",1,480,64,"ambient",479,1.19982358592896e-05,0.155577868048295,1.56936403591383,2.98508227007288,3.14155023352031,5.8810425085376e-07,0.0141524432347417,0.171052137465698,0.535393721080437,0.847521159904616
"paraboloid-surface_area-rep1-n480-r64","paraboloid","surface_area",1,480,64,"ambient",64,1.19982358592896e-05,0.14634741709324,1.5446672054253,2.97919402754019,3.14154991739108,5.8810425085376e-07,0.00204193983667985,0.0207386269003659,0.124257912586047,0.378196616152192
"paraboloid-surface_area-rep1-n480-r64","paraboloid","surface_area",1,480,64,"ambient",8,0.00260714260456429,0.0710499047574312,0.76226942574001,2.24911645498794,3.13609251162863,5.8810425085376e-07,0.000467712175627599,0.00523880339220356,0.0151794574303851,0.137543306849973
"paraboloid-surface_area-rep1-n480-r64","paraboloid","surface_area",1,480,64,"geodesic",128,1.19982358592896e-05,0.154466769666093,1.56539017375919,2.98020829854762,3.14154991739108,5.8810425085376e-07,0.00428141771648907,0.0441318275964735,0.2224002216921,0.498350863647067
"paraboloid-surface_area-rep1-n480-r64","paraboloid","surface_area",1,480,64,"geodesic",16,0.00151889849903952,0.0944871768786695,0.961680998297911,2.37149773483235,3.13609251162863,5.8810425085376e-07,0.000770736721790783,0.00792382691532784,0.0285949786315213,0.195007291731262
"paraboloid-surface_area-rep1-n480-r64","paraboloid","surface_area",1,480,64,"geodesic",479,1.19982358592896e-05,0.155577868048295,1.56936403591383,2.98508227007288,3.14155023352031,5.8810425085376e-07,0.0141524432347417,0.171052137465698,0.535393721080437,0.847521159904616
"paraboloid-surface_area-rep1-n480-r64","paraboloid","surface_area",1,480,64,"geodesic",64,1.19982358592896e-05,0.14303665778016,1.51004173591327,2.96037146709045,3.14154991739108,5.8810425085376e-07,0.00203613364328454,0.0206910494533451,0.124331248453847,0.378196616152192
"paraboloid-surface_area-rep1-n480-r64","paraboloid","surface_area",1,480,64,"geodesic",8,0.00260714260456429,0.0684028109131343,0.721872484870119,1.90526263008062,3.13609251162863,5.8810425085376e-07,0.000501595533080934,0.00562427429632018,0.017009671549722,0.137543306849973
"paraboloid-surface_area-rep2-n240-r1","paraboloid","surface_area",2,240,1,"ambient",128,5.69209092398104e-05,0.0973489449400438,0.967329899166812,2.25547320516762,3.14124586992462,3.19943764471864e-05,0.0170281397090221,0.21222810686853,0.663414513015021,0.912366093951239
"paraboloid-surface_area-rep2-n240-r1","paraboloid","surface_area",2,240,1,"ambient",16,5.69209092398104e-05,0.0271781936076053,0.229653049615627,0.744180068339802,3.01971068756438,3.19943764471864e-05,0.00862333971371775,0.0806791036438083,0.216443907718133,0.329723719581901
"paraboloid-surface_area-rep2-n240-r1","paraboloid","surface_area",2,240,1,"ambient",239,5.69209092398104e-05,0.157483463312666,1.56708823816418,2.98660498190064,3.14154678319784,4.54524188142624e-06,0.015611713296211,0.199863744560461,0.660006423247536,0.913733774312031
"paraboloid-surface_area-rep2-n240-r1","paraboloid","surface_area",2,240,1,"ambient",32,5.69209092398104e-05,0.0394828554091132,0.334265037830033,1.0065097234805,3.13308094467866,3.19943764471864e-05,0.0103996238380601,0.11150281510921,0.293696550641401,0.437414061749784
"paraboloid-surface_area-rep2-n240-r1","paraboloid","surface_area",2,240,1,"ambient",4,5.69209092398104e-05,0.0111713141839189,0.115179732653537,0.432840234267252,1.73904697344093,3.19943764471864e-05,0.00448804503003455,0.045531501524019,0.118509916819702,0.180456335456529
"paraboloid-surface_area-rep2-n240-r1","paraboloid","surface_area",2,240,1,"ambient",64,5.69209092398104e-05,0.0542639123248952,0.53027628545783,1.48016065005103,3.14049556122907,3.19943764471864e-05,0.0129592072925988,0.154082710682234,0.433446204855975,0.595517894954015
"paraboloid-surface_area-rep2-n240-r1","paraboloid","surface_area",2,240,1,"ambient",8,5.69209092398104e-05,0.0178951702195042,0.161204060134786,0.512365178185441,2.8450558282389,3.19943764471864e-05,0.00689464937347871,0.0590567013836527,0.162628444445974,0.252894955048913
"paraboloid-surface_area-rep2-n240-r1","paraboloid","surface_area",2,240,1,"geodesic",128,5.69209092398104e-05,0.0963416349248909,0.957310745668883,2.1941538041784,3.14124586992462,3.19943764471864e-05,0.0170594171517446,0.214652867460697,0.674333223622739,0.912366093951239
"paraboloid-surface_area-rep2-n240-r1","paraboloid","surface_area",2,240,1,"geodesic",16,5.69209092398104e-05,0.0268122023425065,0.228698972248222,0.742069414338878,3.01971068756438,3.19943764471864e-05,0.00862333971371775,0.0813581661474709,0.21760203053151,0.354145583558597
"paraboloid-surface_area-rep2-n240-r1","paraboloid","surface_area",2,240,1,"geodesic",239,5.69209092398104e-05,0.157483463312666,1.56708823816418,2.98660498190064,3.14154678319784,4.54524188142624e-06,0.015611713296211,0.199863744560461,0.660006423247536,0.913733774312031
"paraboloid-surface_area-rep2-n240-r1","paraboloid","surface_area",2,240,1,"geodesic",32,5.69209092398104e-05,0.0391181434063613,0.331441594186374,0.98191015723393,3.13308094467866,3.19943764471864e-05,0.0105810130444531,0.112152643229992,0.296287644935135,0.439644864217722
"paraboloid-surface_area-rep2-n240-r1","paraboloid","surface_area",2,240,1,"geodesic",4,5.69209092398104e-05,0.0111713141839189,0.115179732653537,0.432840234267252,1.73904697344093,3.19943764471864e-05,0.00448804503003455,0.045531501524019,0.118509916819702,0.180456335456529
"paraboloid-surface_area-rep2-n240-r1","paraboloid","surface_area",2,240,1,"geodesic",64,5.69209092398104e-05,0.0541195126895021,0.524115198360507,1.43253909258447,3.14049556122907,3.19943764471864e-05,0.0129761805587559,0.156671017577605,0.439741815785017,0.660964927156799
"paraboloid-surface_area-rep2-n240-r1","paraboloid","surface_area",2,240,1,"geodesic",8,5.69209092398104e-05,0.0178923241740422,0.16103725923645,0.512410206714421,2.8450558282389,3.19943764471864e-05,0.0068926157805863,0.0589688032306928,0.162655124882609,0.252894955048913
"paraboloid-surface_area-rep2-n240-r16","paraboloid","surface_area",2,240,16,"ambient",128,5.69209092406986e-05,0.148753907035313,1.5392587852625,2.98798164603434,3.14154678319784,3.99489459468327e-06,0.00841231305934679,0.100575024105313,0.406441387222448,0.661757168467813
"paraboloid-surface_area-rep2-n240-r16","paraboloid","surface_area",2,240,16,"ambient",16,5.69209092406986e-05,0.0650897776547772,0.754599373280941,2.19316064676628,3.13308094467866,2.80565257680943e-05,0.00188817345698128,0.0187570552169343,0.0673318131704832,0.211990897361082
"paraboloid-surface_area-rep2-n240-r16","paraboloid","surface_area",2,240,16,"ambient",239,5.69209092406986e-05,0.157483463312666,1.56708823816418,2.98660498190064,3.14154678319784,3.99489459468327e-06,0.0136896931616992,0.174988243124931,0.587144653575879,0.838716623232493
"paraboloid-surface_area-rep2-n240-r16","paraboloid","surface_area",2,240,16,"ambient",32,5.69209092406986e-05,0.096703181993854,1.06895523260441,2.7085206120936,3.14028890896555,2.48121865141782e-05,0.00243411657694734,0.0265561849180437,0.131767302267202,0.365614955490917
"paraboloid-surface_area-rep2-n240-r16","paraboloid","surface_area",2,240,16,"ambient",4,0.000331173680116592,0.0381000030430185,0.361024146090097,1.33741722784881,3.13308094467866,2.80565257680943e-05,0.00111330716035149,0.011329442532567,0.0320138127734712,0.0568244812176747
"paraboloid-surface_area-rep2-n240-r16","paraboloid","surface_area",2,240,16,"ambient",64,5.69209092406986e-05,0.127348950388867,1.41838197419456,2.96291164248622,3.14115484977019,3.99489459468327e-06,0.00412199021445783,0.0451350546666865,0.257094916551722,0.482125094822493
"paraboloid-surface_area-rep2-n240-r16","paraboloid","surface_area",2,240,16,"ambient",8,5.69209092406986e-05,0.0444683588539322,0.539416233417724,1.74717748910005,3.13308094467866,2.80565257680943e-05,0.00135923143608896,0.0145380179486989,0.0441157028520973,0.132846481706976
"paraboloid-surface_area-rep2-n240-r16","paraboloid","surface_area",2,240,16,"geodesic",128,5.69209092406986e-05,0.14544390743242,1.51693037060064,2.98205953655146,3.14154678319784,3.99489459468327e-06,0.00840665694607743,0.100378159881078,0.407072508653457,0.661757168467813
"paraboloid-surface_area-rep2-n240-r16","paraboloid","surface_area",2,240,16,"geodesic",16,5.69209092406986e-05,0.0631898392041328,0.711427000231361,1.96002337362386,3.13308094467866,2.80565257680943e-05,0.00204310157056152,0.0208604227921262,0.0700951889949429,0.211990897361082
"paraboloid-surface_area-rep2-n240-r16","paraboloid","surface_area",2,240,16,"geodesic",239,5.69209092406986e-05,0.157483463312666,1.56708823816418,2.98660498190064,3.14154678319784,3.99489459468327e-06,0.0136896931616992,0.174988243124931,0.587144653575879,0.838716623232493
"paraboloid-surface_area-rep2-n240-r16","paraboloid","surface_area",2,240,16,"geodesic",32,5.69209092406986e-05,0.0889964733325974,0.969283657135168,2.38071127148233,3.13308094467866,2.48121865141782e-05,0.00282976713200533,0.0308692321854706,0.132294013555254,0.365614955490917
"paraboloid-surface_area-rep2-n240-r16","paraboloid","surface_area",2,240,16,"geodesic",4,0.000331173680116592,0.0370249045888612,0.359602440466384,1.16002659138598,3.01289522729095,2.80565257680943e-05,0.00125726130119175,0.0118191892320798,0.037388044761623,0.0783810652076908
"paraboloid-surface_area-rep2-n240-r16","paraboloid","surface_area",2,240,16,"geodesic",64,5.69209092406986e-05,0.118905843532846,1.30856367048191,2.81396169686891,3.14049556122907,3.99489459468327e-06,0.00433528417348886,0.0482388555577302,0.257100193360482,0.482125094822493
"paraboloid-surface_area-rep2-n240-r16","paraboloid","surface_area",2,240,16,"geodesic",8,5.69209092406986e-05,0.0443839163321057,0.519871178238085,1.55649516637889,3.01289522729095,2.80565257680943e-05,0.00148612781677068,0.0151090439800342,0.0480200060919087,0.138221430419829
"paraboloid-surface_area-rep2-n240-r2","paraboloid","surface_area",2,240,2,"ambient",128,5.69209092402545e-05,0.102577195545835,1.04382258084329,2.38350913549937,3.14070977288294,2.61496872345779e-05,0.0123302067234097,0.15747441184902,0.470615116885899,0.713121034784177
"paraboloid-surface_area-rep2-n240-r2","paraboloid","surface_area",2,240,2,"ambient",16,5.69209092402545e-05,0.0344768726656246,0.279885162637796,0.922837180693301,3.08759553278145,2.94167960540603e-05,0.00613336198965014,0.0595436763448464,0.16594441868399,0.295330969285834
"paraboloid-surface_area-rep2-n240-r2","paraboloid","surface_area",2,240,2,"ambient",239,5.69209092402545e-05,0.157483463312666,1.56708823816418,2.98660498190064,3.14154678319784,4.18166903537465e-06,0.0144810761336077,0.185087109438643,0.626565352831522,0.889985618629641
"paraboloid-surface_area-rep2-n240-r2","paraboloid","surface_area",2,240,2,"ambient",32,5.69209092402545e-05,0.0442901964747946,0.395334921390253,1.19181025936543,3.13308094467866,2.94167960540603e-05,0.00778555941337371,0.0833907292080766,0.227169923183835,0.425463382548713
"paraboloid-surface_area-rep2-n240-r2","paraboloid","surface_area",2,240,2,"ambient",4,5.69209092402545e-05,0.0144319130097519,0.154070980925466,0.495463756162819,1.73904697344093,2.94167960540603e-05,0.00326602118480792,0.0313528396182655,0.0961856473491836,0.169083692009231
"paraboloid-surface_area-rep2-n240-r2","paraboloid","surface_area",2,240,2,"ambient",64,5.69209092402545e-05,0.0624153977599587,0.617528866246338,1.78082648348368,3.14049556122907,2.94167960540603e-05,0.00952725165779386,0.113695394564146,0.32371617697553,0.528601451967623
"paraboloid-surface_area-rep2-n240-r2","paraboloid","surface_area",2,240,2,"ambient",8,5.69209092402545e-05,0.0230347376495356,0.203115213068815,0.58543637446937,2.8450558282389,2.94167960540603e-05,0.0050165705869887,0.0435927624803263,0.121539008187513,0.255693368801432
"paraboloid-surface_area-rep2-n240-r2","paraboloid","surface_area",2,240,2,"geodesic",128,5.69209092402545e-05,0.0984783534310431,0.983989178182034,2.12320196338262,3.14049556122907,2.61496872345779e-05,0.0133509730164013,0.167601076886924,0.509956280523162,0.740820382706144
"paraboloid-surface_area-rep2-n240-r2","paraboloid","surface_area",2,240,2,"geodesic",16,5.69209092402545e-05,0.0342721580120712,0.277798224661135,0.883219792859741,3.08759553278145,2.94167960540603e-05,0.00629248163911561,0.0603203448526799,0.168068462963821,0.317257491076364
"paraboloid-surface_area-rep2-n240-r2","paraboloid","surface_area",2,240,2,"geodesic",239,5.69209092402545e-05,0.157483463312666,1.56708823816418,2.98660498190064,3.14154678319784,4.18166903537465e-06,0.0144810761336077,0.185087109438643,0.626565352831522,0.889985618629641
"paraboloid-surface_area-rep2-n240-r2","paraboloid","surface_area",2,240,2,"geodesic",32,5.69209092402545e-05,0.0440518082337436,0.389672143338296,1.12584484197666,3.13308094467866,2.94167960540603e-05,0.0080388158388917,0.0852545828291346,0.231476513141413,0.425463382548713
"paraboloid-surface_area-rep2-n240-r2","paraboloid","surface_area",2,240,2,"geodesic",4,5.69209092402545e-05,0.0144544759423661,0.153832829216266,0.495447914393328,1.73904697344093,2.94167960540603e-05,0.00326807993132845,0.031365103454117,0.0960399604424546,0.169083692009231
"paraboloid-surface_area-rep2-n240-r2","paraboloid","surface_area",2,240,2,"geodesic",64,5.69209092402545e-05,0.0613245705385976,0.597834285727035,1.61615049915434,3.14049556122907,2.94167960540603e-05,0.0098973571077188,0.118861758845293,0.338918969346496,0.548145729988639
"paraboloid-surface_area-rep2-n240-r2","paraboloid","surface_area",2,240,2,"geodesic",8,5.69209092402545e-05,0.0231598066215639,0.202877595386318,0.585417445437379,2.8450558282389,2.94167960540603e-05,0.00515445553161228,0.0439861989985179,0.121685807257248,0.255693368801432
"paraboloid-surface_area-rep2-n240-r32","paraboloid","surface_area",2,240,32,"ambient",128,5.69209092402545e-05,0.150408778805863,1.55579532978176,2.99025486410379,3.14154678319784,3.99204544443421e-06,0.0084116977670414,0.100616205794337,0.40570108543876,0.660025347183634
"paraboloid-surface_area-rep2-n240-r32","paraboloid","surface_area",2,240,32,"ambient",16,5.69209092402545e-05,0.101657547110352,1.06324091756245,2.69192328867409,3.13338435631311,2.47906176369384e-05,0.00135634244108634,0.0132613856987913,0.0645919387071073,0.21090495904895
"paraboloid-surface_area-rep2-n240-r32","paraboloid","surface_area",2,240,32,"ambient",239,5.69209092402545e-05,0.157483463312666,1.56708823816418,2.98660498190064,3.14154678319784,3.99204544443421e-06,0.0136771600225412,0.174811883346478,0.586194072117876,0.836847119804854
"paraboloid-surface_area-rep2-n240-r32","paraboloid","surface_area",2,240,32,"ambient",32,5.69209092402545e-05,0.132705848676008,1.43390372727917,2.95327610402469,3.14115484977019,3.99204544443421e-06,0.00200244855804661,0.0203537290289675,0.13351300979663,0.3642200241729
"paraboloid-surface_area-rep2-n240-r32","paraboloid","surface_area",2,240,32,"ambient",4,0.000331173680116592,0.0459009876006107,0.552404668921371,1.87915158331129,3.13308094467866,2.80355130453103e-05,0.000860487848330094,0.00785654889588283,0.0222430048870673,0.0512035415699721
"paraboloid-surface_area-rep2-n240-r32","paraboloid","surface_area",2,240,32,"ambient",64,5.69209092402545e-05,0.139840315800303,1.50314358871946,2.98052117981021,3.14115484977019,3.99204544443421e-06,0.00410808387634278,0.0448004109961706,0.256667518880649,0.480573274165871
"paraboloid-surface_area-rep2-n240-r32","paraboloid","surface_area",2,240,32,"ambient",8,0.000331173680116592,0.064129308509244,0.750300063710925,2.31566379349399,3.13308094467866,2.47906176369384e-05,0.000993241028902803,0.0100385036228158,0.0364215495881883,0.132013609778389
"paraboloid-surface_area-rep2-n240-r32","paraboloid","surface_area",2,240,32,"geodesic",128,5.69209092402545e-05,0.149338870147241,1.54961982085607,2.98863123356185,3.14154678319784,3.99204544443421e-06,0.00840953747657076,0.100591928843787,0.405726107678982,0.660025347183634
"paraboloid-surface_area-rep2-n240-r32","paraboloid","surface_area",2,240,32,"geodesic",16,5.69209092402545e-05,0.0930347392123955,0.973709074556312,2.40402569460813,3.13308094467866,2.47906176369384e-05,0.00166826707648144,0.0148646366837407,0.064841278082035,0.21090495904895
"paraboloid-surface_area-rep2-n240-r32","paraboloid","surface_area",2,240,32,"geodesic",239,5.69209092402545e-05,0.157483463312666,1.56708823816418,2.98660498190064,3.14154678319784,3.99204544443421e-06,0.0136771600225412,0.174811883346478,0.586194072117876,0.836847119804854
"paraboloid-surface_area-rep2-n240-r32","paraboloid","surface_area",2,240,32,"geodesic",32,5.69209092402545e-05,0.124001279755021,1.29924889319482,2.79472502054781,3.14028890896555,2.47906176369384e-05,0.00218731348496677,0.0227776347237808,0.132935320923873,0.3642200241729
"paraboloid-surface_area-rep2-n240-r32","paraboloid","surface_area",2,240,32,"geodesic",4,0.000331173680116592,0.0470352839360893,0.546201427629189,1.68585119705703,3.13308094467866,2.80355130453103e-05,0.000877361845663471,0.00808698806331887,0.0239548958255204,0.0512035415699721
"paraboloid-surface_area-rep2-n240-r32","paraboloid","surface_area",2,240,32,"geodesic",64,5.69209092402545e-05,0.135854633118104,1.47922431720084,2.97078474613907,3.14115484977019,3.99204544443421e-06,0.00411496390324845,0.0448578300608549,0.25665499468899,0.480573274165871
"paraboloid-surface_area-rep2-n240-r32","paraboloid","surface_area",2,240,32,"geodesic",8,0.000331173680116592,0.0632689238162057,0.710058513119945,1.97123583199424,3.13308094467866,2.80355130453103e-05,0.00115866837707851,0.0107308522967797,0.0380848552168516,0.132013609778389
"paraboloid-surface_area-rep2-n240-r4","paraboloid","surface_area",2,240,4,"ambient",128,5.69209092406986e-05,0.121535778227447,1.28956704482843,2.83513557917886,3.14154678319784,4.04627094852117e-06,0.00880795101542886,0.108395054252161,0.420033105555456,0.684588938683002
"paraboloid-surface_area-rep2-n240-r4","paraboloid","surface_area",2,240,4,"ambient",16,5.69209092406986e-05,0.0422890767154588,0.371787871369813,1.07358488474457,3.13308094467866,2.84334677854714e-05,0.00429075035740785,0.0431639592100403,0.118433524922029,0.248964297599575
"paraboloid-surface_area-rep2-n240-r4","paraboloid","surface_area",2,240,4,"ambient",239,5.69209092406986e-05,0.157483463312666,1.56708823816418,2.98660498190064,3.14154678319784,4.04627094852117e-06,0.0138941660444342,0.17800351296338,0.601462428838068,0.862156235557632
"paraboloid-surface_area-rep2-n240-r4","paraboloid","surface_area",2,240,4,"ambient",32,5.69209092406986e-05,0.0557401664547138,0.52430897064099,1.60791457817812,3.13308094467866,2.84334677854714e-05,0.00526925469755248,0.0584769286927542,0.166240263119359,0.384547371875713
"paraboloid-surface_area-rep2-n240-r4","paraboloid","surface_area",2,240,4,"ambient",4,5.69209092406986e-05,0.0196199210656435,0.198034417376049,0.57584908760671,1.90688637249298,2.84334677854714e-05,0.00257484005565427,0.0226513683893527,0.072997937670454,0.140139758670528
"paraboloid-surface_area-rep2-n240-r4","paraboloid","surface_area",2,240,4,"ambient",64,5.69209092406986e-05,0.0839315860232992,0.811835238063039,2.28127616356989,3.14049556122907,2.51923851660729e-05,0.00696552658314395,0.0807344811496551,0.269086414443392,0.50216590290929
"paraboloid-surface_area-rep2-n240-r4","paraboloid","surface_area",2,240,4,"ambient",8,5.69209092406986e-05,0.0331630501829881,0.274455054676472,0.791387491050794,3.01289522729095,2.84334677854714e-05,0.00372780400228295,0.0308846957448201,0.0906359833821702,0.195374222229129
"paraboloid-surface_area-rep2-n240-r4","paraboloid","surface_area",2,240,4,"geodesic",128,5.69209092406986e-05,0.111901356747382,1.14936130293075,2.48284334239173,3.14070977288294,2.51923851660729e-05,0.0104374801749632,0.129852569225571,0.424488981480404,0.691322321995933
"paraboloid-surface_area-rep2-n240-r4","paraboloid","surface_area",2,240,4,"geodesic",16,5.69209092406986e-05,0.0416909037264809,0.365700733904273,1.02694186905541,3.01971068756438,2.84334677854714e-05,0.00429524773427095,0.0439618009197486,0.120554388481229,0.267596200029807
"paraboloid-surface_area-rep2-n240-r4","paraboloid","surface_area",2,240,4,"geodesic",239,5.69209092406986e-05,0.157483463312666,1.56708823816418,2.98660498190064,3.14154678319784,4.04627094852117e-06,0.0138941660444342,0.17800351296338,0.601462428838068,0.862156235557632
"paraboloid-surface_area-rep2-n240-r4","paraboloid","surface_area",2,240,4,"geodesic",32,5.69209092406986e-05,0.0551194716898586,0.507410510534576,1.48455326446618,3.13308094467866,2.84334677854714e-05,0.00556634093319059,0.0611289432477127,0.176714447754263,0.394742936569745
"paraboloid-surface_area-rep2-n240-r4","paraboloid","surface_area",2,240,4,"geodesic",4,5.69209092406986e-05,0.0196199210656435,0.197373489294432,0.567305960721177,1.90688637249298,2.84334677854714e-05,0.00257484005565427,0.0226513683893527,0.0767293698191404,0.140139758670528
"paraboloid-surface_area-rep2-n240-r4","paraboloid","surface_area",2,240,4,"geodesic",64,5.69209092406986e-05,0.0757030008290372,0.763096864354956,1.9817748639053,3.14049556122907,2.84334677854714e-05,0.00767204683071769,0.0889561335198947,0.279059216051102,0.514012196628111
"paraboloid-surface_area-rep2-n240-r4","paraboloid","surface_area",2,240,4,"geodesic",8,5.69209092406986e-05,0.0329144569653944,0.270449263745273,0.776672293407784,2.8450558282389,2.84334677854714e-05,0.00373286019796741,0.0315415148991475,0.0926954613141737,0.219096839197196
"paraboloid-surface_area-rep2-n240-r64","paraboloid","surface_area",2,240,64,"ambient",128,5.69209092402545e-05,0.150813151716114,1.55684119675131,2.99069171495947,3.14154678319784,3.99131953432441e-06,0.00841344341257551,0.100642605361489,0.405501901007743,0.659554998975216
"paraboloid-surface_area-rep2-n240-r64","paraboloid","surface_area",2,240,64,"ambient",16,0.000331173680116592,0.133791328665017,1.3560981275346,2.91973305398788,3.14091376761572,3.99131953432441e-06,0.00106309118858474,0.0106563979938129,0.0651391365893545,0.210602641681737
"paraboloid-surface_area-rep2-n240-r64","paraboloid","surface_area",2,240,64,"ambient",239,5.69209092402545e-05,0.157483463312666,1.56708823816418,2.98660498190064,3.14154678319784,3.99131953432441e-06,0.0136731938169587,0.174771023652201,0.585905845954806,0.8363416285377
"paraboloid-surface_area-rep2-n240-r64","paraboloid","surface_area",2,240,64,"ambient",32,5.69209092402545e-05,0.151308795339918,1.53219329694883,2.97926399898967,3.14115484977019,3.99131953432441e-06,0.00200098448446973,0.0201893469222451,0.133477591615831,0.363836524285865
"paraboloid-surface_area-rep2-n240-r64","paraboloid","surface_area",2,240,64,"ambient",4,0.000331173680116592,0.0651028020277169,0.842291690525388,2.41998371987747,3.13308094467866,2.80301542071593e-05,0.000620190745664684,0.00545946922038931,0.0179384724686591,0.0510821361713974
"paraboloid-surface_area-rep2-n240-r64","paraboloid","surface_area",2,240,64,"ambient",64,5.69209092402545e-05,0.14237558743141,1.52817133943399,2.9858626459011,3.14115484977019,3.99131953432441e-06,0.0041064692926607,0.0447854364332669,0.25654924313462,0.480149148411799
"paraboloid-surface_area-rep2-n240-r64","paraboloid","surface_area",2,240,64,"ambient",8,0.000331173680116592,0.103379305870539,1.06013649299175,2.73650736790056,3.13308094467866,2.478509910675e-05,0.000727282498414827,0.00710065698345574,0.0337643488132531,0.13177915215238
"paraboloid-surface_area-rep2-n240-r64","paraboloid","surface_area",2,240,64,"geodesic",128,5.69209092402545e-05,0.150446173808488,1.55659209324337,2.99024388486614,3.14154678319784,3.99131953432441e-06,0.00841344341257551,0.100642605361489,0.405501901007743,0.659554998975216
"paraboloid-surface_area-rep2-n240-r64","paraboloid","surface_area",2,240,64,"geodesic",16,0.000331173680116592,0.125057954039465,1.26595919304521,2.77658131834474,3.13338435631311,2.478509910675e-05,0.00120134985693932,0.0115844244316066,0.0646706957495623,0.210602641681737
"paraboloid-surface_area-rep2-n240-r64","paraboloid","surface_area",2,240,64,"geodesic",239,5.69209092402545e-05,0.157483463312666,1.56708823816418,2.98660498190064,3.14154678319784,3.99131953432441e-06,0.0136731938169587,0.174771023652201,0.585905845954806,0.8363416285377
"paraboloid-surface_area-rep2-n240-r64","paraboloid","surface_area",2,240,64,"geodesic",32,5.69209092402545e-05,0.149061816824475,1.50558483662385,2.96682924677886,3.14115484977019,3.99131953432441e-06,0.00200007719751827,0.0202107131652151,0.133508566247466,0.363836524285865
"paraboloid-surface_area-rep2-n240-r64","paraboloid","surface_area",2,240,64,"geodesic",4,0.000331173680116592,0.0640063964102386,0.79879805128266,2.12499391693305,3.13308094467866,2.80301542071593e-05,0.000673424708657167,0.00602369500241484,0.0194526417611375,0.0510821361713974
"paraboloid-surface_area-rep2-n240-r64","paraboloid","surface_area",2,240,64,"geodesic",64,5.69209092402545e-05,0.142089262396032,1.51886911962742,2.98081953489252,3.14115484977019,3.99131953432441e-06,0.00410955489019116,0.0448095663652945,0.256545808238343,0.480149148411799
"paraboloid-surface_area-rep2-n240-r64","paraboloid","surface_area",2,240,64,"geodesic",8,0.000331173680116592,0.0987490313198464,0.964263752987161,2.4603926039644,3.13308094467866,2.478509910675e-05,0.000899163348630916,0.00823270985393965,0.0344637161163919,0.13177915215238
"paraboloid-surface_area-rep2-n240-r8","paraboloid","surface_area",2,240,8,"ambient",128,5.69209092402545e-05,0.140621869990559,1.47342921930654,2.97735977923011,3.14154678319784,4.00585671345155e-06,0.00835502030334857,0.100240927171512,0.410148046688625,0.667555277236198
"paraboloid-surface_area-rep2-n240-r8","paraboloid","surface_area",2,240,8,"ambient",16,5.69209092402545e-05,0.0538930139824929,0.517810247886159,1.61937782343867,3.13308094467866,2.81372135741975e-05,0.00292466846859678,0.0295980089067466,0.0868790450391734,0.215408754815331
"paraboloid-surface_area-rep2-n240-r8","paraboloid","surface_area",2,240,8,"ambient",239,5.69209092402545e-05,0.157483463312666,1.56708823816418,2.98660498190064,3.14154678319784,4.00585671345155e-06,0.0137457081240991,0.175678809119135,0.59050480323106,0.845042502878621
"paraboloid-surface_area-rep2-n240-r8","paraboloid","surface_area",2,240,8,"ambient",32,5.69209092402545e-05,0.073295747637707,0.75792702768232,2.16962852203444,3.13308094467866,2.81372135741975e-05,0.00386533778600278,0.0401875776407976,0.135638775017079,0.370147684250656
"paraboloid-surface_area-rep2-n240-r8","paraboloid","surface_area",2,240,8,"ambient",4,5.69209092402545e-05,0.0320652502728627,0.277636272372125,0.829312868797676,3.01289522729095,2.81372135741975e-05,0.00177634867791303,0.0157636146696284,0.0514614816400402,0.0972052269894291
"paraboloid-surface_area-rep2-n240-r8","paraboloid","surface_area",2,240,8,"ambient",64,5.69209092402545e-05,0.1028650858194,1.11330282885538,2.73962038079688,3.14049556122907,2.48944654485106e-05,0.00468234814871937,0.0538458352199387,0.258780335672931,0.48724165667099
"paraboloid-surface_area-rep2-n240-r8","paraboloid","surface_area",2,240,8,"ambient",8,5.69209092402545e-05,0.0401454539625826,0.376156988844424,1.12530782164002,3.01971068756438,2.81372135741975e-05,0.00215887563105649,0.021548563261297,0.0648161654894402,0.137409820471612
"paraboloid-surface_area-rep2-n240-r8","paraboloid","surface_area",2,240,8,"geodesic",128,5.69209092402545e-05,0.13237475403167,1.38728619133236,2.87620892410782,3.14154678319784,4.00585671345155e-06,0.0084588236934979,0.10348542849462,0.411698132635587,0.669384115893313
"paraboloid-surface_area-rep2-n240-r8","paraboloid","surface_area",2,240,8,"geodesic",16,5.69209092402545e-05,0.0512533802941874,0.501188600481066,1.47809229630891,3.13308094467866,2.81372135741975e-05,0.00298719068620096,0.030823959838117,0.091699970834594,0.24107551829544
"paraboloid-surface_area-rep2-n240-r8","paraboloid","surface_area",2,240,8,"geodesic",239,5.69209092402545e-05,0.157483463312666,1.56708823816418,2.98660498190064,3.14154678319784,4.00585671345155e-06,0.0137457081240991,0.175678809119135,0.59050480323106,0.845042502878621
"paraboloid-surface_area-rep2-n240-r8","paraboloid","surface_area",2,240,8,"geodesic",32,5.69209092402545e-05,0.0695455964471655,0.71223093250646,1.93285998875452,3.13308094467866,2.81372135741975e-05,0.00400921275833938,0.0436310988784946,0.141263460214509,0.373726368340811
"paraboloid-surface_area-rep2-n240-r8","paraboloid","surface_area",2,240,8,"geodesic",4,5.69209092402545e-05,0.0320372282217197,0.274769186621411,0.802045288246878,2.46066840640252,2.81372135741975e-05,0.00177406091037129,0.0158542042023249,0.0534586810220238,0.123729065964052
"paraboloid-surface_area-rep2-n240-r8","paraboloid","surface_area",2,240,8,"geodesic",64,5.69209092402545e-05,0.0964492017470212,1.00744485037655,2.43287303095034,3.14049556122907,2.48944654485106e-05,0.00562116542023663,0.0629877781955653,0.259985538021687,0.489378661154484
"paraboloid-surface_area-rep2-n240-r8","paraboloid","surface_area",2,240,8,"geodesic",8,5.69209092402545e-05,0.0383713588744456,0.363474548233963,1.04347034735195,3.01289522729095,2.81372135741975e-05,0.00219184200711009,0.0217570857230075,0.0676171302336187,0.140836325867924
"paraboloid-surface_area-rep3-n240-r1","paraboloid","surface_area",3,240,1,"ambient",128,9.43536406639023e-05,0.0974393001336227,0.967340860800525,2.31091917961562,3.14150463726142,1.89801625939401e-05,0.017471271751261,0.223418541214595,0.663344487599198,0.897095935798685
"paraboloid-surface_area-rep3-n240-r1","paraboloid","surface_area",3,240,1,"ambient",16,0.000247796256648503,0.0213681354442437,0.234061571838488,0.745989781214805,2.9502497178209,8.50044804955319e-05,0.00734485310893478,0.0832524800551144,0.20716051608816,0.321398860719411
"paraboloid-surface_area-rep3-n240-r1","paraboloid","surface_area",3,240,1,"ambient",239,9.43536406639023e-05,0.154459321531934,1.55354804555996,2.98518098097759,3.14155974437144,9.96878819548019e-06,0.0160730057958792,0.209120224222355,0.654303834068466,0.899552182455327
"paraboloid-surface_area-rep3-n240-r1","paraboloid","surface_area",3,240,1,"ambient",32,0.000247796256648503,0.0336859159792136,0.351453231956042,1.07794994867408,3.13510766412926,6.31680901898579e-05,0.00963012844327993,0.118515238006651,0.287194412909084,0.395789800952181
"paraboloid-surface_area-rep3-n240-r1","paraboloid","surface_area",3,240,1,"ambient",4,0.000247796256648503,0.0100389216957723,0.116716606082341,0.401200261218239,2.54955447228539,8.50044804955319e-05,0.00363484890965334,0.0452665833757988,0.107976986146926,0.197837144445688
"paraboloid-surface_area-rep3-n240-r1","paraboloid","surface_area",3,240,1,"ambient",64,9.43536406639023e-05,0.0543636934618549,0.548311819034334,1.50853825971113,3.13770534140645,3.17855546457801e-05,0.0131579236940797,0.165809335950975,0.437778575163894,0.617554849775439
"paraboloid-surface_area-rep3-n240-r1","paraboloid","surface_area",3,240,1,"ambient",8,0.000247796256648503,0.0154636616034449,0.159395980310332,0.512252138712944,2.54955447228539,8.50044804955319e-05,0.00563760460086453,0.0620143253100918,0.156091119646163,0.269626085757221
"paraboloid-surface_area-rep3-n240-r1","paraboloid","surface_area",3,240,1,"geodesic",128,9.43536406639023e-05,0.096612206034683,0.955809684668663,2.25478351968702,3.13955752379015,3.17855546457801e-05,0.0174548463383017,0.225128347818076,0.673493529836139,0.899552182455327
"paraboloid-surface_area-rep3-n240-r1","paraboloid","surface_area",3,240,1,"geodesic",16,0.000247796256648503,0.0213582059189345,0.233182957030106,0.741635620393724,2.9502497178209,8.50044804955319e-05,0.00735748818351858,0.083390699908332,0.208887695982902,0.321398860719411
"paraboloid-surface_area-rep3-n240-r1","paraboloid","surface_area",3,240,1,"geodesic",239,9.43536406639023e-05,0.154459321531934,1.55354804555996,2.98518098097759,3.14155974437144,9.96878819548019e-06,0.0160730057958792,0.209120224222355,0.654303834068466,0.899552182455327
"paraboloid-surface_area-rep3-n240-r1","paraboloid","surface_area",3,240,1,"geodesic",32,0.000247796256648503,0.0333157065757223,0.348848355445422,1.06125658790955,3.13510766412926,6.31680901898579e-05,0.0096445062862621,0.119444124178278,0.288670542934413,0.403652093346396
"paraboloid-surface_area-rep3-n240-r1","paraboloid","surface_area",3,240,1,"geodesic",4,0.000247796256648503,0.0100389216957723,0.116138872857161,0.401200261218239,2.54955447228539,8.50044804955319e-05,0.00363484890965334,0.0455013938873612,0.107976986146926,0.197837144445688
"paraboloid-surface_area-rep3-n240-r1","paraboloid","surface_area",3,240,1,"geodesic",64,9.43536406639023e-05,0.0538377237394815,0.541935494134684,1.45554103004571,3.13770534140645,3.17855546457801e-05,0.0131804551934494,0.167351280210991,0.446044801768155,0.632665106647423
"paraboloid-surface_area-rep3-n240-r1","paraboloid","surface_area",3,240,1,"geodesic",8,0.000247796256648503,0.0154636616034449,0.159395980310332,0.512252138712944,2.54955447228539,8.50044804955319e-05,0.00563760460086453,0.0621043790040924,0.156091119646163,0.269626085757221
"paraboloid-surface_area-rep3-n240-r16","paraboloid","surface_area",3,240,16,"ambient",128,0.000247796256648503,0.150028021475681,1.53573787786276,2.98639060366456,3.14150463726142,8.69750424625781e-06,0.00858946802138034,0.104167614608418,0.389339152400244,0.631272221305364
"paraboloid-surface_area-rep3-n240-r16","paraboloid","surface_area",3,240,16,"ambient",16,0.00052259136290822,0.0697162270639345,0.769469375790177,2.16472686462356,3.13510766412926,1.83339923784942e-05,0.00187745375753745,0.0187534945894505,0.060165465547929,0.201439468710157
"paraboloid-surface_area-rep3-n240-r16","paraboloid","surface_area",3,240,16,"ambient",239,9.43536406640688e-05,0.154459321531934,1.55354804555996,2.98518098097759,3.14155974437144,8.69750424625781e-06,0.0140814048899136,0.183194053206811,0.582108028896416,0.822878276869119
"paraboloid-surface_area-rep3-n240-r16","paraboloid","surface_area",3,240,16,"ambient",32,0.000247796256648503,0.108021643516589,1.11895156413859,2.70649580361752,3.13860911945673,1.66304044535437e-05,0.00230974900640138,0.0256543291834089,0.118704180619611,0.30248254861812
"paraboloid-surface_area-rep3-n240-r16","paraboloid","surface_area",3,240,16,"ambient",4,0.00052259136290822,0.0386152903844286,0.36968082530733,1.14931338083411,2.74672140107808,5.65012234707285e-05,0.00129276718253424,0.0107866215557546,0.033163349404136,0.074363625108986
"paraboloid-surface_area-rep3-n240-r16","paraboloid","surface_area",3,240,16,"ambient",64,0.000247796256648503,0.136803620205127,1.44933017498953,2.96977240894961,3.14150463726142,8.69750424625781e-06,0.00420171353787225,0.0468516484220122,0.234269912433926,0.46292981794218
"paraboloid-surface_area-rep3-n240-r16","paraboloid","surface_area",3,240,16,"ambient",8,0.00052259136290822,0.0445302798387752,0.527319233805728,1.56510086213971,3.13510766412926,2.79291173536089e-05,0.00166712876110224,0.0149515162597919,0.0448685378001886,0.117265104397054
"paraboloid-surface_area-rep3-n240-r16","paraboloid","surface_area",3,240,16,"geodesic",128,0.000247796256648503,0.148944687312564,1.51670715126282,2.97781679183033,3.14150463726142,8.69750424625781e-06,0.00858128833058142,0.103853004072444,0.389846374014144,0.631272221305364
"paraboloid-surface_area-rep3-n240-r16","paraboloid","surface_area",3,240,16,"geodesic",16,0.00052259136290822,0.0659614052981423,0.728575222733937,1.91772334127436,3.13510766412926,2.79291173536089e-05,0.00212299209646407,0.0203797263457867,0.0680111593733563,0.201439468710157
"paraboloid-surface_area-rep3-n240-r16","paraboloid","surface_area",3,240,16,"geodesic",239,9.43536406640688e-05,0.154459321531934,1.55354804555996,2.98518098097759,3.14155974437144,8.69750424625781e-06,0.0140814048899136,0.183194053206811,0.582108028896416,0.822878276869119
"paraboloid-surface_area-rep3-n240-r16","paraboloid","surface_area",3,240,16,"geodesic",32,0.000247796256648503,0.0965438420843849,1.00527705768267,2.44848199715657,3.13770534140645,1.66304044535437e-05,0.00275873610492133,0.0307101635044189,0.118757211005987,0.30248254861812
"paraboloid-surface_area-rep3-n240-r16","paraboloid","surface_area",3,240,16,"geodesic",4,0.00052259136290822,0.0385448928418283,0.365306551065916,1.13974510382671,2.54955447228539,5.65012234707285e-05,0.00139400551633544,0.0111096624691784,0.0343153873646386,0.074363625108986
"paraboloid-surface_area-rep3-n240-r16","paraboloid","surface_area",3,240,16,"geodesic",64,0.000247796256648503,0.128708568953899,1.32356085053892,2.81815900612289,3.14150463726142,1.66304044535437e-05,0.00435300420151412,0.0505773965040509,0.234143921493431,0.46292981794218
"paraboloid-surface_area-rep3-n240-r16","paraboloid","surface_area",3,240,16,"geodesic",8,0.00052259136290822,0.0437646629854154,0.520708727537606,1.42781495309938,3.13510766412926,2.79291173536089e-05,0.00166666823565339,0.0154575036313124,0.046532376569018,0.117265104397054
"paraboloid-surface_area-rep3-n240-r2","paraboloid","surface_area",3,240,2,"ambient",128,9.43536406640688e-05,0.104708590112969,1.05018449442236,2.3464401774923,3.14150463726142,1.74479791789084e-05,0.0125680002126072,0.164404785068722,0.467498362964328,0.681231802492961
"paraboloid-surface_area-rep3-n240-r2","paraboloid","surface_area",3,240,2,"ambient",16,0.000247796256648503,0.0268027294643707,0.286867269567277,0.855799144427222,2.9502497178209,9.23898086386266e-05,0.00559951225585109,0.0629957782647942,0.162066390664744,0.292035598917476
"paraboloid-surface_area-rep3-n240-r2","paraboloid","surface_area",3,240,2,"ambient",239,9.43536406640688e-05,0.154459321531934,1.55354804555996,2.98518098097759,3.14155974437144,9.16214650148461e-06,0.0148280048905555,0.193950808805923,0.620497678485776,0.87433824154772
"paraboloid-surface_area-rep3-n240-r2","paraboloid","surface_area",3,240,2,"ambient",32,0.000247796256648503,0.0387041647586546,0.424474488890267,1.22260432435062,3.13510766412926,6.11143673328041e-05,0.00712200426830327,0.0865326633656502,0.218118005440545,0.377753687489908
"paraboloid-surface_area-rep3-n240-r2","paraboloid","surface_area",3,240,2,"ambient",4,0.000247796256648503,0.013559482605019,0.142528651194806,0.450956585471471,2.54955447228539,9.23898086386266e-05,0.00324012941856033,0.0332787921145584,0.0905828068894435,0.126130828227216
"paraboloid-surface_area-rep3-n240-r2","paraboloid","surface_area",3,240,2,"ambient",64,0.000247796256648503,0.0634232311309359,0.644742734488737,1.75483810818788,3.13770534140645,2.92405316328903e-05,0.009888344716298,0.120908915802672,0.310529940378053,0.505905289195202
"paraboloid-surface_area-rep3-n240-r2","paraboloid","surface_area",3,240,2,"ambient",8,0.000247796256648503,0.0173440640456606,0.202986676371122,0.614338855573668,2.54955447228539,9.23898086386266e-05,0.00389254907967338,0.0468442209349161,0.121660490538834,0.24063587520624
"paraboloid-surface_area-rep3-n240-r2","paraboloid","surface_area",3,240,2,"geodesic",128,9.43536406640688e-05,0.0991409983975845,0.986898073689211,2.10938363521133,3.13955752379015,1.74479791789084e-05,0.0131899428747078,0.175520752541682,0.509490042937491,0.741964213850837
"paraboloid-surface_area-rep3-n240-r2","paraboloid","surface_area",3,240,2,"geodesic",16,0.000247796256648503,0.0267123430758041,0.283888588579412,0.836581598775856,2.9502497178209,9.23898086386266e-05,0.0056623170366013,0.0630956879149468,0.162701375620589,0.292035598917476
"paraboloid-surface_area-rep3-n240-r2","paraboloid","surface_area",3,240,2,"geodesic",239,9.43536406640688e-05,0.154459321531934,1.55354804555996,2.98518098097759,3.14155974437144,9.16214650148461e-06,0.0148280048905555,0.193950808805923,0.620497678485776,0.87433824154772
"paraboloid-surface_area-rep3-n240-r2","paraboloid","surface_area",3,240,2,"geodesic",32,0.000247796256648503,0.0384411343905731,0.418199780971186,1.18392847239573,3.13510766412926,6.11143673328041e-05,0.00740556139468732,0.088043783522651,0.221142727195465,0.377753687489908
"paraboloid-surface_area-rep3-n240-r2","paraboloid","surface_area",3,240,2,"geodesic",4,0.000247796256648503,0.013559482605019,0.142528651194806,0.450956585471471,2.54955447228539,9.23898086386266e-05,0.00324012941856033,0.0332787921145584,0.0905828068894435,0.126130828227216
"paraboloid-surface_area-rep3-n240-r2","paraboloid","surface_area",3,240,2,"geodesic",64,0.000247796256648503,0.0609422878811008,0.626412301423683,1.60604157442118,3.13770534140645,2.92405316328903e-05,0.0103047603209646,0.126496718819881,0.323678492481766,0.53399635240075
"paraboloid-surface_area-rep3-n240-r2","paraboloid","surface_area",3,240,2,"geodesic",8,0.000247796256648503,0.0173423710723964,0.201936910919221,0.596906303391272,2.54955447228539,9.23898086386266e-05,0.00389115827028825,0.0469022073018389,0.12166225694705,0.24063587520624
"paraboloid-surface_area-rep3-n240-r32","paraboloid","surface_area",3,240,32,"ambient",128,0.000247796256648503,0.151988052102312,1.54606505093033,2.98730581058513,3.14150463726142,8.69004160430897e-06,0.00858484005447688,0.104204747198441,0.38856639364316,0.629662284248097
"paraboloid-surface_area-rep3-n240-r32","paraboloid","surface_area",3,240,32,"ambient",16,0.000522591362908109,0.109240231000647,1.08766222489212,2.71048161712359,3.13510766412926,8.69004160430897e-06,0.00126110919734921,0.0130200509241168,0.0545571055093824,0.200457509433924
"paraboloid-surface_area-rep3-n240-r32","paraboloid","surface_area",3,240,32,"ambient",239,9.43536406640688e-05,0.154459321531934,1.55354804555996,2.98518098097759,3.14155974437144,8.69004160430897e-06,0.0140710329064591,0.182989588478582,0.581279805823883,0.821116937948369
"paraboloid-surface_area-rep3-n240-r32","paraboloid","surface_area",3,240,32,"ambient",32,0.000522591362908109,0.125216748165135,1.41695406513483,2.95613772691222,3.14122011184666,8.69004160430897e-06,0.00202533524801394,0.0214313798479452,0.118929602167743,0.301280094231702
"paraboloid-surface_area-rep3-n240-r32","paraboloid","surface_area",3,240,32,"ambient",4,0.000522591362908109,0.0532622707274565,0.555380654551957,1.84442378582634,3.13510766412926,3.44683916347899e-05,0.00078868952286722,0.00775926865355431,0.0217698230372963,0.0738494586758232
"paraboloid-surface_area-rep3-n240-r32","paraboloid","surface_area",3,240,32,"ambient",64,0.000247796256648503,0.149981095908407,1.53953451689476,2.98744166344692,3.14150463726142,8.69004160430897e-06,0.00424511358669113,0.0469731632179184,0.233528825860612,0.461492557241342
"paraboloid-surface_area-rep3-n240-r32","paraboloid","surface_area",3,240,32,"ambient",8,0.000522591362908109,0.0758840064599967,0.761076026808473,2.2395149299564,3.13510766412926,1.83138847004161e-05,0.000970545833542236,0.0101990895597117,0.0328640524362548,0.116555727025597
"paraboloid-surface_area-rep3-n240-r32","paraboloid","surface_area",3,240,32,"geodesic",128,0.000247796256648503,0.151412013355703,1.54376808936055,2.98639060366456,3.14150463726142,8.69004160430897e-06,0.00858342981713874,0.104182849016885,0.388592419206741,0.629662284248097
"paraboloid-surface_area-rep3-n240-r32","paraboloid","surface_area",3,240,32,"geodesic",16,0.000522591362908109,0.0989441547149088,0.979744012951122,2.45752731177314,3.13510766412926,1.66177106738497e-05,0.00145582120871812,0.0151219363574313,0.0568377670482786,0.200457509433924
"paraboloid-surface_area-rep3-n240-r32","paraboloid","surface_area",3,240,32,"geodesic",239,9.43536406640688e-05,0.154459321531934,1.55354804555996,2.98518098097759,3.14155974437144,8.69004160430897e-06,0.0140710329064591,0.182989588478582,0.581279805823883,0.821116937948369
"paraboloid-surface_area-rep3-n240-r32","paraboloid","surface_area",3,240,32,"geodesic",32,0.000522591362908109,0.114915131761834,1.30739778379153,2.79645023587077,3.13860911945673,8.69004160430897e-06,0.00212457137818822,0.0228597836432047,0.119654240415702,0.301280094231702
"paraboloid-surface_area-rep3-n240-r32","paraboloid","surface_area",3,240,32,"geodesic",4,0.000522591362908109,0.0512870346683034,0.516452423203177,1.55032815805283,2.74672140107808,3.44683916347899e-05,0.000897953420234016,0.00842235564445221,0.0263491025833256,0.0738494586758232
"paraboloid-surface_area-rep3-n240-r32","paraboloid","surface_area",3,240,32,"geodesic",64,0.000247796256648503,0.146341686752218,1.50839905682912,2.97627091986076,3.14150463726142,8.69004160430897e-06,0.00423779598179488,0.046845861720804,0.233664091662944,0.461492557241342
"paraboloid-surface_area-rep3-n240-r32","paraboloid","surface_area",3,240,32,"geodesic",8,0.000522591362908109,0.0721185227658988,0.714575511585933,1.9394051555153,3.13510766412926,2.79090836138307e-05,0.00119784397197579,0.0113732086459732,0.0359439573566778,0.116555727025597
"paraboloid-surface_area-rep3-n240-r4","paraboloid","surface_area",3,240,4,"ambient",128,0.000247796256648503,0.128700374543223,1.29048590944493,2.84676015577101,3.14150463726142,1.68576396266662e-05,0.0090052640799773,0.113505610203342,0.401191030609917,0.651356131972059
"paraboloid-surface_area-rep3-n240-r4","paraboloid","surface_area",3,240,4,"ambient",16,0.000247796256648503,0.0353419734240976,0.381195170833964,1.08497229966789,3.13510766412926,5.8164622098511e-05,0.00374946108679863,0.0451658322881051,0.118310114012397,0.231645676044628
"paraboloid-surface_area-rep3-n240-r4","paraboloid","surface_area",3,240,4,"ambient",239,9.43536406641243e-05,0.154459321531934,1.55354804555996,2.98518098097759,3.14155974437144,8.82926481049484e-06,0.0142954226295539,0.186454825089707,0.595632282474187,0.84566061249188
"paraboloid-surface_area-rep3-n240-r4","paraboloid","surface_area",3,240,4,"ambient",32,0.000247796256648503,0.0546255437340992,0.570189718215894,1.61554289490596,3.13510766412926,2.82901540676894e-05,0.00529435117522906,0.0612378759395319,0.161990611740372,0.321585319953803
"paraboloid-surface_area-rep3-n240-r4","paraboloid","surface_area",3,240,4,"ambient",4,0.000522591362908109,0.0195293175469713,0.195600158622468,0.600794926275165,2.54955447228539,8.99260838979621e-05,0.00218222108051134,0.0211703291095055,0.0637092913491074,0.12364652308965
"paraboloid-surface_area-rep3-n240-r4","paraboloid","surface_area",3,240,4,"ambient",64,0.000247796256648503,0.0798744543761958,0.84283166712849,2.2474118468183,3.13955752379015,1.68576396266662e-05,0.00684292375994122,0.0828647455389269,0.244872802501435,0.488304656843038
"paraboloid-surface_area-rep3-n240-r4","paraboloid","surface_area",3,240,4,"ambient",8,0.000247796256648503,0.0260465115093663,0.265354725101734,0.795760130224313,2.54955447228539,8.99260838979621e-05,0.00327885967385277,0.0318215557618372,0.0900741883654255,0.16747991341911
"paraboloid-surface_area-rep3-n240-r4","paraboloid","surface_area",3,240,4,"geodesic",128,9.43536406641243e-05,0.11641245669325,1.15713056546693,2.46102933029683,3.14150463726142,1.68576396266662e-05,0.0105449090652966,0.136350543461266,0.404753511416721,0.65786960211947
"paraboloid-surface_area-rep3-n240-r4","paraboloid","surface_area",3,240,4,"geodesic",16,0.000247796256648503,0.0351964795082216,0.370622003927615,1.02221780893318,2.9502497178209,5.8164622098511e-05,0.00387447814326161,0.0465489009251508,0.121158546652608,0.232535794191885
"paraboloid-surface_area-rep3-n240-r4","paraboloid","surface_area",3,240,4,"geodesic",239,9.43536406641243e-05,0.154459321531934,1.55354804555996,2.98518098097759,3.14155974437144,8.82926481049484e-06,0.0142954226295539,0.186454825089707,0.595632282474187,0.84566061249188
"paraboloid-surface_area-rep3-n240-r4","paraboloid","surface_area",3,240,4,"geodesic",32,0.000247796256648503,0.0536650007070481,0.546922249957439,1.45611124593998,3.13510766412926,2.82901540676894e-05,0.00539567914537821,0.0636460192058392,0.169364234271889,0.350039717829414
"paraboloid-surface_area-rep3-n240-r4","paraboloid","surface_area",3,240,4,"geodesic",4,0.000522591362908109,0.018523923162532,0.193770338053573,0.558881751615619,1.74792512929768,8.99260838979621e-05,0.00220001588157502,0.021947325449771,0.0648940411214546,0.12364652308965
"paraboloid-surface_area-rep3-n240-r4","paraboloid","surface_area",3,240,4,"geodesic",64,0.000247796256648503,0.0772392139093238,0.78872928014697,1.982792438027,3.13770534140645,2.82901540676894e-05,0.00747853550456743,0.0905425205183151,0.252677092063716,0.490660819762577
"paraboloid-surface_area-rep3-n240-r4","paraboloid","surface_area",3,240,4,"geodesic",8,0.000247796256648503,0.0253359727435107,0.263705535365157,0.795616166232896,2.54955447228539,8.99260838979621e-05,0.00329504576288442,0.032177793920951,0.0918782356394848,0.16747991341911
"paraboloid-surface_area-rep3-n240-r64","paraboloid","surface_area",3,240,64,"ambient",128,0.000247796256648503,0.152356940423094,1.55011975189313,2.98861071288827,3.14150463726142,8.68813281473813e-06,0.00858933247090071,0.104207436021975,0.388380246519729,0.629226902746695
"paraboloid-surface_area-rep3-n240-r64","paraboloid","surface_area",3,240,64,"ambient",16,0.000522591362908165,0.136459557860351,1.37367423009004,2.95691889227331,3.13860911945673,8.68813281473813e-06,0.0011228150824613,0.0112929129877388,0.0554441524617429,0.200185570692115
"paraboloid-surface_area-rep3-n240-r64","paraboloid","surface_area",3,240,64,"ambient",239,9.43536406640133e-05,0.154459321531934,1.55354804555996,2.98518098097759,3.14155974437144,8.68813281473813e-06,0.0140683886390679,0.182950805851625,0.580980083503989,0.820642898111169
"paraboloid-surface_area-rep3-n240-r64","paraboloid","surface_area",3,240,64,"ambient",32,0.000522591362908165,0.137168443716592,1.5142180175143,2.98186842522583,3.14122011184666,8.68813281473813e-06,0.00203192479199322,0.0211395580141692,0.118045206080137,0.300950056876555
"paraboloid-surface_area-rep3-n240-r64","paraboloid","surface_area",3,240,64,"ambient",4,0.000522591362908165,0.0735999814426519,0.795616166232896,2.27150304072725,3.13510766412926,1.66144721416295e-05,0.000467501241427859,0.00519270828097085,0.0165813319619367,0.0737040640488976
"paraboloid-surface_area-rep3-n240-r64","paraboloid","surface_area",3,240,64,"ambient",64,0.000247796256648503,0.152269787680957,1.55322841938981,2.98974265658357,3.14150463726142,8.68813281473813e-06,0.00424582992758914,0.0470073762477068,0.233323904330791,0.4611015438112
"paraboloid-surface_area-rep3-n240-r64","paraboloid","surface_area",3,240,64,"ambient",8,0.000522591362908165,0.0984741057671624,1.06586490601325,2.68336277489415,3.13510766412926,1.66144721416295e-05,0.000671762810905108,0.00718908645280791,0.0294814353984436,0.116356934618624
"paraboloid-surface_area-rep3-n240-r64","paraboloid","surface_area",3,240,64,"geodesic",128,0.000247796256648503,0.152012622950911,1.54861377816693,2.98732818872525,3.14150463726142,8.68813281473813e-06,0.00858760518289997,0.104195581046268,0.388380903438841,0.629226902746695
"paraboloid-surface_area-rep3-n240-r64","paraboloid","surface_area",3,240,64,"geodesic",16,0.000522591362908165,0.129114716334895,1.26731625474284,2.78230393598785,3.13510766412926,1.66144721416295e-05,0.0011938975407874,0.0119411851232116,0.0554520729150438,0.200185570692115
"paraboloid-surface_area-rep3-n240-r64","paraboloid","surface_area",3,240,64,"geodesic",239,9.43536406640133e-05,0.154459321531934,1.55354804555996,2.98518098097759,3.14155974437144,8.68813281473813e-06,0.0140683886390679,0.182950805851625,0.580980083503989,0.820642898111169
"paraboloid-surface_area-rep3-n240-r64","paraboloid","surface_area",3,240,64,"geodesic",32,0.000522591362908165,0.136706775864112,1.47847532375171,2.96420369780567,3.13860911945673,8.68813281473813e-06,0.00203132749871401,0.0212856330993312,0.118361821810652,0.300950056876555
"paraboloid-surface_area-rep3-n240-r64","paraboloid","surface_area",3,240,64,"geodesic",4,0.000522591362908165,0.0723138576634175,0.729775945894918,2.08338843368326,3.13510766412926,1.66144721416295e-05,0.00051131323517164,0.00563315696909317,0.0181763658075677,0.0737040640488976
"paraboloid-surface_area-rep3-n240-r64","paraboloid","surface_area",3,240,64,"geodesic",64,0.000247796256648503,0.151852218942839,1.54738235819495,2.98844325849713,3.14150463726142,8.68813281473813e-06,0.00424767133758659,0.0470489449425326,0.23328531784479,0.4611015438112
"paraboloid-surface_area-rep3-n240-r64","paraboloid","surface_area",3,240,64,"geodesic",8,0.000522591362908165,0.0947096443710741,0.98591243547996,2.47499412740699,3.13510766412926,1.66144721416295e-05,0.000743434663416254,0.00810441972644493,0.029181968480123,0.116356934618624
"paraboloid-surface_area-rep3-n240-r8","paraboloid","surface_area",3,240,8,"ambient",128,0.000247796256648503,0.145196360398374,1.48059725289714,2.97570123615568,3.14150463726142,8.72598948742365e-06,0.00854615495221622,0.103671152393336,0.393485400816386,0.636716569750996
"paraboloid-surface_area-rep3-n240-r8","paraboloid","surface_area",3,240,8,"ambient",16,0.000247796256648503,0.0458889508839753,0.529884782294927,1.54029515933471,3.13510766412926,2.80061798889619e-05,0.00273011976187254,0.029649137476533,0.0818886196658962,0.204571660876753
"paraboloid-surface_area-rep3-n240-r8","paraboloid","surface_area",3,240,8,"ambient",239,9.43536406640688e-05,0.154459321531934,1.55354804555996,2.98518098097759,3.14155974437144,8.72598948742365e-06,0.0141282401741993,0.183881443639545,0.585260823359747,0.828902580349665
"paraboloid-surface_area-rep3-n240-r8","paraboloid","surface_area",3,240,8,"ambient",32,0.000247796256648503,0.0748381586709046,0.789862943232825,2.247945818123,3.13770534140645,1.84097792785831e-05,0.00347028132614416,0.0414613365127626,0.125313789458225,0.30640531494551
"paraboloid-surface_area-rep3-n240-r8","paraboloid","surface_area",3,240,8,"ambient",4,0.000522591362908109,0.0278460194126778,0.249481649186849,0.789639826854504,2.54955447228539,8.69474776892809e-05,0.00204311103052185,0.0154906253669393,0.0460040372042348,0.0759157189871855
"paraboloid-surface_area-rep3-n240-r8","paraboloid","surface_area",3,240,8,"ambient",64,0.000247796256648503,0.112880794223968,1.16195768914892,2.73597891709093,3.14150463726142,1.66791094625696e-05,0.00461168729410757,0.0562360527037409,0.236152905970545,0.46772115231617
"paraboloid-surface_area-rep3-n240-r8","paraboloid","surface_area",3,240,8,"ambient",8,0.000522591362908109,0.0353100914989855,0.369442738142967,1.07271133097723,3.13510766412926,5.6894738784341e-05,0.00232988346275667,0.02090399806964,0.0627525632750375,0.119459173963964
"paraboloid-surface_area-rep3-n240-r8","paraboloid","surface_area",3,240,8,"geodesic",128,0.000247796256648503,0.140489436621483,1.41125949199771,2.89250672034329,3.14150463726142,1.66791094625696e-05,0.00865577378074673,0.106800881726028,0.393906498832934,0.636716569750996
"paraboloid-surface_area-rep3-n240-r8","paraboloid","surface_area",3,240,8,"geodesic",16,0.000247796256648503,0.0444911588547939,0.513960348293375,1.40358710686991,3.13510766412926,2.80061798889619e-05,0.00301884443081615,0.0315863853180505,0.0881671497319324,0.220672082590183
"paraboloid-surface_area-rep3-n240-r8","paraboloid","surface_area",3,240,8,"geodesic",239,9.43536406640688e-05,0.154459321531934,1.55354804555996,2.98518098097759,3.14155974437144,8.72598948742365e-06,0.0141282401741993,0.183881443639545,0.585260823359747,0.828902580349665
"paraboloid-surface_area-rep3-n240-r8","paraboloid","surface_area",3,240,8,"geodesic",32,0.000247796256648503,0.0694224308540845,0.741523782873767,1.87153359909424,3.13510766412926,2.80061798889619e-05,0.00380147708024252,0.0455362112155447,0.133974859017507,0.312082482134773
"paraboloid-surface_area-rep3-n240-r8","paraboloid","surface_area",3,240,8,"geodesic",4,0.000522591362908109,0.0278586981305959,0.24945139994707,0.768472482010433,1.89411793834904,8.69474776892809e-05,0.00204395261839356,0.0156047880376037,0.0464204145065373,0.118165549614947
"paraboloid-surface_area-rep3-n240-r8","paraboloid","surface_area",3,240,8,"geodesic",64,0.000247796256648503,0.107722057540302,1.05354599911591,2.43622597710733,3.13955752379015,1.66791094625696e-05,0.00532776915793823,0.0652208532765555,0.237062479958298,0.46772115231617
"paraboloid-surface_area-rep3-n240-r8","paraboloid","surface_area",3,240,8,"geodesic",8,0.000522591362908109,0.0353100914989855,0.363599714275825,1.02754120244544,2.54955447228539,5.6894738784341e-05,0.00232988346275667,0.0216143198783385,0.0673563431079736,0.157532672419201
"saddle-disk-rep1-n240-r1","saddle","disk",1,240,1,"ambient",128,1.19982358592896e-05,0.105175525251435,1.06028862160566,2.81950649875003,3.14142466755875,1.48035468677254e-05,0.0275061958671269,0.29064343788914,0.691827949087604,0.915927548686633
"saddle-disk-rep1-n240-r1","saddle","disk",1,240,1,"ambient",16,1.19982358592896e-05,0.0221740426525269,0.214163129905115,0.631492001661112,3.13609251162862,3.24320694434777e-05,0.0113197243930632,0.115854182454296,0.301659140953544,0.582436391130078
"saddle-disk-rep1-n240-r1","saddle","disk",1,240,1,"ambient",239,1.19982358592896e-05,0.159135816001698,1.57304693560022,2.98533756581357,3.14142676971416,1.48035468677254e-05,0.020492183386758,0.230625219262326,0.648010211494774,0.915927548686633
"saddle-disk-rep1-n240-r1","saddle","disk",1,240,1,"ambient",32,1.19982358592896e-05,0.030269363572812,0.311365071944399,0.976450317402658,3.13609251162862,1.48035468677254e-05,0.0155162702752809,0.16233317919445,0.43935523984331,0.716965215923409
"saddle-disk-rep1-n240-r1","saddle","disk",1,240,1,"ambient",4,1.19982358592896e-05,0.012931608086042,0.104402086296504,0.376425187569473,1.46613031692058,0.000315985049014589,0.00643716573084275,0.0580451831262281,0.157769714616982,0.323582483691626
"saddle-disk-rep1-n240-r1","saddle","disk",1,240,1,"ambient",64,1.19982358592896e-05,0.0531442167137814,0.522769154366637,1.62261148691906,3.13609251162862,1.48035468677254e-05,0.0212987548215435,0.227387306009047,0.614189620770581,0.909523827722312
"saddle-disk-rep1-n240-r1","saddle","disk",1,240,1,"ambient",8,1.19982358592896e-05,0.016872402820235,0.14358516340869,0.471530035594751,2.65087770360886,3.24320694434777e-05,0.00824770046652221,0.085206187317137,0.219510467489006,0.47249323407922
"saddle-disk-rep1-n240-r1","saddle","disk",1,240,1,"geodesic",128,1.19982358592896e-05,0.104749130721394,1.04759334268405,2.7471646540115,3.14142466755875,1.48035468677254e-05,0.026935873839757,0.283621728425993,0.69289205440791,0.915927548686633
"saddle-disk-rep1-n240-r1","saddle","disk",1,240,1,"geodesic",16,1.19982358592896e-05,0.0221509333270549,0.21366036565032,0.629604932731917,3.13609251162862,3.24320694434777e-05,0.01129452409553,0.115826888346899,0.301675173919272,0.582436391130078
"saddle-disk-rep1-n240-r1","saddle","disk",1,240,1,"geodesic",239,1.19982358592896e-05,0.159135816001698,1.57304693560022,2.98533756581357,3.14142676971416,1.48035468677254e-05,0.020492183386758,0.230625219262326,0.648010211494774,0.915927548686633
"saddle-disk-rep1-n240-r1","saddle","disk",1,240,1,"geodesic",32,1.19982358592896e-05,0.0302631508521844,0.31097019573403,0.968047482457774,3.13609251162862,1.48035468677254e-05,0.0155531698570944,0.162214209974037,0.439518741265847,0.716965215923409
"saddle-disk-rep1-n240-r1","saddle","disk",1,240,1,"geodesic",4,1.19982358592896e-05,0.012931608086042,0.104402086296504,0.376425187569473,1.46613031692058,0.000315985049014589,0.00643716573084275,0.0580451831262281,0.157769714616982,0.323582483691626
"saddle-disk-rep1-n240-r1","saddle","disk",1,240,1,"geodesic",64,1.19982358592896e-05,0.053097245752316,0.52161895155571,1.58944313682117,3.13609251162862,1.48035468677254e-05,0.0213015800744588,0.226929009255598,0.610775053238722,0.909523827722312
"saddle-disk-rep1-n240-r1","saddle","disk",1,240,1,"geodesic",8,1.19982358592896e-05,0.0168672190517332,0.143001769946924,0.4702271558208,2.65087770360886,3.24320694434777e-05,0.00824085492493539,0.0856284648150851,0.222022266258498,0.47249323407922
"saddle-disk-rep1-n240-r16","saddle","disk",1,240,16,"ambient",128,1.19982358592896e-05,0.103897475452615,1.58153089242743,3.03736944072798,3.14142676971416,1.48035468677532e-05,0.0212813915991632,0.243494479817186,0.672821903315711,0.915927548686633
"saddle-disk-rep1-n240-r16","saddle","disk",1,240,16,"ambient",16,1.19982358592896e-05,0.0411661113255271,0.785995276458802,3.04199018767692,3.13942994470708,1.48035468677532e-05,0.00854134084319244,0.104670661258656,0.479636701064286,0.75330139926446
"saddle-disk-rep1-n240-r16","saddle","disk",1,240,16,"ambient",239,1.19982358592896e-05,0.159135816001698,1.57304693560022,2.98533756581357,3.14142676971416,1.48035468677532e-05,0.0204921833867578,0.230625219262326,0.648010211494774,0.915927548686633
"saddle-disk-rep1-n240-r16","saddle","disk",1,240,16,"ambient",32,1.19982358592896e-05,0.0532579598440968,1.26526655093685,3.06682750717796,3.14107857613971,1.48035468677532e-05,0.0114305282556129,0.124500293427019,0.481702560267675,0.77884962520776
"saddle-disk-rep1-n240-r16","saddle","disk",1,240,16,"ambient",4,1.19982358592896e-05,0.0202166211682309,0.270422813775424,1.197154318874,3.13747637381536,1.48035468677532e-05,0.00788927628638428,0.0914331969508955,0.413704772441591,0.659596409100757
"saddle-disk-rep1-n240-r16","saddle","disk",1,240,16,"ambient",64,1.19982358592896e-05,0.0684047854862163,1.505220531141,3.068935933396,3.14142676971416,1.48035468677532e-05,0.0157024529704055,0.171189364622071,0.515047955713916,0.910901021701933
"saddle-disk-rep1-n240-r16","saddle","disk",1,240,16,"ambient",8,1.19982358592896e-05,0.0230348695049753,0.384680298661934,2.90358207560748,3.1381372934505,1.48035468677532e-05,0.00736718338598408,0.0981506804137623,0.447395549059413,0.674784708801666
"saddle-disk-rep1-n240-r16","saddle","disk",1,240,16,"geodesic",128,1.19982358592896e-05,0.114818004125288,1.31614191467914,2.94546798861782,3.14142676971416,1.48035468677532e-05,0.0259453268067988,0.28169167606624,0.683663879957765,0.915927548686633
"saddle-disk-rep1-n240-r16","saddle","disk",1,240,16,"geodesic",16,1.19982358592896e-05,0.0279663900236333,0.375236647888219,1.46836355719938,3.13609251162862,9.33084427472419e-05,0.0122056775992484,0.126869424315794,0.491157862403492,0.75330139926446
"saddle-disk-rep1-n240-r16","saddle","disk",1,240,16,"geodesic",239,1.19982358592896e-05,0.159135816001698,1.57304693560022,2.98533756581357,3.14142676971416,1.48035468677532e-05,0.0204921833867578,0.230625219262326,0.648010211494774,0.915927548686633
"saddle-disk-rep1-n240-r16","saddle","disk",1,240,16,"geodesic",32,1.19982358592896e-05,0.0385551435923446,0.455894008580369,2.0896460683876,3.13795657293624,1.48035468677532e-05,0.0171673500402953,0.175265870342473,0.524051753867943,0.910901021701933
"saddle-disk-rep1-n240-r16","saddle","disk",1,240,16,"geodesic",4,1.19982358592896e-05,0.0198310562939796,0.256394702028382,1.0564214999686,3.13609251162862,9.33084427472419e-05,0.00786829188608073,0.0939450813485132,0.419870349860998,0.659596409100757
"saddle-disk-rep1-n240-r16","saddle","disk",1,240,16,"geodesic",64,1.19982358592896e-05,0.0610034494116916,0.685589879899882,2.83030285499836,3.14142676971416,1.48035468677532e-05,0.0235344841952711,0.258777816000639,0.705613194754993,0.915927548686633
"saddle-disk-rep1-n240-r16","saddle","disk",1,240,16,"geodesic",8,1.19982358592896e-05,0.022796432974676,0.316226792161386,1.18795407086758,3.13609251162862,9.33084427472419e-05,0.00860495458508367,0.102924252131251,0.458480739614428,0.674784708801666
"saddle-disk-rep1-n240-r2","saddle","disk",1,240,2,"ambient",128,1.19982358592896e-05,0.109373934010875,1.23474713072611,3.00779817361311,3.14142676971416,1.48035468677532e-05,0.024558474870247,0.268519031895579,0.686778619151468,0.915927548686633
"saddle-disk-rep1-n240-r2","saddle","disk",1,240,2,"ambient",16,1.19982358592896e-05,0.0245040320339721,0.237264944962809,0.763432345852998,3.13609251162862,3.24320694434777e-05,0.011189352741111,0.119056705661006,0.358684841224445,0.659188074161394
"saddle-disk-rep1-n240-r2","saddle","disk",1,240,2,"ambient",239,1.19982358592896e-05,0.159135816001698,1.57304693560022,2.98533756581357,3.14142676971416,1.48035468677532e-05,0.0204921833867578,0.230625219262326,0.648010211494774,0.915927548686633
"saddle-disk-rep1-n240-r2","saddle","disk",1,240,2,"ambient",32,1.19982358592896e-05,0.0336963204726716,0.348204133188109,1.22537133972865,3.13609251162862,1.48035468677532e-05,0.0163704481185368,0.167659573373956,0.465953069220547,0.789111674740265
"saddle-disk-rep1-n240-r2","saddle","disk",1,240,2,"ambient",4,1.19982358592896e-05,0.0129901259717059,0.117215445542758,0.416067874938855,2.65087770360886,0.000315985049014589,0.00733236209135069,0.0620241038402292,0.203988609469879,0.47249323407922
"saddle-disk-rep1-n240-r2","saddle","disk",1,240,2,"ambient",64,1.19982358592896e-05,0.0567099431144363,0.566610485409013,2.36139224453433,3.13942994470708,1.48035468677532e-05,0.0215585008848572,0.234061156263838,0.635699483275037,0.910901021701933
"saddle-disk-rep1-n240-r2","saddle","disk",1,240,2,"ambient",8,1.19982358592896e-05,0.0181939045207378,0.166192216470706,0.536020815905847,2.65087770360886,0.000315985049014589,0.00854539213852544,0.0875398118187082,0.274230336212393,0.614723685147044
"saddle-disk-rep1-n240-r2","saddle","disk",1,240,2,"geodesic",128,1.19982358592896e-05,0.109986274106594,1.13357394232902,2.89004777925595,3.14142676971416,1.48035468677532e-05,0.0279009133580878,0.298366529420392,0.688086607228277,0.915927548686633
"saddle-disk-rep1-n240-r2","saddle","disk",1,240,2,"geodesic",16,1.19982358592896e-05,0.023779807468289,0.23540377573654,0.741041505675999,3.13609251162862,3.24320694434777e-05,0.011221232122988,0.119832899154152,0.358747951959937,0.659188074161394
"saddle-disk-rep1-n240-r2","saddle","disk",1,240,2,"geodesic",239,1.19982358592896e-05,0.159135816001698,1.57304693560022,2.98533756581357,3.14142676971416,1.48035468677532e-05,0.0204921833867578,0.230625219262326,0.648010211494774,0.915927548686633
"saddle-disk-rep1-n240-r2","saddle","disk",1,240,2,"geodesic",32,1.19982358592896e-05,0.0335813326639502,0.343918072483678,1.19427058802324,3.13609251162862,1.48035468677532e-05,0.0164630066959138,0.167678001477799,0.469892495935455,0.802839198418201
"saddle-disk-rep1-n240-r2","saddle","disk",1,240,2,"geodesic",4,1.19982358592896e-05,0.0129901259717059,0.117215445542758,0.41575832704542,2.65087770360886,0.000315985049014589,0.00733236209135069,0.0620241038402292,0.203988609469879,0.47249323407922
"saddle-disk-rep1-n240-r2","saddle","disk",1,240,2,"geodesic",64,1.19982358592896e-05,0.0561424935477436,0.556384630043881,1.9205627745358,3.13795657293624,1.48035468677532e-05,0.0219569585533535,0.239420014760351,0.65008589619668,0.910901021701933
"saddle-disk-rep1-n240-r2","saddle","disk",1,240,2,"geodesic",8,1.19982358592896e-05,0.0181479856678949,0.164031947787625,0.533435755183537,2.65087770360886,0.000315985049014589,0.00846215107141568,0.0877058051597462,0.274527983186528,0.614723685147044
"saddle-disk-rep1-n240-r32","saddle","disk",1,240,32,"ambient",128,1.19982358592896e-05,0.103871840779242,1.59084513140585,3.03742817611758,3.14142676971416,1.48035468677532e-05,0.0212626117016606,0.243933647016937,0.672911071270691,0.915927548686633
"saddle-disk-rep1-n240-r32","saddle","disk",1,240,32,"ambient",16,1.19982358592896e-05,0.0497642938910891,1.24777047540819,3.06923398389076,3.14052010131951,1.48035468677532e-05,0.00855147328011127,0.105162906430243,0.478740695057195,0.674784708801666
"saddle-disk-rep1-n240-r32","saddle","disk",1,240,32,"ambient",239,1.19982358592896e-05,0.159135816001698,1.57304693560022,2.98533756581357,3.14142676971416,1.48035468677532e-05,0.0204921833867578,0.230625219262326,0.648010211494774,0.915927548686633
"saddle-disk-rep1-n240-r32","saddle","disk",1,240,32,"ambient",32,1.19982358592896e-05,0.0565999140363427,1.52466820773547,3.07587805865285,3.14131951348828,1.48035468677532e-05,0.0114964904724549,0.12401491682596,0.474811069744267,0.767794887511379
"saddle-disk-rep1-n240-r32","saddle","disk",1,240,32,"ambient",4,1.19982358592896e-05,0.0252848378432742,0.398100477013346,2.93458182533978,3.1381372934505,1.48035468677532e-05,0.00635379723469396,0.0947164647029431,0.438782937648918,0.659596409100757
"saddle-disk-rep1-n240-r32","saddle","disk",1,240,32,"ambient",64,1.19982358592896e-05,0.0693001121417597,1.58754719433779,3.06989906911911,3.14142676971416,1.48035468677532e-05,0.0156962036469475,0.170391326926929,0.51222347494608,0.910901021701933
"saddle-disk-rep1-n240-r32","saddle","disk",1,240,32,"ambient",8,1.19982358592896e-05,0.0357864469870423,0.808343062142906,3.05039597624795,3.1381372934505,1.48035468677532e-05,0.00753038498893105,0.0982849529710513,0.472814054041483,0.674784708801666
"saddle-disk-rep1-n240-r32","saddle","disk",1,240,32,"geodesic",128,1.19982358592896e-05,0.114890580224544,1.32088586409626,2.94562815630578,3.14142676971416,1.48035468677532e-05,0.0260083535875261,0.281914248265767,0.683627456961402,0.915927548686633
"saddle-disk-rep1-n240-r32","saddle","disk",1,240,32,"geodesic",16,1.19982358592896e-05,0.030402602103825,0.394825607393705,1.52752321158968,3.13609251162862,9.33084427472419e-05,0.0120227781359928,0.126718096003694,0.487997872913456,0.75330139926446
"saddle-disk-rep1-n240-r32","saddle","disk",1,240,32,"geodesic",239,1.19982358592896e-05,0.159135816001698,1.57304693560022,2.98533756581357,3.14142676971416,1.48035468677532e-05,0.0204921833867578,0.230625219262326,0.648010211494774,0.915927548686633
"saddle-disk-rep1-n240-r32","saddle","disk",1,240,32,"geodesic",32,1.19982358592896e-05,0.0393107955743024,0.465869412586833,2.27661845155338,3.13795657293624,1.48035468677532e-05,0.0171536868878265,0.174684293395521,0.522015433224897,0.910901021701933
"saddle-disk-rep1-n240-r32","saddle","disk",1,240,32,"geodesic",4,1.19982358592896e-05,0.020867322416933,0.304468302597231,1.1828801309983,3.13609251162862,9.33084427472419e-05,0.00807444956782537,0.099938879851396,0.445252868870347,0.674784708801666
"saddle-disk-rep1-n240-r32","saddle","disk",1,240,32,"geodesic",64,1.19982358592896e-05,0.0612138625773982,0.695071618917664,2.84654901186392,3.14142676971416,1.48035468677532e-05,0.0235126450439697,0.257555225584543,0.709229141051092,0.915927548686633
"saddle-disk-rep1-n240-r32","saddle","disk",1,240,32,"geodesic",8,1.19982358592896e-05,0.0229086955488095,0.350725169581615,1.33007259387074,3.13609251162862,9.33084427472419e-05,0.00917830844338765,0.106081278287887,0.481043202592853,0.674784708801666
"saddle-disk-rep1-n240-r4","saddle","disk",1,240,4,"ambient",128,1.19982358592896e-05,0.104857476699279,1.42608133425517,3.03538242717016,3.14142676971416,1.48035468677532e-05,0.0217564052678259,0.247677059739152,0.678981704177749,0.915927548686633
"saddle-disk-rep1-n240-r4","saddle","disk",1,240,4,"ambient",16,1.19982358592896e-05,0.0261777668917887,0.286539634969349,1.07011885474136,3.13609251162863,9.3308442747353e-05,0.0111239408567595,0.122545887175457,0.431082972775009,0.76206920340076
"saddle-disk-rep1-n240-r4","saddle","disk",1,240,4,"ambient",239,1.19982358592896e-05,0.159135816001698,1.57304693560022,2.98533756581357,3.14142676971416,1.48035468677532e-05,0.0204921833867578,0.230625219262326,0.648010211494774,0.915927548686633
"saddle-disk-rep1-n240-r4","saddle","disk",1,240,4,"ambient",32,1.19982358592896e-05,0.0383696092356843,0.431042936153444,2.67690282298007,3.13942994470708,1.48035468677532e-05,0.015289644918215,0.160994820355056,0.506174690629958,0.909523827722312
"saddle-disk-rep1-n240-r4","saddle","disk",1,240,4,"ambient",4,1.19982358592896e-05,0.0122382666657525,0.138955504010082,0.504999799894276,2.65087770360886,0.000315985049014589,0.00796069618438346,0.073819278900665,0.271106951213629,0.614723685147044
"saddle-disk-rep1-n240-r4","saddle","disk",1,240,4,"ambient",64,1.19982358592896e-05,0.0627781555101889,0.884250775452765,3.02829345899398,3.14139308332409,1.48035468677532e-05,0.0171478025416112,0.190990020772712,0.558318566288903,0.910901021701933
"saddle-disk-rep1-n240-r4","saddle","disk",1,240,4,"ambient",8,1.19982358592896e-05,0.0189612715210214,0.203236725073391,0.763721093671264,2.65087770360886,0.000106553674735194,0.00859913725784403,0.0923498338469027,0.343694505697127,0.659188074161394
"saddle-disk-rep1-n240-r4","saddle","disk",1,240,4,"geodesic",128,1.19982358592896e-05,0.113697434118873,1.24461068292059,2.93671056382682,3.14142676971416,1.48035468677532e-05,0.0270816711814825,0.289555109410793,0.684669136367019,0.915927548686633
"saddle-disk-rep1-n240-r4","saddle","disk",1,240,4,"geodesic",16,1.19982358592896e-05,0.0258427052282064,0.281738003221285,1.01050276149196,3.13609251162863,9.3308442747353e-05,0.0110649048487835,0.122978401197361,0.433680309025884,0.76206920340076
"saddle-disk-rep1-n240-r4","saddle","disk",1,240,4,"geodesic",239,1.19982358592896e-05,0.159135816001698,1.57304693560022,2.98533756581357,3.14142676971416,1.48035468677532e-05,0.0204921833867578,0.230625219262326,0.648010211494774,0.915927548686633
"saddle-disk-rep1-n240-r4","saddle","disk",1,240,4,"geodesic",32,1.19982358592896e-05,0.0364575608992692,0.394128848925575,1.55420072893372,3.13609251162863,1.48035468677532e-05,0.0171625921858286,0.172917162326955,0.514158970462529,0.909523827722312
"saddle-disk-rep1-n240-r4","saddle","disk",1,240,4,"geodesic",4,1.19982358592896e-05,0.0122382666657525,0.138955504010082,0.496086599580162,2.65087770360886,0.000315985049014589,0.00796069618438346,0.0733515807418834,0.271106951213629,0.614723685147044
"saddle-disk-rep1-n240-r4","saddle","disk",1,240,4,"geodesic",64,1.19982358592896e-05,0.058472212391109,0.611412506811717,2.48108139692582,3.14139308332409,1.48035468677532e-05,0.0226431049394318,0.250066775520485,0.688010167145047,0.915927548686633
"saddle-disk-rep1-n240-r4","saddle","disk",1,240,4,"geodesic",8,1.19982358592896e-05,0.0189298804662436,0.201919654988841,0.753254340542443,2.65087770360886,0.000315985049014589,0.00931038880846588,0.0931208356738774,0.343408470843065,0.659188074161394
"saddle-disk-rep1-n240-r64","saddle","disk",1,240,64,"ambient",128,1.19982358592896e-05,0.103863295888118,1.59339932658762,3.03744775458079,3.14142676971416,1.4803546867781e-05,0.0212563517358265,0.243959825705106,0.672940793922351,0.915927548686633
"saddle-disk-rep1-n240-r64","saddle","disk",1,240,64,"ambient",16,1.19982358592896e-05,0.0523977062872127,1.53560533353139,3.08057447311301,3.14052010131951,1.4803546867781e-05,0.00890582273216633,0.105301337844234,0.472965292908542,0.674784708801666
"saddle-disk-rep1-n240-r64","saddle","disk",1,240,64,"ambient",239,1.19982358592896e-05,0.159135816001698,1.57304693560022,2.98533756581357,3.14142676971416,1.4803546867781e-05,0.0204921833867578,0.230625219262326,0.648010211494774,0.915927548686633
"saddle-disk-rep1-n240-r64","saddle","disk",1,240,64,"ambient",32,1.19982358592896e-05,0.0589758195471425,1.64155286203433,3.07786160882897,3.14131951348828,1.4803546867781e-05,0.011309067216519,0.123254669964124,0.470079419328206,0.767794887511379
"saddle-disk-rep1-n240-r64","saddle","disk",1,240,64,"ambient",4,0.000130663399494413,0.0437577155680892,0.850886625658068,3.06033733550487,3.1381372934505,1.4803546867781e-05,0.00658591562057448,0.0982814547628386,0.442473723653024,0.659596409100757
"saddle-disk-rep1-n240-r64","saddle","disk",1,240,64,"ambient",64,1.19982358592896e-05,0.0701860610251859,1.62033501477389,3.0700683629385,3.14142676971416,1.4803546867781e-05,0.0156742183374834,0.169789127804013,0.512455915609758,0.910901021701933
"saddle-disk-rep1-n240-r64","saddle","disk",1,240,64,"ambient",8,1.19982358592896e-05,0.0460433796290096,1.27516816343934,3.0788475048427,3.13900523211067,1.4803546867781e-05,0.00744343312005644,0.0978993709080522,0.463940021370249,0.674784708801666
"saddle-disk-rep1-n240-r64","saddle","disk",1,240,64,"geodesic",128,1.19982358592896e-05,0.114890580224544,1.32627488952866,2.94885245089702,3.14142676971416,1.4803546867781e-05,0.0260083535875261,0.281914248265767,0.683627456961402,0.915927548686633
"saddle-disk-rep1-n240-r64","saddle","disk",1,240,64,"geodesic",16,1.19982358592896e-05,0.0311243983640414,0.40020279092529,1.56618429129266,3.13609251162862,9.3308442747353e-05,0.012093982987948,0.126672573936567,0.485808699118614,0.75330139926446
"saddle-disk-rep1-n240-r64","saddle","disk",1,240,64,"geodesic",239,1.19982358592896e-05,0.159135816001698,1.57304693560022,2.98533756581357,3.14142676971416,1.4803546867781e-05,0.0204921833867578,0.230625219262326,0.648010211494774,0.915927548686633
"saddle-disk-rep1-n240-r64","saddle","disk",1,240,64,"geodesic",32,1.19982358592896e-05,0.039343984824813,0.468947978028433,2.41031796311629,3.13795657293624,1.4803546867781e-05,0.0170984667414465,0.173616072937538,0.521309895356216,0.910901021701933
"saddle-disk-rep1-n240-r64","saddle","disk",1,240,64,"geodesic",4,1.19982358592896e-05,0.0230184354829468,0.343332803435454,1.31677229911575,3.13609251162862,9.3308442747353e-05,0.00947669927648109,0.105309705777689,0.469432898558055,0.674784708801666
"saddle-disk-rep1-n240-r64","saddle","disk",1,240,64,"geodesic",64,1.19982358592896e-05,0.0614043161135823,0.699935147569414,2.8538188355711,3.14142676971416,1.4803546867781e-05,0.0230645329569687,0.256146833431483,0.702783339694817,0.915927548686633
"saddle-disk-rep1-n240-r64","saddle","disk",1,240,64,"geodesic",8,1.19982358592896e-05,0.0253811257898609,0.370657096376991,1.39453719895343,3.13609251162862,9.3308442747353e-05,0.00893487314325846,0.105759163578838,0.483301248680858,0.674784708801666
"saddle-disk-rep1-n240-r8","saddle","disk",1,240,8,"ambient",128,1.19982358592896e-05,0.104171657052437,1.5550859775489,3.03708584388117,3.14142676971416,1.48035468677532e-05,0.0213185752096523,0.244168453902611,0.674356919827709,0.915927548686633
"saddle-disk-rep1-n240-r8","saddle","disk",1,240,8,"ambient",16,1.19982358592896e-05,0.0287460957528138,0.397800088398493,2.75741049076967,3.13942994470708,1.48035468677532e-05,0.00983205845832733,0.113164016496204,0.460816691809792,0.76206920340076
"saddle-disk-rep1-n240-r8","saddle","disk",1,240,8,"ambient",239,1.19982358592896e-05,0.159135816001698,1.57304693560022,2.98533756581357,3.14142676971416,1.48035468677532e-05,0.0204921833867578,0.230625219262326,0.648010211494774,0.915927548686633
"saddle-disk-rep1-n240-r8","saddle","disk",1,240,8,"ambient",32,1.19982358592896e-05,0.0471699925854882,0.790419643401578,3.02919931658232,3.14139308332409,1.48035468677532e-05,0.0121596288383108,0.130669651475854,0.505405939757818,0.909523827722312
"saddle-disk-rep1-n240-r8","saddle","disk",1,240,8,"ambient",4,1.19982358592896e-05,0.015576097030908,0.197011087589644,0.763468172484385,2.89980606959739,9.3308442747353e-05,0.0071386879664697,0.0853907579288062,0.349734313365841,0.659188074161394
"saddle-disk-rep1-n240-r8","saddle","disk",1,240,8,"ambient",64,1.19982358592896e-05,0.0666871030290764,1.28473990814058,3.06109486034381,3.14142676971416,1.48035468677532e-05,0.0162140376832263,0.174684293395521,0.522768313365572,0.910901021701933
"saddle-disk-rep1-n240-r8","saddle","disk",1,240,8,"ambient",8,1.19982358592896e-05,0.0195838492567633,0.273889710904629,1.09222680713782,3.1381372934505,9.3308442747353e-05,0.00859913725784403,0.0971960522376468,0.422847161779375,0.659188074161394
"saddle-disk-rep1-n240-r8","saddle","disk",1,240,8,"geodesic",128,1.19982358592896e-05,0.114647693796341,1.29782017540251,2.94473610933659,3.14142676971416,1.48035468677532e-05,0.0261902839802976,0.283284692826731,0.683954428783667,0.915927548686633
"saddle-disk-rep1-n240-r8","saddle","disk",1,240,8,"geodesic",16,1.19982358592896e-05,0.0267016158589944,0.340323552040429,1.30324026975685,3.13609251162863,9.3308442747353e-05,0.0121768971236624,0.125082210683294,0.478980817415087,0.76206920340076
"saddle-disk-rep1-n240-r8","saddle","disk",1,240,8,"geodesic",239,1.19982358592896e-05,0.159135816001698,1.57304693560022,2.98533756581357,3.14142676971416,1.48035468677532e-05,0.0204921833867578,0.230625219262326,0.648010211494774,0.915927548686633
"saddle-disk-rep1-n240-r8","saddle","disk",1,240,8,"geodesic",32,1.19982358592896e-05,0.0378911493412604,0.43256786802867,1.82281794620287,3.13795657293624,1.48035468677532e-05,0.0171530507951119,0.175533028580741,0.521277937698624,0.910901021701933
"saddle-disk-rep1-n240-r8","saddle","disk",1,240,8,"geodesic",4,1.19982358592896e-05,0.0155647769691245,0.195469605989714,0.747932884128082,2.65087770360886,9.3308442747353e-05,0.00732915472519469,0.0846311525107488,0.349154452712501,0.659188074161394
"saddle-disk-rep1-n240-r8","saddle","disk",1,240,8,"geodesic",64,1.19982358592896e-05,0.0599256401749416,0.657378325882801,2.77653957935124,3.14142676971416,1.48035468677532e-05,0.0236058510292811,0.255825424037679,0.69830363468117,0.915927548686633
"saddle-disk-rep1-n240-r8","saddle","disk",1,240,8,"geodesic",8,1.19982358592896e-05,0.0195786045491821,0.269099471619019,0.989119876939404,3.13609251162863,9.3308442747353e-05,0.0088101736947301,0.0980705750711162,0.422980553978928,0.75330139926446
"saddle-disk-rep1-n480-r64","saddle","disk",1,480,64,"ambient",128,1.19982358592896e-05,0.0658066406218288,1.5693108786684,3.07166148191337,3.14154991739108,6.30074107998979e-07,0.0147276555506419,0.165383165196254,0.487993343969149,0.934261698780355
"saddle-disk-rep1-n480-r64","saddle","disk",1,480,64,"ambient",16,1.19982358592896e-05,0.0426542911600507,1.20053749481172,3.07714084312398,3.14154991739108,1.30788366536905e-05,0.00663423222676258,0.0965968853079898,0.454056486152939,0.750908796889894
"saddle-disk-rep1-n480-r64","saddle","disk",1,480,64,"ambient",479,1.19982358592896e-05,0.155577868048295,1.56936403591383,2.98508227007288,3.14155023352031,6.30074107998979e-07,0.0189671860992771,0.222189792068924,0.637875073423439,0.940082260466736
"saddle-disk-rep1-n480-r64","saddle","disk",1,480,64,"ambient",64,1.19982358592896e-05,0.0545689293466166,1.57030592931323,3.0812645461896,3.14154991739108,6.30074107998979e-07,0.0107020215959789,0.122869097791266,0.465274753133385,0.897682145683496
"saddle-disk-rep1-n480-r64","saddle","disk",1,480,64,"ambient",8,0.000130663399494413,0.0341200388533045,0.762548527274714,3.04646344023868,3.14154991739108,1.41259781802905e-05,0.00556810655734511,0.0917472414491708,0.451009461962708,0.750908796889894
"saddle-disk-rep1-n480-r64","saddle","disk",1,480,64,"geodesic",128,1.19982358592896e-05,0.0579181876962182,0.682914450729127,2.81844163811261,3.14148355020496,6.30074107998979e-07,0.0210921412470012,0.246985737434793,0.688693674604744,0.940082260466736
"saddle-disk-rep1-n480-r64","saddle","disk",1,480,64,"geodesic",16,1.19982358592896e-05,0.0249193078161049,0.361283182717931,1.38323140070094,3.13609251162862,6.30074107998979e-07,0.00847053881904465,0.104912795502493,0.458401110661935,0.750908796889894
"saddle-disk-rep1-n480-r64","saddle","disk",1,480,64,"geodesic",479,1.19982358592896e-05,0.155577868048295,1.56936403591383,2.98508227007288,3.14155023352031,6.30074107998979e-07,0.0189671860992771,0.222189792068924,0.637875073423439,0.940082260466736
"saddle-disk-rep1-n480-r64","saddle","disk",1,480,64,"geodesic",64,1.19982358592896e-05,0.0345991066687924,0.467761836306449,2.2838921590958,3.13986609243928,6.30074107998979e-07,0.0152651950634107,0.169900653110276,0.512258667576338,0.934261698780355
"saddle-disk-rep1-n480-r64","saddle","disk",1,480,64,"geodesic",8,1.19982358592896e-05,0.0240169562996067,0.335572517987387,1.28481049681369,3.13609251162862,1.41259781802905e-05,0.00705598599319048,0.0974367669718632,0.452891383287078,0.750908796889894
"saddle-disk-rep2-n240-r1","saddle","disk",2,240,1,"ambient",128,5.69209092398104e-05,0.105224608648265,1.05510550391159,2.78927025056856,3.14154678319784,4.0780702078691e-05,0.0233901222236665,0.285223662576076,0.732137823376319,0.933177634845378
"saddle-disk-rep2-n240-r1","saddle","disk",2,240,1,"ambient",16,5.69209092398104e-05,0.0227392468968735,0.189309579164131,0.780600971471081,3.08759553278145,4.0780702078691e-05,0.0124080367790357,0.118827469048239,0.293557481703089,0.527441860436287
"saddle-disk-rep2-n240-r1","saddle","disk",2,240,1,"ambient",239,5.69209092398104e-05,0.157483463312666,1.56708823816418,2.98660498190064,3.14154678319784,5.9512568009179e-06,0.0186923447946233,0.227919177926965,0.6840499271827,0.933177634845378
"saddle-disk-rep2-n240-r1","saddle","disk",2,240,1,"ambient",32,5.69209092398104e-05,0.0345437768615069,0.299250865500383,0.992248447093787,3.13308094467866,4.0780702078691e-05,0.0149616476592203,0.160396164945342,0.432013934829059,0.665422774193224
"saddle-disk-rep2-n240-r1","saddle","disk",2,240,1,"ambient",4,5.69209092398104e-05,0.0106896170565213,0.0980496458032036,0.421984572160042,1.73904697344093,4.0780702078691e-05,0.00587646582800391,0.0641388586064442,0.167909844237767,0.347020113535796
"saddle-disk-rep2-n240-r1","saddle","disk",2,240,1,"ambient",64,5.69209092398104e-05,0.0542522845089883,0.517352438215247,1.67339342633999,3.14049556122907,4.0780702078691e-05,0.019852342185561,0.225410792096582,0.63449022789698,0.928776639336837
"saddle-disk-rep2-n240-r1","saddle","disk",2,240,1,"ambient",8,5.69209092398104e-05,0.0128845972095859,0.135354201693064,0.531100575162619,2.84505582823889,4.0780702078691e-05,0.00939643158352276,0.0837244322538707,0.223090506252653,0.397294548928809
"saddle-disk-rep2-n240-r1","saddle","disk",2,240,1,"geodesic",128,5.69209092398104e-05,0.10375078305653,1.04072275612011,2.73201267340933,3.14154678319784,4.0780702078691e-05,0.0231064724328685,0.279720830285014,0.733762422609744,0.933177634845378
"saddle-disk-rep2-n240-r1","saddle","disk",2,240,1,"geodesic",16,5.69209092398104e-05,0.0227700718381934,0.189366801213604,0.780229478266281,3.08759553278145,4.0780702078691e-05,0.0124091370063898,0.119041287199524,0.293551836315973,0.527441860436287
"saddle-disk-rep2-n240-r1","saddle","disk",2,240,1,"geodesic",239,5.69209092398104e-05,0.157483463312666,1.56708823816418,2.98660498190064,3.14154678319784,5.9512568009179e-06,0.0186923447946233,0.227919177926965,0.6840499271827,0.933177634845378
"saddle-disk-rep2-n240-r1","saddle","disk",2,240,1,"geodesic",32,5.69209092398104e-05,0.0346952909131978,0.299249873264569,0.986714250664572,3.13308094467866,4.0780702078691e-05,0.0149599949405843,0.160381058352653,0.432179769777937,0.689288565937819
"saddle-disk-rep2-n240-r1","saddle","disk",2,240,1,"geodesic",4,5.69209092398104e-05,0.0106896170565213,0.0980496458032036,0.421984572160042,1.73904697344093,4.0780702078691e-05,0.00587646582800391,0.0641388586064442,0.167909844237767,0.347020113535796
"saddle-disk-rep2-n240-r1","saddle","disk",2,240,1,"geodesic",64,5.69209092398104e-05,0.0541926322153685,0.515440219746492,1.66119079709505,3.14049556122907,4.0780702078691e-05,0.0199291866202332,0.225279431859632,0.633890861977203,0.928776639336837
"saddle-disk-rep2-n240-r1","saddle","disk",2,240,1,"geodesic",8,5.69209092398104e-05,0.0128784138734946,0.135231055277662,0.531298033633937,2.84505582823889,4.0780702078691e-05,0.00939383146185735,0.0836415897142457,0.223100531799964,0.397294548928809
"saddle-disk-rep2-n240-r16","saddle","disk",2,240,16,"ambient",128,5.69209092402545e-05,0.105831633754113,1.55857797050862,3.03966719758404,3.14154678319784,5.95125680047381e-06,0.0197485450363938,0.237004575387238,0.684019691920639,0.933177634845378
"saddle-disk-rep2-n240-r16","saddle","disk",2,240,16,"ambient",16,5.69209092402545e-05,0.0374448228318645,0.817433283605176,3.00749401968664,3.14115484977019,5.95125680047381e-06,0.0112173258447069,0.136777004241244,0.528615697335679,0.883518198908916
"saddle-disk-rep2-n240-r16","saddle","disk",2,240,16,"ambient",239,5.69209092402545e-05,0.157483463312666,1.56708823816418,2.98660498190064,3.14154678319784,5.95125680047381e-06,0.0186923447946231,0.227919177926965,0.6840499271827,0.933177634845378
"saddle-disk-rep2-n240-r16","saddle","disk",2,240,16,"ambient",32,5.69209092402545e-05,0.0490436095802518,1.24430753733791,3.06513663312909,3.14115484977019,5.95125680047381e-06,0.0127994848620508,0.149882145608731,0.55168270842477,0.916756673348208
"saddle-disk-rep2-n240-r16","saddle","disk",2,240,16,"ambient",4,5.69209092402545e-05,0.0128042138403987,0.23549608531395,1.38920109087832,3.13634877270254,5.55882445960609e-05,0.00772268511876122,0.104776318297225,0.448743422597201,0.676251628834942
"saddle-disk-rep2-n240-r16","saddle","disk",2,240,16,"ambient",64,5.69209092402545e-05,0.066163174999959,1.46135296485945,3.07666365171688,3.14145935098953,5.95125680047381e-06,0.0156945037046318,0.181358691677512,0.573082159038007,0.931376361155374
"saddle-disk-rep2-n240-r16","saddle","disk",2,240,16,"ambient",8,5.69209092402545e-05,0.0187521574189029,0.38232147732319,2.86219392616211,3.13634877270254,5.95125680047381e-06,0.00959174939144103,0.119159471119154,0.502552622511854,0.875378238271943
"saddle-disk-rep2-n240-r16","saddle","disk",2,240,16,"geodesic",128,5.69209092402545e-05,0.114717436285621,1.31931312489086,2.95139196040003,3.14154678319784,3.36573864502254e-05,0.0226721039597479,0.271819530879135,0.722329986646107,0.933177634845378
"saddle-disk-rep2-n240-r16","saddle","disk",2,240,16,"geodesic",16,5.69209092402545e-05,0.030771423481325,0.403115027328184,1.51654151805289,3.13308094467866,5.55882445960609e-05,0.012942230472893,0.148092044443183,0.545495000381146,0.908616712711235
"saddle-disk-rep2-n240-r16","saddle","disk",2,240,16,"geodesic",239,5.69209092402545e-05,0.157483463312666,1.56708823816418,2.98660498190064,3.14154678319784,5.95125680047381e-06,0.0186923447946231,0.227919177926965,0.6840499271827,0.933177634845378
"saddle-disk-rep2-n240-r16","saddle","disk",2,240,16,"geodesic",32,5.69209092402545e-05,0.0387102075739875,0.500826893926008,1.93308284553784,3.14091757879134,4.0780702078802e-05,0.0163847856950399,0.182884282447994,0.600076152655206,0.931376361155374
"saddle-disk-rep2-n240-r16","saddle","disk",2,240,16,"geodesic",4,5.69209092402545e-05,0.0127590782941551,0.216471790319612,0.948601702353272,2.8450558282389,5.55882445960609e-05,0.00775773890461292,0.109823631134197,0.4492460786471,0.676251628834942
"saddle-disk-rep2-n240-r16","saddle","disk",2,240,16,"geodesic",64,5.69209092402545e-05,0.0616091515229612,0.759751503372668,2.86761608034305,3.14124586992462,4.0780702078802e-05,0.0219367388995852,0.25969425901286,0.743922900298236,0.933177634845378
"saddle-disk-rep2-n240-r16","saddle","disk",2,240,16,"geodesic",8,5.69209092402545e-05,0.0183799010741074,0.31012898256354,1.23502623151803,3.13308094467866,5.55882445960609e-05,0.0108637698579946,0.132940165763368,0.507006590513852,0.875378238271943
"saddle-disk-rep2-n240-r2","saddle","disk",2,240,2,"ambient",128,5.69209092398104e-05,0.109776006242855,1.197904212263,2.96936624675721,3.14154678319784,3.36573864504475e-05,0.0226403609158821,0.268176438677361,0.723775764211988,0.933177634845378
"saddle-disk-rep2-n240-r2","saddle","disk",2,240,2,"ambient",16,5.69209092398104e-05,0.0239508137525214,0.207315978931829,0.857180816770955,3.08759553278145,4.0780702078691e-05,0.0128156119819446,0.127577305220519,0.351781046964075,0.55253989883203
"saddle-disk-rep2-n240-r2","saddle","disk",2,240,2,"ambient",239,5.69209092398104e-05,0.157483463312666,1.56708823816418,2.98660498190064,3.14154678319784,5.95125680058484e-06,0.0186923447946232,0.227919177926965,0.6840499271827,0.933177634845378
"saddle-disk-rep2-n240-r2","saddle","disk",2,240,2,"ambient",32,5.69209092398104e-05,0.035063012227781,0.326395518804442,1.17149797272144,3.13308094467866,4.0780702078691e-05,0.0151127895437486,0.172018162568968,0.493420994637223,0.776352235840792
"saddle-disk-rep2-n240-r2","saddle","disk",2,240,2,"ambient",4,5.69209092398104e-05,0.0106857124105926,0.108428711379715,0.446061551317926,1.73904697344093,5.55882445960609e-05,0.00614376900449388,0.0698050761925241,0.20371451043664,0.347020113535796
"saddle-disk-rep2-n240-r2","saddle","disk",2,240,2,"ambient",64,5.69209092398104e-05,0.0574024956270535,0.58261460680278,2.44483225641462,3.14124586992462,4.0780702078691e-05,0.0207868727717918,0.238119334341578,0.676646770255654,0.931376361155374
"saddle-disk-rep2-n240-r2","saddle","disk",2,240,2,"ambient",8,5.69209092398104e-05,0.0130702077872205,0.143939815804033,0.571086072155491,2.8450558282389,4.0780702078691e-05,0.00942291625960974,0.0902904214872451,0.250828764171953,0.453929541274122
"saddle-disk-rep2-n240-r2","saddle","disk",2,240,2,"geodesic",128,5.69209092398104e-05,0.109507392342247,1.12046699444958,2.86353801482533,3.14154678319784,3.36573864504475e-05,0.0244430179671556,0.289256195153147,0.727928072021691,0.933177634845378
"saddle-disk-rep2-n240-r2","saddle","disk",2,240,2,"geodesic",16,5.69209092398104e-05,0.023969957368617,0.20687199825687,0.856185664639474,3.08759553278145,4.0780702078691e-05,0.0127408155805873,0.127673895632543,0.351768949334074,0.55253989883203
"saddle-disk-rep2-n240-r2","saddle","disk",2,240,2,"geodesic",239,5.69209092398104e-05,0.157483463312666,1.56708823816418,2.98660498190064,3.14154678319784,5.95125680058484e-06,0.0186923447946232,0.227919177926965,0.6840499271827,0.933177634845378
"saddle-disk-rep2-n240-r2","saddle","disk",2,240,2,"geodesic",32,5.69209092398104e-05,0.0346554187943318,0.319928697051989,1.11352887140171,3.13308094467866,4.0780702078691e-05,0.0153288524012322,0.172502587204211,0.495428929872075,0.811942020694858
"saddle-disk-rep2-n240-r2","saddle","disk",2,240,2,"geodesic",4,5.69209092398104e-05,0.0106857124105926,0.108428711379715,0.438733983373415,1.73904697344093,5.55882445960609e-05,0.0061535188169042,0.0700314339106478,0.20371451043664,0.347020113535796
"saddle-disk-rep2-n240-r2","saddle","disk",2,240,2,"geodesic",64,5.69209092398104e-05,0.0567672847669829,0.571282956477197,2.06786974965828,3.14124586992462,4.0780702078691e-05,0.020833289285509,0.241660278001878,0.687444538172837,0.931376361155374
"saddle-disk-rep2-n240-r2","saddle","disk",2,240,2,"geodesic",8,5.69209092398104e-05,0.0129478555338323,0.143939815804033,0.569903086741633,2.8450558282389,4.0780702078691e-05,0.00942835823265691,0.0902904214872451,0.251311138560297,0.453929541274122
"saddle-disk-rep2-n240-r32","saddle","disk",2,240,32,"ambient",128,5.69209092402545e-05,0.105789406351466,1.56351351093234,3.03966772964382,3.14154678319784,5.95125680058484e-06,0.0197515025205971,0.236783812774773,0.683895014064714,0.933177634845378
"saddle-disk-rep2-n240-r32","saddle","disk",2,240,32,"ambient",16,5.69209092402545e-05,0.0404386218390514,1.24686477796012,3.06828747141626,3.14115484977019,5.95125680058484e-06,0.0107227796668112,0.133730006883611,0.526972713222581,0.906613487841938
"saddle-disk-rep2-n240-r32","saddle","disk",2,240,32,"ambient",239,5.69209092402545e-05,0.157483463312666,1.56708823816418,2.98660498190064,3.14154678319784,5.95125680058484e-06,0.0186923447946232,0.227919177926965,0.6840499271827,0.933177634845378
"saddle-disk-rep2-n240-r32","saddle","disk",2,240,32,"ambient",32,5.69209092402545e-05,0.0546556033915131,1.43557628637458,3.08758393116315,3.14115484977019,5.95125680058484e-06,0.0128383684868428,0.148001826328746,0.536159153116435,0.916756673348208
"saddle-disk-rep2-n240-r32","saddle","disk",2,240,32,"ambient",4,5.69209092402545e-05,0.0156648177579241,0.373586989426868,2.94817768149982,3.13634877270254,5.55882445960609e-05,0.00754329232089858,0.111531452406557,0.516852216978632,0.779708605142398
"saddle-disk-rep2-n240-r32","saddle","disk",2,240,32,"ambient",64,5.69209092402545e-05,0.0665884179742049,1.54980879788674,3.07801895579457,3.14145935098953,5.95125680058484e-06,0.0157832535469405,0.180957388721726,0.567060118997981,0.931376361155374
"saddle-disk-rep2-n240-r32","saddle","disk",2,240,32,"ambient",8,5.69209092402545e-05,0.0260327047922462,0.798479478306303,3.01284938137005,3.14115484977019,5.95125680058484e-06,0.00809384789867974,0.123289579247616,0.525263037507858,0.824826378939123
"saddle-disk-rep2-n240-r32","saddle","disk",2,240,32,"geodesic",128,5.69209092402545e-05,0.114721011148906,1.32297308786059,2.95142802142117,3.14154678319784,3.36573864504475e-05,0.0224837083018452,0.270602139206477,0.722149097230348,0.933177634845378
"saddle-disk-rep2-n240-r32","saddle","disk",2,240,32,"geodesic",16,5.69209092402545e-05,0.031093400710568,0.432711318551528,1.56941709764939,3.13613801268488,5.55882445960609e-05,0.0130506444842544,0.147990128726854,0.539552578143863,0.908616712711235
"saddle-disk-rep2-n240-r32","saddle","disk",2,240,32,"geodesic",239,5.69209092402545e-05,0.157483463312666,1.56708823816418,2.98660498190064,3.14154678319784,5.95125680058484e-06,0.0186923447946232,0.227919177926965,0.6840499271827,0.933177634845378
"saddle-disk-rep2-n240-r32","saddle","disk",2,240,32,"geodesic",32,5.69209092402545e-05,0.0388511730794356,0.521796738631488,2.21987789372989,3.14091757879134,5.55882445960609e-05,0.0167263935006484,0.183129245787275,0.599337486728617,0.931376361155374
"saddle-disk-rep2-n240-r32","saddle","disk",2,240,32,"geodesic",4,5.69209092402545e-05,0.0135577580600967,0.290804995242662,1.14747342348544,2.84505582823889,5.55882445960609e-05,0.00771013889455366,0.119159471119154,0.498183853496861,0.779708605142398
"saddle-disk-rep2-n240-r32","saddle","disk",2,240,32,"geodesic",64,5.69209092402545e-05,0.0618899688226724,0.776145190310833,2.88865882630903,3.14124586992462,4.0780702078691e-05,0.0218896899530305,0.257801422914197,0.743336141056343,0.933177634845378
"saddle-disk-rep2-n240-r32","saddle","disk",2,240,32,"geodesic",8,5.69209092402545e-05,0.0195947370700083,0.359494347144811,1.37878272259064,3.13308094467866,5.55882445960609e-05,0.0118172296686269,0.132940165763368,0.52693319018753,0.875378238271943
"saddle-disk-rep2-n240-r4","saddle","disk",2,240,4,"ambient",128,5.69209092402545e-05,0.106534590304576,1.39072674137731,3.03003584933025,3.14154678319784,5.95125680058484e-06,0.0204802561696053,0.245731140491676,0.70073341341263,0.933177634845378
"saddle-disk-rep2-n240-r4","saddle","disk",2,240,4,"ambient",16,5.69209092402545e-05,0.0248610094124109,0.260790426674813,1.10359383202622,3.08759553278145,4.0780702078691e-05,0.0126531477917994,0.136654309284991,0.445015548767883,0.727983480327978
"saddle-disk-rep2-n240-r4","saddle","disk",2,240,4,"ambient",239,5.69209092402545e-05,0.157483463312666,1.56708823816418,2.98660498190064,3.14154678319784,5.95125680058484e-06,0.0186923447946231,0.227919177926965,0.6840499271827,0.933177634845378
"saddle-disk-rep2-n240-r4","saddle","disk",2,240,4,"ambient",32,5.69209092402545e-05,0.0378241922595906,0.438270758681609,2.75313139933375,3.13954534056959,5.95125680058484e-06,0.0144954947563173,0.167727038248488,0.542468750969332,0.883518198908916
"saddle-disk-rep2-n240-r4","saddle","disk",2,240,4,"ambient",4,5.69209092402545e-05,0.0124026733299356,0.13722498103013,0.56055166439475,2.7165080459791,5.55882445960609e-05,0.00772487598037695,0.0792036926356986,0.254533422861151,0.453929541274122
"saddle-disk-rep2-n240-r4","saddle","disk",2,240,4,"ambient",64,5.69209092402545e-05,0.061835954100497,0.900094769291762,2.99686023627913,3.14145935098953,5.95125680058484e-06,0.017821239546262,0.205987251946428,0.622411765807331,0.931376361155374
"saddle-disk-rep2-n240-r4","saddle","disk",2,240,4,"ambient",8,5.69209092402545e-05,0.0142329269533148,0.182241701352853,0.723887787229694,3.01289522729095,4.0780702078691e-05,0.00919441716359122,0.105142277343543,0.324464810914346,0.55253989883203
"saddle-disk-rep2-n240-r4","saddle","disk",2,240,4,"geodesic",128,5.69209092402545e-05,0.113440029431886,1.21688017303504,2.9273094849254,3.14154678319784,3.36573864504475e-05,0.0242797590987533,0.283242850946868,0.723468318200334,0.933177634845378
"saddle-disk-rep2-n240-r4","saddle","disk",2,240,4,"geodesic",16,5.69209092402545e-05,0.0245560353225173,0.252071456087366,1.04707520744834,3.13308094467866,4.0780702078691e-05,0.01277979726612,0.13854201327354,0.445460734222074,0.727983480327978
"saddle-disk-rep2-n240-r4","saddle","disk",2,240,4,"geodesic",239,5.69209092402545e-05,0.157483463312666,1.56708823816418,2.98660498190064,3.14154678319784,5.95125680058484e-06,0.0186923447946231,0.227919177926965,0.6840499271827,0.933177634845378
"saddle-disk-rep2-n240-r4","saddle","disk",2,240,4,"geodesic",32,5.69209092402545e-05,0.036960465056978,0.393761909541114,1.49325612797983,3.14049556122907,4.0780702078691e-05,0.0156335003294995,0.17957843530366,0.553888773123563,0.883518198908916
"saddle-disk-rep2-n240-r4","saddle","disk",2,240,4,"geodesic",4,5.69209092402545e-05,0.0123951357869714,0.136231468982775,0.553743168425685,1.73904697344093,5.55882445960609e-05,0.00772268511876122,0.0797977082671052,0.260040636971303,0.453929541274122
"saddle-disk-rep2-n240-r4","saddle","disk",2,240,4,"geodesic",64,5.69209092402545e-05,0.059628357960431,0.653126578463621,2.57992801143044,3.14124586992462,4.0780702078691e-05,0.022140219609776,0.254452677200844,0.72905567740139,0.931376361155374
"saddle-disk-rep2-n240-r4","saddle","disk",2,240,4,"geodesic",8,5.69209092402545e-05,0.0141950099410857,0.1815708505949,0.713308819893768,3.01289522729095,4.0780702078691e-05,0.00935699328697148,0.105393942554034,0.327266079759004,0.55253989883203
"saddle-disk-rep2-n240-r64","saddle","disk",2,240,64,"ambient",128,5.69209092402545e-05,0.105775330550583,1.56508563783625,3.03966790699707,3.14154678319784,5.95125680047381e-06,0.019750863841241,0.236927125334034,0.683637926149332,0.933177634845378
"saddle-disk-rep2-n240-r64","saddle","disk",2,240,64,"ambient",16,5.69209092402545e-05,0.0452191432853336,1.43798079948173,3.09265905647469,3.14115484977019,5.95125680047381e-06,0.0107332482122824,0.133468117627405,0.519786552844379,0.906613487841938
"saddle-disk-rep2-n240-r64","saddle","disk",2,240,64,"ambient",239,5.69209092402545e-05,0.157483463312666,1.56708823816418,2.98660498190064,3.14154678319784,5.95125680047381e-06,0.0186923447946232,0.227919177926965,0.6840499271827,0.933177634845378
"saddle-disk-rep2-n240-r64","saddle","disk",2,240,64,"ambient",32,5.69209092402545e-05,0.0557142787534546,1.5150968996572,3.08939226011275,3.14115484977019,5.95125680047381e-06,0.0128019020490499,0.148130867256756,0.530463177563988,0.916756673348208
"saddle-disk-rep2-n240-r64","saddle","disk",2,240,64,"ambient",4,5.69209092402545e-05,0.0242514645373123,0.727192148495806,3.04368968451574,3.13634877270254,5.55882445960609e-05,0.00886634629244383,0.119159471119154,0.527064933637699,0.779708605142398
"saddle-disk-rep2-n240-r64","saddle","disk",2,240,64,"ambient",64,5.69209092402545e-05,0.0665869804302629,1.57348079603588,3.07815001864312,3.14145935098953,5.95125680047381e-06,0.0158139678383008,0.180830392791736,0.56764955979699,0.931376361155374
"saddle-disk-rep2-n240-r64","saddle","disk",2,240,64,"ambient",8,5.69209092402545e-05,0.0365608817228572,1.23656836360207,3.07172590111476,3.14115484977019,5.95125680047381e-06,0.00936258101872939,0.126764379143504,0.526739645357028,0.779708605142398
"saddle-disk-rep2-n240-r64","saddle","disk",2,240,64,"geodesic",128,5.69209092402545e-05,0.114721487797344,1.32789080294809,2.95141263654552,3.14154678319784,3.36573864504475e-05,0.0225609128999476,0.270847966587404,0.72212497864158,0.933177634845378
"saddle-disk-rep2-n240-r64","saddle","disk",2,240,64,"geodesic",16,5.69209092402545e-05,0.0316577121722266,0.444786757077372,1.58258135781842,3.14091757879134,5.55882445960609e-05,0.0135695857592003,0.147978431124963,0.542754959008289,0.908616712711235
"saddle-disk-rep2-n240-r64","saddle","disk",2,240,64,"geodesic",239,5.69209092402545e-05,0.157483463312666,1.56708823816418,2.98660498190064,3.14154678319784,5.95125680047381e-06,0.0186923447946232,0.227919177926965,0.6840499271827,0.933177634845378
"saddle-disk-rep2-n240-r64","saddle","disk",2,240,64,"geodesic",32,5.69209092402545e-05,0.0388604159352662,0.529915824334713,2.29808925460279,3.14091757879134,5.55882445960609e-05,0.0169639482691104,0.184125394377086,0.598687933927234,0.931376361155374
"saddle-disk-rep2-n240-r64","saddle","disk",2,240,64,"geodesic",4,5.69209092402545e-05,0.0179237730510824,0.339950786824893,1.29373586485108,3.13308094467866,5.55882445960609e-05,0.00802877671878909,0.129122696459213,0.528386029773056,0.779708605142398
"saddle-disk-rep2-n240-r64","saddle","disk",2,240,64,"geodesic",64,5.69209092402545e-05,0.0619167652827081,0.783115906089183,2.89715045232286,3.14124586992462,4.0780702078691e-05,0.0216811820502564,0.256216282096936,0.742972950522474,0.933177634845378
"saddle-disk-rep2-n240-r64","saddle","disk",2,240,64,"geodesic",8,5.69209092402545e-05,0.0237851514817056,0.392041000780892,1.42240596386086,3.133381618492,5.55882445960609e-05,0.0109029431103421,0.132747018658045,0.526893667152479,0.824826378939123
"saddle-disk-rep2-n240-r8","saddle","disk",2,240,8,"ambient",128,5.69209092402545e-05,0.106037273450847,1.52403352452034,3.03933254243968,3.14154678319784,5.95125680058484e-06,0.0197994238576113,0.23775562082593,0.685190682992846,0.933177634845378
"saddle-disk-rep2-n240-r8","saddle","disk",2,240,8,"ambient",16,5.69209092402545e-05,0.0305651157935311,0.393753180062539,2.82266799275302,3.13634877270254,5.55882445960609e-05,0.0122923010080569,0.137942591575991,0.52224715228241,0.883518198908916
"saddle-disk-rep2-n240-r8","saddle","disk",2,240,8,"ambient",239,5.69209092402545e-05,0.157483463312666,1.56708823816418,2.98660498190064,3.14154678319784,5.95125680058484e-06,0.0186923447946232,0.227919177926965,0.6840499271827,0.933177634845378
"saddle-disk-rep2-n240-r8","saddle","disk",2,240,8,"ambient",32,5.69209092402545e-05,0.043645737483496,0.829737998876837,3.01162058650732,3.14115090491676,5.95125680058484e-06,0.0133334913395026,0.154334406003225,0.568012110278385,0.916756673348208
"saddle-disk-rep2-n240-r8","saddle","disk",2,240,8,"ambient",4,5.69209092402545e-05,0.0117015926049145,0.171556653566644,0.73152561017542,2.7165080459791,5.55882445960609e-05,0.0078524665659031,0.0945177775420334,0.335333776033341,0.55253989883203
"saddle-disk-rep2-n240-r8","saddle","disk",2,240,8,"ambient",64,5.69209092402545e-05,0.0634314033914431,1.24889663583825,3.05659203752209,3.14145935098953,5.95125680058484e-06,0.0162405045944388,0.18753981723176,0.585659088035472,0.931376361155374
"saddle-disk-rep2-n240-r8","saddle","disk",2,240,8,"ambient",8,5.69209092402545e-05,0.0180312318091755,0.243535459023528,1.10419758771916,3.1181375574871,5.55882445960609e-05,0.00967260895510238,0.117074918494457,0.443312696351012,0.703862789481001
"saddle-disk-rep2-n240-r8","saddle","disk",2,240,8,"geodesic",128,5.69209092402545e-05,0.114577152307387,1.2941317914737,2.94690186281328,3.14154678319784,3.36573864504475e-05,0.0230137892371473,0.275544507808053,0.7224910050145,0.933177634845378
"saddle-disk-rep2-n240-r8","saddle","disk",2,240,8,"geodesic",16,5.69209092402545e-05,0.0280483128565704,0.335890226455397,1.30393771357544,3.13308094467866,5.55882445960609e-05,0.012980367789432,0.14591084683222,0.527127602437963,0.883518198908916
"saddle-disk-rep2-n240-r8","saddle","disk",2,240,8,"geodesic",239,5.69209092402545e-05,0.157483463312666,1.56708823816418,2.98660498190064,3.14154678319784,5.95125680058484e-06,0.0186923447946232,0.227919177926965,0.6840499271827,0.933177634845378
"saddle-disk-rep2-n240-r8","saddle","disk",2,240,8,"geodesic",32,5.69209092402545e-05,0.0377878881040386,0.464789453417455,1.85241444926676,3.14049556122907,4.0780702078691e-05,0.0164162334950448,0.183467362438872,0.594817076252052,0.931376361155374
"saddle-disk-rep2-n240-r8","saddle","disk",2,240,8,"geodesic",4,5.69209092402545e-05,0.0116035917993299,0.1694626227297,0.70088085237563,2.8450558282389,5.55882445960609e-05,0.0078230815404221,0.0956696331295459,0.335345842644566,0.55253989883203
"saddle-disk-rep2-n240-r8","saddle","disk",2,240,8,"geodesic",64,5.69209092402545e-05,0.0612755170578325,0.724254908142916,2.78748916708412,3.14124586992462,4.0780702078691e-05,0.0222005839612104,0.260271514588444,0.74313032589412,0.933177634845378
"saddle-disk-rep2-n240-r8","saddle","disk",2,240,8,"geodesic",8,5.69209092402545e-05,0.0178951702195038,0.235591840499288,0.987669931058997,3.01289522729095,5.55882445960609e-05,0.00992285012612013,0.121130867071174,0.434922945116493,0.703862789481001
"saddle-disk-rep3-n240-r1","saddle","disk",3,240,1,"ambient",128,9.43536406641243e-05,0.10840962550927,1.06822232211556,2.82803988417247,3.14155974437144,4.91779613447374e-05,0.0269442239430831,0.301045719210179,0.721406889221958,0.919062300126469
"saddle-disk-rep3-n240-r1","saddle","disk",3,240,1,"ambient",16,0.000247796256648503,0.0190142090795558,0.212116520153877,0.74035821075482,2.9502497178209,6.89445347696327e-05,0.00984683145898102,0.110635801441907,0.294753594644549,0.649894751728155
"saddle-disk-rep3-n240-r1","saddle","disk",3,240,1,"ambient",239,9.43536406641243e-05,0.154459321531934,1.55354804555996,2.98518098097759,3.14155974437144,1.18660774587331e-05,0.018852695517273,0.235792004522432,0.676272514227127,0.919062300126469
"saddle-disk-rep3-n240-r1","saddle","disk",3,240,1,"ambient",32,9.43536406641243e-05,0.0307704295912517,0.323958514754639,1.08677950233722,3.13510766412926,5.71955501242893e-05,0.0133289129444704,0.160107008617587,0.411954449128243,0.740625417011144
"saddle-disk-rep3-n240-r1","saddle","disk",3,240,1,"ambient",4,0.000247796256648503,0.0102777422740601,0.111224238513874,0.372417223357365,2.54955447228539,6.89445347696327e-05,0.00476098011412756,0.0583399014891996,0.165438605872062,0.307869406861898
"saddle-disk-rep3-n240-r1","saddle","disk",3,240,1,"ambient",64,9.43536406641243e-05,0.0528875347536208,0.539918185431622,1.72713356313697,3.13770534140645,4.91779613447374e-05,0.0192575036287074,0.23682237567431,0.640333278498087,0.908942277867226
"saddle-disk-rep3-n240-r1","saddle","disk",3,240,1,"ambient",8,0.000247796256648503,0.0137809969500231,0.140925316171715,0.486728915317542,2.54955447228539,6.89445347696327e-05,0.00735255246269019,0.080642108226064,0.226095029926226,0.420644262467796
"saddle-disk-rep3-n240-r1","saddle","disk",3,240,1,"geodesic",128,9.43536406641243e-05,0.107465617164724,1.05311249448732,2.74727968327416,3.14150463726142,2.26065952316779e-05,0.0260990671270671,0.293467615755826,0.722523625094919,0.919062300126469
"saddle-disk-rep3-n240-r1","saddle","disk",3,240,1,"geodesic",16,0.000247796256648503,0.0190576122445148,0.211931836713339,0.743642978397717,2.9502497178209,6.89445347696327e-05,0.00990844258230608,0.110776652177208,0.296197436967626,0.649894751728155
"saddle-disk-rep3-n240-r1","saddle","disk",3,240,1,"geodesic",239,9.43536406641243e-05,0.154459321531934,1.55354804555996,2.98518098097759,3.14155974437144,1.18660774587331e-05,0.018852695517273,0.235792004522432,0.676272514227127,0.919062300126469
"saddle-disk-rep3-n240-r1","saddle","disk",3,240,1,"geodesic",32,9.43536406641243e-05,0.0306734775666646,0.323712723718153,1.07594993320246,3.13510766412926,5.71955501242893e-05,0.0134399929409403,0.160174852207503,0.41202568319613,0.740625417011144
"saddle-disk-rep3-n240-r1","saddle","disk",3,240,1,"geodesic",4,0.000247796256648503,0.0102777422740601,0.111224238513874,0.372417223357365,2.54955447228539,6.89445347696327e-05,0.00476098011412756,0.0583399014891996,0.165438605872062,0.307869406861898
"saddle-disk-rep3-n240-r1","saddle","disk",3,240,1,"geodesic",64,9.43536406641243e-05,0.0531775642837517,0.538364482847406,1.70728510343004,3.13770534140645,5.71955501242893e-05,0.0192092752957614,0.236386262182796,0.637207842886651,0.866479613063348
"saddle-disk-rep3-n240-r1","saddle","disk",3,240,1,"geodesic",8,0.000247796256648503,0.0138017405459414,0.140965153497711,0.486649182927875,2.54955447228539,6.89445347696327e-05,0.00735320983927208,0.0805602389273915,0.226057810870426,0.420644262467796
"saddle-disk-rep3-n240-r16","saddle","disk",3,240,16,"ambient",128,9.43536406640133e-05,0.105959116862327,1.51916285332368,3.03885992890114,3.14155974437144,1.18660774586221e-05,0.0207182609429925,0.24896993290348,0.702479538390625,0.919062300126469
"saddle-disk-rep3-n240-r16","saddle","disk",3,240,16,"ambient",16,0.000247796256648503,0.031278574566425,0.667463264594867,3.04819449915089,3.13985888719119,4.73130352013351e-05,0.00821260877900425,0.106681810222689,0.499242269841888,0.919062300126469
"saddle-disk-rep3-n240-r16","saddle","disk",3,240,16,"ambient",239,9.43536406640133e-05,0.154459321531934,1.55354804555996,2.98518098097759,3.14155974437144,1.18660774586221e-05,0.0188526955172729,0.235792004522432,0.676272514227126,0.919062300126469
"saddle-disk-rep3-n240-r16","saddle","disk",3,240,16,"ambient",32,0.000247796256648503,0.0455094114492029,1.1379512508352,3.06680952620822,3.14122011184666,1.18660774586221e-05,0.00964352676163731,0.122203834376871,0.515772071105825,0.919062300126469
"saddle-disk-rep3-n240-r16","saddle","disk",3,240,16,"ambient",4,0.000247796256648503,0.0166107897879715,0.273692506113008,1.20350142671976,3.11106875663437,6.89445347696327e-05,0.00511535905728646,0.0885086165304729,0.403792655493252,0.740625417011144
"saddle-disk-rep3-n240-r16","saddle","disk",3,240,16,"ambient",64,0.000247796256648503,0.0642724904306047,1.431708235448,3.07513441776207,3.14155974437144,1.18660774586221e-05,0.0146961145658238,0.173646759359908,0.526289187548949,0.919062300126469
"saddle-disk-rep3-n240-r16","saddle","disk",3,240,16,"ambient",8,0.000247796256648503,0.0214873111626885,0.385007221393079,2.91090468908203,3.13510766412926,6.89445347696327e-05,0.00606904112944885,0.095417363719707,0.447417821909853,0.841232472267116
"saddle-disk-rep3-n240-r16","saddle","disk",3,240,16,"geodesic",128,9.43536406640133e-05,0.113995846003291,1.27202340100728,2.91910301435548,3.14150463726142,1.18660774586221e-05,0.0254049192009903,0.288042904750985,0.715214158571726,0.919062300126469
"saddle-disk-rep3-n240-r16","saddle","disk",3,240,16,"geodesic",16,0.000247796256648503,0.0232262428942662,0.367487704649969,1.47021951691186,3.12245250770127,6.89445347696327e-05,0.00987403462938286,0.124909601875886,0.517813091959926,0.919062300126469
"saddle-disk-rep3-n240-r16","saddle","disk",3,240,16,"geodesic",239,9.43536406640133e-05,0.154459321531934,1.55354804555996,2.98518098097759,3.14155974437144,1.18660774586221e-05,0.0188526955172729,0.235792004522432,0.676272514227126,0.919062300126469
"saddle-disk-rep3-n240-r16","saddle","disk",3,240,16,"geodesic",32,0.000247796256648503,0.0340311720628506,0.451181948691881,2.23493526440884,3.1407208525341,6.89445347696327e-05,0.0139320953086864,0.178507130600277,0.550837875924184,0.919062300126469
"saddle-disk-rep3-n240-r16","saddle","disk",3,240,16,"geodesic",4,0.000247796256648503,0.016189526071999,0.252918073090392,0.904877529413754,2.54955447228539,6.89445347696327e-05,0.00528060435597064,0.0902111711476475,0.403561096682352,0.740625417011144
"saddle-disk-rep3-n240-r16","saddle","disk",3,240,16,"geodesic",64,9.43536406640133e-05,0.0591082535669158,0.689543605808372,2.78816949864116,3.1407208525341,4.91779613446264e-05,0.0215305831930928,0.260545911725195,0.724112602215385,0.919062300126469
"saddle-disk-rep3-n240-r16","saddle","disk",3,240,16,"geodesic",8,0.000247796256648503,0.0171545877943312,0.310759329712956,1.19110507804998,2.9502497178209,6.89445347696327e-05,0.00725315043166784,0.103064219392568,0.468851780421572,0.841232472267116
"saddle-disk-rep3-n240-r2","saddle","disk",3,240,2,"ambient",128,9.43536406641243e-05,0.11104062211189,1.20324627850542,3.00754449972599,3.14155974437144,4.73130352013351e-05,0.0239900676823764,0.272884848085483,0.716828476748778,0.919062300126469
"saddle-disk-rep3-n240-r2","saddle","disk",3,240,2,"ambient",16,0.000247796256648503,0.0210237608267986,0.234763574042129,0.811334717128008,2.9502497178209,6.89445347696327e-05,0.00963173581525753,0.113540079730492,0.34263050656169,0.740625417011144
"saddle-disk-rep3-n240-r2","saddle","disk",3,240,2,"ambient",239,9.43536406641243e-05,0.154459321531934,1.55354804555996,2.98518098097759,3.14155974437144,1.18660774586221e-05,0.018852695517273,0.235792004522432,0.676272514227127,0.919062300126469
"saddle-disk-rep3-n240-r2","saddle","disk",3,240,2,"ambient",32,0.000247796256648503,0.0312240304154514,0.353175555977664,1.34217193454284,3.13510766412926,6.89445347696327e-05,0.0138699071916449,0.170264833279653,0.453434623914402,0.866479613063348
"saddle-disk-rep3-n240-r2","saddle","disk",3,240,2,"ambient",4,0.000247796256648503,0.0118455089555533,0.118309203758017,0.450611763872357,2.54955447228539,6.89445347696327e-05,0.00487722044788133,0.061525187127464,0.195984469106011,0.41871585312474
"saddle-disk-rep3-n240-r2","saddle","disk",3,240,2,"ambient",64,9.43536406641243e-05,0.0557168434989386,0.57877547448512,2.64309003664721,3.14155974437144,4.91779613447374e-05,0.0196988410818706,0.241655556392889,0.654441992302671,0.919062300126469
"saddle-disk-rep3-n240-r2","saddle","disk",3,240,2,"ambient",8,0.000247796256648503,0.0141434140530456,0.152181732260429,0.542218104231543,2.54955447228539,6.89445347696327e-05,0.0070329934109529,0.0836839577918645,0.269539885999115,0.583422615055525
"saddle-disk-rep3-n240-r2","saddle","disk",3,240,2,"geodesic",128,9.43536406641243e-05,0.111660520005343,1.13456597213955,2.8743172688084,3.14150463726142,2.26065952316779e-05,0.0271372767799744,0.303796219183184,0.717157552928308,0.919062300126469
"saddle-disk-rep3-n240-r2","saddle","disk",3,240,2,"geodesic",16,0.000247796256648503,0.0209527132268128,0.233127415491196,0.793690273646041,2.9502497178209,6.89445347696327e-05,0.00962459789969338,0.113514254719514,0.346253919199511,0.740625417011144
"saddle-disk-rep3-n240-r2","saddle","disk",3,240,2,"geodesic",239,9.43536406641243e-05,0.154459321531934,1.55354804555996,2.98518098097759,3.14155974437144,1.18660774586221e-05,0.018852695517273,0.235792004522432,0.676272514227127,0.919062300126469
"saddle-disk-rep3-n240-r2","saddle","disk",3,240,2,"geodesic",32,0.000247796256648503,0.0311370816648437,0.351598145341672,1.27385153858663,3.13510766412926,6.89445347696327e-05,0.0139111896700476,0.170341851065354,0.45735595670347,0.866479613063348
"saddle-disk-rep3-n240-r2","saddle","disk",3,240,2,"geodesic",4,0.000247796256648503,0.0118455089555533,0.118309203758017,0.450611763872357,2.54955447228539,6.89445347696327e-05,0.00487722044788133,0.061525187127464,0.195984469106011,0.41871585312474
"saddle-disk-rep3-n240-r2","saddle","disk",3,240,2,"geodesic",64,9.43536406641243e-05,0.0551832502030068,0.571613637427666,2.18143958488346,3.13790563200305,4.91779613447374e-05,0.0200225505579619,0.247652051475688,0.66608601479776,0.919062300126469
"saddle-disk-rep3-n240-r2","saddle","disk",3,240,2,"geodesic",8,0.000247796256648503,0.0141434140530456,0.151435753098909,0.529906283482228,2.54955447228539,6.89445347696327e-05,0.0070329934109529,0.083767656660979,0.269539885999115,0.583422615055525
"saddle-disk-rep3-n240-r32","saddle","disk",3,240,32,"ambient",128,9.43536406641243e-05,0.105856581013363,1.52889417594465,3.03887434658288,3.14155974437144,1.18660774586221e-05,0.020660288582271,0.248835754390785,0.701762810155075,0.919062300126469
"saddle-disk-rep3-n240-r32","saddle","disk",3,240,32,"ambient",16,0.000247796256648503,0.0349711298821693,1.14473785881959,3.07540820416695,3.14122011184666,4.73130352013351e-05,0.00822764384016999,0.105063063593439,0.507412255917526,0.919062300126469
"saddle-disk-rep3-n240-r32","saddle","disk",3,240,32,"ambient",239,9.43536406641243e-05,0.154459321531934,1.55354804555996,2.98518098097759,3.14155974437144,1.18660774586221e-05,0.0188526955172729,0.235792004522432,0.676272514227126,0.919062300126469
"saddle-disk-rep3-n240-r32","saddle","disk",3,240,32,"ambient",32,0.000247796256648503,0.051618107600735,1.40495031478935,3.07959094420751,3.14122011184666,1.18660774586221e-05,0.00978204047756606,0.121217666877563,0.51533729330362,0.919062300126469
"saddle-disk-rep3-n240-r32","saddle","disk",3,240,32,"ambient",4,0.000247796256648503,0.0248734358331238,0.404218683662353,2.94559112677954,3.13510766412926,6.89445347696327e-05,0.00526338833660235,0.093274674285659,0.447998116669861,0.810552300921311
"saddle-disk-rep3-n240-r32","saddle","disk",3,240,32,"ambient",64,0.000247796256648503,0.0652557480923003,1.49091356738563,3.07599356185255,3.14155974437144,1.18660774586221e-05,0.0145812066436302,0.172876040643623,0.524486473434208,0.919062300126469
"saddle-disk-rep3-n240-r32","saddle","disk",3,240,32,"ambient",8,0.000247796256648503,0.0291039733687294,0.695698113733045,3.06014365512622,3.13968246935732,6.89445347696327e-05,0.0066024414389321,0.0999416169692511,0.482465356020953,0.841232472267116
"saddle-disk-rep3-n240-r32","saddle","disk",3,240,32,"geodesic",128,9.43536406641243e-05,0.114019059789474,1.27217338289679,2.9212312208606,3.14150463726142,1.18660774586221e-05,0.0251845177670586,0.287500518898951,0.7151965685942,0.919062300126469
"saddle-disk-rep3-n240-r32","saddle","disk",3,240,32,"geodesic",16,0.000247796256648503,0.0234677938761025,0.38386177446826,1.55510169364195,3.12695964340449,6.89445347696327e-05,0.00988990314545066,0.127087099802692,0.527116451186157,0.919062300126469
"saddle-disk-rep3-n240-r32","saddle","disk",3,240,32,"geodesic",239,9.43536406641243e-05,0.154459321531934,1.55354804555996,2.98518098097759,3.14155974437144,1.18660774586221e-05,0.0188526955172729,0.235792004522432,0.676272514227126,0.919062300126469
"saddle-disk-rep3-n240-r32","saddle","disk",3,240,32,"geodesic",32,0.000247796256648503,0.0343938359611313,0.463691182127562,2.42826940207416,3.1407208525341,6.89445347696327e-05,0.0139861623857916,0.176416647266811,0.546522941500868,0.919062300126469
"saddle-disk-rep3-n240-r32","saddle","disk",3,240,32,"geodesic",4,0.000247796256648503,0.0210914046989963,0.30384740085322,1.17788013501315,1.91940543092032,6.89445347696327e-05,0.00530596409766933,0.101048811246117,0.447998116669861,0.810552300921311
"saddle-disk-rep3-n240-r32","saddle","disk",3,240,32,"geodesic",64,9.43536406641243e-05,0.0593082180704619,0.698043614853146,2.80581686642995,3.1407208525341,4.91779613447374e-05,0.0215020501838185,0.25990367105902,0.714090023480653,0.919062300126469
"saddle-disk-rep3-n240-r32","saddle","disk",3,240,32,"geodesic",8,0.000247796256648503,0.0180080589233844,0.349373520595133,1.3102755510305,2.9502497178209,6.89445347696327e-05,0.00699252455204798,0.104860725216238,0.492332219073776,0.841232472267116
"saddle-disk-rep3-n240-r4","saddle","disk",3,240,4,"ambient",128,9.43536406641243e-05,0.107125451685464,1.35378924180698,3.03633793205557,3.14155974437144,1.18660774586221e-05,0.0213642780837681,0.253515470317423,0.711107012803886,0.919062300126469
"saddle-disk-rep3-n240-r4","saddle","disk",3,240,4,"ambient",16,0.000247796256648947,0.022044888379336,0.286806882163954,1.04901974281625,3.13510766412926,6.89445347696327e-05,0.00975779323403993,0.119979981683957,0.420613433500134,0.838808280150092
"saddle-disk-rep3-n240-r4","saddle","disk",3,240,4,"ambient",239,9.43536406641243e-05,0.154459321531934,1.55354804555996,2.98518098097759,3.14155974437144,1.18660774586221e-05,0.0188526955172729,0.235792004522432,0.676272514227127,0.919062300126469
"saddle-disk-rep3-n240-r4","saddle","disk",3,240,4,"ambient",32,0.000247796256648947,0.0345956306899137,0.436320809778323,2.83896846419922,3.14150463726142,6.89445347696327e-05,0.0130695943202711,0.159633803847742,0.516542715097301,0.914932962928917
"saddle-disk-rep3-n240-r4","saddle","disk",3,240,4,"ambient",4,0.000247796256648947,0.0136219749116046,0.145131218920558,0.527079624917669,2.54955447228539,6.89445347696327e-05,0.00510604692652144,0.0679352255715365,0.2738513087025,0.537233527890682
"saddle-disk-rep3-n240-r4","saddle","disk",3,240,4,"ambient",64,9.43536406641243e-05,0.0620556441235461,0.876979140337394,3.03586803929847,3.14155974437144,4.73130352013351e-05,0.0152819945321622,0.187728489631812,0.56186791740867,0.919062300126469
"saddle-disk-rep3-n240-r4","saddle","disk",3,240,4,"ambient",8,0.000247796256648947,0.0154449911304937,0.195845142486642,0.697398011800364,2.74672140107808,6.89445347696327e-05,0.00734484348431432,0.0884695315213427,0.324618872686377,0.696919401405563
"saddle-disk-rep3-n240-r4","saddle","disk",3,240,4,"geodesic",128,9.43536406641243e-05,0.113392047708498,1.23081804345472,2.91828287857027,3.14150463726142,1.18660774586221e-05,0.0269220845526648,0.296962785794733,0.715773346487576,0.919062300126469
"saddle-disk-rep3-n240-r4","saddle","disk",3,240,4,"geodesic",16,0.000247796256648947,0.0218143273108972,0.280751790077276,0.992397486710896,3.13510766412926,6.89445347696327e-05,0.00963173581525764,0.120151217231584,0.421189001690056,0.838808280150092
"saddle-disk-rep3-n240-r4","saddle","disk",3,240,4,"geodesic",239,9.43536406641243e-05,0.154459321531934,1.55354804555996,2.98518098097759,3.14155974437144,1.18660774586221e-05,0.0188526955172729,0.235792004522432,0.676272514227127,0.919062300126469
"saddle-disk-rep3-n240-r4","saddle","disk",3,240,4,"geodesic",32,0.000247796256648947,0.0327529673622228,0.39023487190626,1.74672228866651,3.13510766412926,6.89445347696327e-05,0.0142888818847598,0.176677636555487,0.52517225708542,0.914932962928917
"saddle-disk-rep3-n240-r4","saddle","disk",3,240,4,"geodesic",4,0.000247796256648947,0.0136219749116046,0.14429507065775,0.525956335554059,2.54955447228539,6.89445347696327e-05,0.00510604692652144,0.0679352255715365,0.2738513087025,0.537233527890682
"saddle-disk-rep3-n240-r4","saddle","disk",3,240,4,"geodesic",64,9.43536406641243e-05,0.0565781792159336,0.620850257343419,2.49816735528182,3.13981239337144,4.91779613447374e-05,0.0206478644439045,0.255350187675978,0.704951061608619,0.919062300126469
"saddle-disk-rep3-n240-r4","saddle","disk",3,240,4,"geodesic",8,0.000247796256648947,0.0154149641624161,0.19357503496364,0.67060638821217,2.54955447228539,6.89445347696327e-05,0.00735123770952642,0.0884890740259078,0.323893842993406,0.696919401405563
"saddle-disk-rep3-n240-r64","saddle","disk",3,240,64,"ambient",128,9.43536406641798e-05,0.105805313088881,1.5299981690088,3.03888155542374,3.14155974437144,1.18660774586221e-05,0.0206664405405077,0.248779842410802,0.701799707234391,0.919062300126469
"saddle-disk-rep3-n240-r64","saddle","disk",3,240,64,"ambient",16,0.000247796256648503,0.0391193433877322,1.37937006089854,3.09620625564619,3.14122011184666,4.73130352013351e-05,0.00809352874755694,0.105073353069839,0.508322918781275,0.919062300126469
"saddle-disk-rep3-n240-r64","saddle","disk",3,240,64,"ambient",239,9.43536406641798e-05,0.154459321531934,1.55354804555996,2.98518098097759,3.14155974437144,1.18660774586221e-05,0.0188526955172729,0.235792004522432,0.676272514227127,0.919062300126469
"saddle-disk-rep3-n240-r64","saddle","disk",3,240,64,"ambient",32,0.000247796256648503,0.0517874539591142,1.51560432971321,3.0894922484915,3.14122011184666,1.18660774586221e-05,0.00977804736992558,0.120220379896473,0.509907212939092,0.919062300126469
"saddle-disk-rep3-n240-r64","saddle","disk",3,240,64,"ambient",4,0.000247796256648503,0.0322690310348838,0.751677684168975,3.06874280777787,3.13820052976446,6.89445347696327e-05,0.00604243480311303,0.0979014298084393,0.468865976232905,0.916962878819601
"saddle-disk-rep3-n240-r64","saddle","disk",3,240,64,"ambient",64,0.000247796256648503,0.0652516622994569,1.49800403706291,3.0759981192857,3.14155974437144,1.18660774586221e-05,0.0146015195518047,0.172887369735213,0.52500847507081,0.919062300126469
"saddle-disk-rep3-n240-r64","saddle","disk",3,240,64,"ambient",8,0.000247796256648503,0.0363141963460334,1.17769004222311,3.09193683454104,3.14122011184666,6.89445347696327e-05,0.00610952238686775,0.0992761786825309,0.503860510284404,0.919062300126469
"saddle-disk-rep3-n240-r64","saddle","disk",3,240,64,"geodesic",128,9.43536406641798e-05,0.114065487361839,1.27223894240767,2.92115732765252,3.14150463726142,1.18660774586221e-05,0.0251555069158789,0.287447538404114,0.715161388639147,0.919062300126469
"saddle-disk-rep3-n240-r64","saddle","disk",3,240,64,"geodesic",16,0.000247796256648503,0.0239133526765233,0.398659035718836,1.60831605568728,3.1407208525341,6.89445347696327e-05,0.0103636873522569,0.126613451178017,0.517813091959926,0.919062300126469
"saddle-disk-rep3-n240-r64","saddle","disk",3,240,64,"geodesic",239,9.43536406641798e-05,0.154459321531934,1.55354804555996,2.98518098097759,3.14155974437144,1.18660774586221e-05,0.0188526955172729,0.235792004522432,0.676272514227127,0.919062300126469
"saddle-disk-rep3-n240-r64","saddle","disk",3,240,64,"geodesic",32,0.000247796256648503,0.0344418561444468,0.470214240786942,2.48939555381838,3.1407208525341,6.89445347696327e-05,0.0140220847216688,0.175888789905259,0.5432892380585,0.919062300126469
"saddle-disk-rep3-n240-r64","saddle","disk",3,240,64,"geodesic",4,0.000247796256648503,0.0254583959175343,0.340170442662936,1.2699267428599,3.09679672980571,6.89445347696327e-05,0.00575532554157995,0.102345511110701,0.497794469329819,0.916962878819601
"saddle-disk-rep3-n240-r64","saddle","disk",3,240,64,"geodesic",64,9.43536406641798e-05,0.0593804053611816,0.701584837223457,2.81632800035156,3.1407208525341,4.91779613447374e-05,0.0214075591904671,0.258307366582716,0.711555828582623,0.919062300126469
"saddle-disk-rep3-n240-r64","saddle","disk",3,240,64,"geodesic",8,0.000247796256648503,0.0199708560015959,0.360633376423181,1.40365012324966,3.12695964340449,6.89445347696327e-05,0.00711231665992159,0.106586203910502,0.496520292170063,0.919062300126469
"saddle-disk-rep3-n240-r8","saddle","disk",3,240,8,"ambient",128,9.43536406641243e-05,0.10642088608036,1.46937762025457,3.03854467886223,3.14155974437144,1.18660774587331e-05,0.0209611036573779,0.25087714347104,0.703755971003089,0.919062300126469
"saddle-disk-rep3-n240-r8","saddle","disk",3,240,8,"ambient",16,0.000247796256648058,0.0249550892544587,0.383482610417824,2.8371459989035,3.13968246935732,6.89445347696327e-05,0.00820033148633734,0.111654915600004,0.474956257963642,0.841232472267116
"saddle-disk-rep3-n240-r8","saddle","disk",3,240,8,"ambient",239,9.43536406641243e-05,0.154459321531934,1.55354804555996,2.98518098097759,3.14155974437144,1.18660774587331e-05,0.0188526955172729,0.235792004522432,0.676272514227127,0.919062300126469
"saddle-disk-rep3-n240-r8","saddle","disk",3,240,8,"ambient",32,0.000247796256648058,0.0413398647423515,0.719817597966768,3.03173273782003,3.14150463726142,4.73130352013351e-05,0.0108300807155137,0.130923274914978,0.516699569265685,0.919062300126469
"saddle-disk-rep3-n240-r8","saddle","disk",3,240,8,"ambient",4,0.000247796256648058,0.0153376541119989,0.200094983483605,0.713034822570105,2.54955447228539,6.89445347696327e-05,0.00551530251677964,0.0754077664329184,0.32485492661672,0.55902476646641
"saddle-disk-rep3-n240-r8","saddle","disk",3,240,8,"ambient",64,0.000247796256648058,0.0643967715269846,1.23104399825488,3.06421316694347,3.14155974437144,1.18660774587331e-05,0.0148845515117061,0.176803804735018,0.532210294635798,0.919062300126469
"saddle-disk-rep3-n240-r8","saddle","disk",3,240,8,"ambient",8,0.000247796256648058,0.0156253349903649,0.25566378326895,0.940357760663647,2.9502497178209,6.89445347696327e-05,0.00716352894055662,0.098060336460168,0.40252307483551,0.740625417011144
"saddle-disk-rep3-n240-r8","saddle","disk",3,240,8,"geodesic",128,9.43536406641243e-05,0.113856092002384,1.26708370998186,2.91110260329235,3.14150463726142,1.18660774587331e-05,0.0254057042180005,0.28804580287963,0.715414209327926,0.919062300126469
"saddle-disk-rep3-n240-r8","saddle","disk",3,240,8,"geodesic",16,0.000247796256648058,0.0230899681112387,0.340778749474947,1.29029127388069,3.13510766412926,6.89445347696327e-05,0.00969843441741253,0.124043583142741,0.477647397298877,0.841232472267116
"saddle-disk-rep3-n240-r8","saddle","disk",3,240,8,"geodesic",239,9.43536406641243e-05,0.154459321531934,1.55354804555996,2.98518098097759,3.14155974437144,1.18660774587331e-05,0.0188526955172729,0.235792004522432,0.676272514227127,0.919062300126469
"saddle-disk-rep3-n240-r8","saddle","disk",3,240,8,"geodesic",32,0.000247796256648058,0.0334692510676794,0.42902034585329,2.07031169901489,3.13790563200305,6.89445347696327e-05,0.0139955054451028,0.177847660001158,0.5470245435735,0.919062300126469
"saddle-disk-rep3-n240-r8","saddle","disk",3,240,8,"geodesic",4,0.000247796256648058,0.0152986399476573,0.195797267095253,0.705256638793841,2.54955447228539,6.89445347696327e-05,0.00548815295292036,0.0766726323374114,0.325264086429614,0.55902476646641
"saddle-disk-rep3-n240-r8","saddle","disk",3,240,8,"geodesic",64,9.43536406641243e-05,0.0583243833355859,0.660188993888025,2.71819012063239,3.1407208525341,4.91779613447374e-05,0.0215507086894644,0.258491439730718,0.722513201624945,0.919062300126469
"saddle-disk-rep3-n240-r8","saddle","disk",3,240,8,"geodesic",8,0.000247796256648058,0.0153749282049794,0.251827977256239,0.884648236385255,2.72606391635133,6.89445347696327e-05,0.00736258663938557,0.0980045396519043,0.401924473019002,0.740625417011144
"saddle-surface_area-rep1-n240-r1","saddle","surface_area",1,240,1,"ambient",128,1.19982358592896e-05,0.104724134352753,1.04989627703853,2.81811823075958,3.14142466755875,1.76705437920921e-05,0.0238890371679641,0.26799243519087,0.667220109866168,0.891769044224044
"saddle-surface_area-rep1-n240-r1","saddle","surface_area",1,240,1,"ambient",16,1.19982358592896e-05,0.0209972358239429,0.197011087589644,0.585416224883241,3.13609251162862,2.72128909509783e-05,0.0108551431492342,0.110692865999307,0.304927645090924,0.545742951381472
"saddle-surface_area-rep1-n240-r1","saddle","surface_area",1,240,1,"ambient",239,1.19982358592896e-05,0.159135816001698,1.57304693560022,2.98533756581357,3.14142676971416,1.76705437920921e-05,0.017558608041091,0.204158063371407,0.615956817815135,0.891769044224044
"saddle-surface_area-rep1-n240-r1","saddle","surface_area",1,240,1,"ambient",32,1.19982358592896e-05,0.0285926443404834,0.295327222335052,0.893034888831483,3.13609251162862,1.76705437920921e-05,0.014246341823266,0.151127547463415,0.416853472436958,0.686460856047425
"saddle-surface_area-rep1-n240-r1","saddle","surface_area",1,240,1,"ambient",4,1.19982358592896e-05,0.0127135215708355,0.0945598553502287,0.349962112493631,1.46613031692058,0.00033097370160573,0.00584469535721037,0.0561515809485492,0.164332178594543,0.40213977261925
"saddle-surface_area-rep1-n240-r1","saddle","surface_area",1,240,1,"ambient",64,1.19982358592896e-05,0.0518723825352288,0.502063560290353,1.42746628701185,3.13609251162862,1.76705437920921e-05,0.018808274749634,0.211262189060626,0.593826449063649,0.886186194771486
"saddle-surface_area-rep1-n240-r1","saddle","surface_area",1,240,1,"ambient",8,1.19982358592896e-05,0.0155410036193393,0.128024489460735,0.437099407781639,2.65087770360886,0.000299061594416838,0.0076903759502365,0.0823430770371135,0.22002186397609,0.40213977261925
"saddle-surface_area-rep1-n240-r1","saddle","surface_area",1,240,1,"geodesic",128,1.19982358592896e-05,0.103547531902688,1.03108468686693,2.69108782724363,3.14142466755875,1.76705437920921e-05,0.0231864076020206,0.259950925176379,0.668665987831437,0.891769044224044
"saddle-surface_area-rep1-n240-r1","saddle","surface_area",1,240,1,"geodesic",16,1.19982358592896e-05,0.0209926553243619,0.195767859427417,0.582087576294363,3.13609251162862,2.72128909509783e-05,0.0108493531906747,0.110587093442786,0.304934403185925,0.545742951381472
"saddle-surface_area-rep1-n240-r1","saddle","surface_area",1,240,1,"geodesic",239,1.19982358592896e-05,0.159135816001698,1.57304693560022,2.98533756581357,3.14142676971416,1.76705437920921e-05,0.017558608041091,0.204158063371407,0.615956817815135,0.891769044224044
"saddle-surface_area-rep1-n240-r1","saddle","surface_area",1,240,1,"geodesic",32,1.19982358592896e-05,0.0285246830393949,0.294473548015789,0.890402458172616,3.13609251162862,1.76705437920921e-05,0.0142454699078396,0.151112520870078,0.417069624574272,0.686460856047425
"saddle-surface_area-rep1-n240-r1","saddle","surface_area",1,240,1,"geodesic",4,1.19982358592896e-05,0.0127135215708355,0.0945598553502287,0.343321573614829,1.46613031692058,0.00033097370160573,0.00584469535721037,0.0561515809485492,0.164332178594543,0.40213977261925
"saddle-surface_area-rep1-n240-r1","saddle","surface_area",1,240,1,"geodesic",64,1.19982358592896e-05,0.0516935316277361,0.500981636337916,1.39969151086471,3.13609251162862,1.76705437920921e-05,0.0186735754784474,0.210233377705766,0.591754090794353,0.886186194771486
"saddle-surface_area-rep1-n240-r1","saddle","surface_area",1,240,1,"geodesic",8,1.19982358592896e-05,0.015538928071339,0.127873345609924,0.433790063773424,2.65087770360886,0.000299061594416838,0.00768769348716929,0.0823879357374546,0.218951581200623,0.40213977261925
"saddle-surface_area-rep1-n240-r16","saddle","surface_area",1,240,16,"ambient",128,1.19982358592896e-05,0.0988963968384553,1.58299521397361,3.04217341198418,3.14142676971416,1.68153394758397e-05,0.0160487159394301,0.190598388711412,0.57101832729431,0.81135426030523
"saddle-surface_area-rep1-n240-r16","saddle","surface_area",1,240,16,"ambient",16,1.19982358592896e-05,0.0319291378101388,0.695853031537578,3.04623568629273,3.13942994470708,1.68153394758397e-05,0.00819127129017099,0.100572616887289,0.446525627935544,0.737627314088928
"saddle-surface_area-rep1-n240-r16","saddle","surface_area",1,240,16,"ambient",239,1.19982358592896e-05,0.159135816001698,1.57304693560022,2.98533756581357,3.14142676971416,1.68153394758397e-05,0.0153492288219786,0.17908589982225,0.545286201963317,0.81135426030523
"saddle-surface_area-rep1-n240-r16","saddle","surface_area",1,240,16,"ambient",32,1.19982358592896e-05,0.0476835281753827,1.24929267280101,3.07710431767679,3.14142676971416,1.68153394758397e-05,0.00969992450454332,0.10955744567831,0.438334847074573,0.760501019209192
"saddle-surface_area-rep1-n240-r16","saddle","surface_area",1,240,16,"ambient",4,1.19982358592896e-05,0.0156666575251757,0.229815954594084,1.12733455382908,3.13609251162863,6.43897932405268e-05,0.0089361284695415,0.09444919919743,0.415014764727709,0.648205313819748
"saddle-surface_area-rep1-n240-r16","saddle","surface_area",1,240,16,"ambient",64,1.19982358592896e-05,0.062699760926723,1.49379007171772,3.07636179217045,3.14142676971416,1.68153394758397e-05,0.0128447506003282,0.143768621141956,0.448853838714673,0.807995865955074
"saddle-surface_area-rep1-n240-r16","saddle","surface_area",1,240,16,"ambient",8,1.19982358592896e-05,0.0201289774121134,0.332638501033522,2.72183318277852,3.1381372934505,1.68153394758397e-05,0.0076992614975772,0.0962294835056366,0.438453215768304,0.648205313819748
"saddle-surface_area-rep1-n240-r16","saddle","surface_area",1,240,16,"geodesic",128,1.19982358592896e-05,0.113569583203152,1.29581049701396,2.93453322419839,3.14142676971416,1.68153394758397e-05,0.0187609885364044,0.218299912608824,0.584884265080981,0.81135426030523
"saddle-surface_area-rep1-n240-r16","saddle","surface_area",1,240,16,"geodesic",16,1.19982358592896e-05,0.0257167843298975,0.342430299103769,1.39422266268978,3.13609251162863,6.43897932405268e-05,0.0108123806779423,0.112999787236158,0.445235150046504,0.737627314088928
"saddle-surface_area-rep1-n240-r16","saddle","surface_area",1,240,16,"geodesic",239,1.19982358592896e-05,0.159135816001698,1.57304693560022,2.98533756581357,3.14142676971416,1.68153394758397e-05,0.0153492288219786,0.17908589982225,0.545286201963317,0.81135426030523
"saddle-surface_area-rep1-n240-r16","saddle","surface_area",1,240,16,"geodesic",32,1.19982358592896e-05,0.0332878261891983,0.403966006330831,1.75518241611704,3.13795657293624,1.68153394758397e-05,0.0139015312439179,0.149407195914356,0.461472004837048,0.807995865955074
"saddle-surface_area-rep1-n240-r16","saddle","surface_area",1,240,16,"geodesic",4,1.19982358592896e-05,0.0155285503313375,0.221863149670402,0.955858089443542,3.13609251162863,6.43897932405268e-05,0.00900855379061025,0.0947750144782905,0.415074096289515,0.648205313819748
"saddle-surface_area-rep1-n240-r16","saddle","surface_area",1,240,16,"geodesic",64,1.19982358592896e-05,0.0575501811242909,0.63640649167303,2.8244337935111,3.13900523211067,1.68153394758397e-05,0.0177281298113626,0.206641161088818,0.600879508695211,0.81135426030523
"saddle-surface_area-rep1-n240-r16","saddle","surface_area",1,240,16,"geodesic",8,1.19982358592896e-05,0.0193572074554739,0.27770817623994,1.25651984735019,3.13609251162863,6.43897932405268e-05,0.00877473719446479,0.103627597471853,0.445027401303194,0.648205313819748
"saddle-surface_area-rep1-n240-r2","saddle","surface_area",1,240,2,"ambient",128,1.19982358592896e-05,0.105145544632968,1.21476449661385,3.01351041088439,3.14142676971416,1.82592136430126e-05,0.0185941361700506,0.221656144969631,0.627585579888267,0.863291028697794
"saddle-surface_area-rep1-n240-r2","saddle","surface_area",1,240,2,"ambient",16,1.19982358592896e-05,0.0221278240015828,0.214654335017567,0.679007704085911,3.13609251162863,2.50105955408308e-05,0.00998541736379979,0.110212191809989,0.365414257005433,0.659360555829878
"saddle-surface_area-rep1-n240-r2","saddle","surface_area",1,240,2,"ambient",239,1.19982358592896e-05,0.159135816001698,1.57304693560022,2.98533756581357,3.14142676971416,1.82592136430126e-05,0.0162246068058897,0.189640617995606,0.58221244512996,0.863291028697794
"saddle-surface_area-rep1-n240-r2","saddle","surface_area",1,240,2,"ambient",32,1.19982358592896e-05,0.0298798720865895,0.312757470001235,1.1203062615436,3.13609251162863,1.82592136430126e-05,0.0141619123481843,0.15135600002501,0.446317514190406,0.857655078749518
"saddle-surface_area-rep1-n240-r2","saddle","surface_area",1,240,2,"ambient",4,1.19982358592896e-05,0.0113866724500336,0.0987692102933355,0.360520036560048,1.46613031692058,0.000312921142728406,0.00631537001418958,0.0661785067434826,0.210755583039936,0.370231285341414
"saddle-surface_area-rep1-n240-r2","saddle","surface_area",1,240,2,"ambient",64,1.19982358592896e-05,0.0538241841788569,0.535388647664544,2.34374635458951,3.14042465256256,1.82592136430126e-05,0.0177325909233204,0.203002846707326,0.590801829946976,0.85977668407891
"saddle-surface_area-rep1-n240-r2","saddle","surface_area",1,240,2,"ambient",8,1.19982358592896e-05,0.0155818493508752,0.138955504010082,0.477613907764588,2.65087770360886,0.000275185286650381,0.0091216099788737,0.0853574778738774,0.266496484113037,0.50474036022396
"saddle-surface_area-rep1-n240-r2","saddle","surface_area",1,240,2,"geodesic",128,1.19982358592896e-05,0.109339869739099,1.11860902027868,2.86532625603191,3.14142676971416,1.82592136430126e-05,0.0221615260682101,0.251311771379397,0.627227622560416,0.863291028697794
"saddle-surface_area-rep1-n240-r2","saddle","surface_area",1,240,2,"geodesic",16,1.19982358592896e-05,0.0221232021364884,0.213614557777794,0.656179585581664,3.13609251162863,2.50105955408308e-05,0.0101619235115182,0.110669288741409,0.365153849019876,0.659360555829878
"saddle-surface_area-rep1-n240-r2","saddle","surface_area",1,240,2,"geodesic",239,1.19982358592896e-05,0.159135816001698,1.57304693560022,2.98533756581357,3.14142676971416,1.82592136430126e-05,0.0162246068058897,0.189640617995606,0.58221244512996,0.863291028697794
"saddle-surface_area-rep1-n240-r2","saddle","surface_area",1,240,2,"geodesic",32,1.19982358592896e-05,0.0297757716105641,0.308918970391198,1.06906325455571,3.13609251162863,2.50105955408308e-05,0.0142078472233715,0.152249456012923,0.44892583038017,0.857655078749518
"saddle-surface_area-rep1-n240-r2","saddle","surface_area",1,240,2,"geodesic",4,1.19982358592896e-05,0.0113866724500336,0.0987692102933355,0.360520036560048,1.46613031692058,0.000312921142728406,0.00631537001418958,0.0661785067434826,0.210755583039936,0.370231285341414
"saddle-surface_area-rep1-n240-r2","saddle","surface_area",1,240,2,"geodesic",64,1.19982358592896e-05,0.0528054997745008,0.525290074959713,1.70026709761895,3.13795657293624,1.82592136430126e-05,0.0178359100092489,0.208858860697615,0.613455340423627,0.85977668407891
"saddle-surface_area-rep1-n240-r2","saddle","surface_area",1,240,2,"geodesic",8,1.19982358592896e-05,0.0155747512399917,0.138489821698321,0.47087510001165,2.65087770360886,0.000275185286650381,0.00875506848910756,0.0846955929659977,0.266722465497525,0.50474036022396
"saddle-surface_area-rep1-n240-r32","saddle","surface_area",1,240,32,"ambient",128,1.19982358592896e-05,0.0988157141913556,1.58851592841949,3.04219691459836,3.14142676971416,1.67653122283284e-05,0.0160048625543627,0.189553273043195,0.568286161733391,0.809729852231861
"saddle-surface_area-rep1-n240-r32","saddle","surface_area",1,240,32,"ambient",16,1.19982358592896e-05,0.0425125736003476,1.19673194702554,3.08653381190643,3.14052010131951,1.67653122283284e-05,0.00795808762983138,0.0964239820846181,0.429610247276137,0.726732027094523
"saddle-surface_area-rep1-n240-r32","saddle","surface_area",1,240,32,"ambient",239,1.19982358592896e-05,0.159135816001698,1.57304693560022,2.98533756581357,3.14142676971416,1.67653122283284e-05,0.0153335674648449,0.17887977188323,0.544550672429402,0.809729852231861
"saddle-surface_area-rep1-n240-r32","saddle","surface_area",1,240,32,"ambient",32,1.19982358592896e-05,0.0509111920816451,1.50339566602693,3.08710241125304,3.14142676971416,1.67653122283284e-05,0.00948466438773149,0.108007934921588,0.43615769160168,0.759033834615859
"saddle-surface_area-rep1-n240-r32","saddle","surface_area",1,240,32,"ambient",4,1.19982358592896e-05,0.0205101242951531,0.372192052633635,2.90428547546882,3.1381372934505,1.67653122283284e-05,0.0058243095103318,0.0979259375844131,0.443122849763448,0.647084944783894
"saddle-surface_area-rep1-n240-r32","saddle","surface_area",1,240,32,"ambient",64,1.19982358592896e-05,0.063206934608574,1.59717551602464,3.07753664324249,3.14142676971416,1.67653122283284e-05,0.0126813984675313,0.143229888932423,0.447091625695398,0.8063738314906
"saddle-surface_area-rep1-n240-r32","saddle","surface_area",1,240,32,"ambient",8,1.19982358592896e-05,0.0281908046706002,0.690624892333668,3.0569037962502,3.1381372934505,1.67653122283284e-05,0.00669962001806534,0.0963394210540622,0.438351973319701,0.647084944783894
"saddle-surface_area-rep1-n240-r32","saddle","surface_area",1,240,32,"geodesic",128,1.19982358592896e-05,0.113569583203152,1.29784724618612,2.93860570989028,3.14142676971416,1.67653122283284e-05,0.0187472119169631,0.218249889630036,0.584167298515862,0.809729852231861
"saddle-surface_area-rep1-n240-r32","saddle","surface_area",1,240,32,"geodesic",16,1.19982358592896e-05,0.0257482645544747,0.353989168629221,1.43383107348648,3.13609251162863,6.43412699824486e-05,0.0106423223440155,0.112877651159711,0.4438776500428,0.736440635045705
"saddle-surface_area-rep1-n240-r32","saddle","surface_area",1,240,32,"geodesic",239,1.19982358592896e-05,0.159135816001698,1.57304693560022,2.98533756581357,3.14142676971416,1.67653122283284e-05,0.0153335674648449,0.17887977188323,0.544550672429402,0.809729852231861
"saddle-surface_area-rep1-n240-r32","saddle","surface_area",1,240,32,"geodesic",32,1.19982358592896e-05,0.033536864011531,0.413265858249884,1.86335632538575,3.13795657293624,1.67653122283284e-05,0.0137318344681564,0.149361262260673,0.460565973229144,0.8063738314906
"saddle-surface_area-rep1-n240-r32","saddle","surface_area",1,240,32,"geodesic",4,1.19982358592896e-05,0.0183532077660498,0.279067550545669,1.26223482791906,3.13609251162863,6.43412699824486e-05,0.00893734586209267,0.104373216725445,0.440137121002286,0.647084944783894
"saddle-surface_area-rep1-n240-r32","saddle","surface_area",1,240,32,"geodesic",64,1.19982358592896e-05,0.0578367433319982,0.650580202475485,2.8420556632415,3.13900523211067,1.67653122283284e-05,0.0173341902479738,0.205739138766358,0.60183035073793,0.809729852231861
"saddle-surface_area-rep1-n240-r32","saddle","surface_area",1,240,32,"geodesic",8,1.19982358592896e-05,0.0195812269029727,0.305521646692205,1.37011015630676,3.13609251162863,6.43412699824486e-05,0.00900635915165704,0.102870085888555,0.445134690261737,0.716726982703528
"saddle-surface_area-rep1-n240-r4","saddle","surface_area",1,240,4,"ambient",128,1.19982358592896e-05,0.100647490827172,1.43912714270018,3.04082599561105,3.14142676971416,1.74926885128657e-05,0.01669846764517,0.198366804630997,0.592359579863285,0.833256185093361
"saddle-surface_area-rep1-n240-r4","saddle","surface_area",1,240,4,"ambient",16,1.19982358592896e-05,0.0228900228368157,0.25521011359298,1.06612342242871,3.13609251162863,6.52596514333359e-05,0.00983842749321249,0.110399800068517,0.432099546709106,0.820014785561385
"saddle-surface_area-rep1-n240-r4","saddle","surface_area",1,240,4,"ambient",239,1.19982358592896e-05,0.159135816001698,1.57304693560022,2.98533756581357,3.14142676971416,1.74926885128657e-05,0.0155872190612597,0.182256940140319,0.557883772228077,0.833256185093361
"saddle-surface_area-rep1-n240-r4","saddle","surface_area",1,240,4,"ambient",32,1.19982358592896e-05,0.0330633820475523,0.375716440956403,2.17435937363185,3.13942994470708,1.74926885128657e-05,0.0135708792829714,0.146961743788401,0.464875187362244,0.829854949558444
"saddle-surface_area-rep1-n240-r4","saddle","surface_area",1,240,4,"ambient",4,1.19982358592896e-05,0.0121769720655774,0.12113404649611,0.469167091422584,2.65087770360886,0.000298250631566965,0.00775209798613455,0.0736823608694239,0.253617624195477,0.484895354346164
"saddle-surface_area-rep1-n240-r4","saddle","surface_area",1,240,4,"ambient",64,1.19982358592896e-05,0.0566967071074497,0.855851717217507,3.03649011859359,3.1413930833241,1.74926885128657e-05,0.0139948638732369,0.159155376755277,0.490505536191895,0.829854949558444
"saddle-surface_area-rep1-n240-r4","saddle","surface_area",1,240,4,"ambient",8,1.19982358592896e-05,0.0169275937239392,0.174159837711101,0.678904286872187,2.65087770360886,0.000266337262116334,0.00888717931054493,0.0907425225209003,0.355518482217269,0.628953662109249
"saddle-surface_area-rep1-n240-r4","saddle","surface_area",1,240,4,"geodesic",128,1.19982358592896e-05,0.113020362600501,1.23886275712713,2.92065960017921,3.14142676971416,1.74926885128657e-05,0.0200096223855953,0.228586080182305,0.598500421669065,0.833256185093361
"saddle-surface_area-rep1-n240-r4","saddle","surface_area",1,240,4,"geodesic",16,1.19982358592896e-05,0.0228462102673833,0.253319109608282,0.980746945422603,3.13609251162863,6.52596514333359e-05,0.00987109129537881,0.110078217502844,0.430203807092384,0.82760678367368
"saddle-surface_area-rep1-n240-r4","saddle","surface_area",1,240,4,"geodesic",239,1.19982358592896e-05,0.159135816001698,1.57304693560022,2.98533756581357,3.14142676971416,1.74926885128657e-05,0.0155872190612597,0.182256940140319,0.557883772228077,0.833256185093361
"saddle-surface_area-rep1-n240-r4","saddle","surface_area",1,240,4,"geodesic",32,1.19982358592896e-05,0.0304686171486363,0.352733376333894,1.37657025316164,3.13609251162863,1.74926885128657e-05,0.0140762576026863,0.152404154332573,0.470990198522425,0.829854949558444
"saddle-surface_area-rep1-n240-r4","saddle","surface_area",1,240,4,"geodesic",4,1.19982358592896e-05,0.012176274903821,0.119367290828443,0.463342084265616,1.46613031692058,0.000298250631566965,0.00743143982302815,0.0737364801225243,0.2541559227016,0.484895354346164
"saddle-surface_area-rep1-n240-r4","saddle","surface_area",1,240,4,"geodesic",64,1.19982358592896e-05,0.0553060461282552,0.57126462455567,2.27487572593033,3.13795657293624,1.74926885128657e-05,0.0175830124309795,0.206137953759947,0.613059116293923,0.833256185093361
"saddle-surface_area-rep1-n240-r4","saddle","surface_area",1,240,4,"geodesic",8,1.19982358592896e-05,0.0169226387741644,0.1728462287305,0.633856626277253,2.65087770360886,0.000266337262116334,0.00901135337625523,0.0921440461761385,0.351270066530792,0.628953662109249
"saddle-surface_area-rep1-n240-r64","saddle","surface_area",1,240,64,"ambient",128,1.19982358592896e-05,0.0988017630219497,1.589367231916,3.0422162424583,3.14142676971416,1.6751952503391e-05,0.0160333701472076,0.189497730979341,0.568056059175993,0.809295377774884
"saddle-surface_area-rep1-n240-r64","saddle","surface_area",1,240,64,"ambient",16,1.19982358592896e-05,0.0458128286462137,1.48865219808136,3.09372363683299,3.14052010131951,1.6751952503391e-05,0.00797774025691336,0.0961749499265007,0.429106669941105,0.726421806392916
"saddle-surface_area-rep1-n240-r64","saddle","surface_area",1,240,64,"ambient",239,1.19982358592896e-05,0.159135816001698,1.57304693560022,2.98533756581357,3.14142676971416,1.6751952503391e-05,0.0153278878155514,0.17882432077155,0.544362403406696,0.809295377774884
"saddle-surface_area-rep1-n240-r64","saddle","surface_area",1,240,64,"ambient",32,1.19982358592896e-05,0.051304092695539,1.59408416340135,3.08887609747209,3.14142676971416,1.6751952503391e-05,0.00940117307471406,0.107625272252689,0.435951014448364,0.758643329071925
"saddle-surface_area-rep1-n240-r64","saddle","surface_area",1,240,64,"ambient",4,1.19982358592896e-05,0.0341337103489286,0.786981086337736,3.04631101144043,3.1381372934505,3.07089005182615e-05,0.00583565734376909,0.0998470605172056,0.448389698094636,0.646789871301483
"saddle-surface_area-rep1-n240-r64","saddle","surface_area",1,240,64,"ambient",64,1.19982358592896e-05,0.0631260934737744,1.61705252883106,3.07770459024193,3.14142676971416,1.6751952503391e-05,0.0126648219762388,0.143241509919043,0.446467587684993,0.805939961679408
"saddle-surface_area-rep1-n240-r64","saddle","surface_area",1,240,64,"ambient",8,1.19982358592896e-05,0.0364977813965752,1.26526655093685,3.09477540523762,3.13850680405462,1.6751952503391e-05,0.00669725035127088,0.0962812096331109,0.434841708590632,0.646789871301483
"saddle-surface_area-rep1-n240-r64","saddle","surface_area",1,240,64,"geodesic",128,1.19982358592896e-05,0.113569583203152,1.29784724618612,2.93802590121927,3.14142676971416,1.6751952503391e-05,0.0187038700008172,0.217499029261604,0.583981612951184,0.809295377774884
"saddle-surface_area-rep1-n240-r64","saddle","surface_area",1,240,64,"geodesic",16,1.19982358592896e-05,0.026282508235613,0.362125789763307,1.49172212316358,3.13609251162863,6.43288936206243e-05,0.0108191280528843,0.112610664375984,0.444284297017259,0.758643329071925
"saddle-surface_area-rep1-n240-r64","saddle","surface_area",1,240,64,"geodesic",239,1.19982358592896e-05,0.159135816001698,1.57304693560022,2.98533756581357,3.14142676971416,1.6751952503391e-05,0.0153278878155514,0.17882432077155,0.544362403406696,0.809295377774884
"saddle-surface_area-rep1-n240-r64","saddle","surface_area",1,240,64,"geodesic",32,1.19982358592896e-05,0.0336822166414112,0.416861938712511,1.90808993400507,3.13795657293624,1.6751952503391e-05,0.0137258595851659,0.149270216641206,0.459902373327718,0.805939961679408
"saddle-surface_area-rep1-n240-r64","saddle","surface_area",1,240,64,"geodesic",4,1.19982358592896e-05,0.0193177615293491,0.324905236233676,1.39627206195851,3.13609251162863,6.43288936206243e-05,0.00918218033263323,0.105159647854216,0.446004926758829,0.646789871301483
"saddle-surface_area-rep1-n240-r64","saddle","surface_area",1,240,64,"geodesic",64,1.19982358592896e-05,0.0578892133858669,0.655844888760765,2.84460909258959,3.14131951348828,1.6751952503391e-05,0.0172685119955213,0.20515014033336,0.590545357138676,0.809295377774884
"saddle-surface_area-rep1-n240-r64","saddle","surface_area",1,240,64,"geodesic",8,1.19982358592896e-05,0.0202917443877602,0.322478939299465,1.40120336361922,3.13609251162863,6.43288936206243e-05,0.00897772794982159,0.102777546444386,0.438328049876073,0.716406998554589
"saddle-surface_area-rep1-n240-r8","saddle","surface_area",1,240,8,"ambient",128,1.19982358592896e-05,0.0991773081239888,1.55828746553862,3.04199685509366,3.14142676971416,1.69894301287887e-05,0.016246175686991,0.192662663855677,0.57719222337283,0.81698979297076
"saddle-surface_area-rep1-n240-r8","saddle","surface_area",1,240,8,"ambient",16,1.19982358592896e-05,0.025031922702605,0.340561437112541,2.28848294210616,3.13942994470708,1.69894301287887e-05,0.00972127833737304,0.111090471897745,0.448826633808351,0.803880153562098
"saddle-surface_area-rep1-n240-r8","saddle","surface_area",1,240,8,"ambient",239,1.19982358592896e-05,0.159135816001698,1.57304693560022,2.98533756581357,3.14142676971416,1.69894301287887e-05,0.015399463373921,0.179782885093399,0.548256953411583,0.81698979297076
"saddle-surface_area-rep1-n240-r8","saddle","surface_area",1,240,8,"ambient",32,1.19982358592896e-05,0.0423766559743181,0.745300146144918,3.03038588222953,3.13942994470708,1.69894301287887e-05,0.00973152555544305,0.115273597937541,0.451814472643386,0.813622262925038
"saddle-surface_area-rep1-n240-r8","saddle","surface_area",1,240,8,"ambient",4,1.19982358592896e-05,0.0126038871471422,0.166814998215858,0.653769484741884,3.13609251162862,0.000336639725675658,0.00905318243086777,0.0845394613707156,0.351421602618576,0.619099103920007
"saddle-surface_area-rep1-n240-r8","saddle","surface_area",1,240,8,"ambient",64,1.19982358592896e-05,0.0598681004913221,1.26931669393055,3.07302081149983,3.14142676971416,1.69894301287887e-05,0.013202571014754,0.147328668652027,0.459950268725589,0.813622262925038
"saddle-surface_area-rep1-n240-r8","saddle","surface_area",1,240,8,"ambient",8,1.19982358592896e-05,0.0178976311476707,0.228975650926045,1.04639340242214,3.13609251162862,6.45760725120903e-05,0.00856523245997545,0.0968348674634225,0.421221206614546,0.641350444840903
"saddle-surface_area-rep1-n240-r8","saddle","surface_area",1,240,8,"geodesic",128,1.19982358592896e-05,0.113453745724225,1.27914607626037,2.92743961318954,3.14142676971416,1.69894301287887e-05,0.018889533517545,0.220590456410279,0.587739211891336,0.81698979297076
"saddle-surface_area-rep1-n240-r8","saddle","surface_area",1,240,8,"geodesic",16,1.19982358592896e-05,0.0232713537981348,0.304926520737187,1.31197350033919,3.13609251162862,6.45760725120903e-05,0.0105435008010236,0.113719356917164,0.448843633965331,0.803880153562098
"saddle-surface_area-rep1-n240-r8","saddle","surface_area",1,240,8,"geodesic",239,1.19982358592896e-05,0.159135816001698,1.57304693560022,2.98533756581357,3.14142676971416,1.69894301287887e-05,0.015399463373921,0.179782885093399,0.548256953411583,0.81698979297076
"saddle-surface_area-rep1-n240-r8","saddle","surface_area",1,240,8,"geodesic",32,1.19982358592896e-05,0.0318079806366678,0.382773634111711,1.56088675061514,3.13795657293624,1.69894301287887e-05,0.0137625077895717,0.150021736740581,0.465505136007512,0.813622262925038
"saddle-surface_area-rep1-n240-r8","saddle","surface_area",1,240,8,"geodesic",4,1.19982358592896e-05,0.0125516556498009,0.166160298096173,0.632819844959128,1.66996219470804,0.000336639725675658,0.00938655532061458,0.0854608277501061,0.351509950425198,0.619099103920007
"saddle-surface_area-rep1-n240-r8","saddle","surface_area",1,240,8,"geodesic",64,1.19982358592896e-05,0.0571536291707701,0.619335069406037,2.76270896177267,3.14139308332409,1.69894301287887e-05,0.0178166719818135,0.206747591183977,0.603407012601577,0.81698979297076
"saddle-surface_area-rep1-n240-r8","saddle","surface_area",1,240,8,"geodesic",8,1.19982358592896e-05,0.0178742318871669,0.223831549267339,0.907042273254666,3.13609251162862,6.45760725120903e-05,0.00820398303616492,0.0969130797019939,0.41779981287558,0.641350444840903
"saddle-surface_area-rep1-n480-r64","saddle","surface_area",1,480,64,"ambient",128,1.19982358592896e-05,0.0591812966254573,1.57982747171021,3.07913731729491,3.14154991739108,5.8810425085376e-07,0.0118663976556821,0.138195183048922,0.433196737400864,0.843636208012175
"saddle-surface_area-rep1-n480-r64","saddle","surface_area",1,480,64,"ambient",16,1.19982358592896e-05,0.0340825864098193,1.19559537663344,3.09095686452905,3.14154991739108,9.13453466966363e-06,0.00617095050711086,0.0927966913904869,0.433880649959938,0.819044815724584
"saddle-surface_area-rep1-n480-r64","saddle","surface_area",1,480,64,"ambient",479,1.19982358592896e-05,0.155577868048295,1.56936403591383,2.98508227007288,3.14155023352031,5.8810425085376e-07,0.0141524432347417,0.171052137465698,0.535393721080437,0.847521159904616
"saddle-surface_area-rep1-n480-r64","saddle","surface_area",1,480,64,"ambient",64,1.19982358592896e-05,0.046119857381531,1.57999905688364,3.0906940896272,3.14154991739108,5.8810425085376e-07,0.00907710283383175,0.107577425950423,0.430709700895024,0.843636208012175
"saddle-surface_area-rep1-n480-r64","saddle","surface_area",1,480,64,"ambient",8,1.19982358592896e-05,0.0289573769304017,0.762823293119428,3.0476886548676,3.1381372934505,9.508718909923e-06,0.00546844418762504,0.0971649275978526,0.429338436857548,0.819044815724584
"saddle-surface_area-rep1-n480-r64","saddle","surface_area",1,480,64,"geodesic",128,1.19982358592896e-05,0.0551801161221193,0.638002032240183,2.81189349128067,3.14148355020496,5.8810425085376e-07,0.015737921438548,0.192229866553885,0.582361839829285,0.847521159904616
"saddle-surface_area-rep1-n480-r64","saddle","surface_area",1,480,64,"geodesic",16,1.19982358592896e-05,0.0199643065710223,0.32047567653204,1.384449237236,3.13986609243928,9.508718909923e-06,0.00793721788244404,0.096404871518743,0.428798253869831,0.819044815724584
"saddle-surface_area-rep1-n480-r64","saddle","surface_area",1,480,64,"geodesic",479,1.19982358592896e-05,0.155577868048295,1.56936403591383,2.98508227007288,3.14155023352031,5.8810425085376e-07,0.0141524432347417,0.171052137465698,0.535393721080437,0.847521159904616
"saddle-surface_area-rep1-n480-r64","saddle","surface_area",1,480,64,"geodesic",64,1.19982358592896e-05,0.0309473623660494,0.421551503921826,1.93876561237774,3.13986609243928,5.8810425085376e-07,0.0121465683928279,0.143694009580126,0.459450343898706,0.843636208012175
"saddle-surface_area-rep1-n480-r64","saddle","surface_area",1,480,64,"geodesic",8,1.19982358592896e-05,0.0192412930113574,0.318600668522869,1.34756842622931,3.13609251162863,9.508718909923e-06,0.00717384232528817,0.0933903591121925,0.424123263901975,0.819044815724584
"saddle-surface_area-rep2-n240-r1","saddle","surface_area",2,240,1,"ambient",128,5.69209092398104e-05,0.103748574636547,1.04349174997811,2.78518569461592,3.14154678319784,2.84497605627099e-05,0.0204014226669306,0.258871764244721,0.709295744018589,0.913733774312031
"saddle-surface_area-rep2-n240-r1","saddle","surface_area",2,240,1,"ambient",16,5.69209092398104e-05,0.0206034081436152,0.179054702530905,0.648581068818163,3.01971068756438,3.19943764471864e-05,0.0110397485890916,0.112874401721108,0.285645640688242,0.469889434593172
"saddle-surface_area-rep2-n240-r1","saddle","surface_area",2,240,1,"ambient",239,5.69209092398104e-05,0.157483463312666,1.56708823816418,2.98660498190064,3.14154678319784,4.54524188142624e-06,0.015611713296211,0.199863744560461,0.660006423247536,0.913733774312031
"saddle-surface_area-rep2-n240-r1","saddle","surface_area",2,240,1,"ambient",32,5.69209092398104e-05,0.0329693778429797,0.281977892804778,0.934707762747499,3.13308094467866,3.19943764471864e-05,0.0139061369291326,0.148974914890803,0.4160352971206,0.660964927156799
"saddle-surface_area-rep2-n240-r1","saddle","surface_area",2,240,1,"ambient",4,5.69209092398104e-05,0.00902707727225825,0.0889964733325974,0.404170667365449,1.73904697344093,4.51537518022516e-05,0.00534063378266037,0.0618537803224038,0.169354145467568,0.287361281897159
"saddle-surface_area-rep2-n240-r1","saddle","surface_area",2,240,1,"ambient",64,5.69209092398104e-05,0.053151424333938,0.498662982776712,1.46110274798351,3.14049556122907,3.19943764471864e-05,0.0171807281101365,0.204789841300574,0.631440629004124,0.910390569572011
"saddle-surface_area-rep2-n240-r1","saddle","surface_area",2,240,1,"ambient",8,5.69209092398104e-05,0.0123988571338035,0.125401417409398,0.508885392672958,2.7165080459791,3.19943764471864e-05,0.00836203698035843,0.0831834356853964,0.211829766838501,0.386608283207724
"saddle-surface_area-rep2-n240-r1","saddle","surface_area",2,240,1,"geodesic",128,5.69209092398104e-05,0.102422072845946,1.02681044549561,2.70269449869601,3.14154678319784,3.19943764471864e-05,0.0199451726884688,0.253852003202132,0.710681475769913,0.913733774312031
"saddle-surface_area-rep2-n240-r1","saddle","surface_area",2,240,1,"geodesic",16,5.69209092398104e-05,0.0206374592809047,0.179054702530905,0.647690460133246,3.01971068756438,3.19943764471864e-05,0.0110423967100316,0.112931257126277,0.28624123025505,0.469889434593172
"saddle-surface_area-rep2-n240-r1","saddle","surface_area",2,240,1,"geodesic",239,5.69209092398104e-05,0.157483463312666,1.56708823816418,2.98660498190064,3.14154678319784,4.54524188142624e-06,0.015611713296211,0.199863744560461,0.660006423247536,0.913733774312031
"saddle-surface_area-rep2-n240-r1","saddle","surface_area",2,240,1,"geodesic",32,5.69209092398104e-05,0.0329412651671752,0.281289314378875,0.914561501798547,3.13308094467866,3.19943764471864e-05,0.01391048850886,0.148864348311329,0.415736474528166,0.660964927156799
"saddle-surface_area-rep2-n240-r1","saddle","surface_area",2,240,1,"geodesic",4,5.69209092398104e-05,0.00902707727225825,0.0889964733325974,0.404170667365449,1.73904697344093,4.51537518022516e-05,0.00534063378266037,0.0618537803224038,0.169354145467568,0.287361281897159
"saddle-surface_area-rep2-n240-r1","saddle","surface_area",2,240,1,"geodesic",64,5.69209092398104e-05,0.0530531721871453,0.49823265281013,1.44298811708722,3.14049556122907,3.19943764471864e-05,0.0171442554713831,0.204316434808917,0.627518186615285,0.910390569572011
"saddle-surface_area-rep2-n240-r1","saddle","surface_area",2,240,1,"geodesic",8,5.69209092398104e-05,0.0123988571338035,0.125401417409398,0.508261435920329,2.7165080459791,3.19943764471864e-05,0.00836203698035843,0.0832486026448483,0.211829766838501,0.386608283207724
"saddle-surface_area-rep2-n240-r16","saddle","surface_area",2,240,16,"ambient",128,5.69209092406986e-05,0.102441796160747,1.54980879788674,3.04189120840889,3.14154678319784,3.99489459468327e-06,0.0146101304765676,0.183898518159097,0.586222329856155,0.838716623232493
"saddle-surface_area-rep2-n240-r16","saddle","surface_area",2,240,16,"ambient",16,5.69209092406986e-05,0.0320092216328914,0.794731693580524,3.01920878339875,3.14115484977019,3.99489459468327e-06,0.00910523107087826,0.123007260081016,0.507875875631618,0.827725534946416
"saddle-surface_area-rep2-n240-r16","saddle","surface_area",2,240,16,"ambient",239,5.69209092406986e-05,0.157483463312666,1.56708823816418,2.98660498190064,3.14154678319784,3.99489459468327e-06,0.0136896931616992,0.174988243124931,0.587144653575879,0.838716623232493
"saddle-surface_area-rep2-n240-r16","saddle","surface_area",2,240,16,"ambient",32,5.69209092406986e-05,0.0424274604808823,1.25433023072778,3.08811245476473,3.14120582028122,3.99489459468327e-06,0.0110916477712912,0.131214295280134,0.509637334549823,0.837513933237155
"saddle-surface_area-rep2-n240-r16","saddle","surface_area",2,240,16,"ambient",4,5.69209092406986e-05,0.0107942340678656,0.217144864632323,1.28235714386816,3.1181375574871,3.94877492564394e-05,0.00840313398123269,0.10991413183727,0.446269408041989,0.776099130453577
"saddle-surface_area-rep2-n240-r16","saddle","surface_area",2,240,16,"ambient",64,5.69209092406986e-05,0.0609232852683532,1.47360689843702,3.0823723202705,3.14145935098953,3.99489459468327e-06,0.0129144481117898,0.150682519075508,0.50729451466341,0.837513933237155
"saddle-surface_area-rep2-n240-r16","saddle","surface_area",2,240,16,"ambient",8,5.69209092406986e-05,0.0174836996028194,0.347744672873105,2.78703577418112,3.13308094467866,3.94877492564394e-05,0.00840168296320047,0.119122157032888,0.499465609172293,0.77675363554996
"saddle-surface_area-rep2-n240-r16","saddle","surface_area",2,240,16,"geodesic",128,5.69209092406986e-05,0.113703228938344,1.30008841363289,2.9407543741866,3.14154678319784,2.48121865141782e-05,0.0160882085179943,0.207173612354518,0.625591524208073,0.838716623232493
"saddle-surface_area-rep2-n240-r16","saddle","surface_area",2,240,16,"geodesic",16,5.69209092406986e-05,0.0250018094421722,0.385985146241914,1.48582463854262,3.13613801268488,3.94877492564394e-05,0.0119788847966404,0.134686310035865,0.525155261627313,0.837513933237155
"saddle-surface_area-rep2-n240-r16","saddle","surface_area",2,240,16,"geodesic",239,5.69209092406986e-05,0.157483463312666,1.56708823816418,2.98660498190064,3.14154678319784,3.99489459468327e-06,0.0136896931616992,0.174988243124931,0.587144653575879,0.838716623232493
"saddle-surface_area-rep2-n240-r16","saddle","surface_area",2,240,16,"geodesic",32,5.69209092406986e-05,0.0351680104365313,0.46496551299113,1.73481210620758,3.14091757879134,2.80565257680943e-05,0.0135501780483354,0.155387234805448,0.542134057291943,0.837513933237155
"saddle-surface_area-rep2-n240-r16","saddle","surface_area",2,240,16,"geodesic",4,5.69209092406986e-05,0.0107942340678656,0.202820879547926,0.904889142286342,1.73904697344093,3.94877492564394e-05,0.00815131900512656,0.114222469542906,0.459739701542452,0.776099130453577
"saddle-surface_area-rep2-n240-r16","saddle","surface_area",2,240,16,"geodesic",64,5.69209092406986e-05,0.0586706115515176,0.723624647111322,2.87850761929632,3.14124586992462,2.80565257680943e-05,0.0157471112667947,0.203726490892106,0.653800081812528,0.838716623232493
"saddle-surface_area-rep2-n240-r16","saddle","surface_area",2,240,16,"geodesic",8,5.69209092406986e-05,0.01503921174577,0.277790448713728,1.254524272833,3.13308094467866,3.94877492564394e-05,0.0090270718587933,0.122798618649994,0.506391263395328,0.818918976386538
"saddle-surface_area-rep2-n240-r2","saddle","surface_area",2,240,2,"ambient",128,5.69209092402545e-05,0.106554452209218,1.18541200804196,2.97928228575815,3.14154678319784,4.18166903537465e-06,0.0169667282186607,0.218618254678719,0.670518280083723,0.889985618629641
"saddle-surface_area-rep2-n240-r2","saddle","surface_area",2,240,2,"ambient",16,5.69209092402545e-05,0.020484229163102,0.184192637327826,0.70499620682595,3.01971068756438,2.94167960540603e-05,0.0113318748944414,0.11395761266846,0.342427226879286,0.620856932077526
"saddle-surface_area-rep2-n240-r2","saddle","surface_area",2,240,2,"ambient",239,5.69209092402545e-05,0.157483463312666,1.56708823816418,2.98660498190064,3.14154678319784,4.18166903537465e-06,0.0144810761336077,0.185087109438643,0.626565352831522,0.889985618629641
"saddle-surface_area-rep2-n240-r2","saddle","surface_area",2,240,2,"ambient",32,5.69209092402545e-05,0.0325989122898197,0.29690209763953,1.05495367983586,3.13308094467866,2.94167960540603e-05,0.0129101143633808,0.154794382024287,0.480020972201603,0.815046926137982
"saddle-surface_area-rep2-n240-r2","saddle","surface_area",2,240,2,"ambient",4,5.69209092402545e-05,0.00943002802537318,0.0930162785731197,0.388603207890016,1.73904697344093,4.14973634299542e-05,0.00572732453253189,0.0728194376861463,0.19797982668282,0.29675389620576
"saddle-surface_area-rep2-n240-r2","saddle","surface_area",2,240,2,"ambient",64,5.69209092402545e-05,0.0550741231497157,0.555756438291899,2.45152481290883,3.14120582028122,2.94167960540603e-05,0.0167609305769927,0.20503328485626,0.649328656437552,0.888727134614716
"saddle-surface_area-rep2-n240-r2","saddle","surface_area",2,240,2,"ambient",8,5.69209092402545e-05,0.0115431517461412,0.126601597947995,0.527352984347698,2.7165080459791,2.94167960540603e-05,0.00843054444374514,0.0889985108484175,0.255675416810598,0.420956315259832
"saddle-surface_area-rep2-n240-r2","saddle","surface_area",2,240,2,"geodesic",128,5.69209092402545e-05,0.108104631754733,1.10138635580994,2.82898936537536,3.14154678319784,2.61496872345779e-05,0.0189004553172555,0.240133943062336,0.671442701282571,0.889985618629641
"saddle-surface_area-rep2-n240-r2","saddle","surface_area",2,240,2,"geodesic",16,5.69209092402545e-05,0.0204702371723982,0.182336791445224,0.673336405839488,3.01971068756438,2.94167960540603e-05,0.0115688655696796,0.113894087852737,0.342719931803817,0.620856932077526
"saddle-surface_area-rep2-n240-r2","saddle","surface_area",2,240,2,"geodesic",239,5.69209092402545e-05,0.157483463312666,1.56708823816418,2.98660498190064,3.14154678319784,4.18166903537465e-06,0.0144810761336077,0.185087109438643,0.626565352831522,0.889985618629641
"saddle-surface_area-rep2-n240-r2","saddle","surface_area",2,240,2,"geodesic",32,5.69209092402545e-05,0.0322845421431734,0.29197778609886,1.01587428475152,3.13308094467866,2.94167960540603e-05,0.0132007138874246,0.154945177606916,0.483004373039805,0.815046926137982
"saddle-surface_area-rep2-n240-r2","saddle","surface_area",2,240,2,"geodesic",4,5.69209092402545e-05,0.00943002802537318,0.0930162785731197,0.388603207890016,1.73904697344093,4.14973634299542e-05,0.00572732453253189,0.0728194376861463,0.19797982668282,0.29675389620576
"saddle-surface_area-rep2-n240-r2","saddle","surface_area",2,240,2,"geodesic",64,5.69209092402545e-05,0.0545011324428198,0.542975795149713,1.77750894212303,3.14124586992462,2.94167960540603e-05,0.0164572289152498,0.206819825109697,0.659493880520526,0.888727134614716
"saddle-surface_area-rep2-n240-r2","saddle","surface_area",2,240,2,"geodesic",8,5.69209092402545e-05,0.0115431517461412,0.126399040205282,0.527352984347698,3.01289522729095,2.94167960540603e-05,0.00843054444374514,0.0890377655306336,0.25791710850407,0.420956315259832
"saddle-surface_area-rep2-n240-r32","saddle","surface_area",2,240,32,"ambient",128,5.69209092402545e-05,0.102426017508906,1.55684119675131,3.04193186501419,3.14154678319784,3.99204544443421e-06,0.0146270029199407,0.183829479724563,0.585353714523573,0.836847119804854
"saddle-surface_area-rep2-n240-r32","saddle","surface_area",2,240,32,"ambient",16,5.69209092402545e-05,0.035788668026735,1.25848381520034,3.09277553951533,3.14115484977019,3.99204544443421e-06,0.00908412570357338,0.120546019965009,0.494096090739046,0.825863826672722
"saddle-surface_area-rep2-n240-r32","saddle","surface_area",2,240,32,"ambient",239,5.69209092402545e-05,0.157483463312666,1.56708823816418,2.98660498190064,3.14154678319784,3.99204544443421e-06,0.0136771600225412,0.174811883346478,0.586194072117876,0.836847119804854
"saddle-surface_area-rep2-n240-r32","saddle","surface_area",2,240,32,"ambient",32,5.69209092402545e-05,0.0457622621966473,1.5150968996572,3.0985820874877,3.14120582028122,3.99204544443421e-06,0.0111913952819697,0.129575169594263,0.48788200352175,0.825863826672722
"saddle-surface_area-rep2-n240-r32","saddle","surface_area",2,240,32,"ambient",4,5.69209092402545e-05,0.0132627629592812,0.362544667287785,2.85062558056912,3.13241278394711,0.000184072997417406,0.00788346995381259,0.119031521769977,0.476024357408885,0.77466028510275
"saddle-surface_area-rep2-n240-r32","saddle","surface_area",2,240,32,"ambient",64,5.69209092402545e-05,0.061316471911801,1.55168829592788,3.08242057732644,3.14145935098953,3.99204544443421e-06,0.0128302728388485,0.150438006678029,0.502615853930202,0.835645278742065
"saddle-surface_area-rep2-n240-r32","saddle","surface_area",2,240,32,"ambient",8,5.69209092402545e-05,0.0203166575102441,0.72489890499963,3.04132216862003,3.14115484977019,3.94561284046135e-05,0.00908880171402413,0.115883163373867,0.500134063443197,0.825863826672722
"saddle-surface_area-rep2-n240-r32","saddle","surface_area",2,240,32,"geodesic",128,5.69209092402545e-05,0.113705871779737,1.30621516847161,2.94262903816714,3.14154678319784,2.47906176369384e-05,0.0160114280707338,0.206897873180672,0.624731827853025,0.836847119804854
"saddle-surface_area-rep2-n240-r32","saddle","surface_area",2,240,32,"geodesic",16,5.69209092402545e-05,0.0258963256705165,0.414244731187844,1.51462303731957,3.14091757879134,3.94561284046135e-05,0.0121192201350475,0.132531685011029,0.521567975263295,0.835645278742065
"saddle-surface_area-rep2-n240-r32","saddle","surface_area",2,240,32,"geodesic",239,5.69209092402545e-05,0.157483463312666,1.56708823816418,2.98660498190064,3.14154678319784,3.99204544443421e-06,0.0136771600225412,0.174811883346478,0.586194072117876,0.836847119804854
"saddle-surface_area-rep2-n240-r32","saddle","surface_area",2,240,32,"geodesic",32,5.69209092402545e-05,0.0363898129874622,0.482307648476679,1.90601519395566,3.14091757879134,2.80355130453103e-05,0.0135401652512821,0.15520768494462,0.539824732536619,0.835645278742065
"saddle-surface_area-rep2-n240-r32","saddle","surface_area",2,240,32,"geodesic",4,5.69209092402545e-05,0.0118485938132916,0.270205627362784,1.22369608414336,3.13308094467866,0.000737674085769857,0.0090894697155171,0.124153983949497,0.500316075688829,0.77466028510275
"saddle-surface_area-rep2-n240-r32","saddle","surface_area",2,240,32,"geodesic",64,5.69209092402545e-05,0.0587599558293716,0.734702055034453,2.89746529800797,3.14124586992462,2.80355130453103e-05,0.0155629995066144,0.202383870612226,0.646491184572787,0.836847119804854
"saddle-surface_area-rep2-n240-r32","saddle","surface_area",2,240,32,"geodesic",8,5.69209092402545e-05,0.0169119144197338,0.336599481166981,1.39681074956233,3.13308094467866,3.94561284046135e-05,0.00904360300090508,0.124529072598669,0.509175653141448,0.817094658300944
"saddle-surface_area-rep2-n240-r4","saddle","surface_area",2,240,4,"ambient",128,5.69209092406986e-05,0.103309571695506,1.3980711005145,3.04060969597817,3.14154678319784,4.04627094852117e-06,0.0153309399387163,0.193419392331477,0.620838990826747,0.862156235557632
"saddle-surface_area-rep2-n240-r4","saddle","surface_area",2,240,4,"ambient",16,5.69209092406986e-05,0.0211751487349808,0.219323965749527,1.00698614838671,3.01971068756438,2.84334677854714e-05,0.0115138679471972,0.123787468859488,0.452816806297738,0.786169307083719
"saddle-surface_area-rep2-n240-r4","saddle","surface_area",2,240,4,"ambient",239,5.69209092406986e-05,0.157483463312666,1.56708823816418,2.98660498190064,3.14154678319784,4.04627094852117e-06,0.0138941660444342,0.17800351296338,0.601462428838068,0.862156235557632
"saddle-surface_area-rep2-n240-r4","saddle","surface_area",2,240,4,"ambient",32,5.69209092406986e-05,0.0348745689312702,0.398338371488829,2.64722836379033,3.13982226001903,2.84334677854714e-05,0.012816889630573,0.146928037942558,0.53689706724589,0.860938221194723
"saddle-surface_area-rep2-n240-r4","saddle","surface_area",2,240,4,"ambient",4,5.69209092406986e-05,0.00954457191969484,0.114630799745025,0.495656053823313,1.73904697344093,4.00507182308774e-05,0.00667492474862972,0.0857459455576572,0.264552420932477,0.403089101304766
"saddle-surface_area-rep2-n240-r4","saddle","surface_area",2,240,4,"ambient",64,5.69209092406986e-05,0.0568544353054944,0.870305220414932,3.00653409270968,3.14120582028122,4.04627094852117e-06,0.0140849994840306,0.170670110197676,0.560764190259214,0.860938221194723
"saddle-surface_area-rep2-n240-r4","saddle","surface_area",2,240,4,"ambient",8,5.69209092406986e-05,0.0125485682123338,0.156947427992571,0.672693588484055,2.8450558282389,4.00507182308774e-05,0.00858490064094977,0.100764463658439,0.333775243715335,0.567072467886524
"saddle-surface_area-rep2-n240-r4","saddle","surface_area",2,240,4,"geodesic",128,5.69209092406986e-05,0.112593443607774,1.21882914537364,2.92568281269191,3.14154678319784,2.51923851660729e-05,0.0170933365037012,0.21789319578274,0.641010589410226,0.862156235557632
"saddle-surface_area-rep2-n240-r4","saddle","surface_area",2,240,4,"geodesic",16,5.69209092406986e-05,0.0208436571941735,0.216304773848388,0.935624363093339,3.13308094467866,2.84334677854714e-05,0.0115170027678014,0.123787468859488,0.455058026166766,0.786169307083719
"saddle-surface_area-rep2-n240-r4","saddle","surface_area",2,240,4,"geodesic",239,5.69209092406986e-05,0.157483463312666,1.56708823816418,2.98660498190064,3.14154678319784,4.04627094852117e-06,0.0138941660444342,0.17800351296338,0.601462428838068,0.862156235557632
"saddle-surface_area-rep2-n240-r4","saddle","surface_area",2,240,4,"geodesic",32,5.69209092406986e-05,0.0334745170191793,0.362544667287785,1.33342774838773,3.13308094467866,2.84334677854714e-05,0.0136995237011075,0.156107972339674,0.53537968986265,0.860938221194723
"saddle-surface_area-rep2-n240-r4","saddle","surface_area",2,240,4,"geodesic",4,5.69209092406986e-05,0.00953586755608598,0.11370825033699,0.495751541224969,1.73904697344093,4.00507182308774e-05,0.00667060578343117,0.0856656775584461,0.264570515820107,0.403089101304766
"saddle-surface_area-rep2-n240-r4","saddle","surface_area",2,240,4,"geodesic",64,5.69209092406986e-05,0.0561038022680377,0.617469879899865,2.4592965331708,3.14124586992462,2.84334677854714e-05,0.0163978723774359,0.206021356020129,0.656056768942475,0.860938221194723
"saddle-surface_area-rep2-n240-r4","saddle","surface_area",2,240,4,"geodesic",8,5.69209092406986e-05,0.0124626575093161,0.15594401797771,0.646945799358123,2.8450558282389,4.00507182308774e-05,0.00858400908210366,0.100813295991289,0.333986154025204,0.567072467886524
"saddle-surface_area-rep2-n240-r64","saddle","surface_area",2,240,64,"ambient",128,5.69209092402545e-05,0.102429962171867,1.55845096227593,3.04192170086286,3.14154678319784,3.99131953432441e-06,0.0145822930419689,0.183780964077202,0.58484757164605,0.8363416285377
"saddle-surface_area-rep2-n240-r64","saddle","surface_area",2,240,64,"ambient",16,5.69209092402545e-05,0.0389872205242309,1.53045592660646,3.10614654177303,3.14115484977019,3.99131953432441e-06,0.0090828649166261,0.119485270303979,0.494389936833311,0.82536032125134
"saddle-surface_area-rep2-n240-r64","saddle","surface_area",2,240,64,"ambient",239,5.69209092402545e-05,0.157483463312666,1.56708823816418,2.98660498190064,3.14154678319784,3.99131953432441e-06,0.0136731938169587,0.174771023652201,0.585905845954806,0.8363416285377
"saddle-surface_area-rep2-n240-r64","saddle","surface_area",2,240,64,"ambient",32,5.69209092402545e-05,0.0469698869536277,1.58440960155517,3.09987440009212,3.14120582028122,3.99131953432441e-06,0.0112076423706033,0.129719764224986,0.490292274809398,0.82536032125134
"saddle-surface_area-rep2-n240-r64","saddle","surface_area",2,240,64,"ambient",4,5.69209092402545e-05,0.0186377578415003,0.757103439480879,3.03989325853509,3.14115484977019,0.000184027907723538,0.00736807167999394,0.118042174346678,0.475579840180646,0.774475388092898
"saddle-surface_area-rep2-n240-r64","saddle","surface_area",2,240,64,"ambient",64,5.69209092402545e-05,0.0613280413786536,1.57396615589469,3.08270719205013,3.14145935098953,3.99131953432441e-06,0.0127726069503595,0.15040776390471,0.501898400684176,0.835140003724046
"saddle-surface_area-rep2-n240-r64","saddle","surface_area",2,240,64,"ambient",8,5.69209092402545e-05,0.0273951153576121,1.30655549911148,3.10136307103986,3.14115484977019,3.99131953432441e-06,0.00904272101579112,0.118100598263293,0.478943085504938,0.774475388092898
"saddle-surface_area-rep2-n240-r64","saddle","surface_area",2,240,64,"geodesic",128,5.69209092402545e-05,0.113705607495597,1.30655549911148,2.94263086930153,3.14154678319784,2.478509910675e-05,0.0159847298084608,0.205927714767127,0.624454906439338,0.8363416285377
"saddle-surface_area-rep2-n240-r64","saddle","surface_area",2,240,64,"geodesic",16,5.69209092402545e-05,0.0259559215506403,0.429998695427855,1.53095184893164,3.14091757879134,3.9448052869484e-05,0.0119379714466678,0.132878968352615,0.527351764454955,0.835140003724046
"saddle-surface_area-rep2-n240-r64","saddle","surface_area",2,240,64,"geodesic",239,5.69209092402545e-05,0.157483463312666,1.56708823816418,2.98660498190064,3.14154678319784,3.99131953432441e-06,0.0136731938169587,0.174771023652201,0.585905845954806,0.8363416285377
"saddle-surface_area-rep2-n240-r64","saddle","surface_area",2,240,64,"geodesic",32,5.69209092402545e-05,0.0364037032218842,0.489783691716925,1.93095973739067,3.14091757879134,3.9448052869484e-05,0.0135411162755509,0.155225752007882,0.539509505525339,0.835140003724046
"saddle-surface_area-rep2-n240-r64","saddle","surface_area",2,240,64,"geodesic",4,5.69209092402545e-05,0.0130045318671793,0.336885675492566,1.39057339978764,3.13308094467866,0.000737519587974966,0.00909448464600539,0.123354400379766,0.491739671639242,0.733165593436762
"saddle-surface_area-rep2-n240-r64","saddle","surface_area",2,240,64,"geodesic",64,5.69209092402545e-05,0.058787747288183,0.739508543356948,2.8952733647715,3.14124586992462,2.80301542071593e-05,0.015462386223436,0.199862730793519,0.639864623887254,0.835140003724046
"saddle-surface_area-rep2-n240-r64","saddle","surface_area",2,240,64,"geodesic",8,5.69209092402545e-05,0.01793216881051,0.359677063066425,1.42854378354648,3.14091757879134,3.9448052869484e-05,0.00891486500428807,0.123456628524759,0.508407233483988,0.816601964757279
"saddle-surface_area-rep2-n240-r8","saddle","surface_area",2,240,8,"ambient",128,5.69209092402545e-05,0.102539505028862,1.52498059730958,3.04178506162906,3.14154678319784,4.00585671345155e-06,0.0148291384845862,0.185316562065135,0.592534393869582,0.845042502878621
"saddle-surface_area-rep2-n240-r8","saddle","surface_area",2,240,8,"ambient",16,5.69209092402545e-05,0.0248815149344458,0.368536221505284,2.62532576644566,3.13382764289192,3.96088260671279e-05,0.0110786521241349,0.125665886743436,0.522276775269353,0.790390317286615
"saddle-surface_area-rep2-n240-r8","saddle","surface_area",2,240,8,"ambient",239,5.69209092402545e-05,0.157483463312666,1.56708823816418,2.98660498190064,3.14154678319784,4.00585671345155e-06,0.0137457081240991,0.175678809119135,0.59050480323106,0.845042502878621
"saddle-surface_area-rep2-n240-r8","saddle","surface_area",2,240,8,"ambient",32,5.69209092402545e-05,0.0393294698413877,0.794731693580523,3.01896468450115,3.14120582028122,4.00585671345155e-06,0.0116674662115967,0.135422676417668,0.535068697459239,0.843836545295438
"saddle-surface_area-rep2-n240-r8","saddle","surface_area",2,240,8,"ambient",4,5.69209092402545e-05,0.00968040305624562,0.157257875305785,0.720925525766718,2.7165080459791,3.96088260671279e-05,0.00686996162550917,0.0972052269894291,0.34023743903314,0.593877022555368
"saddle-surface_area-rep2-n240-r8","saddle","surface_area",2,240,8,"ambient",64,5.69209092402545e-05,0.0586870893223241,1.27021653619725,3.07226269322844,3.14145935098953,4.00585671345155e-06,0.013051611878983,0.155398379892867,0.522986760135055,0.843836545295438
"saddle-surface_area-rep2-n240-r8","saddle","surface_area",2,240,8,"ambient",8,5.69209092402545e-05,0.0130045318671793,0.206187117679574,1.05497395121819,3.1181375574871,3.96088260671279e-05,0.00807458862298585,0.112769538267845,0.447794007542342,0.781171591794625
"saddle-surface_area-rep2-n240-r8","saddle","surface_area",2,240,8,"geodesic",128,5.69209092402545e-05,0.113614328655923,1.2800867793078,2.93457299248586,3.14154678319784,2.48944654485106e-05,0.0160897164845795,0.208483595754127,0.629351121670498,0.845042502878621
"saddle-surface_area-rep2-n240-r8","saddle","surface_area",2,240,8,"geodesic",16,5.69209092402545e-05,0.0241784268707745,0.30544955547446,1.29837035911489,3.13308094467866,2.81372135741975e-05,0.0116437876091092,0.134630617468582,0.528700688660864,0.843836545295438
"saddle-surface_area-rep2-n240-r8","saddle","surface_area",2,240,8,"geodesic",239,5.69209092402545e-05,0.157483463312666,1.56708823816418,2.98660498190064,3.14154678319784,4.00585671345155e-06,0.0137457081240991,0.175678809119135,0.59050480323106,0.845042502878621
"saddle-surface_area-rep2-n240-r8","saddle","surface_area",2,240,8,"geodesic",32,5.69209092402545e-05,0.035095580584903,0.435016452601137,1.57313610490919,3.13613801268488,2.81372135741975e-05,0.0134567782910712,0.156071961717027,0.549858645342424,0.843836545295438
"saddle-surface_area-rep2-n240-r8","saddle","surface_area",2,240,8,"geodesic",4,5.69209092402545e-05,0.00966036148781901,0.154693583013533,0.704713679310062,2.8450558282389,3.96088260671279e-05,0.0068472918816724,0.0972052269894291,0.341381823076958,0.593877022555368
"saddle-surface_area-rep2-n240-r8","saddle","surface_area",2,240,8,"geodesic",64,5.69209092402545e-05,0.0579972040449495,0.685527290950182,2.78492726967349,3.14124586992462,2.81372135741975e-05,0.0159697021741561,0.20536472032789,0.66066220267228,0.845042502878621
"saddle-surface_area-rep2-n240-r8","saddle","surface_area",2,240,8,"geodesic",8,5.69209092402545e-05,0.0128845972095855,0.193765889070094,0.92440831385464,3.01289522729095,3.96088260671279e-05,0.008069883933216,0.114396863399119,0.445741816602701,0.781171591794625
"saddle-surface_area-rep3-n240-r1","saddle","surface_area",3,240,1,"ambient",128,9.43536406639023e-05,0.107483187550406,1.05752331686484,2.83100932599596,3.14155974437144,3.94036030348932e-05,0.0234573659540932,0.27639254756671,0.695547680352307,0.899552182455327
"saddle-surface_area-rep3-n240-r1","saddle","surface_area",3,240,1,"ambient",16,0.000247796256648503,0.0173810173231288,0.196570015135,0.659634678251329,2.9502497178209,8.50044804955319e-05,0.00875483109148819,0.108511841971589,0.283623275378308,0.632665106647423
"saddle-surface_area-rep3-n240-r1","saddle","surface_area",3,240,1,"ambient",239,9.43536406639023e-05,0.154459321531934,1.55354804555996,2.98518098097759,3.14155974437144,9.96878819548019e-06,0.0160730057958792,0.209120224222355,0.654303834068466,0.899552182455327
"saddle-surface_area-rep3-n240-r1","saddle","surface_area",3,240,1,"ambient",32,9.43536406639023e-05,0.0290642784161065,0.306688440170204,0.991071665352007,3.13510766412926,8.50044804955319e-05,0.0117205790694368,0.151735475913838,0.410553271781312,0.800172134042369
"saddle-surface_area-rep3-n240-r1","saddle","surface_area",3,240,1,"ambient",4,0.000247796256648503,0.00998204609509834,0.101069470070261,0.357495786735626,2.54955447228539,8.50044804955319e-05,0.00459872245583884,0.0562142945623271,0.160946875796258,0.311266245928013
"saddle-surface_area-rep3-n240-r1","saddle","surface_area",3,240,1,"ambient",64,9.43536406639023e-05,0.0521383323921532,0.522108327915227,1.57922561462975,3.13770534140645,6.31680901898579e-05,0.0174724947469295,0.218921154945649,0.618162217327673,0.891834911132775
"saddle-surface_area-rep3-n240-r1","saddle","surface_area",3,240,1,"ambient",8,0.000247796256648503,0.0126266034911657,0.129791670009757,0.451379870784384,2.54955447228539,8.50044804955319e-05,0.00640275604637454,0.0773571680250042,0.21895268726461,0.395789800952181
"saddle-surface_area-rep3-n240-r1","saddle","surface_area",3,240,1,"geodesic",128,9.43536406639023e-05,0.106427266411163,1.03853106545628,2.72134817492858,3.14150463726142,2.10879592072999e-05,0.0223684577070858,0.268907618727754,0.696673490093915,0.899552182455327
"saddle-surface_area-rep3-n240-r1","saddle","surface_area",3,240,1,"geodesic",16,0.000247796256648503,0.0173875944599561,0.196410940965583,0.659632767603262,2.9502497178209,8.50044804955319e-05,0.00877047893427182,0.108438065723799,0.2833903634583,0.632665106647423
"saddle-surface_area-rep3-n240-r1","saddle","surface_area",3,240,1,"geodesic",239,9.43536406639023e-05,0.154459321531934,1.55354804555996,2.98518098097759,3.14155974437144,9.96878819548019e-06,0.0160730057958792,0.209120224222355,0.654303834068466,0.899552182455327
"saddle-surface_area-rep3-n240-r1","saddle","surface_area",3,240,1,"geodesic",32,9.43536406639023e-05,0.0290627849898387,0.30648554350041,0.98412918202217,3.13510766412926,8.50044804955319e-05,0.0116739396836721,0.151752018059959,0.411315792233237,0.800172134042369
"saddle-surface_area-rep3-n240-r1","saddle","surface_area",3,240,1,"geodesic",4,0.000247796256648503,0.00953834396166164,0.101069470070261,0.357495786735626,2.54955447228539,8.50044804955319e-05,0.00459872245583884,0.0562142945623271,0.160946875796258,0.311266245928013
"saddle-surface_area-rep3-n240-r1","saddle","surface_area",3,240,1,"geodesic",64,9.43536406639023e-05,0.0520165795302207,0.520297551038587,1.55909543912879,3.13770534140645,6.31680901898579e-05,0.0175269570679453,0.218639936446684,0.616852747078894,0.896406749436461
"saddle-surface_area-rep3-n240-r1","saddle","surface_area",3,240,1,"geodesic",8,0.000247796256648503,0.0126266034911657,0.129791670009757,0.451379870784384,2.54955447228539,8.50044804955319e-05,0.00640275604637454,0.0769546852131323,0.218419633523535,0.395789800952181
"saddle-surface_area-rep3-n240-r16","saddle","surface_area",3,240,16,"ambient",128,9.43536406640688e-05,0.102466089090879,1.49900816825555,3.04227023930933,3.14155974437144,8.69750424625781e-06,0.0158901383644855,0.195466424899873,0.594326019940927,0.822878276869119
"saddle-surface_area-rep3-n240-r16","saddle","surface_area",3,240,16,"ambient",16,0.000247796256648503,0.0274743821386844,0.603856903954819,3.0406848399343,3.14122011184666,3.30327671936859e-05,0.00664645681832505,0.100149496456143,0.49851729819444,0.822878276869119
"saddle-surface_area-rep3-n240-r16","saddle","surface_area",3,240,16,"ambient",239,9.43536406640688e-05,0.154459321531934,1.55354804555996,2.98518098097759,3.14155974437144,8.69750424625781e-06,0.0140814048899136,0.183194053206811,0.582108028896416,0.822878276869119
"saddle-surface_area-rep3-n240-r16","saddle","surface_area",3,240,16,"ambient",32,0.000247796256648503,0.0385145794778748,1.12052999627193,3.08136647253578,3.14122011184666,8.69750424625781e-06,0.00833186163788213,0.112905377028319,0.497617389782289,0.822878276869119
"saddle-surface_area-rep3-n240-r16","saddle","surface_area",3,240,16,"ambient",4,0.000247796256648503,0.0139059364132859,0.239289907628167,1.12166333645692,3.13510766412926,8.57978109389812e-05,0.00550430973649751,0.088506620124737,0.423742254941737,0.715560049347151
"saddle-surface_area-rep3-n240-r16","saddle","surface_area",3,240,16,"ambient",64,0.000247796256648503,0.0595126190971042,1.46008116989582,3.08044731883767,3.14155974437144,8.69750424625781e-06,0.0116960262923897,0.145302543443005,0.479943475830742,0.822878276869119
"saddle-surface_area-rep3-n240-r16","saddle","surface_area",3,240,16,"ambient",8,0.000247796256648503,0.0166237234851283,0.346660037253745,2.81061880815295,3.13510766412926,8.57978109389812e-05,0.00665797628649869,0.0940047980595827,0.481996394629335,0.715560049347151
"saddle-surface_area-rep3-n240-r16","saddle","surface_area",3,240,16,"geodesic",128,9.43536406640688e-05,0.112776709598619,1.25643420651734,2.89824201629722,3.14150463726142,8.69750424625781e-06,0.0186496567455932,0.225290684974016,0.614051645639541,0.822878276869119
"saddle-surface_area-rep3-n240-r16","saddle","surface_area",3,240,16,"geodesic",16,0.000247796256648503,0.0215287470088665,0.340007028667597,1.45972662565564,3.12695964340449,8.57978109389812e-05,0.00795530753758195,0.115215649611829,0.503927463761713,0.822878276869119
"saddle-surface_area-rep3-n240-r16","saddle","surface_area",3,240,16,"geodesic",239,9.43536406640688e-05,0.154459321531934,1.55354804555996,2.98518098097759,3.14155974437144,8.69750424625781e-06,0.0140814048899136,0.183194053206811,0.582108028896416,0.822878276869119
"saddle-surface_area-rep3-n240-r16","saddle","surface_area",3,240,16,"geodesic",32,0.000247796256648503,0.0302919481137193,0.410003391333362,2.06634634796151,3.1407208525341,8.57978109389812e-05,0.0109665021180647,0.151538849705366,0.504385001248074,0.822878276869119
"saddle-surface_area-rep3-n240-r16","saddle","surface_area",3,240,16,"geodesic",4,0.000247796256648503,0.0135775177368014,0.231304209205289,0.870678377724325,1.53189564020634,8.57978109389812e-05,0.00561697368633624,0.0906296934136605,0.42598371593222,0.715560049347151
"saddle-surface_area-rep3-n240-r16","saddle","surface_area",3,240,16,"geodesic",64,9.43536406640688e-05,0.0564354675175053,0.650380855826623,2.78551370864474,3.1407208525341,3.44952822365352e-05,0.0166108932205937,0.207884322468272,0.615870802424441,0.822878276869119
"saddle-surface_area-rep3-n240-r16","saddle","surface_area",3,240,16,"geodesic",8,0.000247796256648503,0.0153472630663137,0.282469065788844,1.18770218497112,2.76729431547432,8.57978109389812e-05,0.00664731299772811,0.0999433275283867,0.465404157046307,0.715560049347151
"saddle-surface_area-rep3-n240-r2","saddle","surface_area",3,240,2,"ambient",128,9.43536406640688e-05,0.107776862132318,1.17570846962858,3.01509506609127,3.14155974437144,3.4670118878255e-05,0.0187275981678099,0.226981208257069,0.658452332462676,0.87433824154772
"saddle-surface_area-rep3-n240-r2","saddle","surface_area",3,240,2,"ambient",16,0.000247796256648503,0.0184800774863339,0.214070791701575,0.70408659454743,2.9502497178209,9.23898086386266e-05,0.00788479362854519,0.107034210228843,0.348194224620814,0.760044856524726
"saddle-surface_area-rep3-n240-r2","saddle","surface_area",3,240,2,"ambient",239,9.43536406640688e-05,0.154459321531934,1.55354804555996,2.98518098097759,3.14155974437144,9.16214650148461e-06,0.0148280048905555,0.193950808805923,0.620497678485776,0.87433824154772
"saddle-surface_area-rep3-n240-r2","saddle","surface_area",3,240,2,"ambient",32,9.43536406640688e-05,0.028543531543692,0.322832942866024,1.20515880321619,3.13510766412926,9.23898086386266e-05,0.0113400737900645,0.153361715919899,0.46999700344932,0.798656287525335
"saddle-surface_area-rep3-n240-r2","saddle","surface_area",3,240,2,"ambient",4,0.000247796256648503,0.0100531405959408,0.105782042833769,0.375564619856397,2.54955447228539,9.23898086386266e-05,0.00527595624733745,0.0606171764878535,0.205017570090012,0.36243447853339
"saddle-surface_area-rep3-n240-r2","saddle","surface_area",3,240,2,"ambient",64,9.43536406640688e-05,0.0542816493114878,0.556652068396848,2.72592012688282,3.14155974437144,3.62172618053602e-05,0.0169876634413496,0.211181068773793,0.615104960411038,0.87433824154772
"saddle-surface_area-rep3-n240-r2","saddle","surface_area",3,240,2,"ambient",8,0.000247796256648503,0.0134053595384444,0.139214353358236,0.500300945325068,2.54955447228539,9.23898086386266e-05,0.00591325530796924,0.0796789801280995,0.254787906425991,0.539270367234541
"saddle-surface_area-rep3-n240-r2","saddle","surface_area",3,240,2,"geodesic",128,9.43536406640688e-05,0.111505286146333,1.12783464166022,2.83741931321563,3.14150463726142,1.94826544092086e-05,0.0215880768062429,0.25291435800852,0.657329952105894,0.87433824154772
"saddle-surface_area-rep3-n240-r2","saddle","surface_area",3,240,2,"geodesic",16,0.000247796256648503,0.0184538299716463,0.212368374212267,0.689749872541998,2.9502497178209,9.23898086386266e-05,0.00799354893957213,0.107698772545534,0.347473481880015,0.760044856524726
"saddle-surface_area-rep3-n240-r2","saddle","surface_area",3,240,2,"geodesic",239,9.43536406640688e-05,0.154459321531934,1.55354804555996,2.98518098097759,3.14155974437144,9.16214650148461e-06,0.0148280048905555,0.193950808805923,0.620497678485776,0.87433824154772
"saddle-surface_area-rep3-n240-r2","saddle","surface_area",3,240,2,"geodesic",32,9.43536406640688e-05,0.0287732046114109,0.319149103744498,1.12195321673942,3.13510766412926,9.23898086386266e-05,0.011535091013906,0.153124783576206,0.471721546824042,0.798656287525335
"saddle-surface_area-rep3-n240-r2","saddle","surface_area",3,240,2,"geodesic",4,0.000247796256648503,0.0100531405959408,0.105782042833769,0.375564619856397,2.54955447228539,9.23898086386266e-05,0.00527595624733745,0.0606171764878535,0.205017570090012,0.36243447853339
"saddle-surface_area-rep3-n240-r2","saddle","surface_area",3,240,2,"geodesic",64,9.43536406640688e-05,0.0528875347536208,0.54668666762068,1.98945297115536,3.13790563200305,3.62172618053602e-05,0.0166195536141347,0.215378450778106,0.629863402557205,0.87433824154772
"saddle-surface_area-rep3-n240-r2","saddle","surface_area",3,240,2,"geodesic",8,0.000247796256648503,0.0133897996088332,0.138518948888364,0.494771205848862,2.54955447228539,9.23898086386266e-05,0.00591272314808415,0.0793369850602575,0.256341175895813,0.539270367234541
"saddle-surface_area-rep3-n240-r32","saddle","surface_area",3,240,32,"ambient",128,9.43536406640688e-05,0.10246383307485,1.50769825890173,3.04229377477238,3.14155974437144,8.69004160430897e-06,0.0158902709246236,0.195678282123383,0.593457307146498,0.821116937948369
"saddle-surface_area-rep3-n240-r32","saddle","surface_area",3,240,32,"ambient",16,0.000247796256648503,0.0302254970819935,1.13055677969687,3.09609825828215,3.14122011184666,3.30072669647574e-05,0.00677707729021804,0.0963319543115769,0.484068843616425,0.821116937948369
"saddle-surface_area-rep3-n240-r32","saddle","surface_area",3,240,32,"ambient",239,9.43536406640688e-05,0.154459321531934,1.55354804555996,2.98518098097759,3.14155974437144,8.69004160430897e-06,0.0140710329064591,0.182989588478582,0.581279805823883,0.821116937948369
"saddle-surface_area-rep3-n240-r32","saddle","surface_area",3,240,32,"ambient",32,0.000247796256648503,0.0406604909153438,1.47026659228377,3.09560465859638,3.14122011184666,8.69004160430897e-06,0.00849790547909389,0.111158913176179,0.484076453551792,0.821116937948369
"saddle-surface_area-rep3-n240-r32","saddle","surface_area",3,240,32,"ambient",4,0.000247796256648503,0.0157294219157501,0.36060208710362,2.8362923931163,3.13510766412926,8.54551452937891e-05,0.0056042326956012,0.0925437871692227,0.462480950252201,0.711393338178344
"saddle-surface_area-rep3-n240-r32","saddle","surface_area",3,240,32,"ambient",64,0.000247796256648503,0.0596765988514381,1.50029646928161,3.08133143914255,3.14155974437144,8.69004160430897e-06,0.011680694470785,0.144992460549742,0.478917209992518,0.821116937948369
"saddle-surface_area-rep3-n240-r32","saddle","surface_area",3,240,32,"ambient",8,0.000247796256648503,0.0221832250203989,0.563377967028762,3.05009736059475,3.14122011184666,8.54551452937891e-05,0.00579934078007945,0.0941242971461427,0.499007655893727,0.817764534352406
"saddle-surface_area-rep3-n240-r32","saddle","surface_area",3,240,32,"geodesic",128,9.43536406640688e-05,0.112794003580603,1.26208858367606,2.90179810215635,3.14150463726142,8.69004160430897e-06,0.0184654253428498,0.224206955648198,0.612808777916964,0.821116937948369
"saddle-surface_area-rep3-n240-r32","saddle","surface_area",3,240,32,"geodesic",16,0.000247796256648503,0.0220910005930235,0.356745779529931,1.55112873683459,3.1407208525341,8.54551452937891e-05,0.00830827480141134,0.114536011610218,0.480939400234667,0.821116937948369
"saddle-surface_area-rep3-n240-r32","saddle","surface_area",3,240,32,"geodesic",239,9.43536406640688e-05,0.154459321531934,1.55354804555996,2.98518098097759,3.14155974437144,8.69004160430897e-06,0.0140710329064591,0.182989588478582,0.581279805823883,0.821116937948369
"saddle-surface_area-rep3-n240-r32","saddle","surface_area",3,240,32,"geodesic",32,0.000247796256648503,0.0306252878387777,0.424431619894204,2.24331013488895,3.1407208525341,8.54551452937891e-05,0.0110955525197139,0.150438065476753,0.500907669364868,0.821116937948369
"saddle-surface_area-rep3-n240-r32","saddle","surface_area",3,240,32,"geodesic",4,0.000247796256648503,0.0143073748680795,0.291882023576774,1.14511386538675,3.09679672980571,8.54551452937891e-05,0.0056441565510028,0.0973658098422274,0.498155903771077,0.711393338178344
"saddle-surface_area-rep3-n240-r32","saddle","surface_area",3,240,32,"geodesic",64,9.43536406640688e-05,0.0564823236936452,0.663374629594804,2.81660055291612,3.1407208525341,3.44683916347899e-05,0.0166638292402321,0.207867306507879,0.610792339826173,0.821116937948369
"saddle-surface_area-rep3-n240-r32","saddle","surface_area",3,240,32,"geodesic",8,0.000247796256648503,0.0154750180985713,0.311367680924307,1.30276037191237,3.11055793893532,8.54551452937891e-05,0.00677414223206186,0.099853151187508,0.470021232826814,0.817764534352406
"saddle-surface_area-rep3-n240-r4","saddle","surface_area",3,240,4,"ambient",128,9.43536406641243e-05,0.1036443107772,1.34133603300672,3.04110207672821,3.14155974437144,8.82926481049484e-06,0.0164348979235252,0.203106173173998,0.623170569094536,0.84566061249188
"saddle-surface_area-rep3-n240-r4","saddle","surface_area",3,240,4,"ambient",16,0.000247796256648503,0.0202430343750106,0.25569114514177,1.00858235518756,3.13510766412926,8.99260838979621e-05,0.00779845151971135,0.112675620244049,0.42929380790536,0.767361528310656
"saddle-surface_area-rep3-n240-r4","saddle","surface_area",3,240,4,"ambient",239,9.43536406641243e-05,0.154459321531934,1.55354804555996,2.98518098097759,3.14155974437144,8.82926481049484e-06,0.0142954226295539,0.186454825089707,0.595632282474187,0.84566061249188
"saddle-surface_area-rep3-n240-r4","saddle","surface_area",3,240,4,"ambient",32,0.000247796256648503,0.0309161547930233,0.384049039043167,2.72225234643213,3.13955752379015,8.99260838979621e-05,0.0100404193920536,0.143066563550215,0.511960432141336,0.84566061249188
"saddle-surface_area-rep3-n240-r4","saddle","surface_area",3,240,4,"ambient",4,0.000247796256648503,0.0107969911253751,0.119038868239778,0.481168628754002,2.54955447228539,8.99260838979621e-05,0.00573599069138972,0.069991901270324,0.273642416787447,0.507309876054822
"saddle-surface_area-rep3-n240-r4","saddle","surface_area",3,240,4,"ambient",64,9.43536406641243e-05,0.0565783200590242,0.848009380543291,3.04297821205698,3.14155974437144,3.34886772448417e-05,0.0124949037581841,0.159045562349745,0.515843064792166,0.84566061249188
"saddle-surface_area-rep3-n240-r4","saddle","surface_area",3,240,4,"ambient",8,0.000247796256648503,0.0136315404349059,0.165417381829764,0.622460195847126,2.9502497178209,8.99260838979621e-05,0.0058976175460421,0.0874796636609527,0.323042647695079,0.611116124626459
"saddle-surface_area-rep3-n240-r4","saddle","surface_area",3,240,4,"geodesic",128,9.43536406641243e-05,0.112556675874821,1.20979931194943,2.88666475996972,3.141125758206,8.82926481049484e-06,0.0192558531535102,0.231817014261796,0.629666375188936,0.84566061249188
"saddle-surface_area-rep3-n240-r4","saddle","surface_area",3,240,4,"geodesic",16,0.000247796256648503,0.020182050036366,0.251643317531883,0.934920027162384,2.9502497178209,8.99260838979621e-05,0.00787101869408587,0.112298680576553,0.42900137927704,0.767361528310656
"saddle-surface_area-rep3-n240-r4","saddle","surface_area",3,240,4,"geodesic",239,9.43536406641243e-05,0.154459321531934,1.55354804555996,2.98518098097759,3.14155974437144,8.82926481049484e-06,0.0142954226295539,0.186454825089707,0.595632282474187,0.84566061249188
"saddle-surface_area-rep3-n240-r4","saddle","surface_area",3,240,4,"geodesic",32,0.000247796256648503,0.0294214011321603,0.353625915150807,1.52576467009182,3.13510766412926,8.99260838979621e-05,0.0111786674736503,0.155863919234846,0.515921036651466,0.84566061249188
"saddle-surface_area-rep3-n240-r4","saddle","surface_area",3,240,4,"geodesic",4,0.000247796256648503,0.0107704371596302,0.118309203758017,0.470850167823311,1.70925999204068,8.99260838979621e-05,0.00573442265376009,0.0698543197367995,0.273708832561922,0.507309876054822
"saddle-surface_area-rep3-n240-r4","saddle","surface_area",3,240,4,"geodesic",64,9.43536406641243e-05,0.0546287369682118,0.591324420311171,2.45440958831006,3.1407208525341,3.49755194618551e-05,0.0165375458889227,0.2105160934125,0.642731823691018,0.84566061249188
"saddle-surface_area-rep3-n240-r4","saddle","surface_area",3,240,4,"geodesic",8,0.000247796256648503,0.0136294147630612,0.164811521010894,0.61412764083978,2.54955447228539,8.99260838979621e-05,0.00589497813628411,0.086957961885699,0.323231694840065,0.611116124626459
"saddle-surface_area-rep3-n240-r64","saddle","surface_area",3,240,64,"ambient",128,9.43536406640133e-05,0.102463381871644,1.50864447882066,3.04229848186499,3.14155974437144,8.68813281473813e-06,0.0158840423401627,0.195603054052,0.593224123672949,0.820642898111169
"saddle-surface_area-rep3-n240-r64","saddle","surface_area",3,240,64,"ambient",16,0.000247796256648503,0.0351958714496503,1.49818432109324,3.10724500186708,3.14122011184666,3.30007596240911e-05,0.00679302348294473,0.0952923890781742,0.485119533902922,0.819396673745789
"saddle-surface_area-rep3-n240-r64","saddle","surface_area",3,240,64,"ambient",239,9.43536406640133e-05,0.154459321531934,1.55354804555996,2.98518098097759,3.14155974437144,8.68813281473813e-06,0.0140683886390679,0.182950805851625,0.580980083503989,0.820642898111169
"saddle-surface_area-rep3-n240-r64","saddle","surface_area",3,240,64,"ambient",32,0.000247796256648503,0.0414902655444058,1.53618869153073,3.09628577229928,3.14122011184666,8.68813281473813e-06,0.00847732376330192,0.11018024102052,0.481240852288223,0.820642898111169
"saddle-surface_area-rep3-n240-r64","saddle","surface_area",3,240,64,"ambient",4,0.000247796256648503,0.0267163327250474,0.701016391967899,3.05965825012975,3.14007492088216,0.000528516746623908,0.00538826186187988,0.0932070574717615,0.497128116519636,0.711107843948228
"saddle-surface_area-rep3-n240-r64","saddle","surface_area",3,240,64,"ambient",64,0.000247796256648503,0.0597990604798043,1.50625355172281,3.08137248221274,3.14155974437144,8.68813281473813e-06,0.0116770129636891,0.144713982681871,0.47887907235524,0.820642898111169
"saddle-surface_area-rep3-n240-r64","saddle","surface_area",3,240,64,"ambient",8,0.000247796256648503,0.0312504222872681,1.12704819100091,3.10644950988591,3.14122011184666,3.30007596240911e-05,0.00559399837770721,0.0918326536095297,0.498252192913805,0.817880150410337
"saddle-surface_area-rep3-n240-r64","saddle","surface_area",3,240,64,"geodesic",128,9.43536406640133e-05,0.112800921173396,1.26690371328217,2.90557352633135,3.14150463726142,8.68813281473813e-06,0.0184625478784968,0.224157345468256,0.612530929709719,0.820642898111169
"saddle-surface_area-rep3-n240-r64","saddle","surface_area",3,240,64,"geodesic",16,0.000247796256648503,0.0225748443513105,0.368271142494155,1.59581354940128,3.1407208525341,8.53621871152455e-05,0.0083476170771821,0.114445340629984,0.476076319167758,0.820642898111169
"saddle-surface_area-rep3-n240-r64","saddle","surface_area",3,240,64,"geodesic",239,9.43536406640133e-05,0.154459321531934,1.55354804555996,2.98518098097759,3.14155974437144,8.68813281473813e-06,0.0140683886390679,0.182950805851625,0.580980083503989,0.820642898111169
"saddle-surface_area-rep3-n240-r64","saddle","surface_area",3,240,64,"geodesic",32,0.000247796256648503,0.0306983420353795,0.430683702116366,2.49294739775987,3.1407208525341,8.53621871152455e-05,0.0111421794822968,0.150324964115038,0.499233190987313,0.820642898111169
"saddle-surface_area-rep3-n240-r64","saddle","surface_area",3,240,64,"geodesic",4,0.000247796256648503,0.0147380714937405,0.339003539424134,1.32730482771713,3.12695964340449,8.53621871152455e-05,0.00560698531894425,0.0973421781210186,0.501149573355796,0.711107843948228
"saddle-surface_area-rep3-n240-r64","saddle","surface_area",3,240,64,"geodesic",64,9.43536406640133e-05,0.0564939586616511,0.666558232650989,2.81643417178729,3.1407208525341,3.44615280825078e-05,0.0162410895225961,0.202005908006262,0.595895240269441,0.820642898111169
"saddle-surface_area-rep3-n240-r64","saddle","surface_area",3,240,64,"geodesic",8,0.000247796256648503,0.0162368216089416,0.338323633948152,1.45701216075123,3.1407208525341,8.53621871152455e-05,0.0069526338719563,0.0990295722465944,0.489726152799049,0.819396673745789
"saddle-surface_area-rep3-n240-r8","saddle","surface_area",3,240,8,"ambient",128,9.43536406640688e-05,0.102722602122462,1.46738291237635,3.04213873705995,3.14155974437144,8.72598948742365e-06,0.015918027519205,0.196480078836765,0.601882356141991,0.828902580349665
"saddle-surface_area-rep3-n240-r8","saddle","surface_area",3,240,8,"ambient",16,0.000247796256648503,0.0213615157607043,0.348895792291897,2.75586615291725,3.13968246935732,8.69474776892809e-05,0.00743661812576844,0.10579835003627,0.481902319783728,0.82543287437668
"saddle-surface_area-rep3-n240-r8","saddle","surface_area",3,240,8,"ambient",239,9.43536406640688e-05,0.154459321531934,1.55354804555996,2.98518098097759,3.14155974437144,8.72598948742365e-06,0.0141282401741993,0.183881443639545,0.585260823359747,0.828902580349665
"saddle-surface_area-rep3-n240-r8","saddle","surface_area",3,240,8,"ambient",32,0.000247796256648503,0.0355977797419329,0.659701212095715,3.03245580435654,3.14122011184666,3.31305627900846e-05,0.00854341804786007,0.119292463816121,0.502389294864041,0.828902580349665
"saddle-surface_area-rep3-n240-r8","saddle","surface_area",3,240,8,"ambient",4,0.000247796256648503,0.0118459882843658,0.166518402058077,0.708831738173446,2.74672140107808,8.69474776892809e-05,0.00550860569803499,0.0803635735670185,0.333392512141029,0.556145306977488
"saddle-surface_area-rep3-n240-r8","saddle","surface_area",3,240,8,"ambient",64,0.000247796256648503,0.058630786868611,1.27189364226027,3.07687977989143,3.14155974437144,8.72598948742365e-06,0.0119843455349199,0.147398897439172,0.488560412339545,0.828902580349665
"saddle-surface_area-rep3-n240-r8","saddle","surface_area",3,240,8,"ambient",8,0.000247796256648503,0.0153531484494158,0.228066328782147,0.901519496775796,2.99155530237436,8.69474776892809e-05,0.00568153040667991,0.094883079859506,0.420237370064315,0.71643774738678
"saddle-surface_area-rep3-n240-r8","saddle","surface_area",3,240,8,"geodesic",128,9.43536406640688e-05,0.112729476404327,1.24450869324276,2.89600599692707,3.14150463726142,8.72598948742365e-06,0.0188354325460046,0.226294011801065,0.617668307106418,0.828902580349665
"saddle-surface_area-rep3-n240-r8","saddle","surface_area",3,240,8,"geodesic",16,0.000247796256648503,0.020763231654582,0.299884092501661,1.26764244017879,3.09679672980571,8.69474776892809e-05,0.00806606677649518,0.116103850557925,0.501953010761209,0.82543287437668
"saddle-surface_area-rep3-n240-r8","saddle","surface_area",3,240,8,"geodesic",239,9.43536406640688e-05,0.154459321531934,1.55354804555996,2.98518098097759,3.14155974437144,8.72598948742365e-06,0.0141282401741993,0.183881443639545,0.585260823359747,0.828902580349665
"saddle-surface_area-rep3-n240-r8","saddle","surface_area",3,240,8,"geodesic",32,0.000247796256648503,0.0300240060038369,0.384294501887474,1.75391293911071,3.1407208525341,8.69474776892809e-05,0.01101487544039,0.152836798110414,0.509493166280513,0.828902580349665
"saddle-surface_area-rep3-n240-r8","saddle","surface_area",3,240,8,"geodesic",4,0.000247796256648503,0.0118459882843658,0.164813556561882,0.678846047025425,1.23129499462547,8.69474776892809e-05,0.0056050841154518,0.0816692266306843,0.345305650171177,0.556145306977488
"saddle-surface_area-rep3-n240-r8","saddle","surface_area",3,240,8,"geodesic",64,9.43536406640688e-05,0.0560438413577976,0.632079569912888,2.71069609373268,3.1407208525341,3.45983670489991e-05,0.0165268228997182,0.207007502995365,0.625285302391664,0.828902580349665
"saddle-surface_area-rep3-n240-r8","saddle","surface_area",3,240,8,"geodesic",8,0.000247796256648503,0.0153394158888441,0.222138973612464,0.838568045184387,2.83188423605293,8.69474776892809e-05,0.00573950627021956,0.0952187223125738,0.420756093492382,0.71643774738678
