"case","surface","sampling","replicate","n","radius","regime","k","method","path_rel","edge_rel","raw_stress","raw_target_rmse","stress1","graph_reference","path_reference","chord_reference","procrustes","edge_scale","sigma1","sigma2","sigma3","sigma2_sigma1","sigma3_sigma2","sigma3_sigma1","max_edge_relative","package_score_difference","independent_path_difference"
"paraboloid-disk-rep1-n240-r64","paraboloid","disk",1,240,64,"ambient",128,"classical_perturbed",1.85225186399817e-05,1.34515068415819e-05,1439.18910001811,0.000131752006267062,0.000115488671798239,0.00329138863432746,0.00329137659353762,0.00330171047750865,0.000471525513264292,1.00013388884179,18574.6357661203,522.449296847095,457.47975898317,0.0281270278149966,0.875644319446869,0.0246292721291259,0.000679013006880336,7.68767102928003e-18,1.38777878078145e-17
"paraboloid-disk-rep1-n240-r64","paraboloid","disk",1,240,64,"ambient",128,"classical_random",0.00424324179025634,0.00582814999657728,51622265808.5485,0.789072372739477,0.0339073573951322,0.00329138863432746,0.00580161807606654,0.0611371847618277,0.238095862030655,0.222478901801913,3812.42299426428,918.761288541644,114.944854727599,0.240991435085746,0.125108508772776,0.0301500790705889,0.699387272684468,7.28583859910259e-17,0
"paraboloid-disk-rep1-n240-r64","paraboloid","disk",1,240,64,"ambient",128,"classical_original",6.8452041640905e-17,1.25929775492336e-16,1587.70541361272,0.00013838316824404,0.000116301847732043,0.00329138863432746,0.00329138863432323,0.00330193279166617,8.86882203722053e-15,1,18572.0527823238,522.399574605952,457.892316150689,0.028128262434358,0.876517398575753,0.0246549114154196,3.8968828164343e-14,0,1.11022302462516e-16
"paraboloid-disk-rep1-n240-r64","paraboloid","disk",1,240,64,"ambient",128,"classical_extended",1.01638957805807e-05,7.27914048113281e-06,1642.34783208484,0.0001407443200955,0.000115649312350215,0.00329138863432746,0.00329136776372859,0.00330180145807117,0.000262623821687024,1.00015277124819,18574.9426300762,522.467152680607,457.688780775502,0.0281275244336226,0.876014460291429,0.0246401181360539,0.000357021939868862,9.8086415292048e-19,0
"paraboloid-disk-rep1-n240-r64","paraboloid","disk",1,240,64,"ambient",128,"classical_fixed_perturbed",1.85617278066714e-05,1.34823276405774e-05,1517.29996353294,0.000135280135728265,0.000115488310554181,0.00329138863432746,0.00329137742073639,0.00330171077638673,0.000472436728647867,1.00000000800296,18572.149535255,522.379299002746,457.417531547081,0.0281270241773106,0.875642531050367,0.0246292186415351,0.00068075381291155,4.67901000063276e-18,0
"paraboloid-disk-rep1-n240-r64","paraboloid","disk",1,240,64,"ambient",128,"classical_fixed_random",0.00593071883193261,0.00874791927086406,1095653762.21394,0.114956881463596,0.0663508681134831,0.00329138863432746,0.00716978072239522,0.114924447653797,0.331423542627285,0.999809182806487,15858.5133461639,5523.55909674214,509.977428084103,0.348302452832267,0.092327685673698,0.0321579593844756,9.64054380197995,4.16333634234434e-17,1.11022302462516e-16
"paraboloid-disk-rep1-n240-r64","paraboloid","disk",1,240,64,"ambient",128,"classical_fixed_original",6.8452041640905e-17,1.25929775492336e-16,1587.70541361272,0.00013838316824404,0.000116301847732043,0.00329138863432746,0.00329138863432323,0.00330193279166617,8.86882203722053e-15,1,18572.0527823238,522.399574605952,457.892316150689,0.028128262434358,0.876517398575753,0.0246549114154196,3.8968828164343e-14,0,1.11022302462516e-16
"paraboloid-disk-rep1-n240-r64","paraboloid","disk",1,240,64,"ambient",128,"classical_fixed_extended",1.01751916153376e-05,7.2868671801518e-06,1545.16289429208,0.000136516593199952,0.000115648794253589,0.00329138863432746,0.00329136769491152,0.00330180125264503,0.00026291089734125,1.00000000321702,18572.1054680035,522.387325296797,457.618571166667,0.0281275230854563,0.876013924929494,0.0246401018966355,0.000357444387774519,5.50232602536394e-18,0
"paraboloid-disk-rep1-n240-r64","paraboloid","disk",1,240,64,"ambient",128,"stress_perturbed",1.84645342948003e-05,1.33934595169712e-05,1134.29300299211,0.000116966348777702,0.000115489434313498,0.00329138863432746,0.00329137575710376,0.00330171028004578,0.000469643282923987,1.00005195793099,18573.113836507,522.406570181721,457.443130127377,0.0281270321595126,0.875645821162346,0.0246293181721761,0.000676140930137792,2.09047731382361e-18,0
"paraboloid-disk-rep1-n240-r64","paraboloid","disk",1,240,64,"ambient",128,"stress_random",0.00424324179025634,0.00582814999657728,51622265808.5485,0.789072372739477,0.0339073573951322,0.00329138863432746,0.00580161807606654,0.0611371847618277,0.238095862030655,0.222478901801913,3812.42299426428,918.761288541644,114.944854727599,0.240991435085746,0.125108508772776,0.0301500790705889,0.699387272684468,7.28583859910259e-17,0
"paraboloid-disk-rep1-n240-r64","paraboloid","disk",1,240,64,"ambient",128,"stress_original",6.8452041640905e-17,1.25929775492336e-16,1587.70541361272,0.00013838316824404,0.000116301847732043,0.00329138863432746,0.00329138863432323,0.00330193279166617,8.86882203722053e-15,1,18572.0527823238,522.399574605952,457.892316150689,0.028128262434358,0.876517398575753,0.0246549114154196,3.8968828164343e-14,0,1.11022302462516e-16
"paraboloid-disk-rep1-n240-r64","paraboloid","disk",1,240,64,"ambient",128,"stress_extended",1.0107476525785e-05,7.23947606898169e-06,1109.17908146593,0.000115664248865209,0.000115651617463224,0.00329138863432746,0.00329136891726466,0.00330180324638946,0.000261130219268153,1.00007085626358,18573.4210039352,522.424414705729,457.652710812363,0.0281275277502751,0.876017080997542,0.0246401947554733,0.000355073895461633,4.98902405932783e-19,0
"paraboloid-disk-rep1-n240-r64","paraboloid","disk",1,240,64,"ambient",128,"stress_fixed_perturbed",1.84653401162108e-05,1.33899925324036e-05,1517.62072991827,0.000135294434491867,0.000115489165221207,0.00329138863432746,0.00329137383656274,0.00330170831035726,0.000469662109422368,1.00000000584272,18572.1490037866,522.379410875464,457.419308181295,0.0281270310058873,0.875645744564661,0.0246293150075435,0.000676152468982116,2.96122718360103e-18,0
"paraboloid-disk-rep1-n240-r64","paraboloid","disk",1,240,64,"ambient",128,"stress_fixed_random",0.00593071883193261,0.00874791927086406,1095653762.21394,0.114956881463596,0.0663508681134831,0.00329138863432746,0.00716978072239522,0.114924447653797,0.331423542627285,0.999809182806487,15858.5133461639,5523.55909674214,509.977428084103,0.348302452832267,0.092327685673698,0.0321579593844756,9.64054380197995,4.16333634234434e-17,1.11022302462516e-16
"paraboloid-disk-rep1-n240-r64","paraboloid","disk",1,240,64,"ambient",128,"stress_fixed_original",6.8452041640905e-17,1.25929775492336e-16,1587.70541361272,0.00013838316824404,0.000116301847732043,0.00329138863432746,0.00329138863432323,0.00330193279166617,8.86882203722053e-15,1,18572.0527823238,522.399574605952,457.892316150689,0.028128262434358,0.876517398575753,0.0246549114154196,3.8968828164343e-14,0,1.11022302462516e-16
"paraboloid-disk-rep1-n240-r64","paraboloid","disk",1,240,64,"ambient",128,"stress_fixed_extended",1.01201755818184e-05,7.24958967339459e-06,1545.36361064415,0.000136525459651151,0.000115651262416507,0.00329138863432746,0.00329136978939492,0.00330180398945903,0.000261447653388367,1.0000000047729,18572.1051953083,522.38737310538,457.619958830193,0.0281275260726687,0.876016501145173,0.0246401769760489,0.000355519758225231,1.1028368973251e-18,0
"paraboloid-disk-rep1-n240-r64","paraboloid","disk",1,240,64,"ambient",239,"classical_perturbed",6.07019022929094e-08,6.07019022929095e-08,23.6231335495973,1.6881056830335e-05,6.0701902292909e-08,0.00330193279166616,0.0033019327263282,0.0033019327263282,2.73757239935365e-06,0.999983119052301,18571.7392729522,522.390399190083,457.884811867485,0.0281282432147262,0.876518428702733,0.0246549235447401,5.93473710061021e-05,1.43531056401221e-18,0
"paraboloid-disk-rep1-n240-r64","paraboloid","disk",1,240,64,"ambient",239,"classical_random",0.00133826489168037,0.00133826489168037,35669696874.7206,0.655964880863679,0.00133826369329726,0.00330193279166616,0.00391970252709759,0.00391970252709759,0.0368632069528258,0.344035280713338,6389.62813583606,170.247673305173,160.683744697669,0.0266443789350344,0.943823440157324,0.0251475893873195,0.514633013793015,3.25260651745651e-18,0
"paraboloid-disk-rep1-n240-r64","paraboloid","disk",1,240,64,"ambient",239,"classical_original",8.12812337312288e-17,9.68058856615021e-17,7.76858221985971e-22,9.68058856615021e-17,9.68058856615021e-17,0.00330193279166616,0.00330193279166616,0.00330193279166617,8.86882203722053e-15,1,18572.0527823238,522.399574605952,457.892316150689,0.028128262434358,0.876517398575753,0.0246549114154196,3.8968828164343e-14,0,4.44089209850063e-16
"paraboloid-disk-rep1-n240-r64","paraboloid","disk",1,240,64,"ambient",239,"classical_extended",1.02623086028117e-15,1.02622415937145e-15,8.56754277668276e-20,1.01662086787048e-15,1.02622415937145e-15,0.00330193279166616,0.00330193279166618,0.00330193279166619,5.55728975905462e-15,1,18572.0527823238,522.399574605951,457.89231615069,0.028128262434358,0.876517398575756,0.0246549114154196,1.01807451358127e-12,1.45040073780818e-18,0
"paraboloid-disk-rep1-n240-r64","paraboloid","disk",1,240,64,"ambient",239,"classical_fixed_perturbed",5.58471550502997e-08,5.5847155050299e-08,0.000258560818196526,5.58485929592465e-08,5.58471550502986e-08,0.00330193279166616,0.0033019327575545,0.0033019327575545,2.54218744198225e-06,1.00000000040075,18572.0527943245,522.399230809358,457.892523939126,0.0281282439046803,0.87651837317928,0.0246549225877204,5.19974402255485e-05,8.70769722112122e-19,0
"paraboloid-disk-rep1-n240-r64","paraboloid","disk",1,240,64,"ambient",239,"classical_fixed_random",0.000357543435190265,0.000357543435190265,10599.5009073256,0.000357580302574098,0.000357543412336573,0.00330193279166616,0.00334944809521246,0.00334944809521246,0.0134120401234464,0.999994735911127,18571.6383051853,518.17559040699,475.251144090423,0.0279014474593937,0.917162353628328,0.0255901572214946,0.346183555327119,2.92734586571086e-18,2.77555756156289e-17
"paraboloid-disk-rep1-n240-r64","paraboloid","disk",1,240,64,"ambient",239,"classical_fixed_original",8.12812337312288e-17,9.68058856615021e-17,7.76858221985971e-22,9.68058856615021e-17,9.68058856615021e-17,0.00330193279166616,0.00330193279166616,0.00330193279166617,8.86882203722053e-15,1,18572.0527823238,522.399574605952,457.892316150689,0.028128262434358,0.876517398575753,0.0246549114154196,3.8968828164343e-14,0,4.44089209850063e-16
"paraboloid-disk-rep1-n240-r64","paraboloid","disk",1,240,64,"ambient",239,"classical_fixed_extended",1.02623086028117e-15,1.02622415937145e-15,8.56754277668276e-20,1.01662086787048e-15,1.02622415937145e-15,0.00330193279166616,0.00330193279166618,0.00330193279166619,5.55728975905462e-15,1,18572.0527823238,522.399574605951,457.89231615069,0.028128262434358,0.876517398575756,0.0246549114154196,1.01807451358127e-12,1.45040073780818e-18,0
"paraboloid-disk-rep1-n240-r64","paraboloid","disk",1,240,64,"ambient",239,"stress_perturbed",6.07019022357772e-08,6.07019022357593e-08,23.6231334159248,1.68810567825739e-05,6.07019022357589e-08,0.00330193279166616,0.00330193272632828,0.00330193272632828,2.73757239935163e-06,0.999983119052348,18571.7392729531,522.390399190108,457.884811867507,0.0281282432147262,0.876518428702733,0.0246549235447401,5.93473708986325e-05,7.18403053279854e-19,0
"paraboloid-disk-rep1-n240-r64","paraboloid","disk",1,240,64,"ambient",239,"stress_random",0.00133826489168037,0.00133826489168037,35669696874.7206,0.655964880863679,0.00133826369329726,0.00330193279166616,0.00391970252709759,0.00391970252709759,0.0368632069528258,0.344035280713338,6389.62813583606,170.247673305173,160.683744697669,0.0266443789350344,0.943823440157324,0.0251475893873195,0.514633013793015,3.25260651745651e-18,0
"paraboloid-disk-rep1-n240-r64","paraboloid","disk",1,240,64,"ambient",239,"stress_original",8.12812337312288e-17,9.68058856615021e-17,7.76858221985971e-22,9.68058856615021e-17,9.68058856615021e-17,0.00330193279166616,0.00330193279166616,0.00330193279166617,8.86882203722053e-15,1,18572.0527823238,522.399574605952,457.892316150689,0.028128262434358,0.876517398575753,0.0246549114154196,3.8968828164343e-14,0,4.44089209850063e-16
"paraboloid-disk-rep1-n240-r64","paraboloid","disk",1,240,64,"ambient",239,"stress_extended",8.70824720295641e-15,8.70824488257053e-15,6.19959341773322e-18,8.64793633216663e-15,8.70824488257053e-15,0.00330193279166616,0.00330193279166639,0.00330193279166639,9.69754437737357e-15,1,18572.0527823238,522.399574605952,457.89231615069,0.028128262434358,0.876517398575754,0.0246549114154196,2.15261142244572e-12,6.22390085936892e-18,0
"paraboloid-disk-rep1-n240-r64","paraboloid","disk",1,240,64,"ambient",239,"stress_fixed_perturbed",5.5847155039103e-08,5.58471550391012e-08,0.00025856081805439,5.58485929438959e-08,5.58471550391008e-08,0.00330193279166616,0.00330193275755459,0.00330193275755459,2.54218744199451e-06,1.00000000040075,18572.0527943245,522.399230809358,457.892523939126,0.0281282439046803,0.87651837317928,0.0246549225877204,5.19974402254375e-05,2.97282094706658e-19,0
"paraboloid-disk-rep1-n240-r64","paraboloid","disk",1,240,64,"ambient",239,"stress_fixed_random",0.000357543435190265,0.000357543435190265,10599.5009073256,0.000357580302574098,0.000357543412336573,0.00330193279166616,0.00334944809521246,0.00334944809521246,0.0134120401234464,0.999994735911127,18571.6383051853,518.17559040699,475.251144090423,0.0279014474593937,0.917162353628328,0.0255901572214946,0.346183555327119,2.92734586571086e-18,2.77555756156289e-17
"paraboloid-disk-rep1-n240-r64","paraboloid","disk",1,240,64,"ambient",239,"stress_fixed_original",8.12812337312288e-17,9.68058856615021e-17,7.76858221985971e-22,9.68058856615021e-17,9.68058856615021e-17,0.00330193279166616,0.00330193279166616,0.00330193279166617,8.86882203722053e-15,1,18572.0527823238,522.399574605952,457.892316150689,0.028128262434358,0.876517398575753,0.0246549114154196,3.8968828164343e-14,0,4.44089209850063e-16
"paraboloid-disk-rep1-n240-r64","paraboloid","disk",1,240,64,"ambient",239,"stress_fixed_extended",8.70824720295641e-15,8.70824488257053e-15,6.19959341773322e-18,8.64793633216663e-15,8.70824488257053e-15,0.00330193279166616,0.00330193279166639,0.00330193279166639,9.69754437737357e-15,1,18572.0527823238,522.399574605952,457.89231615069,0.028128262434358,0.876517398575754,0.0246549114154196,2.15261142244572e-12,6.22390085936892e-18,0
"paraboloid-disk-rep1-n240-r64","paraboloid","disk",1,240,64,"ambient",32,"classical_perturbed",0.000397884126046244,0.000339715028780911,143279.085837317,0.00131242611875057,0.00131212325303321,0.00345888514317352,0.00347020760327278,0.00333143578308972,0.0100404878214506,1.00183386449667,18603.9175634698,526.105692917393,480.668361090269,0.0282792960742012,0.913634593887091,0.0258369431841656,0.00610447056093233,1.06793913989822e-17,0
"paraboloid-disk-rep1-n240-r64","paraboloid","disk",1,240,64,"ambient",32,"classical_random",0.0153106356171868,0.0363851311945195,49649440457.2888,0.772574986534775,0.426053270650356,0.00345888514317352,0.0229068866924202,0.688832744928392,0.706284183262325,0.717158344905998,4063.47901801206,2200.44705569798,1454.58351221659,0.541518006108588,0.661039995690874,0.357965060424552,0.602056403689018,1.45716771982052e-16,5.55111512312578e-17
"paraboloid-disk-rep1-n240-r64","paraboloid","disk",1,240,64,"ambient",32,"classical_original",1.19732732593077e-16,4.25252010690778e-16,394580.642497956,0.00217796728311446,0.00133787559241605,0.00345888514317352,0.00345888514317352,0.00330193279166617,8.86882203722053e-15,1,18572.0527823238,522.399574605952,457.892316150689,0.028128262434358,0.876517398575753,0.0246549114154196,3.8968828164343e-14,0,8.88178419700125e-16
"paraboloid-disk-rep1-n240-r64","paraboloid","disk",1,240,64,"ambient",32,"classical_extended",0.000383876104920412,0.000253571800543555,142487.110678646,0.00130879387474872,0.00130813572599646,0.00345888514317352,0.00348263970944549,0.00332444816471141,0.00967540359834272,1.00180691276763,18604.2440539506,524.611585859038,479.262151056291,0.028198489782101,0.913556169888074,0.0257609043219641,0.00659978478797041,3.46944695195361e-18,0
"paraboloid-disk-rep1-n240-r64","paraboloid","disk",1,240,64,"ambient",32,"classical_fixed_perturbed",0.000396648174910262,0.000334719271563949,413381.934825152,0.00222925223435092,0.00131135903772867,0.00345888514317352,0.00347111292089994,0.00333087807053232,0.010022940874738,0.999996230877674,18569.8624971938,524.98721987281,479.699380335953,0.0282709266130615,0.913735348552241,0.0258321449826806,0.0062986601511108,1.93530087788663e-17,2.22044604925031e-16
"paraboloid-disk-rep1-n240-r64","paraboloid","disk",1,240,64,"ambient",32,"classical_fixed_random",0.0187512737111082,0.0408375451589355,47340256485.2174,0.754394940521636,0.488882862713724,0.00345888514317352,0.0263500654902213,0.753608662806685,0.788513779018594,0.998179174459303,4449.47607877394,2990.40845874295,1413.37548646395,0.672081028372887,0.472636265568241,0.317649867409424,0.619359432276174,9.0205620750794e-17,1.11022302462516e-16
"paraboloid-disk-rep1-n240-r64","paraboloid","disk",1,240,64,"ambient",32,"classical_fixed_original",1.19732732593077e-16,4.25252010690778e-16,394580.642497956,0.00217796728311446,0.00133787559241605,0.00345888514317352,0.00345888514317352,0.00330193279166617,8.86882203722053e-15,1,18572.0527823238,522.399574605952,457.892316150689,0.028128262434358,0.876517398575753,0.0246549114154196,3.8968828164343e-14,0,8.88178419700125e-16
"paraboloid-disk-rep1-n240-r64","paraboloid","disk",1,240,64,"ambient",32,"classical_fixed_extended",0.000383395857265864,0.000253693693972111,400536.516446521,0.00219434304243478,0.00130801634786915,0.00345888514317352,0.0034828719358067,0.00332427842442247,0.00966629225492543,0.999999352051205,18570.6966439711,523.635751395563,478.359310846596,0.0281968825098201,0.913534474244168,0.0257588242389331,0.00660093231194492,6.39679281766448e-18,0
"paraboloid-disk-rep1-n240-r64","paraboloid","disk",1,240,64,"ambient",32,"stress_perturbed",0.000395609558226982,0.00033752071937398,142424.099588349,0.00130850445331257,0.00130809482926407,0.00345888514317352,0.00347379450903643,0.00332988297459739,0.0100956817638936,1.00176298576124,18602.780230164,525.855935517973,481.027358363179,0.028267599198173,0.914751219627032,0.0258578208424569,0.00720190464300363,1.46367293285543e-17,0
"paraboloid-disk-rep1-n240-r64","paraboloid","disk",1,240,64,"ambient",32,"stress_random",0.0153106356171868,0.0363851311945195,49649440457.2888,0.772574986534775,0.426053270650356,0.00345888514317352,0.0229068866924202,0.688832744928392,0.706284183262325,0.717158344905998,4063.47901801206,2200.44705569798,1454.58351221659,0.541518006108588,0.661039995690874,0.357965060424552,0.602056403689018,1.45716771982052e-16,5.55111512312578e-17
"paraboloid-disk-rep1-n240-r64","paraboloid","disk",1,240,64,"ambient",32,"stress_original",1.19732732593077e-16,4.25252010690778e-16,394580.642497956,0.00217796728311446,0.00133787559241605,0.00345888514317352,0.00345888514317352,0.00330193279166617,8.86882203722053e-15,1,18572.0527823238,522.399574605952,457.892316150689,0.028128262434358,0.876517398575753,0.0246549114154196,3.8968828164343e-14,0,8.88178419700125e-16
"paraboloid-disk-rep1-n240-r64","paraboloid","disk",1,240,64,"ambient",32,"stress_extended",0.000383752042713789,0.000254288416179098,141901.413407418,0.00130610118781342,0.00130595605362528,0.00345888514317352,0.0034837401920138,0.00332403972242993,0.00973313117872978,1.00174361739785,18603.1016783258,524.506312589097,479.629269668586,0.0281945624798788,0.914439460796981,0.0257822205115072,0.00712678465967076,6.7762635780344e-18,0
"paraboloid-disk-rep1-n240-r64","paraboloid","disk",1,240,64,"ambient",32,"stress_fixed_perturbed",0.000393686662812451,0.000331878100145742,408516.573851068,0.0022160946446531,0.00130697075086732,0.00345888514317352,0.00347536968068767,0.00332899159112485,0.010062684117939,0.999997447833325,18570.1050097953,524.761350447689,479.998398678475,0.0282583943478451,0.914698459154765,0.0258479097681616,0.00753833006748783,9.54097911787244e-18,0
"paraboloid-disk-rep1-n240-r64","paraboloid","disk",1,240,64,"ambient",32,"stress_fixed_random",0.0187512737111082,0.0408375451589355,47340256485.2174,0.754394940521636,0.488882862713724,0.00345888514317352,0.0263500654902213,0.753608662806685,0.788513779018594,0.998179174459303,4449.47607877394,2990.40845874295,1413.37548646395,0.672081028372887,0.472636265568241,0.317649867409424,0.619359432276174,9.0205620750794e-17,1.11022302462516e-16
"paraboloid-disk-rep1-n240-r64","paraboloid","disk",1,240,64,"ambient",32,"stress_fixed_original",1.19732732593077e-16,4.25252010690778e-16,394580.642497956,0.00217796728311446,0.00133787559241605,0.00345888514317352,0.00345888514317352,0.00330193279166617,8.86882203722053e-15,1,18572.0527823238,522.399574605952,457.892316150689,0.028128262434358,0.876517398575753,0.0246549114154196,3.8968828164343e-14,0,8.88178419700125e-16
"paraboloid-disk-rep1-n240-r64","paraboloid","disk",1,240,64,"ambient",32,"stress_fixed_extended",0.000382611311692804,0.000253965939692604,399235.47678101,0.00219077626466602,0.00130569414416413,0.00345888514317352,0.00348397262931473,0.00332374301342975,0.00970925868651823,0.999999464706234,18570.7412175654,523.56909746929,478.669993602977,0.0281932256410997,0.914244167420621,0.0257754921031489,0.00714637486347613,3.90312782094782e-18,6.93889390390723e-18
"paraboloid-disk-rep1-n240-r64","paraboloid","disk",1,240,64,"ambient",8,"classical_perturbed",0.00295377714512435,0.0222186462874979,16850068.3101376,0.0132541508743586,0.0128198223590315,0.0766373391636961,0.0820569797804601,0.0114233084242381,0.0870225314692337,1.07099143905561,19850.0682081612,1438.31434786657,900.830606564164,0.0724589121197689,0.626309963395937,0.0453817385974419,0.263518051604886,8.02309607639273e-17,1.11022302462516e-16
"paraboloid-disk-rep1-n240-r64","paraboloid","disk",1,240,64,"ambient",8,"classical_random",0.00518643707880565,0.0327102964448578,51275324368.2303,0.731147981249566,0.554613357642904,0.0766373391636961,0.0808562040058316,0.884648956731282,0.87464132709658,2.67042784082029,5183.74138270478,4108.21229479974,2609.97228298868,0.792518760389268,0.635306088317889,0.503491993581448,0.31329750189647,9.10729824887824e-17,2.22044604925031e-16
"paraboloid-disk-rep1-n240-r64","paraboloid","disk",1,240,64,"ambient",8,"classical_original",1.34525700577149e-16,7.04971010204726e-16,493015084.540337,0.0716937307838553,0.0143365237072708,0.0766373391636961,0.0766373391636963,0.00330193279166613,8.86882203722053e-15,1,18572.0527823238,522.399574605952,457.892316150689,0.028128262434358,0.876517398575753,0.0246549114154196,3.88578058618805e-14,1.60445329226842e-16,2.22044604925031e-16
"paraboloid-disk-rep1-n240-r64","paraboloid","disk",1,240,64,"ambient",8,"classical_extended",0.00242821583839781,0.0215046027584481,27001827.2635772,0.0167782883685509,0.0152738735264504,0.0766373391636961,0.0827994692588336,0.0141300246692831,0.0866278971304163,1.06213835250394,19779.7241365681,1420.32763818387,881.844327065635,0.0718072521324004,0.620873876814243,0.0445832470148212,0.258359473502828,3.46944695195361e-18,0
"paraboloid-disk-rep1-n240-r64","paraboloid","disk",1,240,64,"ambient",8,"classical_fixed_perturbed",0.00537238027992059,0.0266694651519748,70044059.9023273,0.027023197319424,0.013574048200608,0.0766373391636961,0.111796496949966,0.0472762052657169,0.0820115529130793,1.00407778377253,19461.7511433162,1324.80888564937,781.307227085737,0.0680724399306868,0.589750895807716,0.0401457824289395,0.212460886466521,6.76542155630955e-17,0
"paraboloid-disk-rep1-n240-r64","paraboloid","disk",1,240,64,"ambient",8,"classical_fixed_random",0.00547003297894528,0.0337560612043661,59192428914.8766,0.785568675482443,0.466802164165317,0.0766373391636961,0.0800345835812215,0.770717729767397,0.762449400783083,0.999111581153851,3992.37927652132,2785.30427338834,1337.62005311232,0.697655227740601,0.480241985011246,0.335043331423619,0.30407089005982,1.90819582357449e-17,2.22044604925031e-16
"paraboloid-disk-rep1-n240-r64","paraboloid","disk",1,240,64,"ambient",8,"classical_fixed_original",1.34525700577149e-16,7.04971010204726e-16,493015084.540337,0.0716937307838553,0.0143365237072708,0.0766373391636961,0.0766373391636963,0.00330193279166613,8.86882203722053e-15,1,18572.0527823238,522.399574605952,457.892316150689,0.028128262434358,0.876517398575753,0.0246549114154196,3.88578058618805e-14,1.60445329226842e-16,2.22044604925031e-16
"paraboloid-disk-rep1-n240-r64","paraboloid","disk",1,240,64,"ambient",8,"classical_fixed_extended",0.00393461935662196,0.0236267477945643,212623758.344038,0.0470822243301104,0.0145824456406608,0.0766373391636961,0.0977494646268999,0.0282119065592702,0.0790033907753122,1.00147535307777,19040.0725016437,1244.35699613366,721.366034811664,0.0653546353894521,0.579709871888069,0.0378867273089107,0.201688467465167,4.9439619065339e-17,0
"paraboloid-disk-rep1-n240-r64","paraboloid","disk",1,240,64,"ambient",8,"stress_perturbed",0.00196996825438553,0.00762553885048757,11377176.2358285,0.0108910140864281,0.0108681347541609,0.0766373391636961,0.0735413884157834,0.0211953853412238,0.0938764263901321,1.09401653914796,19887.5663255803,1581.93210532067,1013.65388725538,0.0795437752122503,0.64076952724207,0.0509692272378031,0.0777340074588361,1.77809156287623e-17,1.38777878078145e-17
"paraboloid-disk-rep1-n240-r64","paraboloid","disk",1,240,64,"ambient",8,"stress_random",0.00518643707880565,0.0327102964448578,51275324368.2303,0.731147981249566,0.554613357642904,0.0766373391636961,0.0808562040058316,0.884648956731282,0.87464132709658,2.67042784082029,5183.74138270478,4108.21229479974,2609.97228298868,0.792518760389268,0.635306088317889,0.503491993581448,0.31329750189647,9.10729824887824e-17,2.22044604925031e-16
"paraboloid-disk-rep1-n240-r64","paraboloid","disk",1,240,64,"ambient",8,"stress_original",1.34525700577149e-16,7.04971010204726e-16,493015084.540337,0.0716937307838553,0.0143365237072708,0.0766373391636961,0.0766373391636963,0.00330193279166613,8.86882203722053e-15,1,18572.0527823238,522.399574605952,457.892316150689,0.028128262434358,0.876517398575753,0.0246549114154196,3.88578058618805e-14,1.60445329226842e-16,2.22044604925031e-16
"paraboloid-disk-rep1-n240-r64","paraboloid","disk",1,240,64,"ambient",8,"stress_extended",0.00134047388990629,0.00551920705905334,16939495.0656328,0.0132892755759915,0.0132525217504005,0.0766373391636961,0.0759314256155765,0.0273730404312799,0.0939289562981718,1.10061860302364,19881.1368526958,1585.45752121466,1011.81521946626,0.0797468239850518,0.638185007120897,0.0508932274327692,0.0816400312733548,8.67361737988404e-18,1.11022302462516e-16
"paraboloid-disk-rep1-n240-r64","paraboloid","disk",1,240,64,"ambient",8,"stress_fixed_perturbed",0.00324040958624713,0.0153456839926745,63023075.4995491,0.0256330847479222,0.0138696589814742,0.0766373391636961,0.100687815420352,0.0492373370587344,0.0862259397209629,1.00405556829786,19486.9069650258,1437.05338118114,855.336978499153,0.0737445600659098,0.595201952620671,0.0438929061463819,0.161146052617511,6.0281640790194e-17,5.55111512312578e-17
"paraboloid-disk-rep1-n240-r64","paraboloid","disk",1,240,64,"ambient",8,"stress_fixed_random",0.00547003297894528,0.0337560612043661,59192428914.8766,0.785568675482443,0.466802164165317,0.0766373391636961,0.0800345835812215,0.770717729767397,0.762449400783083,0.999111581153851,3992.37927652132,2785.30427338834,1337.62005311232,0.697655227740601,0.480241985011246,0.335043331423619,0.30407089005982,1.90819582357449e-17,2.22044604925031e-16
"paraboloid-disk-rep1-n240-r64","paraboloid","disk",1,240,64,"ambient",8,"stress_fixed_original",1.34525700577149e-16,7.04971010204726e-16,493015084.540337,0.0716937307838553,0.0143365237072708,0.0766373391636961,0.0766373391636963,0.00330193279166613,8.86882203722053e-15,1,18572.0527823238,522.399574605952,457.892316150689,0.028128262434358,0.876517398575753,0.0246549114154196,3.88578058618805e-14,1.60445329226842e-16,2.22044604925031e-16
"paraboloid-disk-rep1-n240-r64","paraboloid","disk",1,240,64,"ambient",8,"stress_fixed_extended",0.00322332683459521,0.0101549092807526,171562355.195247,0.042292375236194,0.0155646410440653,0.0766373391636961,0.089049549651977,0.0336195825445164,0.0818289490465463,1.00152392899267,19139.2039279862,1357.70015813837,772.343145480962,0.07093817293796,0.568861350461927,0.0403539848567896,0.151623778032593,2.86229373536173e-17,1.38777878078145e-17
"paraboloid-disk-rep1-n240-r64","paraboloid","disk",1,240,64,"geodesic",128,"classical_perturbed",0.00139169623427605,0.00325697312316699,2314633.37875839,0.00528168716733306,0.00138100851970386,1.60856929298953e-05,0.0013938763073043,0.00138723617819917,0.012038081052353,0.995041414977991,18476.494946297,692.411095254474,586.50460132754,0.0374752406918632,0.847046798278107,0.0317432826427441,0.298322742908873,3.46944695195361e-17,0
"paraboloid-disk-rep1-n240-r64","paraboloid","disk",1,240,64,"geodesic",128,"classical_random",0.00515748429066605,0.00736313508045292,52749961329.6591,0.797338328660029,0.0291442903279014,1.60856929298953e-05,0.00535527467505677,0.0520163449207973,0.216652399633143,0.211994905347595,3680.1055220146,807.506718890073,138.787131079479,0.219424881721332,0.171871178075451,0.0377128129205118,0.788215456939134,2.16840434497101e-17,6.93889390390723e-18
"paraboloid-disk-rep1-n240-r64","paraboloid","disk",1,240,64,"geodesic",128,"classical_original",0.00139190410826572,0.00325708912255665,3028860.36413047,0.00604186747015925,0.00138089850901683,1.60856929298953e-05,0.00139430351297731,0.00138680721812947,0.0120179392085316,0.994253565797535,18461.9484319519,691.844111379569,585.647979927558,0.0374740571900961,0.846502803586416,0.031721894473174,0.298317545441191,1.0842021724855e-17,2.22044604925031e-16
"paraboloid-disk-rep1-n240-r64","paraboloid","disk",1,240,64,"geodesic",128,"classical_extended",0.00139180919777533,0.00325684655860535,14351387.9410069,0.0131515978582777,0.00138145704115041,1.60856929298953e-05,0.00139360040633512,0.00138835341026605,0.0120874124507696,0.987066722364732,18328.2551633572,686.952720859521,582.474390387863,0.0374805301834139,0.847910449585332,0.0317801331985151,0.298343183579258,1.95156391047391e-17,0
"paraboloid-disk-rep1-n240-r64","paraboloid","disk",1,240,64,"geodesic",128,"classical_fixed_perturbed",0.0013914927409768,0.00325694710287302,160261.671720404,0.00138978110539239,0.00138109724921706,1.60856929298953e-05,0.00139345265224512,0.00138774986497339,0.0120475927278053,0.999989419321191,18568.2821246715,695.918806902082,589.557514501794,0.0374789009683034,0.847164221823865,0.0317507839736265,0.298347737495516,2.51534904016637e-17,1.11022302462516e-16
"paraboloid-disk-rep1-n240-r64","paraboloid","disk",1,240,64,"geodesic",128,"classical_fixed_random",0.00719366304260734,0.0101315539169815,1042186111.52371,0.112073828866487,0.0647169314247088,1.60856929298953e-05,0.00735827989435378,0.111909646068037,0.325294003941228,0.999785639307749,15935.4525789083,5444.74673919975,670.166971156471,0.341675061454248,0.123085058544885,0.0420550949424231,0.706209882161035,6.93889390390723e-17,1.11022302462516e-16
"paraboloid-disk-rep1-n240-r64","paraboloid","disk",1,240,64,"geodesic",128,"classical_fixed_original",0.00139166776999216,0.00325704147298717,160133.476238419,0.00138922514182392,0.00138095990746378,1.60856929298953e-05,0.00139383761605254,0.00138727757691537,0.0120266706130773,0.999989424385744,18568.3662743474,695.900574783056,589.159048370393,0.0374777492268913,0.846613826341587,0.0317291806756489,0.298343412146927,1.43114686768087e-17,4.44089209850063e-16
"paraboloid-disk-rep1-n240-r64","paraboloid","disk",1,240,64,"geodesic",128,"classical_fixed_extended",0.00139168899475475,0.00325682039714405,160610.352338952,0.00139129215428099,0.00138165360617357,1.60856929298953e-05,0.00139323866415613,0.00138908806626747,0.0121049262695301,0.999989403521621,18568.0980938685,696.019169831676,590.329378195546,0.0374846775535677,0.848151033452585,0.0317926680056953,0.298368642004642,8.23993651088983e-18,1.38777878078145e-17
"paraboloid-disk-rep1-n240-r64","paraboloid","disk",1,240,64,"geodesic",128,"stress_perturbed",0.0013917022757269,0.00325697213779897,2575601.03611196,0.00557148369934688,0.00138100549000071,1.60856929298953e-05,0.00139388628008073,0.00138722659623885,0.012038041581707,0.99474163024008,18470.9297375676,692.204051249637,586.324706103257,0.0374753226331525,0.847040269476557,0.0317431073819064,0.298324078647745,5.3776427755281e-17,0
"paraboloid-disk-rep1-n240-r64","paraboloid","disk",1,240,64,"geodesic",128,"stress_random",0.00515748429066605,0.00736313508045292,52749961329.6591,0.797338328660029,0.0291442903279014,1.60856929298953e-05,0.00535527467505677,0.0520163449207973,0.216652399633143,0.211994905347595,3680.1055220146,807.506718890073,138.787131079479,0.219424881721332,0.171871178075451,0.0377128129205118,0.788215456939134,2.16840434497101e-17,6.93889390390723e-18
"paraboloid-disk-rep1-n240-r64","paraboloid","disk",1,240,64,"geodesic",128,"stress_original",0.00139190410826572,0.00325708912255665,3028860.36413047,0.00604186747015925,0.00138089850901683,1.60856929298953e-05,0.00139430351297731,0.00138680721812947,0.0120179392085316,0.994253565797535,18461.9484319519,691.844111379569,585.647979927558,0.0374740571900961,0.846502803586416,0.031721894473174,0.298317545441191,1.0842021724855e-17,2.22044604925031e-16
"paraboloid-disk-rep1-n240-r64","paraboloid","disk",1,240,64,"geodesic",128,"stress_extended",0.00139180429793468,0.00325684578030005,14851727.2159578,0.013378889001181,0.00138145600380779,1.60856929298953e-05,0.00139359406590866,0.0013883558211233,0.0120870812179443,0.986838185205817,18324.0112142537,686.792522489961,582.334777102852,0.0374804683570443,0.847904946593772,0.0317798745205892,0.298341803484192,8.02309607639273e-18,0
"paraboloid-disk-rep1-n240-r64","paraboloid","disk",1,240,64,"geodesic",128,"stress_fixed_perturbed",0.00139149557799745,0.0032569464559458,160262.57619794,0.00138978502717856,0.0013810985893236,1.60856929298953e-05,0.00139345432940877,0.00138775335035947,0.0120477703232005,0.999989419290728,18568.2816313171,695.919953979619,589.558092999528,0.0374789637402896,0.8471636567225,0.0317508159723937,0.298348183331168,1.58293517182884e-17,0
"paraboloid-disk-rep1-n240-r64","paraboloid","disk",1,240,64,"geodesic",128,"stress_fixed_random",0.00719366304260734,0.0101315539169815,1042186111.52371,0.112073828866487,0.0647169314247088,1.60856929298953e-05,0.00735827989435378,0.111909646068037,0.325294003941228,0.999785639307749,15935.4525789083,5444.74673919975,670.166971156471,0.341675061454248,0.123085058544885,0.0420550949424231,0.706209882161035,6.93889390390723e-17,1.11022302462516e-16
"paraboloid-disk-rep1-n240-r64","paraboloid","disk",1,240,64,"geodesic",128,"stress_fixed_original",0.00139166776999216,0.00325704147298717,160133.476238419,0.00138922514182392,0.00138095990746378,1.60856929298953e-05,0.00139383761605254,0.00138727757691537,0.0120266706130773,0.999989424385744,18568.3662743474,695.900574783056,589.159048370393,0.0374777492268913,0.846613826341587,0.0317291806756489,0.298343412146927,1.43114686768087e-17,4.44089209850063e-16
"paraboloid-disk-rep1-n240-r64","paraboloid","disk",1,240,64,"geodesic",128,"stress_fixed_extended",0.00139168836190788,0.00325682061745474,160609.077896517,0.0013912866343215,0.00138165126275372,1.60856929298953e-05,0.00139323929065805,0.00138908312409645,0.0121047115298012,0.999989403558821,18568.0987058403,696.019146972589,590.326069466768,0.0374846750870442,0.848146307518199,0.0317924887635959,0.29836865023625,2.77555756156289e-17,0
"paraboloid-disk-rep1-n240-r64","paraboloid","disk",1,240,64,"geodesic",239,"classical_perturbed",0.00137984316376614,0.00137756244116824,5429180.60145935,0.0080891228284212,0.00137756113408495,0,0.00137990413132171,0.00137756244116824,0.0119500700513627,0.99202714799827,18423.0826586904,689.611555581446,583.911034308213,0.037431930820554,0.846724550338905,0.0316945347923506,0.295921219626134,1.34441069388203e-17,1.38777878078145e-17
"paraboloid-disk-rep1-n240-r64","paraboloid","disk",1,240,64,"geodesic",239,"classical_random",0.00218332515907228,0.00216031370285725,36591425686.8036,0.664085428694462,0.00216030866183117,0,0.00218377641823494,0.00216031370285725,0.0244305143575562,0.335914967801287,6238.59673489647,234.738314808652,187.764680171928,0.0376267812752843,0.799889359029372,0.0300972619566256,0.595431973303961,1.82145964977565e-17,1.38777878078145e-17
"paraboloid-disk-rep1-n240-r64","paraboloid","disk",1,240,64,"geodesic",239,"classical_original",0.00137984489030238,0.00137756609898429,7218136.74565636,0.00932710440840323,0.00137756479189057,0,0.00137990585445893,0.0013775660989843,0.0119498821736319,0.990773297146468,18399.7974023085,688.739409844815,583.167549833636,0.0374319018185713,0.846717265627407,0.0316942375550543,0.295916820933288,1.43114686768087e-17,1.11022302462516e-16
"paraboloid-disk-rep1-n240-r64","paraboloid","disk",1,240,64,"geodesic",239,"classical_extended",0.0013798513764329,0.00137757153054932,20526002.262504,0.0157284697653753,0.00137757022344016,0,0.00137991234430212,0.00137757153054933,0.0119504488619903,0.98433009044239,18280.1392431284,684.263357575309,579.384677752355,0.0374320648477843,0.84672761055832,0.0316947628268285,0.295917589447223,2.3635607360184e-17,0
"paraboloid-disk-rep1-n240-r64","paraboloid","disk",1,240,64,"geodesic",239,"classical_fixed_perturbed",0.00137984364414277,0.00137756122172135,157453.537680363,0.00137755991530251,0.00137755991464153,0,0.00137990461064637,0.00137756122172137,0.0119501007830589,0.999998059654665,18571.1115944926,695.152942776925,588.603611668913,0.0374319511914989,0.846725339775763,0.0316945815910917,0.29592433002544,1.51788304147971e-17,0
"paraboloid-disk-rep1-n240-r64","paraboloid","disk",1,240,64,"geodesic",239,"classical_fixed_random",0.00147491936029631,0.00146905282310997,179064.031553108,0.00146905638375373,0.0014690512379192,0,0.00147508261165701,0.00146905282310997,0.0165591936696742,0.999993953574819,18571.1070099463,692.429343786835,589.622484052539,0.0372853025625228,0.851527292052566,0.0317494527244257,0.383073752521069,5.42101086242752e-18,1.38777878078145e-17
"paraboloid-disk-rep1-n240-r64","paraboloid","disk",1,240,64,"geodesic",239,"classical_fixed_original",0.00137984351758868,0.00137756128069369,157453.551161174,0.00137755997427427,0.00137755997361369,0,0.00137990447755808,0.00137756128069369,0.011949836844711,0.999998059667516,18571.1118444298,695.152784339371,588.595920529854,0.0374319421563268,0.846714468804463,0.0316941670192137,0.295924332106447,2.81892564846231e-18,2.22044604925031e-16
"paraboloid-disk-rep1-n240-r64","paraboloid","disk",1,240,64,"geodesic",239,"classical_fixed_extended",0.00137984410706511,0.00137756112627668,157453.515710895,0.00137755981919714,0.0013775598191971,0,0.00137990507621412,0.00137756112627668,0.0119505273697181,0.999998101987265,18571.1121116712,695.156457984983,588.608006535122,0.0374321394327325,0.846727380252343,0.031694817359118,0.2959220281577,1.75640751942652e-17,0
"paraboloid-disk-rep1-n240-r64","paraboloid","disk",1,240,64,"geodesic",239,"stress_perturbed",0.00137984618974111,0.00137756795464458,6210394.66577824,0.00865154927569774,0.00137756664754558,0,0.00137990715842026,0.00137756795464457,0.011950029488118,0.991456938656278,18412.493267038,689.214478527819,583.57464553075,0.0374318930376283,0.846724298040404,0.0316944933566093,0.2959156484747,1.51788304147971e-17,2.77555756156289e-17
"paraboloid-disk-rep1-n240-r64","paraboloid","disk",1,240,64,"geodesic",239,"stress_random",0.00218332515907228,0.00216031370285725,36591425686.8036,0.664085428694462,0.00216030866183117,0,0.00218377641823494,0.00216031370285725,0.0244305143575562,0.335914967801287,6238.59673489647,234.738314808652,187.764680171928,0.0376267812752843,0.799889359029372,0.0300972619566256,0.595431973303961,1.82145964977565e-17,1.38777878078145e-17
"paraboloid-disk-rep1-n240-r64","paraboloid","disk",1,240,64,"geodesic",239,"stress_original",0.00137984489030238,0.00137756609898429,7218136.74565636,0.00932710440840323,0.00137756479189057,0,0.00137990585445893,0.0013775660989843,0.0119498821736319,0.990773297146468,18399.7974023085,688.739409844815,583.167549833636,0.0374319018185713,0.846717265627407,0.0316942375550543,0.295916820933288,1.43114686768087e-17,1.11022302462516e-16
"paraboloid-disk-rep1-n240-r64","paraboloid","disk",1,240,64,"geodesic",239,"stress_extended",0.00137984572725412,0.00137756454650423,20385243.5602631,0.0156744473706143,0.00137756323941494,0,0.00137990669572695,0.00137756454650423,0.0119504819066435,0.98438432131494,18281.1463375026,684.301636525801,579.417017124474,0.0374320966471342,0.846727504651565,0.0316947857879042,0.295919471123251,6.07153216591882e-18,0
"paraboloid-disk-rep1-n240-r64","paraboloid","disk",1,240,64,"geodesic",239,"stress_fixed_perturbed",0.00137984363574597,0.00137756122064903,157453.537435226,0.00137755991423016,0.0013775599135692,0,0.00137990460153124,0.00137756122064902,0.0119500861060184,0.999998059655069,18571.1116030968,695.152765128268,588.603550241769,0.037431941608296,0.84672546779435,0.0316945782687352,0.295924056636264,9.97465998686664e-18,2.77555756156289e-17
"paraboloid-disk-rep1-n240-r64","paraboloid","disk",1,240,64,"geodesic",239,"stress_fixed_random",0.00147491936029631,0.00146905282310997,179064.031553108,0.00146905638375373,0.0014690512379192,0,0.00147508261165701,0.00146905282310997,0.0165591936696742,0.999993953574819,18571.1070099463,692.429343786835,589.622484052539,0.0372853025625228,0.851527292052566,0.0317494527244257,0.383073752521069,5.42101086242752e-18,1.38777878078145e-17
"paraboloid-disk-rep1-n240-r64","paraboloid","disk",1,240,64,"geodesic",239,"stress_fixed_original",0.00137984351758868,0.00137756128069369,157453.551161174,0.00137755997427427,0.00137755997361369,0,0.00137990447755808,0.00137756128069369,0.011949836844711,0.999998059667516,18571.1118444298,695.152784339371,588.595920529854,0.0374319421563268,0.846714468804463,0.0316941670192137,0.295924332106447,2.81892564846231e-18,2.22044604925031e-16
"paraboloid-disk-rep1-n240-r64","paraboloid","disk",1,240,64,"geodesic",239,"stress_fixed_extended",0.00137984410748526,0.00137756112627462,157453.515710427,0.0013775598191951,0.00137755981919506,0,0.0013799050766461,0.00137756112627462,0.0119505275357145,0.999998101987276,18571.1121115986,695.156463717692,588.608002053349,0.0374321397415684,0.846727366822539,0.0316948171179115,0.295922030759588,8.02309607639273e-18,0
"paraboloid-disk-rep1-n240-r64","paraboloid","disk",1,240,64,"geodesic",32,"classical_perturbed",0.00245976847454708,0.0254307499916145,27451861.4457629,0.0181638694233342,0.00264461324456977,0.00172868269079829,0.00304938666087413,0.00514226920839746,0.0140363189592938,0.987975026950297,18262.5015830165,692.067952114354,585.936866451423,0.0378955724640678,0.846646437913089,0.0320841514393803,0.307939073666458,2.34187669256869e-17,0
"paraboloid-disk-rep1-n240-r64","paraboloid","disk",1,240,64,"geodesic",32,"classical_random",0.0174613393881807,0.0453104186328601,54030887226.534,0.805830166975073,0.262504483834213,0.00172868269079829,0.0190001212015046,0.464811237907741,0.484186239876722,0.349799632443691,3466.29009330804,1437.19701267812,462.565500559255,0.414621100366858,0.321852534119379,0.133446851852439,0.667634560946207,4.85722573273506e-17,1.11022302462516e-16
"paraboloid-disk-rep1-n240-r64","paraboloid","disk",1,240,64,"geodesic",32,"classical_original",0.00239742005002161,0.0254253826163686,33886446.402284,0.0201806655923368,0.00263965951707779,0.00172868269079829,0.00295083500676117,0.005128096315619,0.0128358389817581,0.985930397373631,18224.7291831901,690.162238368378,581.890572286674,0.0378695470001804,0.843121428466341,0.0319286265621654,0.308699552068493,2.08166817117217e-17,4.44089209850063e-16
"paraboloid-disk-rep1-n240-r64","paraboloid","disk",1,240,64,"geodesic",32,"classical_extended",0.00244861316197001,0.0254265223262776,208093879.721498,0.0500094554650157,0.00264631886509013,0.00172868269079829,0.00302944915085639,0.00516513888031722,0.0136875922744257,0.955843868741101,17668.0270320296,668.817351847495,566.259077137857,0.0378546710753286,0.846657275822257,0.0320499326897853,0.308539926138872,3.12250225675825e-17,0
"paraboloid-disk-rep1-n240-r64","paraboloid","disk",1,240,64,"geodesic",32,"classical_fixed_perturbed",0.00258164042129382,0.0254099941064747,6351061.75719639,0.00873666412630152,0.00279081472973016,0.00172868269079829,0.00382837530993386,0.00665830940186109,0.0146082713823997,0.999329243935799,18442.3218504331,705.333549675314,596.550696370848,0.0382453768780067,0.845771049236857,0.0323468325305708,0.309252566233001,2.77555756156289e-17,0
"paraboloid-disk-rep1-n240-r64","paraboloid","disk",1,240,64,"geodesic",32,"classical_fixed_random",0.022550986908084,0.060743059884849,47276988534.3789,0.753784797934134,0.492374106758551,0.00172868269079829,0.0359914815952492,0.752619258485587,0.792992944810714,0.996255863874904,4468.39129914082,2998.39856745151,1472.59524243298,0.671024171054142,0.491127249865456,0.329558255723068,0.754642197078367,2.08166817117217e-16,2.22044604925031e-16
"paraboloid-disk-rep1-n240-r64","paraboloid","disk",1,240,64,"geodesic",32,"classical_fixed_original",0.00251627632886574,0.0254043543135795,6407219.82454223,0.00877520526909127,0.00278793143517947,0.00172868269079829,0.00372862609440749,0.00668580733809794,0.0134455446941644,0.999332461480978,18441.6578049863,704.572263416005,593.985984288363,0.0382054732208241,0.843044801974631,0.0322089256057967,0.30996936719608,3.81639164714898e-17,4.44089209850063e-16
"paraboloid-disk-rep1-n240-r64","paraboloid","disk",1,240,64,"geodesic",32,"classical_fixed_extended",0.00258172907796468,0.0254050118494198,6435646.93434189,0.00879465033675458,0.0028077721710415,0.00172868269079829,0.00380894913476868,0.0067340349682932,0.0144757625447595,0.999356571277272,18441.2739139037,704.464331117404,597.972300587342,0.0382004157850654,0.848832615327525,0.032425758837436,0.31033569364969,1.73472347597681e-17,0
"paraboloid-disk-rep1-n240-r64","paraboloid","disk",1,240,64,"geodesic",32,"stress_perturbed",0.00245760816098288,0.0254308417648785,27714483.3867506,0.0182505461708629,0.00263927205498513,0.00172868269079829,0.00303757245709929,0.0051087567364381,0.0140275750195291,0.987851109882959,18260.8585469359,691.960197540504,585.924832387522,0.0378930813007481,0.846760889528224,0.0320863792291867,0.307945068015784,4.16333634234434e-17,1.11022302462516e-16
"paraboloid-disk-rep1-n240-r64","paraboloid","disk",1,240,64,"geodesic",32,"stress_random",0.0174613393881807,0.0453104186328601,54030887226.534,0.805830166975073,0.262504483834213,0.00172868269079829,0.0190001212015046,0.464811237907741,0.484186239876722,0.349799632443691,3466.29009330804,1437.19701267812,462.565500559255,0.414621100366858,0.321852534119379,0.133446851852439,0.667634560946207,4.85722573273506e-17,1.11022302462516e-16
"paraboloid-disk-rep1-n240-r64","paraboloid","disk",1,240,64,"geodesic",32,"stress_original",0.00239742005002161,0.0254253826163686,33886446.402284,0.0201806655923368,0.00263965951707779,0.00172868269079829,0.00295083500676117,0.005128096315619,0.0128358389817581,0.985930397373631,18224.7291831901,690.162238368378,581.890572286674,0.0378695470001804,0.843121428466341,0.0319286265621654,0.308699552068493,2.08166817117217e-17,4.44089209850063e-16
"paraboloid-disk-rep1-n240-r64","paraboloid","disk",1,240,64,"geodesic",32,"stress_extended",0.00244779563241295,0.0254268529039223,210211681.275186,0.0502632880129653,0.0026451104047364,0.00172868269079829,0.00303239149295369,0.00517276976751747,0.0136829753074622,0.955596714189761,17663.2993664167,668.613283375497,566.120836142132,0.0378532498094176,0.846708927594242,0.0320506845520889,0.308496170167752,2.77555756156289e-17,0
"paraboloid-disk-rep1-n240-r64","paraboloid","disk",1,240,64,"geodesic",32,"stress_fixed_perturbed",0.00257832291872234,0.025410196165717,6336337.06838277,0.00872653044185483,0.00278527927847008,0.00172868269079829,0.00382349060225084,0.00664783664245048,0.0145900446661233,0.999328701292612,18442.4907835225,705.237167894251,596.539170497776,0.0382398004788133,0.845870293930999,0.0323459112708765,0.309183218660603,1.52655665885959e-16,0
"paraboloid-disk-rep1-n240-r64","paraboloid","disk",1,240,64,"geodesic",32,"stress_fixed_random",0.022550986908084,0.060743059884849,47276988534.3789,0.753784797934134,0.492374106758551,0.00172868269079829,0.0359914815952492,0.752619258485587,0.792992944810714,0.996255863874904,4468.39129914082,2998.39856745151,1472.59524243298,0.671024171054142,0.491127249865456,0.329558255723068,0.754642197078367,2.08166817117217e-16,2.22044604925031e-16
"paraboloid-disk-rep1-n240-r64","paraboloid","disk",1,240,64,"geodesic",32,"stress_fixed_original",0.00251627632886574,0.0254043543135795,6407219.82454223,0.00877520526909127,0.00278793143517947,0.00172868269079829,0.00372862609440749,0.00668580733809794,0.0134455446941644,0.999332461480978,18441.6578049863,704.572263416005,593.985984288363,0.0382054732208241,0.843044801974631,0.0322089256057967,0.30996936719608,3.81639164714898e-17,4.44089209850063e-16
"paraboloid-disk-rep1-n240-r64","paraboloid","disk",1,240,64,"geodesic",32,"stress_fixed_extended",0.00257972058293429,0.0254050193953922,6429331.54797238,0.00879033412363334,0.00280454153949185,0.00172868269079829,0.00380726211156429,0.00672979833240821,0.0144671082053068,0.999356643443279,18441.33971039,704.43259163228,597.978767115653,0.0381985583853974,0.848880040785794,0.0324259938001547,0.310303790892124,2.77555756156289e-17,0
"paraboloid-disk-rep1-n240-r64","paraboloid","disk",1,240,64,"geodesic",8,"classical_perturbed",0.00403578987655428,0.0281219860239999,16715250.0126082,0.0134276928992447,0.0118646160439854,0.0586365970913563,0.056963354493107,0.0172162229227461,0.0651961719745395,1.0657451724962,19479.2997329388,1151.80702726678,781.62748012187,0.059129796402235,0.678609751128761,0.040126056420815,0.253959446999847,4.85722573273506e-17,1.11022302462516e-16
"paraboloid-disk-rep1-n240-r64","paraboloid","disk",1,240,64,"geodesic",8,"classical_random",0.00884042897188823,0.0548498996544521,55971528010.7363,0.77701346223378,0.497382480629271,0.0586365970913563,0.0770276993061195,0.842344516421916,0.786273643932578,1.52119997494936,4341.04756010765,2604.58111259176,1628.02847777479,0.599989075569394,0.625063458344278,0.375031246544192,0.75356946508569,1.17961196366423e-16,5.55111512312578e-17
"paraboloid-disk-rep1-n240-r64","paraboloid","disk",1,240,64,"geodesic",8,"classical_original",0.00319898411339399,0.0274301889073753,328047282.476391,0.0594857831919497,0.0136323745996424,0.0586365970913563,0.0591195176253591,0.019140253705412,0.0154326701822907,1.01398600357067,18494.2422751529,658.08198231071,549.038925500593,0.0355830735057929,0.834301713553626,0.0296870191993877,0.25341151219616,7.28583859910259e-17,2.22044604925031e-16
"paraboloid-disk-rep1-n240-r64","paraboloid","disk",1,240,64,"geodesic",8,"classical_extended",0.00410189268953519,0.0277669973663968,42927795.2868335,0.0215186119460605,0.0149805949340117,0.0586365970913563,0.0580415294014652,0.0276828963244432,0.0639861887068629,1.06634202188179,19299.7260395673,1130.25680984857,769.872650995081,0.0585633603052901,0.681148429531009,0.039890340900007,0.255387665932877,2.42861286636753e-17,2.22044604925031e-16
"paraboloid-disk-rep1-n240-r64","paraboloid","disk",1,240,64,"geodesic",8,"classical_fixed_perturbed",0.00488919340954887,0.0309518918871272,94372083.0263422,0.031905586488464,0.0125542694781546,0.0586365970913563,0.0752455492086882,0.0258750478251741,0.0619323831081362,1.00324571411015,19033.1804801551,1062.03635055245,707.049218681132,0.0557992055852029,0.665748604850804,0.0371482432701321,0.254288101488761,7.37257477290143e-17,2.77555756156289e-17
"paraboloid-disk-rep1-n240-r64","paraboloid","disk",1,240,64,"geodesic",8,"classical_fixed_random",0.00658068521331242,0.0467517701251813,57341529141.5087,0.786465356331666,0.46095268758199,0.0586365970913563,0.0614401447720234,0.774976625347018,0.754835964501047,0.998025870550952,3934.50831411565,2658.10881938107,1278.98730457383,0.675588563339591,0.48116438847362,0.325069157939066,0.530824933952038,6.93889390390723e-17,6.93889390390723e-18
"paraboloid-disk-rep1-n240-r64","paraboloid","disk",1,240,64,"geodesic",8,"classical_fixed_original",0.00330136980772819,0.0277165118681776,363156902.512313,0.0625881497901168,0.0135714338616885,0.0586365970913563,0.0618305223173813,0.0113212028461791,0.0160314909318679,1.00033024326147,18432.1761647157,644.939323249979,537.424207273529,0.0349898632416812,0.833294215284222,0.029156850632879,0.252850627314703,3.12250225675825e-17,2.22044604925031e-16
"paraboloid-disk-rep1-n240-r64","paraboloid","disk",1,240,64,"geodesic",8,"classical_fixed_extended",0.00417436390197873,0.0281172306769418,300422961.246707,0.0569261120082809,0.0137862029589851,0.0586365970913563,0.0618255085908743,0.0118863370054797,0.0584998534990535,1.00058458375395,18526.622628306,1006.97646042671,683.286860452878,0.054352942823383,0.678552962562139,0.036881350376777,0.254387879080775,5.89805981832114e-17,2.22044604925031e-16
"paraboloid-disk-rep1-n240-r64","paraboloid","disk",1,240,64,"geodesic",8,"stress_perturbed",0.00488727961045835,0.0287394602724771,12892621.7872745,0.0117927633361123,0.0108592028848582,0.0586365970913563,0.0583652219333355,0.0168700684035085,0.0772948827772121,1.06636821919678,19496.63708008,1300.04524185491,937.11490006759,0.0666804863072096,0.720832529436061,0.0480654636088525,0.254721384544443,1.00613961606655e-16,1.11022302462516e-16
"paraboloid-disk-rep1-n240-r64","paraboloid","disk",1,240,64,"geodesic",8,"stress_random",0.00884042897188823,0.0548498996544521,55971528010.7363,0.77701346223378,0.497382480629271,0.0586365970913563,0.0770276993061195,0.842344516421916,0.786273643932578,1.52119997494936,4341.04756010765,2604.58111259176,1628.02847777479,0.599989075569394,0.625063458344278,0.375031246544192,0.75356946508569,1.17961196366423e-16,5.55111512312578e-17
"paraboloid-disk-rep1-n240-r64","paraboloid","disk",1,240,64,"geodesic",8,"stress_original",0.00319898411339399,0.0274301889073753,328047282.476391,0.0594857831919497,0.0136323745996424,0.0586365970913563,0.0591195176253591,0.019140253705412,0.0154326701822907,1.01398600357067,18494.2422751529,658.08198231071,549.038925500593,0.0355830735057929,0.834301713553626,0.0296870191993877,0.25341151219616,7.28583859910259e-17,2.22044604925031e-16
"paraboloid-disk-rep1-n240-r64","paraboloid","disk",1,240,64,"geodesic",8,"stress_extended",0.00497422298547957,0.0280150410128906,33779350.7791871,0.0190884476342213,0.0131775446296051,0.0586365970913563,0.0596436661117596,0.0212650288283108,0.0745849105928025,1.06153419910858,19318.250467279,1269.47219753689,899.464174722805,0.0657136214113749,0.708533969052651,0.0465603329994247,0.255794455404583,1.73472347597681e-17,0
"paraboloid-disk-rep1-n240-r64","paraboloid","disk",1,240,64,"geodesic",8,"stress_fixed_perturbed",0.00558948832668121,0.0310392334252123,97712202.6988288,0.0324652957449159,0.012509989769086,0.0586365970913563,0.0777728524149057,0.0257203487220017,0.0722929135236957,1.00323391582717,19008.4105080206,1189.9237610777,827.700880900033,0.0625998560256059,0.695591522729483,0.0435439291754976,0.251978073886103,8.06646416329215e-17,2.22044604925031e-16
"paraboloid-disk-rep1-n240-r64","paraboloid","disk",1,240,64,"geodesic",8,"stress_fixed_random",0.00658068521331242,0.0467517701251813,57341529141.5087,0.786465356331666,0.46095268758199,0.0586365970913563,0.0614401447720234,0.774976625347018,0.754835964501047,0.998025870550952,3934.50831411565,2658.10881938107,1278.98730457383,0.675588563339591,0.48116438847362,0.325069157939066,0.530824933952038,6.93889390390723e-17,6.93889390390723e-18
"paraboloid-disk-rep1-n240-r64","paraboloid","disk",1,240,64,"geodesic",8,"stress_fixed_original",0.00330136980772819,0.0277165118681776,363156902.512313,0.0625881497901168,0.0135714338616885,0.0586365970913563,0.0618305223173813,0.0113212028461791,0.0160314909318679,1.00033024326147,18432.1761647157,644.939323249979,537.424207273529,0.0349898632416812,0.833294215284222,0.029156850632879,0.252850627314703,3.12250225675825e-17,2.22044604925031e-16
"paraboloid-disk-rep1-n240-r64","paraboloid","disk",1,240,64,"geodesic",8,"stress_fixed_extended",0.00490752710187075,0.028474317370929,304908827.751653,0.0573495429102953,0.0138181307285858,0.0586365970913563,0.064678372501861,0.0126537032486672,0.0681313946358972,1.00061469092175,18507.9063388706,1127.64418041523,767.818013086348,0.0609277008305866,0.680904514404196,0.0414859465478147,0.254617658751876,3.03576608295941e-17,2.22044604925031e-16
"paraboloid-surface_area-rep1-n240-r64","paraboloid","surface_area",1,240,64,"ambient",128,"classical_perturbed",1.67264191350655e-05,1.26480855363705e-05,2620.5829062711,0.000196384800974922,0.000172652070417695,0.00452277084107586,0.00452275694847474,0.00453979188598799,0.000355639014290641,1.00018968584163,16810.4883073809,570.6880212496,504.99805885343,0.0339483309951818,0.884893391923082,0.0300406537644539,0.000539365260244229,9.26654044296205e-19,1.38777878078145e-17
"paraboloid-surface_area-rep1-n240-r64","paraboloid","surface_area",1,240,64,"ambient",128,"classical_random",0.00453774149781887,0.00571528115336395,41372925934.4627,0.780309759669131,0.030223215531445,0.00452277084107586,0.00676050725828482,0.0525082680864073,0.224863485315716,0.229695610189994,3604.53131100196,818.887371152417,131.344738647112,0.227182759837031,0.160394143656497,0.0364387842175802,0.736394921766715,2.94902990916057e-17,2.77555756156289e-17
"paraboloid-surface_area-rep1-n240-r64","paraboloid","surface_area",1,240,64,"ambient",128,"classical_original",5.00868019294753e-17,8.20964342599325e-17,2714.57095174934,0.00019987548000639,0.000173375630376856,0.00452277084107586,0.00452277084102832,0.00453995732254046,1.56288467170507e-15,1,16807.235037725,570.587542320081,505.171935484734,0.0339489238437707,0.885353951876764,0.0300568138870457,5.10702591327572e-15,0,5.55111512312578e-17
"paraboloid-surface_area-rep1-n240-r64","paraboloid","surface_area",1,240,64,"ambient",128,"classical_extended",5.81827556685144e-06,4.46487562072918e-06,2866.32017681046,0.00020538620549469,0.000173015971487269,0.00452277084107586,0.00452275465172315,0.00453989119097413,0.000134859753921997,1.00020898044155,16810.7700689518,570.702909375775,505.183724379674,0.033948647625002,0.885195635207528,0.0300511946988502,0.000183720572780932,1.22396260878246e-18,2.77555756156289e-17
"paraboloid-surface_area-rep1-n240-r64","paraboloid","surface_area",1,240,64,"ambient",128,"classical_fixed_perturbed",1.67593048732618e-05,1.26708036161048e-05,2652.33430985452,0.000197570933850679,0.000172653974676415,0.00452277084107586,0.00452275867878901,0.00453979355423688,0.000356229355207845,1.00000003769975,16807.3008243412,570.579730467512,504.90168396827,0.0339483261727052,0.884892429590115,0.0300406168274828,0.000540517862410717,7.29464774175403e-18,0
"paraboloid-surface_area-rep1-n240-r64","paraboloid","surface_area",1,240,64,"ambient",128,"classical_fixed_random",0.00711482297871784,0.00956183020599096,694147792.801406,0.101072939052116,0.0606555566790264,0.00452277084107586,0.00901939227649624,0.101144750473257,0.318122307128581,0.999811080344088,14649.053209672,4829.79043069254,558.267702790305,0.32969983531111,0.115588390594052,0.0381094733427353,1.43230268473697,3.29597460435593e-17,2.22044604925031e-16
"paraboloid-surface_area-rep1-n240-r64","paraboloid","surface_area",1,240,64,"ambient",128,"classical_fixed_original",5.00868019294753e-17,8.20964342599325e-17,2714.57095174934,0.00019987548000639,0.000173375630376856,0.00452277084107586,0.00452277084102832,0.00453995732254046,1.56288467170507e-15,1,16807.235037725,570.587542320081,505.171935484734,0.0339489238437707,0.885353951876764,0.0300568138870457,5.10702591327572e-15,0,5.55111512312578e-17
"paraboloid-surface_area-rep1-n240-r64","paraboloid","surface_area",1,240,64,"ambient",128,"classical_fixed_extended",5.85826858644855e-06,4.4944629307917e-06,2690.15381347262,0.000198974525208081,0.00017301461174417,0.00452277084107586,0.0045227553224093,0.00453989159186694,0.000135731044753392,1.00000001060329,16807.257967476,570.583636808445,505.077525378791,0.0339486451575022,0.885194549573728,0.0300511556588334,0.000185021667553298,4.10810979418336e-18,1.38777878078145e-17
"paraboloid-surface_area-rep1-n240-r64","paraboloid","surface_area",1,240,64,"ambient",128,"stress_perturbed",1.65891627975148e-05,1.25284314598426e-05,2048.98184145604,0.000173651274767581,0.000172654055860562,0.00452277084107586,0.00452275552834172,0.00453979165837251,0.00035236326827081,1.00007753132235,16808.6028154558,570.623993100004,504.943239559159,0.0339483298739921,0.884896614346649,0.0300407621682188,0.000534932067878247,1.49077798716757e-18,0
"paraboloid-surface_area-rep1-n240-r64","paraboloid","surface_area",1,240,64,"ambient",128,"stress_random",0.00453774149781887,0.00571528115336395,41372925934.4627,0.780309759669131,0.030223215531445,0.00452277084107586,0.00676050725828482,0.0525082680864073,0.224863485315716,0.229695610189994,3604.53131100196,818.887371152417,131.344738647112,0.227182759837031,0.160394143656497,0.0364387842175802,0.736394921766715,2.94902990916057e-17,2.77555756156289e-17
"paraboloid-surface_area-rep1-n240-r64","paraboloid","surface_area",1,240,64,"ambient",128,"stress_original",5.00868019294753e-17,8.20964342599325e-17,2714.57095174934,0.00019987548000639,0.000173375630376856,0.00452277084107586,0.00452277084102832,0.00453995732254046,1.56288467170507e-15,1,16807.235037725,570.587542320081,505.171935484734,0.0339489238437707,0.885353951876764,0.0300568138870457,5.10702591327572e-15,0,5.55111512312578e-17
"paraboloid-surface_area-rep1-n240-r64","paraboloid","surface_area",1,240,64,"ambient",128,"stress_extended",5.75736676966529e-06,4.41719209486172e-06,2034.23322344207,0.000173025173141737,0.000173018821476498,0.00452277084107586,0.00452275393145301,0.00453989096071918,0.000133446316519065,1.00009682244153,16808.8847927546,570.638928028,505.128017746361,0.0339486488879959,0.88519726386696,0.0300512511076341,0.000181800997358761,2.05236083119717e-18,1.38777878078145e-17
"paraboloid-surface_area-rep1-n240-r64","paraboloid","surface_area",1,240,64,"ambient",128,"stress_fixed_perturbed",1.66078813019658e-05,1.25452154655394e-05,2652.79811841309,0.000197588207518641,0.000172656878375798,0.00452277084107586,0.00452276021998674,0.0045397965801456,0.000352707315075656,1.00000004158068,16807.3002523083,570.579715092755,504.903748753396,0.0339483264133626,0.884896072183915,0.030040740700402,0.000535581274515806,4.06406408092613e-18,0
"paraboloid-surface_area-rep1-n240-r64","paraboloid","surface_area",1,240,64,"ambient",128,"stress_fixed_random",0.00711482297871784,0.00956183020599096,694147792.801406,0.101072939052116,0.0606555566790264,0.00452277084107586,0.00901939227649624,0.101144750473257,0.318122307128581,0.999811080344088,14649.053209672,4829.79043069254,558.267702790305,0.32969983531111,0.115588390594052,0.0381094733427353,1.43230268473697,3.29597460435593e-17,2.22044604925031e-16
"paraboloid-surface_area-rep1-n240-r64","paraboloid","surface_area",1,240,64,"ambient",128,"stress_fixed_original",5.00868019294753e-17,8.20964342599325e-17,2714.57095174934,0.00019987548000639,0.000173375630376856,0.00452277084107586,0.00452277084102832,0.00453995732254046,1.56288467170507e-15,1,16807.235037725,570.587542320081,505.171935484734,0.0339489238437707,0.885353951876764,0.0300568138870457,5.10702591327572e-15,0,5.55111512312578e-17
"paraboloid-surface_area-rep1-n240-r64","paraboloid","surface_area",1,240,64,"ambient",128,"stress_fixed_extended",5.79317197637472e-06,4.4469612213937e-06,2690.40462072362,0.000198983800345125,0.000173018624143778,0.00452277084107586,0.0045227577459799,0.00453989471818385,0.000134220566405933,1.00000001735874,16807.2577395235,570.583646477902,505.078533048847,0.0339486461932533,0.885196300606572,0.0300512160208692,0.000182910995770835,5.32275504054602e-18,5.55111512312578e-17
"paraboloid-surface_area-rep1-n240-r64","paraboloid","surface_area",1,240,64,"ambient",239,"classical_perturbed",9.67610869679785e-08,9.6761086967983e-08,19.9730297287587,1.71464452160863e-05,9.67610869679832e-08,0.00453995732254046,0.00453995712267382,0.00453995712267382,4.40886624681108e-06,0.999982853827805,16806.9468554557,570.577942496884,505.163150328547,0.0339489347710806,0.885353450779962,0.03005680654988,4.70176814010292e-05,4.83642577992405e-19,1.38777878078145e-17
"paraboloid-surface_area-rep1-n240-r64","paraboloid","surface_area",1,240,64,"ambient",239,"classical_random",0.00196456063740205,0.00196456063740205,27673596769.4234,0.638241333392418,0.00196455684630362,0.00453995732254046,0.00546593773503966,0.00546593773503966,0.0447667572640232,0.361759062297454,6080.44522215958,211.326459403864,167.741478676106,0.0347550963264508,0.793755212429584,0.0275870388676127,0.483750286237727,7.37257477290143e-18,0
"paraboloid-surface_area-rep1-n240-r64","paraboloid","surface_area",1,240,64,"ambient",239,"classical_original",6.44812890162011e-17,8.30666493723557e-17,4.68758484706955e-22,8.30666493723557e-17,8.30666493723557e-17,0.00453995732254046,0.00453995732254046,0.00453995732254046,1.56288467170507e-15,1,16807.235037725,570.587542320081,505.171935484734,0.0339489238437707,0.885353951876764,0.0300568138870457,5.10702591327572e-15,0,2.22044604925031e-16
"paraboloid-surface_area-rep1-n240-r64","paraboloid","surface_area",1,240,64,"ambient",239,"classical_extended",6.6158475154279e-16,6.61565942361671e-16,7.8101798728295e-20,1.0722168798489e-15,6.61565942361671e-16,0.00453995732254046,0.00453995732254041,0.00453995732254041,3.36883493130942e-15,0.999999999999999,16807.235037725,570.587542320081,505.171935484734,0.0339489238437707,0.885353951876764,0.0300568138870456,9.81881242978488e-13,7.2324672393449e-17,0
"paraboloid-surface_area-rep1-n240-r64","paraboloid","surface_area",1,240,64,"ambient",239,"classical_fixed_perturbed",9.28675099855913e-08,9.28675099855886e-08,0.000585933496381519,9.28701795375196e-08,9.28675099855893e-08,0.00453995732254046,0.00453995706217343,0.00453995706217343,4.23531658334695e-06,1.00000000070416,16807.2350470641,570.587711308636,505.17182845832,0.0339489338794191,0.885353502092983,0.0300568075024668,4.4725755108832e-05,9.2300121471117e-19,1.38777878078145e-17
"paraboloid-surface_area-rep1-n240-r64","paraboloid","surface_area",1,240,64,"ambient",239,"classical_fixed_random",0.00149471352215696,0.00149471352215696,151778.976182147,0.00149471341216036,0.00149471185243881,0.00453995732254046,0.00510031096164268,0.00510031096164268,0.0365715800313742,0.999999925155946,16807.5185521018,580.197609173652,484.973542933665,0.0345201230850997,0.83587649322511,0.0288545594300723,0.366645101272546,1.12757025938492e-17,5.55111512312578e-17
"paraboloid-surface_area-rep1-n240-r64","paraboloid","surface_area",1,240,64,"ambient",239,"classical_fixed_original",6.44812890162011e-17,8.30666493723557e-17,4.68758484706955e-22,8.30666493723557e-17,8.30666493723557e-17,0.00453995732254046,0.00453995732254046,0.00453995732254046,1.56288467170507e-15,1,16807.235037725,570.587542320081,505.171935484734,0.0339489238437707,0.885353951876764,0.0300568138870457,5.10702591327572e-15,0,2.22044604925031e-16
"paraboloid-surface_area-rep1-n240-r64","paraboloid","surface_area",1,240,64,"ambient",239,"classical_fixed_extended",6.6158475154279e-16,6.61565942361671e-16,7.8101798728295e-20,1.0722168798489e-15,6.61565942361671e-16,0.00453995732254046,0.00453995732254041,0.00453995732254041,3.36883493130942e-15,0.999999999999999,16807.235037725,570.587542320081,505.171935484734,0.0339489238437707,0.885353951876764,0.0300568138870456,9.81881242978488e-13,7.2324672393449e-17,0
"paraboloid-surface_area-rep1-n240-r64","paraboloid","surface_area",1,240,64,"ambient",239,"stress_perturbed",9.67610869726743e-08,9.6761086972668e-08,19.97302972923,1.71464452162886e-05,9.67610869726682e-08,0.00453995732254046,0.00453995712267384,0.00453995712267384,4.40886624681365e-06,0.999982853827804,16806.9468554557,570.577942496884,505.163150328546,0.0339489347710806,0.885353450779961,0.03005680654988,4.70176813773815e-05,1.42141392972132e-18,0
"paraboloid-surface_area-rep1-n240-r64","paraboloid","surface_area",1,240,64,"ambient",239,"stress_random",0.00196456063740205,0.00196456063740205,27673596769.4234,0.638241333392418,0.00196455684630362,0.00453995732254046,0.00546593773503966,0.00546593773503966,0.0447667572640232,0.361759062297454,6080.44522215958,211.326459403864,167.741478676106,0.0347550963264508,0.793755212429584,0.0275870388676127,0.483750286237727,7.37257477290143e-18,0
"paraboloid-surface_area-rep1-n240-r64","paraboloid","surface_area",1,240,64,"ambient",239,"stress_original",6.44812890162011e-17,8.30666493723557e-17,4.68758484706955e-22,8.30666493723557e-17,8.30666493723557e-17,0.00453995732254046,0.00453995732254046,0.00453995732254046,1.56288467170507e-15,1,16807.235037725,570.587542320081,505.171935484734,0.0339489238437707,0.885353951876764,0.0300568138870457,5.10702591327572e-15,0,2.22044604925031e-16
"paraboloid-surface_area-rep1-n240-r64","paraboloid","surface_area",1,240,64,"ambient",239,"stress_extended",8.49327778280658e-15,8.49325265136179e-15,4.91154101987612e-18,8.50278131992923e-15,8.49325265136179e-15,0.00453995732254046,0.00453995732254053,0.00453995732254053,9.84688165087638e-15,1,16807.235037725,570.587542320082,505.171935484734,0.0339489238437707,0.885353951876762,0.0300568138870456,1.96698213272839e-12,2.13632687730391e-18,1.38777878078145e-17
"paraboloid-surface_area-rep1-n240-r64","paraboloid","surface_area",1,240,64,"ambient",239,"stress_fixed_perturbed",9.2867509995123e-08,9.286750999512e-08,0.000585933496492744,9.28701795463342e-08,9.28675099951207e-08,0.00453995732254046,0.00453995706217342,0.00453995706217343,4.23531658335027e-06,1.00000000070416,16807.2350470641,570.587711308636,505.17182845832,0.0339489338794192,0.885353502092982,0.0300568075024668,4.4725755058983e-05,7.60040016593324e-19,1.38777878078145e-17
"paraboloid-surface_area-rep1-n240-r64","paraboloid","surface_area",1,240,64,"ambient",239,"stress_fixed_random",0.00149471352215696,0.00149471352215696,151778.976182147,0.00149471341216036,0.00149471185243881,0.00453995732254046,0.00510031096164268,0.00510031096164268,0.0365715800313742,0.999999925155946,16807.5185521018,580.197609173652,484.973542933665,0.0345201230850997,0.83587649322511,0.0288545594300723,0.366645101272546,1.12757025938492e-17,5.55111512312578e-17
"paraboloid-surface_area-rep1-n240-r64","paraboloid","surface_area",1,240,64,"ambient",239,"stress_fixed_original",6.44812890162011e-17,8.30666493723557e-17,4.68758484706955e-22,8.30666493723557e-17,8.30666493723557e-17,0.00453995732254046,0.00453995732254046,0.00453995732254046,1.56288467170507e-15,1,16807.235037725,570.587542320081,505.171935484734,0.0339489238437707,0.885353951876764,0.0300568138870457,5.10702591327572e-15,0,2.22044604925031e-16
"paraboloid-surface_area-rep1-n240-r64","paraboloid","surface_area",1,240,64,"ambient",239,"stress_fixed_extended",8.49327778280658e-15,8.49325265136179e-15,4.91154101987612e-18,8.50278131992923e-15,8.49325265136179e-15,0.00453995732254046,0.00453995732254053,0.00453995732254053,9.84688165087638e-15,1,16807.235037725,570.587542320082,505.171935484734,0.0339489238437707,0.885353951876762,0.0300568138870456,1.96698213272839e-12,2.13632687730391e-18,1.38777878078145e-17
"paraboloid-surface_area-rep1-n240-r64","paraboloid","surface_area",1,240,64,"ambient",32,"classical_perturbed",0.000548195894894478,0.000329999752035035,307489.99178649,0.00212220233125459,0.0021217307320452,0.00469255074200385,0.00472447496542251,0.00457159647396411,0.00968917861975226,1.00258682422735,16849.3484897835,573.096016339543,521.095753157195,0.0340129481378485,0.909264308772408,0.0309267597778726,0.00715880608349884,2.22261445359528e-17,2.22044604925031e-16
"paraboloid-surface_area-rep1-n240-r64","paraboloid","surface_area",1,240,64,"ambient",32,"classical_random",0.0153828527164531,0.0317019094542784,42915423531.9818,0.792826205007302,0.18668074186069,0.00469255074200385,0.0233012153668392,0.421497463498161,0.449154426403748,0.351228469424841,3235.32236081581,1335.85781237504,721.058905740432,0.412897901165617,0.539772196607103,0.222870807086628,0.75364438826691,9.0205620750794e-17,5.55111512312578e-17
"paraboloid-surface_area-rep1-n240-r64","paraboloid","surface_area",1,240,64,"ambient",32,"classical_original",8.43043033248489e-17,2.30013417763291e-16,737665.575096121,0.00328701021026896,0.00215354118703801,0.00469255074200385,0.00469255074200385,0.00453995732254046,1.56288467170507e-15,1,16807.235037725,570.587542320081,505.171935484734,0.0339489238437707,0.885353951876764,0.0300568138870457,5.10702591327572e-15,0,2.22044604925031e-16
"paraboloid-surface_area-rep1-n240-r64","paraboloid","surface_area",1,240,64,"ambient",32,"classical_extended",0.000498887981938509,0.000248608614004271,306099.060124159,0.00211739699737582,0.0021166439713755,0.00469255074200385,0.0047273622325132,0.00456231858278175,0.00913590795431969,1.00256660432756,16849.6189284593,572.301449078876,519.631131740495,0.0339652458318953,0.907967527562347,0.0308393402810332,0.00608352741969154,2.72134745293862e-17,0
"paraboloid-surface_area-rep1-n240-r64","paraboloid","surface_area",1,240,64,"ambient",32,"classical_fixed_perturbed",0.000544688342424793,0.000327350175512526,746679.915248873,0.00330703300718355,0.00212125329623727,0.00469255074200385,0.004724068431251,0.0045712124283777,0.00966485164063776,0.999997457481637,16805.8529009932,571.579813102388,519.648120334596,0.0340107590176877,0.909143584889887,0.0309206633781666,0.00722362577529978,1.59377719355369e-17,1.11022302462516e-16
"paraboloid-surface_area-rep1-n240-r64","paraboloid","surface_area",1,240,64,"ambient",32,"classical_fixed_random",0.0124823605211833,0.0303135299938067,34874455804.8782,0.714702028185775,0.464208259444155,0.00469255074200385,0.0232975440259327,0.713855074574406,0.811818055764,0.999004740163998,4592.71303869171,2955.59616518284,1871.82506787881,0.643540351919043,0.633315569267904,0.407564124322476,0.598400867835033,8.32667268468867e-17,2.22044604925031e-16
"paraboloid-surface_area-rep1-n240-r64","paraboloid","surface_area",1,240,64,"ambient",32,"classical_fixed_original",8.43043033248489e-17,2.30013417763291e-16,737665.575096121,0.00328701021026896,0.00215354118703801,0.00469255074200385,0.00469255074200385,0.00453995732254046,1.56288467170507e-15,1,16807.235037725,570.587542320081,505.171935484734,0.0339489238437707,0.885353951876764,0.0300568138870457,5.10702591327572e-15,0,2.22044604925031e-16
"paraboloid-surface_area-rep1-n240-r64","paraboloid","surface_area",1,240,64,"ambient",32,"classical_fixed_extended",0.000498143276800961,0.000248803381842225,734004.407622539,0.0032788430512342,0.00211668481494999,0.00469255074200385,0.0047273758550707,0.0045622363403024,0.00912344563900418,0.999999148332883,16806.4790271789,570.833745064665,518.234803523157,0.0339651002533922,0.907855935294173,0.0308354178579037,0.00610644917669267,3.46944695195361e-18,2.77555756156289e-17
"paraboloid-surface_area-rep1-n240-r64","paraboloid","surface_area",1,240,64,"ambient",32,"stress_perturbed",0.000539362164846904,0.000327983734389139,306001.440478625,0.0021170593354,0.00211672936176326,0.00469255074200385,0.00472612188184708,0.00456989268900922,0.00976406855890496,1.00249813604925,16847.9548666777,573.020170617729,521.417120991083,0.0340112598325547,0.909945491847144,0.030948392556675,0.00800997544296234,8.89045781438114e-18,1.38777878078145e-17
"paraboloid-surface_area-rep1-n240-r64","paraboloid","surface_area",1,240,64,"ambient",32,"stress_random",0.0153828527164531,0.0317019094542784,42915423531.9818,0.792826205007302,0.18668074186069,0.00469255074200385,0.0233012153668392,0.421497463498161,0.449154426403748,0.351228469424841,3235.32236081581,1335.85781237504,721.058905740432,0.412897901165617,0.539772196607103,0.222870807086628,0.75364438826691,9.0205620750794e-17,5.55111512312578e-17
"paraboloid-surface_area-rep1-n240-r64","paraboloid","surface_area",1,240,64,"ambient",32,"stress_original",8.43043033248489e-17,2.30013417763291e-16,737665.575096121,0.00328701021026896,0.00215354118703801,0.00469255074200385,0.00469255074200385,0.00453995732254046,1.56288467170507e-15,1,16807.235037725,570.587542320081,505.171935484734,0.0339489238437707,0.885353951876764,0.0300568138870457,5.10702591327572e-15,0,2.22044604925031e-16
"paraboloid-surface_area-rep1-n240-r64","paraboloid","surface_area",1,240,64,"ambient",32,"stress_extended",0.000498215115852026,0.000248523075035096,305363.487600917,0.00211485135763112,0.00211469550042778,0.00469255074200385,0.0047281405931385,0.00456193139009667,0.00921278655502928,1.00248303798728,16848.22405193,572.244720820808,519.955281565651,0.0339646908218351,0.90862399013458,0.0308611328982232,0.00635356056034286,2.53703308361608e-17,1.38777878078145e-17
"paraboloid-surface_area-rep1-n240-r64","paraboloid","surface_area",1,240,64,"ambient",32,"stress_fixed_perturbed",0.000535765016918345,0.000324735266817693,742114.746384947,0.00329690797872518,0.00211605479406683,0.00469255074200385,0.00472641959715298,0.00456928086322661,0.00972832201880871,0.999998394408847,16805.9942524433,571.528577390629,519.972538182782,0.0340074243038337,0.909792718601699,0.0309397070100264,0.00803928311556312,2.87313575708659e-18,0
"paraboloid-surface_area-rep1-n240-r64","paraboloid","surface_area",1,240,64,"ambient",32,"stress_fixed_random",0.0124823605211833,0.0303135299938067,34874455804.8782,0.714702028185775,0.464208259444155,0.00469255074200385,0.0232975440259327,0.713855074574406,0.811818055764,0.999004740163998,4592.71303869171,2955.59616518284,1871.82506787881,0.643540351919043,0.633315569267904,0.407564124322476,0.598400867835033,8.32667268468867e-17,2.22044604925031e-16
"paraboloid-surface_area-rep1-n240-r64","paraboloid","surface_area",1,240,64,"ambient",32,"stress_fixed_original",8.43043033248489e-17,2.30013417763291e-16,737665.575096121,0.00328701021026896,0.00215354118703801,0.00469255074200385,0.00469255074200385,0.00453995732254046,1.56288467170507e-15,1,16807.235037725,570.587542320081,505.171935484734,0.0339489238437707,0.885353951876764,0.0300568138870457,5.10702591327572e-15,0,2.22044604925031e-16
"paraboloid-surface_area-rep1-n240-r64","paraboloid","surface_area",1,240,64,"ambient",32,"stress_fixed_extended",0.000497398532757333,0.000248978689156981,733009.284173161,0.00327661965841557,0.00211470586952451,0.00469255074200385,0.0047281329909698,0.00456186343301467,0.00919796596985067,0.99999921165037,16806.4894128974,570.825609789945,518.587340036033,0.0339645952087943,0.908486464415752,0.0308563750165497,0.00637525805902439,4.33680868994202e-18,0
"paraboloid-surface_area-rep1-n240-r64","paraboloid","surface_area",1,240,64,"ambient",8,"classical_perturbed",0.00391711363303125,0.0240613425982791,44805498.7369621,0.0234957823081367,0.0223556955835839,0.0941007436578114,0.100045710561984,0.0311775235633366,0.0735107755609019,1.11051610027531,18201.5931652262,1129.99509396458,747.63508206879,0.0620822080631608,0.661626838967696,0.0410752550769639,0.29553403132009,3.46944695195361e-17,1.11022302462516e-16
"paraboloid-surface_area-rep1-n240-r64","paraboloid","surface_area",1,240,64,"ambient",8,"classical_random",0.00809063653993159,0.0468478166585381,45419996435.2433,0.748079579187589,0.477498690393168,0.0941007436578114,0.0980706830113487,0.84148707292518,0.819938822417939,1.7791223883069,4162.00750858682,3023.20897251145,2130.28584480002,0.726382392697307,0.704643927750169,0.511840942238796,0.538343850918221,7.28583859910259e-17,2.22044604925031e-16
"paraboloid-surface_area-rep1-n240-r64","paraboloid","surface_area",1,240,64,"ambient",8,"classical_original",1.01669244618778e-16,4.94513273320658e-16,610640630.217793,0.0867395371899295,0.0175309363521139,0.0941007436578114,0.0941007436578114,0.00453995732254046,1.56288467170507e-15,1,16807.235037725,570.587542320081,505.171935484734,0.0339489238437707,0.885353951876764,0.0300568138870457,5.10702591327572e-15,0,4.44089209850063e-16
"paraboloid-surface_area-rep1-n240-r64","paraboloid","surface_area",1,240,64,"ambient",8,"classical_extended",0.00490710063219859,0.0252417784759595,66409283.6765789,0.0286047824842143,0.0251116949518157,0.0941007436578114,0.103053753726633,0.0347289071425714,0.0722901713548169,1.10594750214846,18083.0621108517,1106.91007917647,734.932374618522,0.0612125353765282,0.663949482839027,0.0406420312065116,0.296301128643156,7.97972798949331e-17,2.77555756156289e-17
"paraboloid-surface_area-rep1-n240-r64","paraboloid","surface_area",1,240,64,"ambient",8,"classical_fixed_perturbed",0.00379074424248133,0.0229409163977934,81462032.5909702,0.0316812182154389,0.0172846185803942,0.0941007436578114,0.118500699217553,0.0631429944548598,0.0661312106979265,1.00314493114592,17856.7809656152,1036.27314629768,646.566177184059,0.0580324722744328,0.62393412344425,0.036208439719851,1.05614760404001,8.41340885848751e-17,0
"paraboloid-surface_area-rep1-n240-r64","paraboloid","surface_area",1,240,64,"ambient",8,"classical_fixed_random",0.00573474375585962,0.0404522579490553,49261595831.4175,0.779073603993369,0.451844413102735,0.0941007436578114,0.0974278884708242,0.759980874232867,0.77612726758175,0.998472198536153,3757.66979196021,2552.2528545977,1333.45437411208,0.679211584812059,0.522461703475014,0.354862041620873,0.39374345705607,7.63278329429795e-17,2.22044604925031e-16
"paraboloid-surface_area-rep1-n240-r64","paraboloid","surface_area",1,240,64,"ambient",8,"classical_fixed_original",1.01669244618778e-16,4.94513273320658e-16,610640630.217793,0.0867395371899295,0.0175309363521139,0.0941007436578114,0.0941007436578114,0.00453995732254046,1.56288467170507e-15,1,16807.235037725,570.587542320081,505.171935484734,0.0339489238437707,0.885353951876764,0.0300568138870457,5.10702591327572e-15,0,4.44089209850063e-16
"paraboloid-surface_area-rep1-n240-r64","paraboloid","surface_area",1,240,64,"ambient",8,"classical_fixed_extended",0.00390040590987932,0.020169820371567,219758563.379254,0.0520351912912223,0.0197071624095403,0.0941007436578114,0.109164147588462,0.0434596867107008,0.0632610985031463,1.00139812005758,17461.3145718625,989.293762350066,620.39553019028,0.0566563163545676,0.627109513676232,0.0355297149957997,0.220610372257798,2.42861286636753e-17,5.55111512312578e-17
"paraboloid-surface_area-rep1-n240-r64","paraboloid","surface_area",1,240,64,"ambient",8,"stress_perturbed",0.00370021053888503,0.0135480314527199,12930136.4320677,0.0126219311094822,0.0125243559407952,0.0941007436578114,0.0965050729811786,0.0227690535292645,0.0798907839563908,1.07120710645612,18295.0199972761,1256.00509828637,881.562092963857,0.0686528409629164,0.70187779824032,0.0481859048579946,0.170357930076376,6.07153216591882e-18,2.77555756156289e-17
"paraboloid-surface_area-rep1-n240-r64","paraboloid","surface_area",1,240,64,"ambient",8,"stress_random",0.00809063653993159,0.0468478166585381,45419996435.2433,0.748079579187589,0.477498690393168,0.0941007436578114,0.0980706830113487,0.84148707292518,0.819938822417939,1.7791223883069,4162.00750858682,3023.20897251145,2130.28584480002,0.726382392697307,0.704643927750169,0.511840942238796,0.538343850918221,7.28583859910259e-17,2.22044604925031e-16
"paraboloid-surface_area-rep1-n240-r64","paraboloid","surface_area",1,240,64,"ambient",8,"stress_original",1.01669244618778e-16,4.94513273320658e-16,610640630.217793,0.0867395371899295,0.0175309363521139,0.0941007436578114,0.0941007436578114,0.00453995732254046,1.56288467170507e-15,1,16807.235037725,570.587542320081,505.171935484734,0.0339489238437707,0.885353951876764,0.0300568138870457,5.10702591327572e-15,0,4.44089209850063e-16
"paraboloid-surface_area-rep1-n240-r64","paraboloid","surface_area",1,240,64,"ambient",8,"stress_extended",0.00351049330654783,0.0119687587517012,23104626.3843747,0.0168722781670283,0.0166059618314187,0.0941007436578114,0.0971266310479155,0.0159208444826938,0.0795128547725182,1.08380478899892,18267.3962924288,1254.23347511753,890.882195752167,0.068659674046562,0.710300126273287,0.0487689751451557,0.164526116492247,6.98226199080665e-17,2.22044604925031e-16
"paraboloid-surface_area-rep1-n240-r64","paraboloid","surface_area",1,240,64,"ambient",8,"stress_fixed_perturbed",0.00322490588287855,0.0171696739669968,57001336.5494473,0.0265012751556047,0.012077909708539,0.0941007436578114,0.114638991417265,0.0655245899714505,0.0742684146343751,1.00282839409347,17901.2139893314,1155.74482929265,755.277421513832,0.0645623715789022,0.653498421425845,0.0421914079103215,0.19522989468837,3.46944695195361e-17,0
"paraboloid-surface_area-rep1-n240-r64","paraboloid","surface_area",1,240,64,"ambient",8,"stress_fixed_random",0.00573474375585962,0.0404522579490553,49261595831.4175,0.779073603993369,0.451844413102735,0.0941007436578114,0.0974278884708242,0.759980874232867,0.77612726758175,0.998472198536153,3757.66979196021,2552.2528545977,1333.45437411208,0.679211584812059,0.522461703475014,0.354862041620873,0.39374345705607,7.63278329429795e-17,2.22044604925031e-16
"paraboloid-surface_area-rep1-n240-r64","paraboloid","surface_area",1,240,64,"ambient",8,"stress_fixed_original",1.01669244618778e-16,4.94513273320658e-16,610640630.217793,0.0867395371899295,0.0175309363521139,0.0941007436578114,0.0941007436578114,0.00453995732254046,1.56288467170507e-15,1,16807.235037725,570.587542320081,505.171935484734,0.0339489238437707,0.885353951876764,0.0300568138870457,5.10702591327572e-15,0,4.44089209850063e-16
"paraboloid-surface_area-rep1-n240-r64","paraboloid","surface_area",1,240,64,"ambient",8,"stress_fixed_extended",0.002379340181163,0.0141226595926474,145203598.269954,0.0422973287861529,0.0122828527327229,0.0941007436578114,0.104063931600615,0.0489261096089776,0.0702564079270242,1.0012110889682,17594.5986007263,1107.82836278236,712.00537269154,0.0629641168816791,0.642703686429646,0.0404672700326423,0.179670462706984,1.56125112837913e-17,2.77555756156289e-17
"paraboloid-surface_area-rep1-n240-r64","paraboloid","surface_area",1,240,64,"geodesic",128,"classical_perturbed",0.00195354949724369,0.00435771541359299,7202447.36157869,0.0102896662216445,0.00193640450882736,2.12452090320972e-05,0.0019564146168087,0.00194510129329486,0.0144554893358643,0.990088319429226,16636.2099224537,751.043462559904,644.086312449395,0.0451451061305875,0.857588601136411,0.0387159284146854,0.324638800583963,3.07913416985883e-17,0
"paraboloid-surface_area-rep1-n240-r64","paraboloid","surface_area",1,240,64,"geodesic",128,"classical_random",0.00600517509458162,0.00966764884480619,41566120502.5432,0.781683575762688,0.0204579497009995,2.12452090320972e-05,0.00623874156416375,0.0341851725279838,0.182482283349587,0.22457456809424,3614.96001154187,651.711611312216,155.137547647743,0.180281831398253,0.238046315202785,0.0429154256623638,0.609376121477527,6.50521303491303e-17,1.38777878078145e-17
"paraboloid-surface_area-rep1-n240-r64","paraboloid","surface_area",1,240,64,"geodesic",128,"classical_original",0.00195359401554302,0.00435775607835908,8798859.32408305,0.0113729839933254,0.00193624106594579,2.12452090320972e-05,0.00195654934913425,0.00194481406758401,0.0144409458447562,0.988985433703435,16617.7135498361,750.184384772647,643.156349943763,0.0451436584535451,0.85733102820939,0.0387030591191113,0.324627658345785,1.25767452008319e-17,1.11022302462516e-16
"paraboloid-surface_area-rep1-n240-r64","paraboloid","surface_area",1,240,64,"geodesic",128,"classical_extended",0.00195383171373574,0.00435763422703886,45943262.5780467,0.0259879580511539,0.00193694801013379,2.12452090320972e-05,0.00195639208958675,0.0019461750417644,0.0144925473150801,0.974281125414107,16370.4896723948,739.111837906721,634.203457986072,0.0451490366322437,0.858061561809419,0.0387406528868537,0.324661667813694,1.82145964977565e-17,0
"paraboloid-surface_area-rep1-n240-r64","paraboloid","surface_area",1,240,64,"geodesic",128,"classical_fixed_perturbed",0.00195320982523048,0.00435765848806847,258543.195778016,0.00194952045865682,0.00193669836392434,2.12452090320972e-05,0.00195568535159767,0.00194618224462117,0.0144726517069277,0.999981122635969,16802.2843840816,758.649851389581,650.730866325044,0.0451515897509936,0.857748624260761,0.0387287139921011,0.324685917259776,3.29597460435593e-17,0
"paraboloid-surface_area-rep1-n240-r64","paraboloid","surface_area",1,240,64,"geodesic",128,"classical_fixed_random",0.00880570381786707,0.0125063156209769,632164938.449999,0.0963998689034721,0.0577139469915288,2.12452090320972e-05,0.00905642314619141,0.0961780099496541,0.310142321810675,0.999708907175403,14756.1669923662,4715.89658518794,711.501286061633,0.319588182190375,0.150872961950941,0.0482172156515789,3.76834762733043,7.45931094670027e-17,5.55111512312578e-17
"paraboloid-surface_area-rep1-n240-r64","paraboloid","surface_area",1,240,64,"geodesic",128,"classical_fixed_original",0.00195321068418573,0.00435770300057571,258407.392374136,0.00194900838505794,0.00193648269472372,2.12452090320972e-05,0.00195581982817601,0.00194573132704787,0.0144573518691682,0.9999811241932,16802.3378417727,758.631022195508,650.511801583769,0.0451503254689628,0.857481150324122,0.0387155530206347,0.324681184231257,5.3776427755281e-17,5.55111512312578e-17
"paraboloid-surface_area-rep1-n240-r64","paraboloid","surface_area",1,240,64,"geodesic",128,"classical_fixed_extended",0.00195362297684933,0.00435758609724252,258938.166782349,0.00195100901107428,0.00193739118083509,2.12452090320972e-05,0.00195577744673064,0.00194751102139408,0.0145176596456044,0.999981034325244,16802.1462869632,758.717626846568,651.217713398077,0.0451559945907184,0.85831367343436,0.0387580075947416,0.324711024703991,2.42861286636753e-17,0
"paraboloid-surface_area-rep1-n240-r64","paraboloid","surface_area",1,240,64,"geodesic",128,"stress_perturbed",0.00195356091704272,0.00435770283474821,7751809.99204609,0.0106748750496262,0.00193642263493667,2.12452090320972e-05,0.00195638216735698,0.00194520628076843,0.0144549828331336,0.989697174794424,16629.6231338903,750.743179819,643.823830795915,0.0451449304517927,0.857581990889531,0.0387154793354178,0.324632897123543,8.67361737988404e-18,5.55111512312578e-17
"paraboloid-surface_area-rep1-n240-r64","paraboloid","surface_area",1,240,64,"geodesic",128,"stress_random",0.00600517509458162,0.00966764884480619,41566120502.5432,0.781683575762688,0.0204579497009995,2.12452090320972e-05,0.00623874156416375,0.0341851725279838,0.182482283349587,0.22457456809424,3614.96001154187,651.711611312216,155.137547647743,0.180281831398253,0.238046315202785,0.0429154256623638,0.609376121477527,6.50521303491303e-17,1.38777878078145e-17
"paraboloid-surface_area-rep1-n240-r64","paraboloid","surface_area",1,240,64,"geodesic",128,"stress_original",0.00195359401554302,0.00435775607835908,8798859.32408305,0.0113729839933254,0.00193624106594579,2.12452090320972e-05,0.00195654934913425,0.00194481406758401,0.0144409458447562,0.988985433703435,16617.7135498361,750.184384772647,643.156349943763,0.0451436584535451,0.85733102820939,0.0387030591191113,0.324627658345785,1.25767452008319e-17,1.11022302462516e-16
"paraboloid-surface_area-rep1-n240-r64","paraboloid","surface_area",1,240,64,"geodesic",128,"stress_extended",0.00195385953141809,0.00435764820208099,47432736.9105428,0.0264058610129911,0.00193699459305194,2.12452090320972e-05,0.00195635690609175,0.00194635606897975,0.0144921981320939,0.97386331054633,16363.4474839893,738.789691283779,633.926818455127,0.0451487800481313,0.858061266872262,0.0387404194058367,0.324653051292486,1.99493199737333e-17,0
"paraboloid-surface_area-rep1-n240-r64","paraboloid","surface_area",1,240,64,"geodesic",128,"stress_fixed_perturbed",0.00195321213807852,0.00435765866405941,258541.901132642,0.00194951557757535,0.00193669592085022,2.12452090320972e-05,0.00195568910257864,0.0019461773038963,0.0144725364251854,0.999981116311149,16802.2848392709,758.650302325819,650.727923210349,0.0451516153655886,0.857744235012352,0.0387285377813288,0.324686192113058,2.86229373536173e-17,0
"paraboloid-surface_area-rep1-n240-r64","paraboloid","surface_area",1,240,64,"geodesic",128,"stress_fixed_random",0.00880570381786707,0.0125063156209769,632164938.449999,0.0963998689034721,0.0577139469915288,2.12452090320972e-05,0.00905642314619141,0.0961780099496541,0.310142321810675,0.999708907175403,14756.1669923662,4715.89658518794,711.501286061633,0.319588182190375,0.150872961950941,0.0482172156515789,3.76834762733043,7.45931094670027e-17,5.55111512312578e-17
"paraboloid-surface_area-rep1-n240-r64","paraboloid","surface_area",1,240,64,"geodesic",128,"stress_fixed_original",0.00195321068418573,0.00435770300057571,258407.392374136,0.00194900838505794,0.00193648269472372,2.12452090320972e-05,0.00195581982817601,0.00194573132704787,0.0144573518691682,0.9999811241932,16802.3378417727,758.631022195508,650.511801583769,0.0451503254689628,0.857481150324122,0.0387155530206347,0.324681184231257,5.3776427755281e-17,5.55111512312578e-17
"paraboloid-surface_area-rep1-n240-r64","paraboloid","surface_area",1,240,64,"geodesic",128,"stress_fixed_extended",0.00195362274141642,0.00435758612565046,258937.609594513,0.00195100691196489,0.00193739004385936,2.12452090320972e-05,0.00195577769677449,0.00194750887205347,0.0145175971910663,0.999981031941201,16802.1464594784,758.717669828463,651.216792256718,0.0451559966852007,0.858312410733692,0.0387579523739572,0.324711047266065,2.42861286636753e-17,1.11022302462516e-16
"paraboloid-surface_area-rep1-n240-r64","paraboloid","surface_area",1,240,64,"geodesic",239,"classical_perturbed",0.00193333890454348,0.0019308090843413,16443433.3377091,0.0155475121098892,0.00193080548530033,0,0.00193341092014924,0.00193080908434129,0.0143220545680254,0.984569145370832,16546.7439232438,745.99968676926,639.339268241482,0.0450843797565106,0.857023507624115,0.0386383732779824,0.320348194411904,1.82145964977565e-17,0
"paraboloid-surface_area-rep1-n240-r64","paraboloid","surface_area",1,240,64,"geodesic",239,"classical_random",0.00251153831184118,0.00249363080586733,28485069782.447,0.647102826230908,0.00249362305296269,0,0.00251192637239982,0.00249363080586732,0.030776628890988,0.352897772124268,5931.06068338052,265.913394708565,224.97309198147,0.0448340370978978,0.846038960271388,0.0379313421310743,0.49617642041109,4.33680868994202e-18,0
"paraboloid-surface_area-rep1-n240-r64","paraboloid","surface_area",1,240,64,"geodesic",239,"classical_original",0.00193333695017626,0.00193080268562446,22677227.0539517,0.018258270080088,0.00193079908661927,0,0.00193340896446834,0.00193080268562446,0.0143221005209772,0.981840413116874,16500.8846053989,743.932283964619,637.568112130492,0.0450843880043383,0.857024390355419,0.0386384201439652,0.320354547800625,7.37257477290143e-18,1.11022302462516e-16
"paraboloid-surface_area-rep1-n240-r64","paraboloid","surface_area",1,240,64,"geodesic",239,"classical_extended",0.00193335754716973,0.00193082714917864,49898388.5293755,0.0270836949066234,0.00193082355003664,0,0.00193342955844104,0.00193082714917864,0.0143230027601336,0.972981540208499,16352.0011539006,737.223479875622,631.825956187996,0.0450846029753224,0.857034499626344,0.0386390601518078,0.320351801622462,8.89045781438114e-18,0
"paraboloid-surface_area-rep1-n240-r64","paraboloid","surface_area",1,240,64,"geodesic",239,"classical_fixed_perturbed",0.00193334027210949,0.00193079845397693,253596.327924946,0.00193079485591447,0.00193079485499545,0,0.00193341228799982,0.00193079845397695,0.014322276310613,0.999996212459032,16806.0121251774,757.692186669159,649.359582935782,0.0450845912180466,0.857022936702554,0.0386385287657244,0.320358711847621,2.73218947466347e-17,0
"paraboloid-surface_area-rep1-n240-r64","paraboloid","surface_area",1,240,64,"geodesic",239,"classical_fixed_random",0.00290935106002333,0.0028900849708895,568185.148831091,0.00289007818436242,0.00289007290111609,0,0.00290994424590172,0.00289008497088952,0.049633415209798,0.999986121385384,16806.8689699346,760.434314584544,619.914777278651,0.0452454479144727,0.815211472429852,0.0368846082151054,0.469095678266318,3.98986399474666e-17,0
"paraboloid-surface_area-rep1-n240-r64","paraboloid","surface_area",1,240,64,"geodesic",239,"classical_fixed_original",0.00193334000366925,0.00193079857277711,253596.359131852,0.00193079497471377,0.00193079497379493,0,0.00193341201826941,0.00193079857277713,0.0143221725648772,0.999996212464499,16806.0122386203,757.690070061585,649.359119139552,0.0450844649702449,0.857024718677879,0.0386385009078668,0.320360332630611,4.11996825544492e-18,1.11022302462516e-16
"paraboloid-surface_area-rep1-n240-r64","paraboloid","surface_area",1,240,64,"geodesic",239,"classical_fixed_extended",0.00193334072828266,0.00193079827705414,253596.281208673,0.00193079467807368,0.00193079467807361,0,0.00193341274136384,0.00193079827705415,0.0143231689006169,0.99999627155493,16806.012575829,757.694934778977,649.370507608683,0.045084753528551,0.85703424663662,0.0386391777751394,0.320357225720379,1.84314369322536e-17,0
"paraboloid-surface_area-rep1-n240-r64","paraboloid","surface_area",1,240,64,"geodesic",239,"stress_perturbed",0.00193333715193301,0.00193080300408008,14765584.9011748,0.0147329590014981,0.00193079940507312,0,0.00193340916781142,0.00193080300408009,0.0143221504077536,0.985390406777458,16560.5459933486,746.623436001855,639.873709476275,0.0450844698177059,0.857023338167334,0.0386384428226748,0.320352335254774,7.58941520739853e-18,5.55111512312578e-17
"paraboloid-surface_area-rep1-n240-r64","paraboloid","surface_area",1,240,64,"geodesic",239,"stress_random",0.00251153831184118,0.00249363080586733,28485069782.447,0.647102826230908,0.00249362305296269,0,0.00251192637239982,0.00249363080586732,0.030776628890988,0.352897772124268,5931.06068338052,265.913394708565,224.97309198147,0.0448340370978978,0.846038960271388,0.0379313421310743,0.49617642041109,4.33680868994202e-18,0
"paraboloid-surface_area-rep1-n240-r64","paraboloid","surface_area",1,240,64,"geodesic",239,"stress_original",0.00193333695017626,0.00193080268562446,22677227.0539517,0.018258270080088,0.00193079908661927,0,0.00193340896446834,0.00193080268562446,0.0143221005209772,0.981840413116874,16500.8846053989,743.932283964619,637.568112130492,0.0450843880043383,0.857024390355419,0.0386384201439652,0.320354547800625,7.37257477290143e-18,1.11022302462516e-16
"paraboloid-surface_area-rep1-n240-r64","paraboloid","surface_area",1,240,64,"geodesic",239,"stress_extended",0.00193335051443801,0.00193081801654614,61429621.7648515,0.0300506294562467,0.00193081441745522,0,0.00193342252604554,0.00193081801654613,0.0143230303895403,0.970007791938752,16302.0240847063,734.970693288684,629.895221033753,0.0450846281093521,0.857034473327416,0.038639080506861,0.320352766329691,1.56125112837913e-17,1.38777878078145e-17
"paraboloid-surface_area-rep1-n240-r64","paraboloid","surface_area",1,240,64,"geodesic",239,"stress_fixed_perturbed",0.00193334028016423,0.00193079845230863,253596.327486698,0.00193079485424614,0.00193079485332714,0,0.00193341229607588,0.00193079845230864,0.0143222788936513,0.99999621245972,16806.0121210937,757.692224937576,649.359644275215,0.045084593506069,0.857022974372891,0.0386385324249639,0.320358638786539,5.42101086242752e-18,1.11022302462516e-16
"paraboloid-surface_area-rep1-n240-r64","paraboloid","surface_area",1,240,64,"geodesic",239,"stress_fixed_random",0.00290935106002333,0.0028900849708895,568185.148831091,0.00289007818436242,0.00289007290111609,0,0.00290994424590172,0.00289008497088952,0.049633415209798,0.999986121385384,16806.8689699346,760.434314584544,619.914777278651,0.0452454479144727,0.815211472429852,0.0368846082151054,0.469095678266318,3.98986399474666e-17,0
"paraboloid-surface_area-rep1-n240-r64","paraboloid","surface_area",1,240,64,"geodesic",239,"stress_fixed_original",0.00193334000366925,0.00193079857277711,253596.359131852,0.00193079497471377,0.00193079497379493,0,0.00193341201826941,0.00193079857277713,0.0143221725648772,0.999996212464499,16806.0122386203,757.690070061585,649.359119139552,0.0450844649702449,0.857024718677879,0.0386385009078668,0.320360332630611,4.11996825544492e-18,1.11022302462516e-16
"paraboloid-surface_area-rep1-n240-r64","paraboloid","surface_area",1,240,64,"geodesic",239,"stress_fixed_extended",0.00193334072774015,0.00193079827705665,253596.281209332,0.00193079467807619,0.00193079467807611,0,0.00193341274081805,0.00193079827705666,0.0143231687853504,0.999996271554936,16806.0125759657,757.69493192966,649.37050740009,0.0450847533586427,0.857034249584204,0.0386391777624133,0.320357228424298,3.25260651745651e-18,1.38777878078145e-17
"paraboloid-surface_area-rep1-n240-r64","paraboloid","surface_area",1,240,64,"geodesic",32,"classical_perturbed",0.00391875500968488,0.0277296800000924,117439137.002755,0.0414709883573745,0.00481966451398747,0.00241644965762048,0.00472048595861415,0.00798899122719798,0.0165187242529708,0.967265190292171,16143.7471408276,736.284316415107,628.473513164354,0.0456080183858333,0.853574494462041,0.0389298412371031,0.339448831645545,6.93889390390723e-17,0
"paraboloid-surface_area-rep1-n240-r64","paraboloid","surface_area",1,240,64,"geodesic",32,"classical_random",0.0187451338538778,0.0463043773409769,49291927015.4675,0.849622213542076,0.123052852826704,0.00241644965762048,0.0253256980671105,0.173132490153734,0.24040164235683,0.174668281128248,2507.97235128194,414.540081626188,298.296091547849,0.165288936065941,0.719583231560316,0.118939146755496,1.11527201860791,2.28983498828939e-16,1.38777878078145e-17
"paraboloid-surface_area-rep1-n240-r64","paraboloid","surface_area",1,240,64,"geodesic",32,"classical_original",0.00384624347060312,0.0277239935105553,133369115.482834,0.044194232454176,0.00483287098657129,0.00241644965762048,0.00462104598333367,0.00801156936981218,0.0155376914575622,0.964539839532714,16097.6971542175,733.438455779259,625.681754567607,0.0455617004564594,0.853080104591512,0.0388677801907635,0.339421408214496,3.38271077815477e-17,1.11022302462516e-16
"paraboloid-surface_area-rep1-n240-r64","paraboloid","surface_area",1,240,64,"geodesic",32,"classical_extended",0.00388990624755419,0.0277262219189648,663499251.947,0.0985730464830112,0.00481560140291155,0.00241644965762048,0.00469310261204088,0.00800813433107958,0.0160222279613929,0.909524531673493,15179.5896330738,692.055358830902,590.034425610641,0.0455911770712845,0.852582698886102,0.0388702487928299,0.33941366876475,1.00613961606655e-16,1.38777878078145e-17
"paraboloid-surface_area-rep1-n240-r64","paraboloid","surface_area",1,240,64,"geodesic",32,"classical_fixed_perturbed",0.00428670762535508,0.0276872445584331,12977292.4984738,0.0137857375721473,0.00537853925800713,0.00241644965762048,0.00663287209978826,0.0110347259271057,0.0174755743675546,0.999194728258725,16622.8222179736,766.521731487256,654.991753767894,0.0461126108091588,0.85449860957893,0.0394031618204805,0.340730379751499,2.42861286636753e-17,1.11022302462516e-16
"paraboloid-surface_area-rep1-n240-r64","paraboloid","surface_area",1,240,64,"geodesic",32,"classical_fixed_random",0.0162718947124518,0.0466656244683817,34161861606.624,0.707308251647607,0.443777546925511,0.00241644965762048,0.0235573620178933,0.706178313961875,0.797205204558879,0.99762542098386,4473.43375219779,3237.12408404715,1856.52936729197,0.723632954764727,0.573511956628764,0.415012151768172,0.593608774531063,1.17961196366423e-16,0
"paraboloid-surface_area-rep1-n240-r64","paraboloid","surface_area",1,240,64,"geodesic",32,"classical_fixed_original",0.00421559749032617,0.0276811506559448,13088205.9211003,0.0138445237244676,0.00539310491120041,0.00241644965762048,0.00654769003524109,0.0110825677305974,0.0165631239402905,0.999198590249943,16621.9016221459,765.507940650061,654.77420173963,0.0460541734665395,0.855346061052748,0.0393922558696445,0.340718145160619,3.81639164714898e-17,2.22044604925031e-16
"paraboloid-surface_area-rep1-n240-r64","paraboloid","surface_area",1,240,64,"geodesic",32,"classical_fixed_extended",0.0042434710118403,0.0276832934638286,12784178.5618384,0.0136827809464431,0.00534172989397557,0.00241644965762048,0.00652848088180105,0.0109609841440291,0.0171742544691513,0.999233783222529,16624.4401907506,766.129690594872,655.738822816553,0.0460845407005721,0.855910991137017,0.0394442649071208,0.340668168858629,2.42861286636753e-17,4.44089209850063e-16
"paraboloid-surface_area-rep1-n240-r64","paraboloid","surface_area",1,240,64,"geodesic",32,"stress_perturbed",0.0039146430075204,0.0277292022802132,119282018.330001,0.0417951078022064,0.00481696026608881,0.00241644965762048,0.00471879403169565,0.0079901999279455,0.0164950221063661,0.966938856298703,16138.2493529071,736.001532987234,628.256493050335,0.0456060330270366,0.853607587609784,0.0389296558326608,0.339421556608184,8.32667268468867e-17,5.55111512312578e-17
"paraboloid-surface_area-rep1-n240-r64","paraboloid","surface_area",1,240,64,"geodesic",32,"stress_random",0.0187451338538778,0.0463043773409769,49291927015.4675,0.849622213542076,0.123052852826704,0.00241644965762048,0.0253256980671105,0.173132490153734,0.24040164235683,0.174668281128248,2507.97235128194,414.540081626188,298.296091547849,0.165288936065941,0.719583231560316,0.118939146755496,1.11527201860791,2.28983498828939e-16,1.38777878078145e-17
"paraboloid-surface_area-rep1-n240-r64","paraboloid","surface_area",1,240,64,"geodesic",32,"stress_original",0.00384624347060312,0.0277239935105553,133369115.482834,0.044194232454176,0.00483287098657129,0.00241644965762048,0.00462104598333367,0.00801156936981218,0.0155376914575622,0.964539839532714,16097.6971542175,733.438455779259,625.681754567607,0.0455617004564594,0.853080104591512,0.0388677801907635,0.339421408214496,3.38271077815477e-17,1.11022302462516e-16
"paraboloid-surface_area-rep1-n240-r64","paraboloid","surface_area",1,240,64,"geodesic",32,"stress_extended",0.00388837287364177,0.0277265946694503,663959818.623765,0.0986072526893868,0.00481457163099358,0.00241644965762048,0.00468925322451376,0.00800293611911826,0.0160165215095531,0.909485089945102,15179.010741938,692.02153864458,590.059121160809,0.0455906877206825,0.852660052050579,0.0388733581649388,0.339440688936729,1.73472347597681e-17,0
"paraboloid-surface_area-rep1-n240-r64","paraboloid","surface_area",1,240,64,"geodesic",32,"stress_fixed_perturbed",0.00427965344829749,0.0276870846352317,12951673.7572434,0.013772123495194,0.00537201577308466,0.00241644965762048,0.00662261066972258,0.0110223190403228,0.0174422185302711,0.999196383294118,16623.0285498821,766.469513291184,654.987182138499,0.0461088971237206,0.854550860511092,0.0394023977142928,0.340726482605007,3.20923843055709e-17,0
"paraboloid-surface_area-rep1-n240-r64","paraboloid","surface_area",1,240,64,"geodesic",32,"stress_fixed_random",0.0162718947124518,0.0466656244683817,34161861606.624,0.707308251647607,0.443777546925511,0.00241644965762048,0.0235573620178933,0.706178313961875,0.797205204558879,0.99762542098386,4473.43375219779,3237.12408404715,1856.52936729197,0.723632954764727,0.573511956628764,0.415012151768172,0.593608774531063,1.17961196366423e-16,0
"paraboloid-surface_area-rep1-n240-r64","paraboloid","surface_area",1,240,64,"geodesic",32,"stress_fixed_original",0.00421559749032617,0.0276811506559448,13088205.9211003,0.0138445237244676,0.00539310491120041,0.00241644965762048,0.00654769003524109,0.0110825677305974,0.0165631239402905,0.999198590249943,16621.9016221459,765.507940650061,654.77420173963,0.0460541734665395,0.855346061052748,0.0393922558696445,0.340718145160619,3.81639164714898e-17,2.22044604925031e-16
"paraboloid-surface_area-rep1-n240-r64","paraboloid","surface_area",1,240,64,"geodesic",32,"stress_fixed_extended",0.00424049587084079,0.0276831779000507,12785815.050592,0.013683656677351,0.00533965705659145,0.00241644965762048,0.00652741786666969,0.010962390621893,0.0171686845994451,0.99923468721164,16624.4057684095,766.106175589033,655.85973460382,0.0460832216357967,0.856095089038476,0.0394516197294772,0.340666805606178,1.00613961606655e-16,1.38777878078145e-17
"paraboloid-surface_area-rep1-n240-r64","paraboloid","surface_area",1,240,64,"geodesic",8,"classical_perturbed",0.00486719466965805,0.0364311408796188,64008378.5205591,0.0293495729978759,0.0254130394276831,0.0474419826141005,0.0560804962083682,0.0611102036691397,0.0882139253749997,1.08993731184706,17267.7331148733,1309.73022189542,709.162897643705,0.075848416997325,0.541457229731948,0.0410686737469251,0.304805234797293,2.34187669256869e-17,2.22044604925031e-16
"paraboloid-surface_area-rep1-n240-r64","paraboloid","surface_area",1,240,64,"geodesic",8,"classical_random",0.00893481750314657,0.0435199508475863,41818125011.3691,0.750180295452935,0.419814500425195,0.0474419826141005,0.0559852500910951,0.820535211810522,0.756305020800237,1.47137529257243,4039.04402651451,2445.63661857603,1735.54515969975,0.605498876100761,0.709649645624898,0.429692062851179,0.619691044054672,5.55111512312578e-17,5.55111512312578e-17
"paraboloid-surface_area-rep1-n240-r64","paraboloid","surface_area",1,240,64,"geodesic",8,"classical_original",0.00272369437253819,0.0210584352665926,179836141.119821,0.049195101599004,0.0150548599408533,0.0474419826141005,0.0489456620316123,0.0200984879343791,0.0153956023522554,1.01568082744113,16745.4390358569,689.397789039958,583.682445903077,0.0411692872049371,0.846655523389336,0.0348562044060619,0.267862969512913,4.85722573273506e-17,2.22044604925031e-16
"paraboloid-surface_area-rep1-n240-r64","paraboloid","surface_area",1,240,64,"geodesic",8,"classical_extended",0.00491663871901913,0.0336273336640867,148816160.280458,0.044751585006137,0.0320956641235017,0.0474419826141005,0.0550980743845685,0.0741205750675159,0.0903783878079622,1.08504899485857,16976.7260923053,1258.25740393167,709.458475220597,0.0741166110055801,0.563842082711974,0.0417900643129395,0.253702253270713,9.4542429440736e-17,0
"paraboloid-surface_area-rep1-n240-r64","paraboloid","surface_area",1,240,64,"geodesic",8,"classical_fixed_perturbed",0.00754091941964774,0.0376349673868354,152009822.481215,0.0452292306279348,0.0204208099186202,0.0474419826141005,0.0707464213293816,0.02014570465334,0.0783121652694449,1.00235731806194,16828.9406985114,1153.96812305138,678.471444692628,0.0685704551299209,0.587946435555415,0.0403157546780495,0.284313927658315,3.46944695195361e-17,1.11022302462516e-16
"paraboloid-surface_area-rep1-n240-r64","paraboloid","surface_area",1,240,64,"geodesic",8,"classical_fixed_random",0.00836399366151081,0.0354718388053841,43994590935.6526,0.769454628315747,0.435682570334896,0.0474419826141005,0.048136326597303,0.760106627681004,0.765418818972878,0.998936963549792,3673.72996159561,2577.18708222563,1322.28688308604,0.701517833146965,0.513073688831363,0.359930342433698,0.276506827339728,5.72458747072346e-17,0
"paraboloid-surface_area-rep1-n240-r64","paraboloid","surface_area",1,240,64,"geodesic",8,"classical_fixed_original",0.0031315374934768,0.0213615616424205,214025357.272977,0.0536680714962514,0.0141321204681474,0.0474419826141005,0.0517590657751012,0.0109658038658636,0.0150333841072744,1.00041381233687,16659.6129738435,678.047083918965,569.086708633443,0.0407000501742468,0.839302641557347,0.0341596596227619,0.266972535348183,4.85722573273506e-17,4.44089209850063e-16
"paraboloid-surface_area-rep1-n240-r64","paraboloid","surface_area",1,240,64,"geodesic",8,"classical_fixed_extended",0.00537923985334726,0.0330552925605476,434329064.829821,0.0764526988036545,0.0288474383406848,0.0474419826141005,0.0591612210213593,0.0411492547158582,0.0779646378356328,1.0008786125562,16292.817362338,1089.00538082378,665.929613492449,0.0668395991070942,0.6115025923827,0.0408725881278085,0.291936826599685,3.46944695195361e-17,2.22044604925031e-16
"paraboloid-surface_area-rep1-n240-r64","paraboloid","surface_area",1,240,64,"geodesic",8,"stress_perturbed",0.00348884531693638,0.0217463371816227,13342401.8652397,0.0133998637638827,0.0127691295629907,0.0474419826141005,0.0475644445837636,0.0286846955424695,0.0891074567261149,1.06955895023153,17440.2216461245,1509.0338073317,784.584816840174,0.0865260681860099,0.519925274720976,0.0449870897721371,0.265872623672064,3.59955121265187e-17,2.22044604925031e-16
"paraboloid-surface_area-rep1-n240-r64","paraboloid","surface_area",1,240,64,"geodesic",8,"stress_random",0.00893481750314657,0.0435199508475863,41818125011.3691,0.750180295452935,0.419814500425195,0.0474419826141005,0.0559852500910951,0.820535211810522,0.756305020800237,1.47137529257243,4039.04402651451,2445.63661857603,1735.54515969975,0.605498876100761,0.709649645624898,0.429692062851179,0.619691044054672,5.55111512312578e-17,5.55111512312578e-17
"paraboloid-surface_area-rep1-n240-r64","paraboloid","surface_area",1,240,64,"geodesic",8,"stress_original",0.00272369437253819,0.0210584352665926,179836141.119821,0.049195101599004,0.0150548599408533,0.0474419826141005,0.0489456620316123,0.0200984879343791,0.0153956023522554,1.01568082744113,16745.4390358569,689.397789039958,583.682445903077,0.0411692872049371,0.846655523389336,0.0348562044060619,0.267862969512913,4.85722573273506e-17,2.22044604925031e-16
"paraboloid-surface_area-rep1-n240-r64","paraboloid","surface_area",1,240,64,"geodesic",8,"stress_extended",0.00342075128412656,0.0213060742392124,21189738.5373977,0.0168867538641028,0.013650959184711,0.0474419826141005,0.0474136340593987,0.0286982755375446,0.0877072585368391,1.06315857383847,17339.5762131865,1479.64271410466,763.396598531279,0.08533326858239,0.515933063606652,0.0440262546872817,0.264632109611443,4.5102810375397e-17,1.11022302462516e-16
"paraboloid-surface_area-rep1-n240-r64","paraboloid","surface_area",1,240,64,"geodesic",8,"stress_fixed_perturbed",0.00608492620272762,0.0238469645626941,88982484.8469861,0.0346047438585079,0.0116899491455634,0.0474419826141005,0.0624931600537974,0.013345396402924,0.0828483784623851,1.00235509335208,16951.9979705992,1371.13113550897,695.486250262824,0.0808831583089495,0.507235400211853,0.0410268011752387,0.259591805685916,6.93889390390723e-17,2.22044604925031e-16
"paraboloid-surface_area-rep1-n240-r64","paraboloid","surface_area",1,240,64,"geodesic",8,"stress_fixed_random",0.00836399366151081,0.0354718388053841,43994590935.6526,0.769454628315747,0.435682570334896,0.0474419826141005,0.048136326597303,0.760106627681004,0.765418818972878,0.998936963549792,3673.72996159561,2577.18708222563,1322.28688308604,0.701517833146965,0.513073688831363,0.359930342433698,0.276506827339728,5.72458747072346e-17,0
"paraboloid-surface_area-rep1-n240-r64","paraboloid","surface_area",1,240,64,"geodesic",8,"stress_fixed_original",0.0031315374934768,0.0213615616424205,214025357.272977,0.0536680714962514,0.0141321204681474,0.0474419826141005,0.0517590657751012,0.0109658038658636,0.0150333841072744,1.00041381233687,16659.6129738435,678.047083918965,569.086708633443,0.0407000501742468,0.839302641557347,0.0341596596227619,0.266972535348183,4.85722573273506e-17,4.44089209850063e-16
"paraboloid-surface_area-rep1-n240-r64","paraboloid","surface_area",1,240,64,"geodesic",8,"stress_fixed_extended",0.00361627805958401,0.0217266721496923,215802554.854957,0.0538904320316752,0.0120421879038757,0.0474419826141005,0.0521327905361783,0.013306616887635,0.080247485374409,1.0005988597914,16604.961972446,1306.28962846707,684.716600815061,0.0786686311377709,0.524169055539833,0.0412356620840968,0.26235957523191,1.73472347597681e-17,2.22044604925031e-16
"saddle-disk-rep1-n240-r64","saddle","disk",1,240,64,"ambient",128,"classical_perturbed",3.72537439398017e-06,5.80893003546768e-06,86.1759608792291,2.27362436322144e-05,2.27361898761934e-05,0.370150593200354,0.370150511280394,0.37015051700201,0.000273338713649068,1.00001386131568,26346.1915331755,523.718754074118,456.219279059968,0.0198783476319393,0.871115031705362,0.017316327427647,0.00257399738228492,3.64944145324515e-18,0
"saddle-disk-rep1-n240-r64","saddle","disk",1,240,64,"ambient",128,"classical_random",0.00296803613564723,0.00376813292286695,74493225478.7152,0.66847325562546,0.0384867267174498,0.370150593200354,0.37019024240821,0.373628487311429,0.298195071490664,0.347166320291755,8352.7910242293,2586.44302494806,233.87442617438,0.309650153756445,0.0904231888808289,0.0279995543400967,0.673891480927102,2.51534904016637e-17,1.11022302462516e-16
"saddle-disk-rep1-n240-r64","saddle","disk",1,240,64,"ambient",128,"classical_original",1.19125185495461e-16,1.35349882316453e-16,117.61256205734,2.65614942026249e-05,2.27031068891855e-05,0.370150593200354,0.370150593200354,0.370150598962957,2.86450315783299e-15,1,26345.8346051094,522.789581280519,456.980799907281,0.0198433486399832,0.87411994475474,0.0173454668169311,1.06581410364015e-14,0,2.22044604925031e-16
"saddle-disk-rep1-n240-r64","saddle","disk",1,240,64,"ambient",128,"classical_extended",2.19863710755638e-06,2.93670208509584e-06,92.6609887743874,2.35762165629413e-05,2.27099481242184e-05,0.370150593200354,0.37015058574875,0.370150591487702,0.000187938147825915,1.00002017638237,26346.3611848826,523.446625166179,456.450452919462,0.0198678907304486,0.87200954399993,0.0173249903360989,0.000358640750966366,2.51229972155625e-18,0
"saddle-disk-rep1-n240-r64","saddle","disk",1,240,64,"ambient",128,"classical_fixed_perturbed",3.7256292048398e-06,5.8099153126783e-06,118.444947782657,2.6655321031257e-05,2.27355374474659e-05,0.370150593200354,0.370150511334921,0.370150517056439,0.00027333236373436,0.999999994206562,26345.8262553004,523.71144532708,456.212867578582,0.0198783458241973,0.871114946311052,0.0173163241553982,0.00257404110899662,1.22904480646599e-18,0
"saddle-disk-rep1-n240-r64","saddle","disk",1,240,64,"ambient",128,"classical_fixed_random",0.0030938726646808,0.00390392985670728,679985088.087437,0.0638668271715822,0.0426483381029578,0.370150593200354,0.370076191951013,0.374254723312883,0.312670905855555,0.999959923191157,23825.4875383701,7799.50804105647,664.167849302096,0.327359850600986,0.0851550951426587,0.0278763592238135,0.773578055540095,2.81892564846231e-17,5.55111512312578e-17
"saddle-disk-rep1-n240-r64","saddle","disk",1,240,64,"ambient",128,"classical_fixed_original",1.19125185495461e-16,1.35349882316453e-16,117.61256205734,2.65614942026249e-05,2.27031068891855e-05,0.370150593200354,0.370150593200354,0.370150598962957,2.86450315783299e-15,1,26345.8346051094,522.789581280519,456.980799907281,0.0198433486399832,0.87411994475474,0.0173454668169311,1.06581410364015e-14,0,2.22044604925031e-16
"saddle-disk-rep1-n240-r64","saddle","disk",1,240,64,"ambient",128,"classical_fixed_extended",2.19916911360323e-06,2.9380620897704e-06,117.929419566479,2.65972495160255e-05,2.27097097918489e-05,0.370150593200354,0.370150585748372,0.370150591487283,0.000187970426611502,0.999999998256758,26345.8295956768,523.436211813976,456.441017821925,0.0198678963557811,0.872008866639399,0.0173249817837137,0.000359033784397611,2.47460675540344e-18,0
"saddle-disk-rep1-n240-r64","saddle","disk",1,240,64,"ambient",128,"stress_perturbed",3.72322646081124e-06,5.80508925574375e-06,94.1586160967211,2.37659774351948e-05,2.27360465826806e-05,0.370150593200354,0.37015051143171,0.370150517153339,0.000273253516201581,1.00000698967056,26346.0105106144,523.714725895272,456.216364516006,0.0198783313201926,0.871116166795044,0.0173163357819281,0.00257020406072317,1.86177841806495e-18,0
"saddle-disk-rep1-n240-r64","saddle","disk",1,240,64,"ambient",128,"stress_random",0.00296803613564723,0.00376813292286695,74493225478.7152,0.66847325562546,0.0384867267174498,0.370150593200354,0.37019024240821,0.373628487311429,0.298195071490664,0.347166320291755,8352.7910242293,2586.44302494806,233.87442617438,0.309650153756445,0.0904231888808289,0.0279995543400967,0.673891480927102,2.51534904016637e-17,1.11022302462516e-16
"saddle-disk-rep1-n240-r64","saddle","disk",1,240,64,"ambient",128,"stress_original",1.19125185495461e-16,1.35349882316453e-16,117.61256205734,2.65614942026249e-05,2.27031068891855e-05,0.370150593200354,0.370150593200354,0.370150598962957,2.86450315783299e-15,1,26345.8346051094,522.789581280519,456.980799907281,0.0198433486399832,0.87411994475474,0.0173454668169311,1.06581410364015e-14,0,2.22044604925031e-16
"saddle-disk-rep1-n240-r64","saddle","disk",1,240,64,"ambient",128,"stress_extended",2.19769686622094e-06,2.9349976897882e-06,86.0251225980225,2.27163367005318e-05,2.27099477678526e-05,0.370150593200354,0.370150585728515,0.370150591467474,0.000187869306525565,1.00001330513383,26346.1801637762,523.442689792741,456.447672285016,0.019867877868399,0.872010787782227,0.0173250038315837,0.000357970518240602,3.98147836856884e-18,0
"saddle-disk-rep1-n240-r64","saddle","disk",1,240,64,"ambient",128,"stress_fixed_perturbed",3.72383002816639e-06,5.8068507205106e-06,118.44386188142,2.66551988432154e-05,2.27352894905146e-05,0.370150593200354,0.370150511441789,0.370150517163298,0.000273250372485704,0.999999993083678,26345.8262542089,523.711040798081,456.21313452885,0.0198783304704446,0.87111612891267,0.0173163342886605,0.00257021942462821,7.07526620841517e-18,0
"saddle-disk-rep1-n240-r64","saddle","disk",1,240,64,"ambient",128,"stress_fixed_random",0.0030938726646808,0.00390392985670728,679985088.087437,0.0638668271715822,0.0426483381029578,0.370150593200354,0.370076191951013,0.374254723312883,0.312670905855555,0.999959923191157,23825.4875383701,7799.50804105647,664.167849302096,0.327359850600986,0.0851550951426587,0.0278763592238135,0.773578055540095,2.81892564846231e-17,5.55111512312578e-17
"saddle-disk-rep1-n240-r64","saddle","disk",1,240,64,"ambient",128,"stress_fixed_original",1.19125185495461e-16,1.35349882316453e-16,117.61256205734,2.65614942026249e-05,2.27031068891855e-05,0.370150593200354,0.370150593200354,0.370150598962957,2.86450315783299e-15,1,26345.8346051094,522.789581280519,456.980799907281,0.0198433486399832,0.87411994475474,0.0173454668169311,1.06581410364015e-14,0,2.22044604925031e-16
"saddle-disk-rep1-n240-r64","saddle","disk",1,240,64,"ambient",128,"stress_fixed_extended",2.19748399758933e-06,2.93455434788627e-06,117.929557901789,2.65972651157702e-05,2.27097484318962e-05,0.370150593200354,0.370150585784184,0.370150591523123,0.000187856301675206,0.999999998238931,26345.8295963963,523.43565209844,456.441669006267,0.0198678751102997,0.87201104314619,0.0173250065000307,0.000357706745452546,4.54475527849295e-18,0
"saddle-disk-rep1-n240-r64","saddle","disk",1,240,64,"ambient",239,"classical_perturbed",3.81363063391509e-07,3.81366115159001e-07,7.16370801996128,6.55542077387401e-06,3.81366115158977e-07,0.370150598962957,0.370150595196424,0.370150595196424,3.89266723881481e-05,0.999993455681604,26345.6620729406,522.763223772715,457.01077126609,0.0198424781402492,0.874221350094029,0.0173467180289799,0.000349362619393112,1.47293735571602e-18,0
"saddle-disk-rep1-n240-r64","saddle","disk",1,240,64,"ambient",239,"classical_random",0.000392782832262973,0.000393304933259941,84066444567.9203,0.710138363339715,0.000393304902840014,0.370150598962957,0.370144482159227,0.370144482579285,0.0258631976528535,0.289861645811259,7634.77839783541,202.872602759242,167.023824789784,0.0265721664975581,0.823294138873933,0.0218767089346219,0.189556836912407,7.31836466427715e-18,5.55111512312578e-17
"saddle-disk-rep1-n240-r64","saddle","disk",1,240,64,"ambient",239,"classical_original",9.63422563038528e-17,1.09022641580667e-16,1.9813907519265e-21,1.09022641580667e-16,1.09022641580667e-16,0.370150598962957,0.370150598962957,0.370150598962957,2.86450315783299e-15,1,26345.8346051094,522.789581280519,456.980799907281,0.0198433486399832,0.87411994475474,0.0173454668169311,1.06581410364015e-14,0,2.22044604925031e-16
"saddle-disk-rep1-n240-r64","saddle","disk",1,240,64,"ambient",239,"classical_extended",1.15421834558521e-15,1.11239918684469e-15,6.70286570184316e-19,2.00521938227273e-15,1.11239918684469e-15,0.370150598962957,0.370150598962957,0.370150598962957,7.13445422754213e-15,0.999999999999998,26345.8346051093,522.789581280516,456.980799907278,0.0198433486399831,0.874119944754739,0.0173454668169311,7.9202200353734e-12,4.60197992538119e-17,0
"saddle-disk-rep1-n240-r64","saddle","disk",1,240,64,"ambient",239,"classical_fixed_perturbed",3.7581342909576e-07,3.75816510766958e-07,0.0235468171507711,3.75835448931237e-07,3.7581651076693e-07,0.370150598962957,0.370150595245911,0.370150595245911,3.858702955628e-05,0.999999996226938,26345.8343910796,522.767008759241,457.013225842253,0.019842492023568,0.874219715828948,0.0173466977381818,0.000324219302786921,1.27563161856498e-18,0
"saddle-disk-rep1-n240-r64","saddle","disk",1,240,64,"ambient",239,"classical_fixed_random",0.000494563615966861,0.000493861841938238,40688.6711662206,0.000494047138410731,0.000493861781711922,0.370150598962957,0.370159664475279,0.370159663750438,0.0319104171816531,0.999986224083278,26339.2986244377,701.375466030525,561.777810067663,0.0266284792177338,0.800965869603448,0.0213285030128495,0.285557692219178,4.11996825544492e-18,2.77555756156289e-17
"saddle-disk-rep1-n240-r64","saddle","disk",1,240,64,"ambient",239,"classical_fixed_original",9.63422563038528e-17,1.09022641580667e-16,1.9813907519265e-21,1.09022641580667e-16,1.09022641580667e-16,0.370150598962957,0.370150598962957,0.370150598962957,2.86450315783299e-15,1,26345.8346051094,522.789581280519,456.980799907281,0.0198433486399832,0.87411994475474,0.0173454668169311,1.06581410364015e-14,0,2.22044604925031e-16
"saddle-disk-rep1-n240-r64","saddle","disk",1,240,64,"ambient",239,"classical_fixed_extended",1.15421834558521e-15,1.11239918684469e-15,6.70286570184316e-19,2.00521938227273e-15,1.11239918684469e-15,0.370150598962957,0.370150598962957,0.370150598962957,7.13445422754213e-15,0.999999999999998,26345.8346051093,522.789581280516,456.980799907278,0.0198433486399831,0.874119944754739,0.0173454668169311,7.9202200353734e-12,4.60197992538119e-17,0
"saddle-disk-rep1-n240-r64","saddle","disk",1,240,64,"ambient",239,"stress_perturbed",3.81363063397648e-07,3.81366115165721e-07,7.16370869919337,6.55542108465245e-06,3.81366115165695e-07,0.370150598962957,0.370150595196424,0.370150595196424,3.89266723881321e-05,0.999993455681288,26345.6620729324,522.763223772553,457.010771265948,0.0198424781402492,0.874221350094028,0.0173467180289799,0.000349362619431748,5.05837488188427e-19,0
"saddle-disk-rep1-n240-r64","saddle","disk",1,240,64,"ambient",239,"stress_random",0.000392782832262973,0.000393304933259941,84066444567.9203,0.710138363339715,0.000393304902840014,0.370150598962957,0.370144482159227,0.370144482579285,0.0258631976528535,0.289861645811259,7634.77839783541,202.872602759242,167.023824789784,0.0265721664975581,0.823294138873933,0.0218767089346219,0.189556836912407,7.31836466427715e-18,5.55111512312578e-17
"saddle-disk-rep1-n240-r64","saddle","disk",1,240,64,"ambient",239,"stress_original",9.63422563038528e-17,1.09022641580667e-16,1.9813907519265e-21,1.09022641580667e-16,1.09022641580667e-16,0.370150598962957,0.370150598962957,0.370150598962957,2.86450315783299e-15,1,26345.8346051094,522.789581280519,456.980799907281,0.0198433486399832,0.87411994475474,0.0173454668169311,1.06581410364015e-14,0,2.22044604925031e-16
"saddle-disk-rep1-n240-r64","saddle","disk",1,240,64,"ambient",239,"stress_extended",9.07323725156732e-15,9.07326958936881e-15,1.37195671259308e-17,9.07197488565615e-15,9.07326958936881e-15,0.370150598962957,0.370150598962958,0.370150598962958,1.03208489850853e-14,1,26345.8346051094,522.789581280517,456.980799907278,0.0198433486399831,0.874119944754738,0.017345466816931,2.94320123828129e-12,5.5848405089347e-18,0
"saddle-disk-rep1-n240-r64","saddle","disk",1,240,64,"ambient",239,"stress_fixed_perturbed",3.75813429093196e-07,3.75816510763505e-07,0.0235468171503211,3.75835448927646e-07,3.75816510763477e-07,0.370150598962957,0.370150595245911,0.370150595245911,3.85870295562783e-05,0.999999996226938,26345.8343910796,522.767008759241,457.013225842252,0.019842492023568,0.874219715828947,0.0173466977381818,0.00032421930270965,9.48941598720833e-19,0
"saddle-disk-rep1-n240-r64","saddle","disk",1,240,64,"ambient",239,"stress_fixed_random",0.000494563615966861,0.000493861841938238,40688.6711662206,0.000494047138410731,0.000493861781711922,0.370150598962957,0.370159664475279,0.370159663750438,0.0319104171816531,0.999986224083278,26339.2986244377,701.375466030525,561.777810067663,0.0266284792177338,0.800965869603448,0.0213285030128495,0.285557692219178,4.11996825544492e-18,2.77555756156289e-17
"saddle-disk-rep1-n240-r64","saddle","disk",1,240,64,"ambient",239,"stress_fixed_original",9.63422563038528e-17,1.09022641580667e-16,1.9813907519265e-21,1.09022641580667e-16,1.09022641580667e-16,0.370150598962957,0.370150598962957,0.370150598962957,2.86450315783299e-15,1,26345.8346051094,522.789581280519,456.980799907281,0.0198433486399832,0.87411994475474,0.0173454668169311,1.06581410364015e-14,0,2.22044604925031e-16
"saddle-disk-rep1-n240-r64","saddle","disk",1,240,64,"ambient",239,"stress_fixed_extended",9.07323725156732e-15,9.07326958936881e-15,1.37195671259308e-17,9.07197488565615e-15,9.07326958936881e-15,0.370150598962957,0.370150598962958,0.370150598962958,1.03208489850853e-14,1,26345.8346051094,522.789581280517,456.980799907278,0.0198433486399831,0.874119944754738,0.017345466816931,2.94320123828129e-12,5.5848405089347e-18,0
"saddle-disk-rep1-n240-r64","saddle","disk",1,240,64,"ambient",32,"classical_perturbed",0.000114092221279851,0.000208376357434692,40934.0701260676,0.00049531131277924,0.000481794331842524,0.369986378119262,0.369981727011568,0.370146172121191,0.00421657754960847,1.00031909143149,26354.6457702811,513.123220582464,470.423958858371,0.0194699342596017,0.916785559469276,0.017849754573019,0.0114984622316865,5.93600689435814e-18,0
"saddle-disk-rep1-n240-r64","saddle","disk",1,240,64,"ambient",32,"classical_random",0.00645453757875706,0.014725434078305,61647825350.2111,0.607847539833904,0.435429292832636,0.369986378119262,0.370164235794418,0.718295650479262,0.822745488230924,1.26155239190204,9406.94105392983,6231.36811591531,5501.29684276913,0.662422362401443,0.88283932844835,0.584812513571659,0.542335816235731,1.38777878078145e-17,5.55111512312578e-17
"saddle-disk-rep1-n240-r64","saddle","disk",1,240,64,"ambient",32,"classical_original",1.25732666810638e-16,3.32302125316562e-16,73328.236380033,0.000662935693267004,0.000486118663957056,0.369986378119262,0.369986378113713,0.370150598962957,2.86450315783299e-15,1,26345.8346051094,522.789581280519,456.980799907281,0.0198433486399832,0.87411994475474,0.0173454668169311,1.04360964314765e-14,2.35880635300322e-17,2.22044604925031e-16
"saddle-disk-rep1-n240-r64","saddle","disk",1,240,64,"ambient",32,"classical_extended",8.66378308487949e-05,0.000103918457728651,40378.6868575261,0.000491939707180992,0.000480297332645119,0.369986378119262,0.369984279002134,0.370148446342116,0.00361715591948482,1.00033702543869,26354.8809513633,511.775254677026,471.325155122681,0.0194186137900407,0.920961204777529,0.0178837899511855,0.00298863289896367,5.55653613398821e-19,0
"saddle-disk-rep1-n240-r64","saddle","disk",1,240,64,"ambient",32,"classical_fixed_perturbed",0.00011384744593564,0.00020859008219872,69734.2746832232,0.000646485705643554,0.000481646087690406,0.369986378119262,0.369981590096253,0.37014602483191,0.00421523697106702,0.999999830649011,26346.3098229331,512.919872629032,470.253267638467,0.0194683762574811,0.916816237257736,0.0178489234659017,0.0115705805342612,2.37169225231204e-18,0
"saddle-disk-rep1-n240-r64","saddle","disk",1,240,64,"ambient",32,"classical_fixed_random",0.00813651494842485,0.0162820174741634,69165688329.2395,0.643844713788043,0.35815477447567,0.369986378119262,0.370255223090596,0.693641516704271,0.72657312827087,0.999633582113085,7776.19253965961,5473.23605714861,4477.37626959828,0.70384523392835,0.818049180201239,0.575780016603636,0.711273804330078,4.5102810375397e-17,2.22044604925031e-16
"saddle-disk-rep1-n240-r64","saddle","disk",1,240,64,"ambient",32,"classical_fixed_original",1.25732666810638e-16,3.32302125316562e-16,73328.236380033,0.000662935693267004,0.000486118663957056,0.369986378119262,0.369986378113713,0.370150598962957,2.86450315783299e-15,1,26345.8346051094,522.789581280519,456.980799907281,0.0198433486399832,0.87411994475474,0.0173454668169311,1.04360964314765e-14,2.35880635300322e-17,2.22044604925031e-16
"saddle-disk-rep1-n240-r64","saddle","disk",1,240,64,"ambient",32,"classical_fixed_extended",8.66062158693232e-05,0.000103955418701259,71232.2393932046,0.000653392404446291,0.000480275230147639,0.369986378119262,0.369984249101104,0.370148417626751,0.00361663834390416,0.999999818571187,26346.0087205432,511.594680294649,471.162097090893,0.0194182992088565,0.920967545674108,0.017883623363546,0.0029876976109362,1.26309553094561e-17,0
"saddle-disk-rep1-n240-r64","saddle","disk",1,240,64,"ambient",32,"stress_perturbed",0.000112114559708663,0.000206463811688358,39076.2881708299,0.000483941018860099,0.00048172463633688,0.369986378119262,0.369981691339588,0.370146152665499,0.00420279485200543,1.00038617322456,26356.459666518,512.983447508565,470.414223268924,0.0194632911248029,0.917016378508138,0.0178481567411163,0.0105908540885905,2.94089839286693e-18,0
"saddle-disk-rep1-n240-r64","saddle","disk",1,240,64,"ambient",32,"stress_random",0.00645453757875706,0.014725434078305,61647825350.2111,0.607847539833904,0.435429292832636,0.369986378119262,0.370164235794418,0.718295650479262,0.822745488230924,1.26155239190204,9406.94105392983,6231.36811591531,5501.29684276913,0.662422362401443,0.88283932844835,0.584812513571659,0.542335816235731,1.38777878078145e-17,5.55111512312578e-17
"saddle-disk-rep1-n240-r64","saddle","disk",1,240,64,"ambient",32,"stress_original",1.25732666810638e-16,3.32302125316562e-16,73328.236380033,0.000662935693267004,0.000486118663957056,0.369986378119262,0.369986378113713,0.370150598962957,2.86450315783299e-15,1,26345.8346051094,522.789581280519,456.980799907281,0.0198433486399832,0.87411994475474,0.0173454668169311,1.04360964314765e-14,2.35880635300322e-17,2.22044604925031e-16
"saddle-disk-rep1-n240-r64","saddle","disk",1,240,64,"ambient",32,"stress_extended",8.56755491868319e-05,0.000103609208727109,38739.736703225,0.000481852498236537,0.000480257274644937,0.369986378119262,0.369984276573644,0.370148450881388,0.0036080654456432,1.0004039530757,26356.6541342665,511.754927864018,471.329882508024,0.0194165361527691,0.921007022785846,0.0178827661548756,0.00299660941052959,2.13452302708084e-17,0
"saddle-disk-rep1-n240-r64","saddle","disk",1,240,64,"ambient",32,"stress_fixed_perturbed",0.000111748446131794,0.000206666937234348,69382.9504106901,0.000644855137949634,0.000481533886850107,0.369986378119262,0.369981489684553,0.370145934850975,0.00420138363037611,0.999999510536038,26346.3755937787,512.741276905513,470.195075598555,0.0194615488980802,0.91702208653118,0.0178466701776461,0.0106457565568181,3.150962563786e-17,0
"saddle-disk-rep1-n240-r64","saddle","disk",1,240,64,"ambient",32,"stress_fixed_random",0.00813651494842485,0.0162820174741634,69165688329.2395,0.643844713788043,0.35815477447567,0.369986378119262,0.370255223090596,0.693641516704271,0.72657312827087,0.999633582113085,7776.19253965961,5473.23605714861,4477.37626959828,0.70384523392835,0.818049180201239,0.575780016603636,0.711273804330078,4.5102810375397e-17,2.22044604925031e-16
"saddle-disk-rep1-n240-r64","saddle","disk",1,240,64,"ambient",32,"stress_fixed_original",1.25732666810638e-16,3.32302125316562e-16,73328.236380033,0.000662935693267004,0.000486118663957056,0.369986378119262,0.369986378113713,0.370150598962957,2.86450315783299e-15,1,26345.8346051094,522.789581280519,456.980799907281,0.0198433486399832,0.87411994475474,0.0173454668169311,1.04360964314765e-14,2.35880635300322e-17,2.22044604925031e-16
"saddle-disk-rep1-n240-r64","saddle","disk",1,240,64,"ambient",32,"stress_fixed_extended",8.56131750248913e-05,0.000103644998686917,71165.4253969735,0.000653085899977132,0.000480231300156823,0.369986378119262,0.36998424627283,0.370148421643698,0.00360750727222439,0.999999845570869,26346.0209966825,511.542530497563,471.128914679404,0.0194163107424068,0.920996567423535,0.0178823555457854,0.00299855082165079,1.10859672136643e-17,0
"saddle-disk-rep1-n240-r64","saddle","disk",1,240,64,"ambient",8,"classical_perturbed",0.00137711750308261,0.0067754412927885,10497187.4390708,0.0076267456681022,0.00755720480887051,0.367229033533551,0.36739326285387,0.369583453291951,0.0600644914939945,1.0324037702474,27351.4366291773,1195.31113424105,907.019237966359,0.0437019506670425,0.758814347146749,0.0331616671644513,0.139329736644387,3.25260651745651e-17,1.11022302462516e-16
"saddle-disk-rep1-n240-r64","saddle","disk",1,240,64,"ambient",8,"classical_random",0.00431432268254362,0.0196640359532611,58237231749.616,0.568071693772409,0.541951253799076,0.367229033533551,0.367602510579689,0.900989157813974,0.920701445239747,5.19371839230148,12639.7407756289,9787.84572935129,9061.71866092067,0.774370764646027,0.925813392598419,0.716922824745971,0.321702678963955,3.03576608295941e-17,1.77635683940025e-15
"saddle-disk-rep1-n240-r64","saddle","disk",1,240,64,"ambient",8,"classical_original",2.75395061991744e-16,3.75952227555123e-16,295457122.514243,0.040462249148284,0.0113779717449059,0.367229033533551,0.367229033533551,0.370150598962957,2.86450315783299e-15,1,26345.8346051094,522.789581280519,456.980799907281,0.0198433486399832,0.87411994475474,0.0173454668169311,1.06581410364015e-14,0,1.11022302462516e-16
"saddle-disk-rep1-n240-r64","saddle","disk",1,240,64,"ambient",8,"classical_extended",0.00132436490326815,0.00904183910233291,15433252.3774781,0.00924765282473013,0.00891800080651915,0.367229033533551,0.367339620448059,0.369701297230236,0.0593204959386854,1.03508455885425,27312.1980059547,1188.42377280138,914.421709336499,0.0435125643326941,0.769440775474392,0.0334803412430275,0.19136870390558,5.20417042793042e-18,0
"saddle-disk-rep1-n240-r64","saddle","disk",1,240,64,"ambient",8,"classical_fixed_perturbed",0.0055638859540985,0.00970752537987444,23131876.8269668,0.0113216108619982,0.0058114528316733,0.367229033533551,0.368175178748084,0.368518561023972,0.0578426501745079,1.00120753160727,27116.252904527,1158.72882704072,860.175641466211,0.0427318933453107,0.742344214964442,0.031721773819369,0.172259876497084,7.54604712049911e-17,0
"saddle-disk-rep1-n240-r64","saddle","disk",1,240,64,"ambient",8,"classical_fixed_random",0.00236667754652651,0.00924477491202768,84005285836.7443,0.682269716525256,0.351113513333128,0.367229033533551,0.367182453159536,0.719150907404746,0.691288242792915,1.00008024371998,7257.9740890604,5061.85236956441,3810.67346216341,0.697419459955623,0.752821928406286,0.525032662751863,0.252632014992671,5.11743425413158e-17,5.55111512312578e-17
"saddle-disk-rep1-n240-r64","saddle","disk",1,240,64,"ambient",8,"classical_fixed_original",2.75395061991744e-16,3.75952227555123e-16,295457122.514243,0.040462249148284,0.0113779717449059,0.367229033533551,0.367229033533551,0.370150598962957,2.86450315783299e-15,1,26345.8346051094,522.789581280519,456.980799907281,0.0198433486399832,0.87411994475474,0.0173454668169311,1.06581410364015e-14,0,1.11022302462516e-16
"saddle-disk-rep1-n240-r64","saddle","disk",1,240,64,"ambient",8,"classical_fixed_extended",0.00356002971449873,0.0083928989792203,74105730.9674875,0.0202641637267656,0.00655657363364085,0.367229033533551,0.367722767724552,0.368661126453827,0.0574753879527836,1.00052385133991,26857.7534228348,1138.39776281802,845.138503691613,0.0423861871428953,0.742392976598564,0.0314672076396779,0.187472740314178,5.68121938382404e-17,0
"saddle-disk-rep1-n240-r64","saddle","disk",1,240,64,"ambient",8,"stress_perturbed",0.00185132949105995,0.00500567595560707,8040698.16488184,0.00667497537490064,0.0066629836189765,0.367229033533551,0.367476279258717,0.369641843785555,0.0654150127326345,1.03408551150652,27359.5624593308,1297.07757434033,1037.89361054381,0.0474085642366686,0.800178517519787,0.0379353146486391,0.174844842613255,8.02309607639273e-18,5.55111512312578e-17
"saddle-disk-rep1-n240-r64","saddle","disk",1,240,64,"ambient",8,"stress_random",0.00431432268254362,0.0196640359532611,58237231749.616,0.568071693772409,0.541951253799076,0.367229033533551,0.367602510579689,0.900989157813974,0.920701445239747,5.19371839230148,12639.7407756289,9787.84572935129,9061.71866092067,0.774370764646027,0.925813392598419,0.716922824745971,0.321702678963955,3.03576608295941e-17,1.77635683940025e-15
"saddle-disk-rep1-n240-r64","saddle","disk",1,240,64,"ambient",8,"stress_original",2.75395061991744e-16,3.75952227555123e-16,295457122.514243,0.040462249148284,0.0113779717449059,0.367229033533551,0.367229033533551,0.370150598962957,2.86450315783299e-15,1,26345.8346051094,522.789581280519,456.980799907281,0.0198433486399832,0.87411994475474,0.0173454668169311,1.06581410364015e-14,0,1.11022302462516e-16
"saddle-disk-rep1-n240-r64","saddle","disk",1,240,64,"ambient",8,"stress_extended",0.000980974367310952,0.00434540149409659,13046836.6466949,0.00850267149901284,0.00847830656420971,0.367229033533551,0.367331369625981,0.370282517161781,0.065318898574023,1.04198453844576,27352.0428986907,1301.89487312671,1043.91982250331,0.0475977197735762,0.801846480888402,0.0381660640987544,0.176493852598496,2.62376925741492e-17,4.44089209850063e-16
"saddle-disk-rep1-n240-r64","saddle","disk",1,240,64,"ambient",8,"stress_fixed_perturbed",0.00525532936433775,0.00912619619038659,16983423.1794991,0.00970097540647617,0.00486024097591083,0.367229033533551,0.368081830125543,0.368555141933587,0.0635978366987413,1.00111422915066,27144.4081541775,1248.11790787647,986.221422264251,0.0459806638917041,0.790166871287181,0.0363323973270153,0.27990374664122,1.05818132034585e-16,2.22044604925031e-16
"saddle-disk-rep1-n240-r64","saddle","disk",1,240,64,"ambient",8,"stress_fixed_random",0.00236667754652651,0.00924477491202768,84005285836.7443,0.682269716525256,0.351113513333128,0.367229033533551,0.367182453159536,0.719150907404746,0.691288242792915,1.00008024371998,7257.9740890604,5061.85236956441,3810.67346216341,0.697419459955623,0.752821928406286,0.525032662751863,0.252632014992671,5.11743425413158e-17,5.55111512312578e-17
"saddle-disk-rep1-n240-r64","saddle","disk",1,240,64,"ambient",8,"stress_fixed_original",2.75395061991744e-16,3.75952227555123e-16,295457122.514243,0.040462249148284,0.0113779717449059,0.367229033533551,0.367229033533551,0.370150598962957,2.86450315783299e-15,1,26345.8346051094,522.789581280519,456.980799907281,0.0198433486399832,0.87411994475474,0.0173454668169311,1.06581410364015e-14,0,1.11022302462516e-16
"saddle-disk-rep1-n240-r64","saddle","disk",1,240,64,"ambient",8,"stress_fixed_extended",0.00366699793984973,0.00791572706669028,57745774.9107373,0.0178880456633322,0.00523108547606693,0.367229033533551,0.367751380523439,0.368682654695096,0.0619880072259652,1.00046758443963,26907.168344474,1220.81207688512,963.440367017924,0.0453712579954864,0.789179911683155,0.0358060853778316,0.289342011293579,7.76288755499621e-17,0
"saddle-disk-rep1-n240-r64","saddle","disk",1,240,64,"geodesic",128,"classical_perturbed",0.0303368410273444,0.033354287011672,131706853074.126,0.777253131116257,0.0739794933068633,8.31364397520355e-07,0.030693238276402,0.103319382139381,0.811323695953198,0.241624578685098,4300.07497313568,3743.28090745165,3589.93944126266,0.87051526562617,0.959035543957245,0.83485508129288,0.907472012722148,4.44089209850063e-16,5.55111512312578e-17
"saddle-disk-rep1-n240-r64","saddle","disk",1,240,64,"geodesic",128,"classical_random",0.0303840235515995,0.0333339787790088,201809699685.586,0.962120153199368,0.0740747394263695,8.31364397520355e-07,0.0307114514462011,0.103461178259218,0.810680191590384,0.0410674637224698,730.251327190746,636.908322829773,609.909589157543,0.872176878171437,0.957609701891984,0.835205040302832,0.907372351644782,2.4980018054066e-16,1.38777878078145e-17
"saddle-disk-rep1-n240-r64","saddle","disk",1,240,64,"geodesic",128,"classical_original",0.0303142146867852,0.0334246866186382,165946174648.298,0.872452751216812,0.0739337990606713,8.31364397520355e-07,0.0306931861625789,0.103262418447823,0.809768322442696,0.138297049217328,2457.56191550973,2148.68888231614,2052.96287692838,0.874317293393797,0.955449108442088,0.835365678468603,0.925586740265676,1.59594559789866e-16,5.55111512312578e-17
"saddle-disk-rep1-n240-r64","saddle","disk",1,240,64,"geodesic",128,"classical_extended",0.0303315578551192,0.0333548537271018,215375864877.14,0.993932315423011,0.0740193232181468,8.31364397520355e-07,0.0306890108244494,0.103355826294302,0.811127331120061,0.00657695543949453,117.022819986739,101.919384207096,97.7111570495477,0.87093597828736,0.95871023760311,0.834975238680972,0.907481050902784,7.97972798949331e-17,0
"saddle-disk-rep1-n240-r64","saddle","disk",1,240,64,"geodesic",128,"classical_fixed_perturbed",0.0302796279984846,0.0333230057974919,2401302915.20749,0.104949836841428,0.0748864127517343,8.31364397520355e-07,0.0306052669599333,0.104232866739039,0.810751987648417,0.998889730251433,17745.9071317617,15477.0373551195,14850.5924432444,0.872146869709389,0.959524235969625,0.836846058811201,0.907659166962259,8.67361737988404e-17,2.22044604925031e-16
"saddle-disk-rep1-n240-r64","saddle","disk",1,240,64,"geodesic",128,"classical_fixed_random",0.030269263106179,0.0333232022534917,2404746596.88402,0.105025063574745,0.0749576767080588,8.31364397520355e-07,0.0305960567917863,0.104307657433248,0.809698339084324,0.998888733105965,17728.31996525,15500.7514370987,14844.5954501047,0.874349710941724,0.957669407856989,0.83733796993749,0.907635152975024,7.63278329429795e-17,4.44089209850063e-16
"saddle-disk-rep1-n240-r64","saddle","disk",1,240,64,"geodesic",128,"classical_fixed_original",0.030261646032228,0.0333241988581287,2404055023.32787,0.105009960573957,0.0749122478128164,8.31364397520355e-07,0.0305906156545809,0.104285156747394,0.808326161786798,0.998877759619233,17702.0806909701,15538.7040441719,14835.0233307322,0.877789696896943,0.954714324216526,0.838038397277194,0.90753479826078,6.59194920871187e-16,1.11022302462516e-16
"saddle-disk-rep1-n240-r64","saddle","disk",1,240,64,"geodesic",128,"classical_fixed_extended",0.030274189946696,0.0333229029752447,2404309045.86998,0.105015508323959,0.0749575004968187,8.31364397520355e-07,0.0305998877704481,0.104299493615681,0.810509553900461,0.998890807377338,17741.4096669421,15482.5782699041,14848.6835936582,0.872680275161739,0.959057550674353,0.836950607218438,0.907673497212342,6.10622663543836e-16,2.22044604925031e-16
"saddle-disk-rep1-n240-r64","saddle","disk",1,240,64,"geodesic",128,"stress_perturbed",0.030349294154809,0.0333374089891786,137205493380.742,0.793312036426402,0.0740029136153638,8.31364397520355e-07,0.0306960138364806,0.103356719369924,0.811326530039106,0.224196634250714,3989.6913638968,3473.18635904978,3330.98245462526,0.870540110064418,0.959056644324889,0.8348972767086,0.907445318883684,2.77555756156289e-16,5.55111512312578e-17
"saddle-disk-rep1-n240-r64","saddle","disk",1,240,64,"geodesic",128,"stress_random",0.0303840235515995,0.0333339787790088,201809699685.586,0.962120153199368,0.0740747394263695,8.31364397520355e-07,0.0307114514462011,0.103461178259218,0.810680191590384,0.0410674637224698,730.251327190746,636.908322829773,609.909589157543,0.872176878171437,0.957609701891984,0.835205040302832,0.907372351644782,2.4980018054066e-16,1.38777878078145e-17
"saddle-disk-rep1-n240-r64","saddle","disk",1,240,64,"geodesic",128,"stress_original",0.0303142146867852,0.0334246866186382,165946174648.298,0.872452751216812,0.0739337990606713,8.31364397520355e-07,0.0306931861625789,0.103262418447823,0.809768322442696,0.138297049217328,2457.56191550973,2148.68888231614,2052.96287692838,0.874317293393797,0.955449108442088,0.835365678468603,0.925586740265676,1.59594559789866e-16,5.55111512312578e-17
"saddle-disk-rep1-n240-r64","saddle","disk",1,240,64,"geodesic",128,"stress_extended",0.0303437410477979,0.0333387929452937,215565656142.41,0.99437015030385,0.0740438635888948,8.31364397520355e-07,0.0306913930336357,0.10339453928255,0.811130997413551,0.00610258791565558,108.576162208174,94.5655111674769,90.663127933624,0.870960155933359,0.958733546874805,0.835018719484622,0.907452633315411,1.04083408558608e-16,1.73472347597681e-18
"saddle-disk-rep1-n240-r64","saddle","disk",1,240,64,"geodesic",128,"stress_fixed_perturbed",0.0302796735112019,0.0333230083271096,2401258235.36496,0.10494886046232,0.0748852828635658,8.31364397520355e-07,0.0306053136572202,0.104231898830264,0.810750886783028,0.998889750512171,17745.865327898,15477.0556354807,14850.6418614748,0.872149954341728,0.959526295649553,0.836850814940445,0.907658698295414,3.50414142147315e-16,2.22044604925031e-16
"saddle-disk-rep1-n240-r64","saddle","disk",1,240,64,"geodesic",128,"stress_fixed_random",0.030269263106179,0.0333232022534917,2404746596.88402,0.105025063574745,0.0749576767080588,8.31364397520355e-07,0.0305960567917863,0.104307657433248,0.809698339084324,0.998888733105965,17728.31996525,15500.7514370987,14844.5954501047,0.874349710941724,0.957669407856989,0.83733796993749,0.907635152975024,7.63278329429795e-17,4.44089209850063e-16
"saddle-disk-rep1-n240-r64","saddle","disk",1,240,64,"geodesic",128,"stress_fixed_original",0.030261646032228,0.0333241988581287,2404055023.32787,0.105009960573957,0.0749122478128164,8.31364397520355e-07,0.0305906156545809,0.104285156747394,0.808326161786798,0.998877759619233,17702.0806909701,15538.7040441719,14835.0233307322,0.877789696896943,0.954714324216526,0.838038397277194,0.90753479826078,6.59194920871187e-16,1.11022302462516e-16
"saddle-disk-rep1-n240-r64","saddle","disk",1,240,64,"geodesic",128,"stress_fixed_extended",0.0302741905489952,0.0333229029760518,2404309042.72176,0.105015508255205,0.074957500486552,8.31364397520355e-07,0.0305998881271622,0.104299493626328,0.810509554387899,0.998890807500215,17741.4096749555,15482.5782648163,14848.6835943881,0.872680274480789,0.959057551036657,0.836950606881543,0.9076734970846,1.59594559789866e-16,1.11022302462516e-16
"saddle-disk-rep1-n240-r64","saddle","disk",1,240,64,"geodesic",239,"classical_perturbed",0.0672930871654505,0.0676367538339809,217968285288.342,0.999896510243386,0.0674825726700587,1.81488263213939e-10,0.068863394796871,0.0676367538339804,0.806340094026532,0.000103489781111071,1.97441577882238,1.8009271740158,1.62228906501371,0.912131676282465,0.900807699734044,0.821655237166565,0.962533216380144,7.35522753814166e-16,1.35525271560688e-20
"saddle-disk-rep1-n240-r64","saddle","disk",1,240,64,"geodesic",239,"classical_random",0.0676161891990325,0.0680836498652948,218005221832.155,0.99998122705598,0.0679263994247762,1.81488263213939e-10,0.0691873511000514,0.0680836498652949,0.806390527190878,1.87729448378485e-05,0.359125385048296,0.326513551850827,0.293324872743139,0.909190955150431,0.898354359506492,0.816775658183262,1.96224624962709,1.17961196366423e-15,3.3881317890172e-21
"saddle-disk-rep1-n240-r64","saddle","disk",1,240,64,"geodesic",239,"classical_original",0.0672722072235675,0.0676177711732863,217992762278,0.99995265090956,0.0674637194931136,1.81488263213939e-10,0.068842530377798,0.0676177711732863,0.806339735188049,4.73490955620765e-05,0.903356203707341,0.823964331012339,0.74222167162969,0.912114543112473,0.90079344905353,0.821626805222169,0.962494559673987,7.91033905045424e-16,6.7762635780344e-21
"saddle-disk-rep1-n240-r64","saddle","disk",1,240,64,"geodesic",239,"classical_extended",0.0665593791952001,0.0669735391168042,218013406991.778,0.999999999379569,0.0668238391302926,1.81488263213939e-10,0.068132026752183,0.066973539116804,0.806338831029556,6.20428051821527e-10,1.18539958824235e-05,1.07928469099975e-05,9.70735730300335e-06,0.910481749533978,0.899425089965031,0.818910129486118,0.921486831006062,4.9960036108132e-16,1.03397576569128e-25
"saddle-disk-rep1-n240-r64","saddle","disk",1,240,64,"geodesic",239,"classical_fixed_perturbed",0.0664670566464451,0.0668511993713775,969985037.374914,0.0667023164321587,0.0667023164321589,1.81488263213939e-10,0.0680401895532962,0.0668511993713771,0.806334914495487,0.995550799342684,19014.7083073138,17319.5676494004,15582.7158766896,0.910851082724139,0.899717371249108,0.819508541747966,0.921452649057171,4.30211422042248e-16,2.22044604925031e-16
"saddle-disk-rep1-n240-r64","saddle","disk",1,240,64,"geodesic",239,"classical_fixed_random",0.0664670566463183,0.066851199371377,969985037.374915,0.0667023164321587,0.0667023164321589,1.81488263213939e-10,0.0680401895532008,0.066851199371377,0.806334914495486,0.995550799342687,19014.7083073137,17319.5676494005,15582.7158766896,0.910851082724145,0.8997173712491,0.819508541747964,0.921452649057166,3.60822483003176e-16,0
"saddle-disk-rep1-n240-r64","saddle","disk",1,240,64,"geodesic",239,"classical_fixed_original",0.0664670566463376,0.066851199371377,969985037.374913,0.0667023164321587,0.066702316432159,1.81488263213939e-10,0.0680401895532153,0.066851199371377,0.806334914495481,0.995550799342687,19014.7083073138,17319.5676494008,15582.7158766892,0.91085108272416,0.899717371249064,0.819508541747945,0.921452649057167,3.19189119579733e-16,2.22044604925031e-16
"saddle-disk-rep1-n240-r64","saddle","disk",1,240,64,"geodesic",239,"classical_fixed_extended",0.0664670566482778,0.0668511993713775,969985037.374912,0.0667023164321586,0.066702316432159,1.81488263213939e-10,0.0680401895545611,0.0668511993713772,0.806334914532718,0.995550801577614,19014.7083520344,17319.5676870734,15582.7159105319,0.910851082563167,0.899717371246062,0.819508541600363,0.92145264905809,2.77555756156289e-16,2.22044604925031e-16
"saddle-disk-rep1-n240-r64","saddle","disk",1,240,64,"geodesic",239,"stress_perturbed",0.0669690610395256,0.0674155369486811,217971864061.116,0.999904718748844,0.0672628602574166,1.81488263213939e-10,0.06854112839791,0.0674155369486811,0.806362286090819,9.52812717838723e-05,1.8216643481383,1.65733232460843,1.48966418666551,0.909790174189985,0.898832518105542,0.817748993214864,1.34568976245775,3.60822483003176e-16,6.7762635780344e-21
"saddle-disk-rep1-n240-r64","saddle","disk",1,240,64,"geodesic",239,"stress_random",0.0676161891990325,0.0680836498652948,218005221832.155,0.99998122705598,0.0679263994247762,1.81488263213939e-10,0.0691873511000514,0.0680836498652949,0.806390527190878,1.87729448378485e-05,0.359125385048296,0.326513551850827,0.293324872743139,0.909190955150431,0.898354359506492,0.816775658183262,1.96224624962709,1.17961196366423e-15,3.3881317890172e-21
"saddle-disk-rep1-n240-r64","saddle","disk",1,240,64,"geodesic",239,"stress_original",0.0672722072235675,0.0676177711732863,217992762278,0.99995265090956,0.0674637194931136,1.81488263213939e-10,0.068842530377798,0.0676177711732863,0.806339735188049,4.73490955620765e-05,0.903356203707341,0.823964331012339,0.74222167162969,0.912114543112473,0.90079344905353,0.821626805222169,0.962494559673987,7.91033905045424e-16,6.7762635780344e-21
"saddle-disk-rep1-n240-r64","saddle","disk",1,240,64,"geodesic",239,"stress_extended",0.0666242367531828,0.0669772405331039,218013407013.236,0.999999999428782,0.066827515780814,1.81488263213939e-10,0.0681973433292697,0.0669772405331043,0.806331753986183,5.71217253675012e-10,1.09064564138112e-05,9.93829118721069e-06,8.94464875216686e-06,0.911230083368375,0.900018784283307,0.820124191835581,0.921419423001036,8.60422844084496e-16,1.03397576569128e-25
"saddle-disk-rep1-n240-r64","saddle","disk",1,240,64,"geodesic",239,"stress_fixed_perturbed",0.06646705664635,0.0668511993713771,969985037.374913,0.0667023164321587,0.0667023164321589,1.81488263213939e-10,0.0680401895532247,0.066851199371377,0.806334914495482,0.995550799342687,19014.7083073138,17319.5676494008,15582.7158766893,0.910851082724157,0.89971737124907,0.819508541747948,0.921452649057169,3.88578058618805e-16,2.22044604925031e-16
"saddle-disk-rep1-n240-r64","saddle","disk",1,240,64,"geodesic",239,"stress_fixed_random",0.0664670566463183,0.066851199371377,969985037.374915,0.0667023164321587,0.0667023164321589,1.81488263213939e-10,0.0680401895532008,0.066851199371377,0.806334914495486,0.995550799342687,19014.7083073137,17319.5676494005,15582.7158766896,0.910851082724145,0.8997173712491,0.819508541747964,0.921452649057166,3.60822483003176e-16,0
"saddle-disk-rep1-n240-r64","saddle","disk",1,240,64,"geodesic",239,"stress_fixed_original",0.0664670566463376,0.066851199371377,969985037.374913,0.0667023164321587,0.066702316432159,1.81488263213939e-10,0.0680401895532153,0.066851199371377,0.806334914495481,0.995550799342687,19014.7083073138,17319.5676494008,15582.7158766892,0.91085108272416,0.899717371249064,0.819508541747945,0.921452649057167,3.19189119579733e-16,2.22044604925031e-16
"saddle-disk-rep1-n240-r64","saddle","disk",1,240,64,"geodesic",239,"stress_fixed_extended",0.0664670566446044,0.0668511993713771,969985037.374919,0.0667023164321589,0.0667023164321593,1.81488263213939e-10,0.0680401895519795,0.0668511993713773,0.806334914475047,0.995550806571441,19014.7084442519,17319.5677758159,15582.7159904841,0.910851082812768,0.899717371252356,0.819508541830666,0.921452649056627,2.08166817117217e-16,1.11022302462516e-16
"saddle-disk-rep1-n240-r64","saddle","disk",1,240,64,"geodesic",32,"classical_perturbed",0.00350857462294801,0.00426193606067843,2010042382.95955,0.0960161782347263,0.069782516368598,0.000105483240528161,0.00370908211927087,0.136029206981883,0.806964456702453,1.20749363295233,20371.138624187,18395.0871703643,16557.735835405,0.902997496100856,0.900117280339971,0.812803650344106,0.617434685850506,2.60208521396521e-17,2.22044604925031e-16
"saddle-disk-rep1-n240-r64","saddle","disk",1,240,64,"geodesic",32,"classical_random",0.0102147801910867,0.0136656006638208,112793651209.939,0.719257063865968,0.330683502045901,0.000105483240528161,0.010289852681425,0.471440669472256,0.684410842023655,0.501902518547142,7529.47852812256,4787.95738562384,2212.89651144684,0.635894951787278,0.46217965892746,0.293897711930738,0.884873024746321,1.12757025938492e-16,2.22044604925031e-16
"saddle-disk-rep1-n240-r64","saddle","disk",1,240,64,"geodesic",32,"classical_original",0.00395437512261738,0.00526488648887245,29188894105.7419,0.365890074590286,0.359481226536093,0.000105483240528161,0.00419028450341606,0.368320491938356,0.0656752694547869,1.01409426833705,25990.3770202915,1488.70401388066,1403.1194773933,0.0572790464993401,0.942510710195332,0.0539861147954045,0.618473494204318,1.82145964977565e-17,2.22044604925031e-16
"saddle-disk-rep1-n240-r64","saddle","disk",1,240,64,"geodesic",32,"classical_extended",0.00330888190437582,0.00423851719244821,1793174892.18297,0.0906886908900956,0.0700246161642204,0.000105483240528161,0.00344753361395071,0.136384288505001,0.807273503035116,1.19841423483138,20228.2678415081,18223.6149413962,16437.3480946052,0.900898439954489,0.901980652437214,0.812592962649819,0.604767928667468,2.94902990916057e-17,2.22044604925031e-16
"saddle-disk-rep1-n240-r64","saddle","disk",1,240,64,"geodesic",32,"classical_fixed_perturbed",0.00342887955399672,0.00426094721609184,4019510654.04725,0.13577768516238,0.0699889500592176,0.000105483240528161,0.00362635091660785,0.1357337757469,0.806947009516324,0.999981807735306,16961.709114116,15238.3980199105,13620.5629989652,0.898399914618787,0.893831686320866,0.803018310674233,0.603722903935639,2.68882138776405e-17,1.11022302462516e-16
"saddle-disk-rep1-n240-r64","saddle","disk",1,240,64,"geodesic",32,"classical_fixed_random",0.00988793386022564,0.0141189972902893,52057014423.4838,0.48863147289042,0.298924045425741,0.000105483240528161,0.0103734324287904,0.488454385779193,0.66175702080114,0.999640058730795,13871.4951800043,8361.78220337861,5521.96025490339,0.602803237493252,0.660380780149024,0.398079672252152,0.704153958449118,3.81639164714898e-17,1.11022302462516e-16
"saddle-disk-rep1-n240-r64","saddle","disk",1,240,64,"geodesic",32,"classical_fixed_original",0.00396934702133189,0.00526597298878149,29574660343.1082,0.368299976336542,0.359416172633043,0.000105483240528161,0.00422077261103548,0.368297245961896,0.0658053290109783,0.999981142595272,25623.5024692473,1469.40583442249,1388.39105399757,0.0573460180233378,0.944865619472131,0.0541842808438811,0.618769594390865,2.68882138776405e-17,2.22044604925031e-16
"saddle-disk-rep1-n240-r64","saddle","disk",1,240,64,"geodesic",32,"classical_fixed_extended",0.00332481635912845,0.00423165630712394,4061963151.97342,0.136492817263085,0.070302102514124,0.000105483240528161,0.00349796208956624,0.136449535620366,0.807244879675649,0.999983032951703,16948.6284868411,15206.0246090752,13633.7634807753,0.897183192190517,0.896602749980982,0.804416917354733,0.591931728967176,1.04083408558608e-17,2.22044604925031e-16
"saddle-disk-rep1-n240-r64","saddle","disk",1,240,64,"geodesic",32,"stress_perturbed",0.00337326041671584,0.004257528963291,1071580649.38515,0.0701058467926066,0.0697463576772603,0.000105483240528161,0.00352814546051857,0.135820901030286,0.806705382610492,1.12428119876398,18962.4049091125,17142.9387603281,15420.1291184327,0.9040487660977,0.89950324935639,0.813194802681517,0.607274326252222,1.47451495458029e-17,1.11022302462516e-16
"saddle-disk-rep1-n240-r64","saddle","disk",1,240,64,"geodesic",32,"stress_random",0.0102147801910867,0.0136656006638208,112793651209.939,0.719257063865968,0.330683502045901,0.000105483240528161,0.010289852681425,0.471440669472256,0.684410842023655,0.501902518547142,7529.47852812256,4787.95738562384,2212.89651144684,0.635894951787278,0.46217965892746,0.293897711930738,0.884873024746321,1.12757025938492e-16,2.22044604925031e-16
"saddle-disk-rep1-n240-r64","saddle","disk",1,240,64,"geodesic",32,"stress_original",0.00395437512261738,0.00526488648887245,29188894105.7419,0.365890074590286,0.359481226536093,0.000105483240528161,0.00419028450341606,0.368320491938356,0.0656752694547869,1.01409426833705,25990.3770202915,1488.70401388066,1403.1194773933,0.0572790464993401,0.942510710195332,0.0539861147954045,0.618473494204318,1.82145964977565e-17,2.22044604925031e-16
"saddle-disk-rep1-n240-r64","saddle","disk",1,240,64,"geodesic",32,"stress_extended",0.00331064539589254,0.00423215856941075,1116066287.81897,0.0715462380383541,0.0700421829719712,0.000105483240528161,0.00346181575332285,0.136405716018009,0.807054111416005,1.11640748416669,18829.6326414707,16987.6606400619,15316.9953726771,0.902176954989976,0.901654188720671,0.813451630433972,0.601790609945672,1.17093834628434e-17,4.44089209850063e-16
"saddle-disk-rep1-n240-r64","saddle","disk",1,240,64,"geodesic",32,"stress_fixed_perturbed",0.00341726424339222,0.00426025427553791,4018929531.62042,0.13576786974991,0.0698797199604352,0.000105483240528161,0.0036056216770972,0.135723696022003,0.80683102979833,0.99998142261432,16926.0627219391,15245.1072333018,13654.6217739398,0.900688333946766,0.895672399346091,0.806721681129133,0.604821394202585,1.56125112837913e-17,1.11022302462516e-16
"saddle-disk-rep1-n240-r64","saddle","disk",1,240,64,"geodesic",32,"stress_fixed_random",0.00988793386022564,0.0141189972902893,52057014423.4838,0.48863147289042,0.298924045425741,0.000105483240528161,0.0103734324287904,0.488454385779193,0.66175702080114,0.999640058730795,13871.4951800043,8361.78220337861,5521.96025490339,0.602803237493252,0.660380780149024,0.398079672252152,0.704153958449118,3.81639164714898e-17,1.11022302462516e-16
"saddle-disk-rep1-n240-r64","saddle","disk",1,240,64,"geodesic",32,"stress_fixed_original",0.00396934702133189,0.00526597298878149,29574660343.1082,0.368299976336542,0.359416172633043,0.000105483240528161,0.00422077261103548,0.368297245961896,0.0658053290109783,0.999981142595272,25623.5024692473,1469.40583442249,1388.39105399757,0.0573460180233378,0.944865619472131,0.0541842808438811,0.618769594390865,2.68882138776405e-17,2.22044604925031e-16
"saddle-disk-rep1-n240-r64","saddle","disk",1,240,64,"geodesic",32,"stress_fixed_extended",0.00332048813250944,0.00423192285265127,4061000442.42417,0.13647664149777,0.0701898533526323,0.000105483240528161,0.00348986570595587,0.136432613074952,0.807132012449148,0.999981966044886,16914.5996963234,15212.789740477,13666.0555226559,0.899388103389979,0.898326720857405,0.80794436569648,0.593779758238039,3.81639164714898e-17,2.22044604925031e-16
"saddle-disk-rep1-n240-r64","saddle","disk",1,240,64,"geodesic",8,"classical_perturbed",0.000742081778442516,0.00202651243411531,2254515882.1254,0.101453223185432,0.0704787972070781,0.00266392240371193,0.00333952926455319,0.14121333727541,0.806474565583462,1.22613975683409,20518.2996146406,18607.6660554692,16691.8429704568,0.906881486523955,0.897041193704717,0.813510051220157,0.190629197434428,3.2309224740068e-17,1.11022302462516e-16
"saddle-disk-rep1-n240-r64","saddle","disk",1,240,64,"geodesic",8,"classical_random",0.00512276626714855,0.015330491879907,67194737164.2029,0.553868707961911,0.501777368987964,0.00266392240371193,0.00587543779551099,0.839293690692775,0.927241718298967,3.28723209629889,13399.9495082252,10452.461572423,8602.0562817707,0.780037384917534,0.822969424203935,0.641946917523127,0.48358174103337,9.36750677027476e-17,4.44089209850063e-16
"saddle-disk-rep1-n240-r64","saddle","disk",1,240,64,"geodesic",8,"classical_original",0.000955777934256022,0.00197552352369881,30014461748.7306,0.370172779068162,0.365518333821334,0.00266392240371193,0.00311848985566836,0.370140793417536,0.00434322431697978,1.00209947023152,26342.3797534536,538.366344804017,469.660174752569,0.0204372706582607,0.872380265381449,0.0178290716005259,0.179759683026083,2.38524477946811e-17,2.22044604925031e-16
"saddle-disk-rep1-n240-r64","saddle","disk",1,240,64,"geodesic",8,"classical_extended",0.000426533415103047,0.00165462184339559,2251237947.42265,0.101379442820605,0.0705456157640593,0.00266392240371193,0.00309545383625186,0.141376977222517,0.806474915828399,1.22616363026509,20524.2197728404,18606.6653178033,16675.6050146562,0.906571140035512,0.89621674436744,0.812484235660105,0.177099973295263,4.55364912443912e-18,2.22044604925031e-16
"saddle-disk-rep1-n240-r64","saddle","disk",1,240,64,"geodesic",8,"classical_fixed_perturbed",0.00367977263613319,0.0042935710451493,3795378213.00197,0.131633591196339,0.0693323097985211,0.00266392240371193,0.0128724699768144,0.1308668159206,0.806839526148269,1.0013235589425,17093.7101311652,15378.837038608,13683.7935781862,0.899678122572665,0.889780777560323,0.800516299456718,0.143380113055694,7.28583859910259e-17,1.11022302462516e-16
"saddle-disk-rep1-n240-r64","saddle","disk",1,240,64,"geodesic",8,"classical_fixed_random",0.00255868993704908,0.00738675613721065,106249625582.324,0.696470785160731,0.417570280167051,0.00266392240371193,0.00421597969178049,0.695861707065816,0.763640461772173,0.999951150918256,8001.66122043948,5538.77385112667,4229.22468931822,0.692202993670664,0.763566955971299,0.528543332791329,0.464836679587586,1.56125112837913e-17,2.22044604925031e-16
"saddle-disk-rep1-n240-r64","saddle","disk",1,240,64,"geodesic",8,"classical_fixed_original",0.00097752864190884,0.00199956493237949,30055313808.6564,0.370424610643716,0.365606280956444,0.00266392240371193,0.00334922083527787,0.370109460315379,0.00404976758430309,1.00003942767186,26310.1344867966,536.053384147217,467.885457700806,0.0203744068437289,0.872833698168223,0.0177834688733958,0.179578197805787,7.80625564189563e-18,2.22044604925031e-16
"saddle-disk-rep1-n240-r64","saddle","disk",1,240,64,"geodesic",8,"classical_fixed_extended",0.00117881827846198,0.00218449172515858,4238750776.31909,0.139109932799761,0.0701579941090933,0.00266392240371193,0.00434232114340347,0.137362009344066,0.806856419410231,1.00005546921052,16935.7144281143,15232.7236500961,13555.9202150192,0.899443818254805,0.889920970563504,0.80043391570866,0.141842916925737,3.90312782094782e-18,1.11022302462516e-16
"saddle-disk-rep1-n240-r64","saddle","disk",1,240,64,"geodesic",8,"stress_perturbed",0.00105665317343402,0.00234420869363273,1073601296.54282,0.0700101024704575,0.0700091187403448,0.00266392240371193,0.00409253536541783,0.138455103474673,0.806429806781335,1.13830700381815,19131.9003804283,17335.1478852887,15523.4335497215,0.906086041667992,0.895488959912211,0.811390047044243,0.151904036653808,1.58293517182884e-17,1.11022302462516e-16
"saddle-disk-rep1-n240-r64","saddle","disk",1,240,64,"geodesic",8,"stress_random",0.00512276626714855,0.015330491879907,67194737164.2029,0.553868707961911,0.501777368987964,0.00266392240371193,0.00587543779551099,0.839293690692775,0.927241718298967,3.28723209629889,13399.9495082252,10452.461572423,8602.0562817707,0.780037384917534,0.822969424203935,0.641946917523127,0.48358174103337,9.36750677027476e-17,4.44089209850063e-16
"saddle-disk-rep1-n240-r64","saddle","disk",1,240,64,"geodesic",8,"stress_original",0.000955777934256022,0.00197552352369881,30014461748.7306,0.370172779068162,0.365518333821334,0.00266392240371193,0.00311848985566836,0.370140793417536,0.00434322431697978,1.00209947023152,26342.3797534536,538.366344804017,469.660174752569,0.0204372706582607,0.872380265381449,0.0178290716005259,0.179759683026083,2.38524477946811e-17,2.22044604925031e-16
"saddle-disk-rep1-n240-r64","saddle","disk",1,240,64,"geodesic",8,"stress_extended",0.00106549722574425,0.00218816764066485,1075825257.70493,0.0700825777924846,0.0700802852588766,0.00266392240371193,0.00383071988409121,0.138876533013443,0.806423734039107,1.13866570326385,19126.2876580949,17330.9402373975,15523.2817506591,0.906131945059525,0.89569761005593,0.811620217585148,0.150895013639613,2.16840434497101e-18,4.44089209850063e-16
"saddle-disk-rep1-n240-r64","saddle","disk",1,240,64,"geodesic",8,"stress_fixed_perturbed",0.00299833717473938,0.00361359679593379,3893062132.938,0.133316795837788,0.0694293662054913,0.00266392240371193,0.0108109571466522,0.132298951974498,0.806706283004844,1.00099638514267,17028.727997513,15353.5330473168,13679.7574659987,0.901625362126825,0.890984337210215,0.803334075686489,0.141703044031295,2.29850860566927e-17,2.22044604925031e-16
"saddle-disk-rep1-n240-r64","saddle","disk",1,240,64,"geodesic",8,"stress_fixed_random",0.00255868993704908,0.00738675613721065,106249625582.324,0.696470785160731,0.417570280167051,0.00266392240371193,0.00421597969178049,0.695861707065816,0.763640461772173,0.999951150918256,8001.66122043948,5538.77385112667,4229.22468931822,0.692202993670664,0.763566955971299,0.528543332791329,0.464836679587586,1.56125112837913e-17,2.22044604925031e-16
"saddle-disk-rep1-n240-r64","saddle","disk",1,240,64,"geodesic",8,"stress_fixed_original",0.00097752864190884,0.00199956493237949,30055313808.6564,0.370424610643716,0.365606280956444,0.00266392240371193,0.00334922083527787,0.370109460315379,0.00404976758430309,1.00003942767186,26310.1344867966,536.053384147217,467.885457700806,0.0203744068437289,0.872833698168223,0.0177834688733958,0.179578197805787,7.80625564189563e-18,2.22044604925031e-16
"saddle-disk-rep1-n240-r64","saddle","disk",1,240,64,"geodesic",8,"stress_fixed_extended",0.00114103533397648,0.00213946335053303,4245327835.74697,0.139217815959663,0.0701021452083273,0.00266392240371193,0.00422829449774169,0.137464420800326,0.806721176038563,1.00004882295271,16903.9799953071,15238.672017909,13579.7527848204,0.901484267145342,0.891137545900395,0.803346477491717,0.143716823552447,3.16587034365767e-17,2.22044604925031e-16
"saddle-surface_area-rep1-n240-r64","saddle","surface_area",1,240,64,"ambient",128,"classical_perturbed",2.63012391801872e-06,4.37101390362069e-06,74.3665781380193,1.87074776539445e-05,1.87018898611883e-05,0.396832232388989,0.396832201035699,0.396832204127444,0.000181842661220072,1.0000111331245,29745.7788772976,571.625481350592,504.061982962106,0.0192170285306217,0.881804607049964,0.0169456642921128,0.00208365708662128,2.07057203956314e-18,2.77555756156289e-17
"saddle-surface_area-rep1-n240-r64","saddle","surface_area",1,240,64,"ambient",128,"classical_random",0.00237107723430758,0.00323550905136239,108758706855.079,0.715415513526102,0.0251394803221681,0.396832232388989,0.396923164538375,0.398535324729302,0.22521509085473,0.294560880810841,8255.11863206871,1889.25065022208,231.628658669649,0.228858086046504,0.122603455842358,0.0280587922467691,0.70621907820046,2.55871712706579e-17,5.55111512312578e-17
"saddle-surface_area-rep1-n240-r64","saddle","surface_area",1,240,64,"ambient",128,"classical_original",2.49950621955128e-16,2.67011893989133e-16,101.87434232316,2.18956955048867e-05,1.8675951106109e-05,0.396832232388989,0.396832232388988,0.396832235498289,8.39489372429191e-15,1,29745.4564924376,570.928947475572,504.602968564571,0.0191938203275087,0.883827962823974,0.0169640351188714,7.21644966006352e-15,1.09292539665797e-16,1.11022302462516e-16
"saddle-surface_area-rep1-n240-r64","saddle","surface_area",1,240,64,"ambient",128,"classical_extended",1.45435554825553e-06,2.08047267230621e-06,80.7999768627462,1.9499880686196e-05,1.86851726363128e-05,0.396832232388989,0.396832234896103,0.39683223799702,0.00011766333777782,1.00001706355067,29745.960032156,571.501379609085,504.112598387918,0.0192127394439877,0.882084656965724,0.0169472626818217,0.000225546624276429,1.84610830854075e-18,5.55111512312578e-17
"saddle-surface_area-rep1-n240-r64","saddle","surface_area",1,240,64,"ambient",128,"classical_fixed_perturbed",2.63015174643198e-06,4.3714724857122e-06,102.875791122829,2.20030522387307e-05,1.87015166294653e-05,0.396832232388989,0.396832201015273,0.396832204106975,0.000181832367192539,0.999999996065147,29745.4476486338,571.619090286036,504.056311385188,0.0192170276621233,0.881804544234099,0.0169456623191327,0.00208376828642187,3.10437575168701e-18,0
"saddle-surface_area-rep1-n240-r64","saddle","surface_area",1,240,64,"ambient",128,"classical_fixed_random",0.00580661551933739,0.00765508243574918,3077721406.50011,0.120348585008214,0.0774164543627902,0.396832232388989,0.396674367679681,0.409971273423532,0.395479361759761,0.999848015050967,24760.6291602741,10555.9310624977,640.571261517227,0.42631917768203,0.0606835396825389,0.0258705567362948,0.687473970469685,1.18828558104411e-16,1.11022302462516e-16
"saddle-surface_area-rep1-n240-r64","saddle","surface_area",1,240,64,"ambient",128,"classical_fixed_original",2.49950621955128e-16,2.67011893989133e-16,101.87434232316,2.18956955048867e-05,1.8675951106109e-05,0.396832232388989,0.396832232388988,0.396832235498289,8.39489372429191e-15,1,29745.4564924376,570.928947475572,504.602968564571,0.0191938203275087,0.883827962823974,0.0169640351188714,7.21644966006352e-15,1.09292539665797e-16,1.11022302462516e-16
"saddle-surface_area-rep1-n240-r64","saddle","surface_area",1,240,64,"ambient",128,"classical_fixed_extended",1.45443804269267e-06,2.08080165645697e-06,102.224583183206,2.19333015748235e-05,1.8685066088558e-05,0.396832232388989,0.396832234920479,0.396832238021386,0.000117671268165146,0.999999999092438,29745.4524495816,571.491667579411,504.103914714222,0.0192127407894732,0.882084452515968,0.0169472599406136,0.000225592187954149,5.26685086602724e-18,0
"saddle-surface_area-rep1-n240-r64","saddle","surface_area",1,240,64,"ambient",128,"stress_perturbed",2.62958979666646e-06,4.37129668560297e-06,83.1002006208526,1.97754954033251e-05,1.87018560383465e-05,0.396832232388989,0.396832200831553,0.396832203923266,0.000181779026753761,1.00000516083064,29745.6012938203,571.621748625229,504.059149486078,0.0192170177694134,0.881805408381256,0.0169456702020274,0.00207795770452424,9.45712285609426e-19,0
"saddle-surface_area-rep1-n240-r64","saddle","surface_area",1,240,64,"ambient",128,"stress_random",0.00237107723430758,0.00323550905136239,108758706855.079,0.715415513526102,0.0251394803221681,0.396832232388989,0.396923164538375,0.398535324729302,0.22521509085473,0.294560880810841,8255.11863206871,1889.25065022208,231.628658669649,0.228858086046504,0.122603455842358,0.0280587922467691,0.70621907820046,2.55871712706579e-17,5.55111512312578e-17
"saddle-surface_area-rep1-n240-r64","saddle","surface_area",1,240,64,"ambient",128,"stress_original",2.49950621955128e-16,2.67011893989133e-16,101.87434232316,2.18956955048867e-05,1.8675951106109e-05,0.396832232388989,0.396832232388988,0.396832235498289,8.39489372429191e-15,1,29745.4564924376,570.928947475572,504.602968564571,0.0191938203275087,0.883827962823974,0.0169640351188714,7.21644966006352e-15,1.09292539665797e-16,1.11022302462516e-16
"saddle-surface_area-rep1-n240-r64","saddle","surface_area",1,240,64,"ambient",128,"stress_extended",1.45332218018766e-06,2.07837901747043e-06,74.2222604078462,1.86893167281086e-05,1.868520797396e-05,0.396832232388989,0.396832234871475,0.3968322379724,0.000117581045010323,1.00001109368321,29745.7824664052,571.497494275348,504.110065547431,0.0192127235153688,0.882086221894351,0.0169472786979724,0.000225130093244985,1.25742041019901e-18,0
"saddle-surface_area-rep1-n240-r64","saddle","surface_area",1,240,64,"ambient",128,"stress_fixed_perturbed",2.62955800703724e-06,4.3700954968119e-06,102.875372115539,2.20030074300903e-05,1.87015738597435e-05,0.396832232388989,0.39683220108615,0.396832204177872,0.000181816620539283,0.999999996839292,29745.4476543448,571.618931002254,504.056466562753,0.0192170223035376,0.881805061422582,0.0169456675327301,0.00208197527419907,3.29834629660825e-18,0
"saddle-surface_area-rep1-n240-r64","saddle","surface_area",1,240,64,"ambient",128,"stress_fixed_random",0.00580661551933739,0.00765508243574918,3077721406.50011,0.120348585008214,0.0774164543627902,0.396832232388989,0.396674367679681,0.409971273423532,0.395479361759761,0.999848015050967,24760.6291602741,10555.9310624977,640.571261517227,0.42631917768203,0.0606835396825389,0.0258705567362948,0.687473970469685,1.18828558104411e-16,1.11022302462516e-16
"saddle-surface_area-rep1-n240-r64","saddle","surface_area",1,240,64,"ambient",128,"stress_fixed_original",2.49950621955128e-16,2.67011893989133e-16,101.87434232316,2.18956955048867e-05,1.8675951106109e-05,0.396832232388989,0.396832232388988,0.396832235498289,8.39489372429191e-15,1,29745.4564924376,570.928947475572,504.602968564571,0.0191938203275087,0.883827962823974,0.0169640351188714,7.21644966006352e-15,1.09292539665797e-16,1.11022302462516e-16
"saddle-surface_area-rep1-n240-r64","saddle","surface_area",1,240,64,"ambient",128,"stress_fixed_extended",1.45372054093052e-06,2.07947672510076e-06,102.224834994695,2.19333285891373e-05,1.86849865099366e-05,0.396832232388989,0.396832234873288,0.396832237974186,0.000117603928720032,0.999999998090939,29745.4524448332,571.491270800095,504.104326764923,0.0192127274533813,0.882085785945901,0.0169472737958802,0.000225243585853629,2.92522828334273e-18,0
"saddle-surface_area-rep1-n240-r64","saddle","surface_area",1,240,64,"ambient",239,"classical_perturbed",3.61692691651604e-07,3.61700110374927e-07,7.7937445602522,6.05625821527229e-06,3.61700110374903e-07,0.396832235498289,0.396832235854255,0.396832235854255,3.46391135594073e-05,0.999993954552274,29745.2764676098,570.880833086558,504.662248684851,0.0191923189454367,0.884006292445158,0.0169661307143804,0.000310713895782411,2.14844613115133e-18,0
"saddle-surface_area-rep1-n240-r64","saddle","surface_area",1,240,64,"ambient",239,"classical_random",0.000368211893366157,0.000368185033392391,113005398919.619,0.729257486127289,0.000368185008436774,0.396832235498289,0.39682425120107,0.396824251180606,0.0175172832497976,0.270742520685645,8052.58738101985,181.043012278761,149.102562804706,0.0224825889757476,0.82357535332612,0.0185161061593873,0.22882593445851,5.4752209710518e-18,2.77555756156289e-17
"saddle-surface_area-rep1-n240-r64","saddle","surface_area",1,240,64,"ambient",239,"classical_original",2.41105879918372e-16,1.16783146771254e-16,2.89799577061237e-21,1.16783146771254e-16,1.16783146771254e-16,0.396832235498289,0.396832235498289,0.396832235498289,8.39489372429191e-15,1,29745.4564924376,570.928947475572,504.602968564571,0.0191938203275087,0.883827962823974,0.0169640351188714,6.99440505513849e-15,0,1.11022302462516e-16
"saddle-surface_area-rep1-n240-r64","saddle","surface_area",1,240,64,"ambient",239,"classical_extended",5.5653919266296e-16,5.56714087558758e-16,6.58569817674325e-20,5.56714087558758e-16,5.56714087558758e-16,0.396832235498289,0.396832235498289,0.396832235498289,6.02361351953838e-15,1,29745.4564924375,570.928947475571,504.602968564577,0.0191938203275086,0.883827962823987,0.0169640351188716,1.18505205648489e-12,0,0
"saddle-surface_area-rep1-n240-r64","saddle","surface_area",1,240,64,"ambient",239,"classical_fixed_perturbed",3.50961895801919e-07,3.50968566767344e-07,0.0261746274354526,3.50971259352522e-07,3.50968566767324e-07,0.396832235498289,0.396832235407778,0.396832235407778,3.39198961467793e-05,0.999999998625095,29745.4562607309,570.885439326883,504.663436410778,0.0191923577948458,0.884001240259017,0.0169660680941385,0.000301399959362625,3.54589167544331e-19,0
"saddle-surface_area-rep1-n240-r64","saddle","surface_area",1,240,64,"ambient",239,"classical_fixed_random",0.000507497684956142,0.000506624559085058,54574.8533217469,0.000506789476583062,0.000506624494067797,0.396832235498289,0.39684672792459,0.396846727089465,0.0284211638905728,0.999986812920064,29739.775397642,725.24475071693,607.800743797636,0.0243863560171484,0.838062934198149,0.0204373010781321,0.209703319035243,1.73472347597681e-18,2.22044604925031e-16
"saddle-surface_area-rep1-n240-r64","saddle","surface_area",1,240,64,"ambient",239,"classical_fixed_original",2.41105879918372e-16,1.16783146771254e-16,2.89799577061237e-21,1.16783146771254e-16,1.16783146771254e-16,0.396832235498289,0.396832235498289,0.396832235498289,8.39489372429191e-15,1,29745.4564924376,570.928947475572,504.602968564571,0.0191938203275087,0.883827962823974,0.0169640351188714,6.99440505513849e-15,0,1.11022302462516e-16
"saddle-surface_area-rep1-n240-r64","saddle","surface_area",1,240,64,"ambient",239,"classical_fixed_extended",5.5653919266296e-16,5.56714087558758e-16,6.58569817674325e-20,5.56714087558758e-16,5.56714087558758e-16,0.396832235498289,0.396832235498289,0.396832235498289,6.02361351953838e-15,1,29745.4564924375,570.928947475571,504.602968564577,0.0191938203275086,0.883827962823987,0.0169640351188716,1.18505205648489e-12,0,0
"saddle-surface_area-rep1-n240-r64","saddle","surface_area",1,240,64,"ambient",239,"stress_perturbed",3.62560561166181e-07,3.62568221726522e-07,7.79387612781193,6.05630933343157e-06,3.62568221726497e-07,0.396832235498289,0.396832236457058,0.396832236457058,3.46854299218322e-05,0.999993954553059,29745.2764670147,570.880759301423,504.662368616397,0.0191923164652542,0.884006616782713,0.0169661347466725,0.000311320064551701,4.82755840375748e-19,0
"saddle-surface_area-rep1-n240-r64","saddle","surface_area",1,240,64,"ambient",239,"stress_random",0.000368211893366157,0.000368185033392391,113005398919.619,0.729257486127289,0.000368185008436774,0.396832235498289,0.39682425120107,0.396824251180606,0.0175172832497976,0.270742520685645,8052.58738101985,181.043012278761,149.102562804706,0.0224825889757476,0.82357535332612,0.0185161061593873,0.22882593445851,5.4752209710518e-18,2.77555756156289e-17
"saddle-surface_area-rep1-n240-r64","saddle","surface_area",1,240,64,"ambient",239,"stress_original",2.41105879918372e-16,1.16783146771254e-16,2.89799577061237e-21,1.16783146771254e-16,1.16783146771254e-16,0.396832235498289,0.396832235498289,0.396832235498289,8.39489372429191e-15,1,29745.4564924376,570.928947475572,504.602968564571,0.0191938203275087,0.883827962823974,0.0169640351188714,6.99440505513849e-15,0,1.11022302462516e-16
"saddle-surface_area-rep1-n240-r64","saddle","surface_area",1,240,64,"ambient",239,"stress_extended",9.01190397401808e-15,9.011920051264e-15,1.71402864070126e-17,8.98132344455776e-15,9.01192005126401e-15,0.396832235498289,0.396832235498289,0.396832235498289,1.19902080111167e-14,1,29745.4564924375,570.928947475572,504.602968564577,0.0191938203275087,0.883827962823985,0.0169640351188716,4.06641387229456e-12,1.60350379084034e-17,0
"saddle-surface_area-rep1-n240-r64","saddle","surface_area",1,240,64,"ambient",239,"stress_fixed_perturbed",3.50961895802335e-07,3.5096856676669e-07,0.0261746274355583,3.50971259353231e-07,3.5096856676667e-07,0.396832235498289,0.396832235407778,0.396832235407778,3.39198961467868e-05,0.999999998625095,29745.4562607309,570.885439326882,504.663436410778,0.0191923577948458,0.884001240259018,0.0169660680941385,0.000301399959348081,1.51354199762503e-18,0
"saddle-surface_area-rep1-n240-r64","saddle","surface_area",1,240,64,"ambient",239,"stress_fixed_random",0.000507497684956142,0.000506624559085058,54574.8533217469,0.000506789476583062,0.000506624494067797,0.396832235498289,0.39684672792459,0.396846727089465,0.0284211638905728,0.999986812920064,29739.775397642,725.24475071693,607.800743797636,0.0243863560171484,0.838062934198149,0.0204373010781321,0.209703319035243,1.73472347597681e-18,2.22044604925031e-16
"saddle-surface_area-rep1-n240-r64","saddle","surface_area",1,240,64,"ambient",239,"stress_fixed_original",2.41105879918372e-16,1.16783146771254e-16,2.89799577061237e-21,1.16783146771254e-16,1.16783146771254e-16,0.396832235498289,0.396832235498289,0.396832235498289,8.39489372429191e-15,1,29745.4564924376,570.928947475572,504.602968564571,0.0191938203275087,0.883827962823974,0.0169640351188714,6.99440505513849e-15,0,1.11022302462516e-16
"saddle-surface_area-rep1-n240-r64","saddle","surface_area",1,240,64,"ambient",239,"stress_fixed_extended",9.01190397401808e-15,9.011920051264e-15,1.71402864070126e-17,8.98132344455776e-15,9.01192005126401e-15,0.396832235498289,0.396832235498289,0.396832235498289,1.19902080111167e-14,1,29745.4564924375,570.928947475572,504.602968564577,0.0191938203275087,0.883827962823985,0.0169640351188716,4.06641387229456e-12,1.60350379084034e-17,0
"saddle-surface_area-rep1-n240-r64","saddle","surface_area",1,240,64,"ambient",32,"classical_perturbed",0.000426096724567613,0.00105119887141032,57376.1076722834,0.000519363954887746,0.000508795628757632,0.396606132380107,0.396575450223852,0.396820222214087,0.0103769962222196,1.00037866025979,29756.9767352039,595.763394107639,522.672751462164,0.0200209651474044,0.877315989252825,0.0175647128440914,0.130897548968175,7.58941520739853e-18,0
"saddle-surface_area-rep1-n240-r64","saddle","surface_area",1,240,64,"ambient",32,"classical_random",0.00721468055464437,0.0162518771354796,88505293273.1705,0.645046297196414,0.430551701190878,0.396606132380107,0.39665843271331,0.739504111387825,0.792210070080783,1.20356297500751,9089.50497787427,6698.71470363928,5524.87686487344,0.736972444588054,0.824766706644766,0.607830336010831,0.717241579751932,5.55111512312578e-17,1.11022302462516e-16
"saddle-surface_area-rep1-n240-r64","saddle","surface_area",1,240,64,"ambient",32,"classical_original",2.46149511627352e-16,4.27970953578026e-16,113551.642300704,0.000730639207743602,0.000515379649603614,0.396606132380107,0.39660613237622,0.396832235498289,8.39489372429191e-15,1,29745.4564924376,570.928947475572,504.602968564571,0.0191938203275087,0.883827962823974,0.0169640351188714,6.77236045021345e-15,3.03847511960677e-17,1.11022302462516e-16
"saddle-surface_area-rep1-n240-r64","saddle","surface_area",1,240,64,"ambient",32,"classical_extended",0.000268492333490477,0.000693778354567871,59773.5756089282,0.000530103756375716,0.00051268385311482,0.396606132380107,0.396590855258099,0.396826675599006,0.00960662629131977,1.00038853547839,29756.083526695,593.828093924661,523.943725829466,0.0199565273229564,0.882315490273754,0.0176079531891158,0.113665665549334,3.41523684332934e-18,0
"saddle-surface_area-rep1-n240-r64","saddle","surface_area",1,240,64,"ambient",32,"classical_fixed_perturbed",0.000425927251317244,0.00105107775223681,106754.607100332,0.00070843429504966,0.000508942240756845,0.396606132380107,0.396575640573005,0.396820413288276,0.0103719961950983,0.99999616186985,29745.4149545789,595.444309767229,522.457802593449,0.0200180199427868,0.877425132835157,0.0175643138073965,0.131054128037519,7.15573433840433e-18,0
"saddle-surface_area-rep1-n240-r64","saddle","surface_area",1,240,64,"ambient",32,"classical_fixed_random",0.00651752349722403,0.0168079690995262,97442915162.7186,0.676832801521707,0.397891260639637,0.396606132380107,0.396664786579521,0.724314806436363,0.74072979071616,0.999710369998959,8233.07691050238,5464.67852658596,4860.59687933578,0.663746808877133,0.889457056931842,0.590374283171756,0.532988946168495,6.2450045135165e-17,2.22044604925031e-16
"saddle-surface_area-rep1-n240-r64","saddle","surface_area",1,240,64,"ambient",32,"classical_fixed_original",2.46149511627352e-16,4.27970953578026e-16,113551.642300704,0.000730639207743602,0.000515379649603614,0.396606132380107,0.39660613237622,0.396832235498289,8.39489372429191e-15,1,29745.4564924376,570.928947475572,504.602968564571,0.0191938203275087,0.883827962823974,0.0169640351188714,6.77236045021345e-15,3.03847511960677e-17,1.11022302462516e-16
"saddle-surface_area-rep1-n240-r64","saddle","surface_area",1,240,64,"ambient",32,"classical_fixed_extended",0.000268390300470426,0.000693778322698742,114449.757937782,0.000733522944474465,0.000512700608243051,0.396606132380107,0.396590871812139,0.396826698599078,0.00960339657262507,0.999999282363878,29744.4835311736,593.574938675192,523.717837829706,0.0199557991334123,0.882311236048136,0.0176072257997294,0.113637385942034,1.0842021724855e-17,0
"saddle-surface_area-rep1-n240-r64","saddle","surface_area",1,240,64,"ambient",32,"stress_perturbed",0.000425517490012071,0.00105038814189769,56433.1198795948,0.000515078348054459,0.000508549028584583,0.396606132380107,0.39657539355317,0.396819955681022,0.0103809922516767,1.00039728279607,29757.6499440335,595.42002922973,522.863033821889,0.0200089735025972,0.878141493658343,0.0175707098781409,0.129724979791709,2.91108283312358e-17,0
"saddle-surface_area-rep1-n240-r64","saddle","surface_area",1,240,64,"ambient",32,"stress_random",0.00721468055464437,0.0162518771354796,88505293273.1705,0.645046297196414,0.430551701190878,0.396606132380107,0.39665843271331,0.739504111387825,0.792210070080783,1.20356297500751,9089.50497787427,6698.71470363928,5524.87686487344,0.736972444588054,0.824766706644766,0.607830336010831,0.717241579751932,5.55111512312578e-17,1.11022302462516e-16
"saddle-surface_area-rep1-n240-r64","saddle","surface_area",1,240,64,"ambient",32,"stress_original",2.46149511627352e-16,4.27970953578026e-16,113551.642300704,0.000730639207743602,0.000515379649603614,0.396606132380107,0.39660613237622,0.396832235498289,8.39489372429191e-15,1,29745.4564924376,570.928947475572,504.602968564571,0.0191938203275087,0.883827962823974,0.0169640351188714,6.77236045021345e-15,3.03847511960677e-17,1.11022302462516e-16
"saddle-surface_area-rep1-n240-r64","saddle","surface_area",1,240,64,"ambient",32,"stress_extended",0.000268162163989394,0.000693816885657145,58581.7229562093,0.000524792154861456,0.000512548211251492,0.396606132380107,0.396590857115956,0.396826652083509,0.00961284424652506,1.00041057993449,29756.7400416166,593.72545906341,524.118666361688,0.0199526378976006,0.882762661362839,0.017613443731695,0.113622464731126,1.30104260698261e-17,0
"saddle-surface_area-rep1-n240-r64","saddle","surface_area",1,240,64,"ambient",32,"stress_fixed_perturbed",0.00042530350170793,0.00105030407850461,105399.00226171,0.000703921959573963,0.000508709093544622,0.396606132380107,0.396575689474295,0.396820228228717,0.0103754406354678,0.999998692698047,29745.6058277135,595.063504769609,522.647646146524,0.0200050894312328,0.878305663105449,0.0175705833383828,0.129795327383696,8.67361737988404e-19,0
"saddle-surface_area-rep1-n240-r64","saddle","surface_area",1,240,64,"ambient",32,"stress_fixed_random",0.00651752349722403,0.0168079690995262,97442915162.7186,0.676832801521707,0.397891260639637,0.396606132380107,0.396664786579521,0.724314806436363,0.74072979071616,0.999710369998959,8233.07691050238,5464.67852658596,4860.59687933578,0.663746808877133,0.889457056931842,0.590374283171756,0.532988946168495,6.2450045135165e-17,2.22044604925031e-16
"saddle-surface_area-rep1-n240-r64","saddle","surface_area",1,240,64,"ambient",32,"stress_fixed_original",2.46149511627352e-16,4.27970953578026e-16,113551.642300704,0.000730639207743602,0.000515379649603614,0.396606132380107,0.39660613237622,0.396832235498289,8.39489372429191e-15,1,29745.4564924376,570.928947475572,504.602968564571,0.0191938203275087,0.883827962823974,0.0169640351188714,6.77236045021345e-15,3.03847511960677e-17,1.11022302462516e-16
"saddle-surface_area-rep1-n240-r64","saddle","surface_area",1,240,64,"ambient",32,"stress_fixed_extended",0.000268118938865531,0.000693759811686691,114417.971521042,0.000733421075822431,0.000512547425257805,0.396606132380107,0.396590950808863,0.396826745808797,0.00960753666159991,0.999999972432735,29744.4831351581,593.434859715467,523.886903700832,0.0199510899893239,0.882804397355455,0.0176129099746096,0.113626297930742,4.82469966756049e-18,0
"saddle-surface_area-rep1-n240-r64","saddle","surface_area",1,240,64,"ambient",8,"classical_perturbed",0.00149893494757944,0.00851280906429683,10513882.0310622,0.00676026352109146,0.00669598951800527,0.394734988018007,0.394804276246379,0.398081410717506,0.0560936796061483,1.03932582289407,30887.9888986455,1267.92773001197,1034.97342411732,0.0410492160617025,0.816271621496558,0.0335073101558485,0.209548285914485,6.28837260041593e-17,0
"saddle-surface_area-rep1-n240-r64","saddle","surface_area",1,240,64,"ambient",8,"classical_random",0.00408400927652446,0.0221023787521066,88424846179.0977,0.619967940530607,0.52939706858619,0.394734988018007,0.394490146560258,0.906893090561643,0.893488826444895,4.32949253558413,10688.1664147909,10196.2134152262,6836.83710054914,0.953972180028564,0.670527069425554,0.63966417018806,0.358710858576233,2.60208521396521e-17,2.22044604925031e-16
"saddle-surface_area-rep1-n240-r64","saddle","surface_area",1,240,64,"ambient",8,"classical_original",3.42748394913149e-16,5.24653074734709e-16,377342732.258262,0.0404995381330189,0.0113557727303806,0.394734988018007,0.394734988018007,0.396832235498289,8.39489372429191e-15,1,29745.4564924376,570.928947475572,504.602968564571,0.0191938203275087,0.883827962823974,0.0169640351188714,7.21644966006352e-15,7.74246265235308e-17,2.22044604925031e-16
"saddle-surface_area-rep1-n240-r64","saddle","surface_area",1,240,64,"ambient",8,"classical_extended",0.00168438524677933,0.00903453052491152,14234612.9686685,0.00786601748173447,0.00766627139490477,0.394734988018007,0.394806815601731,0.397962377315844,0.0562402765399148,1.04057487557943,30861.7481897688,1259.07016086692,1053.01402522708,0.0407971108157873,0.836342610567494,0.0341203621632869,0.202925203504208,4.61870125478825e-17,5.55111512312578e-17
"saddle-surface_area-rep1-n240-r64","saddle","surface_area",1,240,64,"ambient",8,"classical_fixed_perturbed",0.0039979022953814,0.01033358808507,29854871.3253243,0.0113917298528337,0.00496453716716325,0.394734988018007,0.395288343754246,0.396323777180083,0.0543349462643264,1.00150285199434,30603.7113762596,1206.38001924932,974.699800187603,0.0394194025821703,0.807954197379789,0.0318490717744682,0.22198625505763,4.5102810375397e-17,0
"saddle-surface_area-rep1-n240-r64","saddle","surface_area",1,240,64,"ambient",8,"classical_fixed_random",0.0029100930456204,0.00852407925007152,114466529665.058,0.705377063429998,0.368221339935986,0.394734988018007,0.394773084190243,0.742435894210492,0.696295580910353,1.00001509966718,7743.63190490638,5355.28447814048,3813.95419853997,0.691572706955164,0.71218517225518,0.492527827429845,0.261739580158847,1.90819582357449e-17,2.22044604925031e-16
"saddle-surface_area-rep1-n240-r64","saddle","surface_area",1,240,64,"ambient",8,"classical_fixed_original",3.42748394913149e-16,5.24653074734709e-16,377342732.258262,0.0404995381330189,0.0113557727303806,0.394734988018007,0.394734988018007,0.396832235498289,8.39489372429191e-15,1,29745.4564924376,570.928947475572,504.602968564571,0.0191938203275087,0.883827962823974,0.0169640351188714,7.21644966006352e-15,7.74246265235308e-17,2.22044604925031e-16
"saddle-surface_area-rep1-n240-r64","saddle","surface_area",1,240,64,"ambient",8,"classical_fixed_extended",0.00265230095267949,0.00970419112006757,87868351.9051227,0.0195433187726724,0.00572014194903798,0.394734988018007,0.394975087978276,0.396340858860565,0.0532573029832162,1.00065143451245,30343.6814726542,1173.68087376004,965.714668209311,0.0386795806177231,0.822808558782694,0.0318258899823878,0.210133915626072,6.93889390390723e-18,0
"saddle-surface_area-rep1-n240-r64","saddle","surface_area",1,240,64,"ambient",8,"stress_perturbed",0.00208021002018194,0.0044835667498446,9972933.15392812,0.00658405620520029,0.00657431823076256,0.394734988018007,0.394932125841274,0.397052511785874,0.0591929363505878,1.03571794288388,30898.2610171292,1350.16501465327,1148.33528467271,0.0436971198445366,0.85051476835045,0.0371650457621579,0.0915746110227517,9.97465998686664e-18,5.55111512312578e-17
"saddle-surface_area-rep1-n240-r64","saddle","surface_area",1,240,64,"ambient",8,"stress_random",0.00408400927652446,0.0221023787521066,88424846179.0977,0.619967940530607,0.52939706858619,0.394734988018007,0.394490146560258,0.906893090561643,0.893488826444895,4.32949253558413,10688.1664147909,10196.2134152262,6836.83710054914,0.953972180028564,0.670527069425554,0.63966417018806,0.358710858576233,2.60208521396521e-17,2.22044604925031e-16
"saddle-surface_area-rep1-n240-r64","saddle","surface_area",1,240,64,"ambient",8,"stress_original",3.42748394913149e-16,5.24653074734709e-16,377342732.258262,0.0404995381330189,0.0113557727303806,0.394734988018007,0.394734988018007,0.396832235498289,8.39489372429191e-15,1,29745.4564924376,570.928947475572,504.602968564571,0.0191938203275087,0.883827962823974,0.0169640351188714,7.21644966006352e-15,7.74246265235308e-17,2.22044604925031e-16
"saddle-surface_area-rep1-n240-r64","saddle","surface_area",1,240,64,"ambient",8,"stress_extended",0.00126873459172451,0.00311605272752632,19112910.1471182,0.00911476518076784,0.00910462168275248,0.394734988018007,0.394818657017532,0.39737204290872,0.0592840635639943,1.0435132031326,30894.7937560607,1353.07787894686,1161.5472532134,0.043796307223492,0.858448187858534,0.0375968605709023,0.0849240987634113,9.10729824887824e-18,1.11022302462516e-16
"saddle-surface_area-rep1-n240-r64","saddle","surface_area",1,240,64,"ambient",8,"stress_fixed_perturbed",0.0051815957088166,0.00904113264255153,28682964.1390696,0.0111659091649398,0.00501579549358155,0.394734988018007,0.395446412966762,0.396047007011347,0.0573712955718915,1.0015171627414,30605.4193299812,1285.72649336631,1083.11709329036,0.0420097656399958,0.842416407283117,0.035389715841251,0.209560165916811,5.20417042793042e-17,0
"saddle-surface_area-rep1-n240-r64","saddle","surface_area",1,240,64,"ambient",8,"stress_fixed_random",0.0029100930456204,0.00852407925007152,114466529665.058,0.705377063429998,0.368221339935986,0.394734988018007,0.394773084190243,0.742435894210492,0.696295580910353,1.00001509966718,7743.63190490638,5355.28447814048,3813.95419853997,0.691572706955164,0.71218517225518,0.492527827429845,0.261739580158847,1.90819582357449e-17,2.22044604925031e-16
"saddle-surface_area-rep1-n240-r64","saddle","surface_area",1,240,64,"ambient",8,"stress_fixed_original",3.42748394913149e-16,5.24653074734709e-16,377342732.258262,0.0404995381330189,0.0113557727303806,0.394734988018007,0.394734988018007,0.396832235498289,8.39489372429191e-15,1,29745.4564924376,570.928947475572,504.602968564571,0.0191938203275087,0.883827962823974,0.0169640351188714,7.21644966006352e-15,7.74246265235308e-17,2.22044604925031e-16
"saddle-surface_area-rep1-n240-r64","saddle","surface_area",1,240,64,"ambient",8,"stress_fixed_extended",0.00368119404593384,0.00734625472602689,89969194.3902987,0.0197755691438666,0.00592683705755437,0.394734988018007,0.395112529252231,0.396180054015216,0.0559202276001957,1.00070609856262,30331.8562891961,1251.84518871705,1058.96952897182,0.0412716312770791,0.845926907349537,0.03491278340749,0.20251264439631,3.20923843055709e-17,0
"saddle-surface_area-rep1-n240-r64","saddle","surface_area",1,240,64,"geodesic",128,"classical_perturbed",0.0346913865061959,0.0378135405772248,214671969369.579,0.866691834659945,0.0677342871522685,8.73449576076327e-07,0.0354811422885512,0.0947497363182064,0.807877743530511,0.143499429504657,2845.58955634025,2648.01993751666,2482.90474261234,0.930569881948228,0.937645788626818,0.872544930831711,4.75864231595312,2.77555756156289e-16,2.77555756156289e-17
"saddle-surface_area-rep1-n240-r64","saddle","surface_area",1,240,64,"geodesic",128,"classical_random",0.0346906573481466,0.0378085892643273,271983353163.197,0.975546997479342,0.0677380762527351,8.73449576076327e-07,0.0354789064784428,0.094756228617538,0.807867490363581,0.0263147612041657,521.810199944317,485.595356256783,455.310209741704,0.930597670012202,0.937632956895362,0.872559045013475,4.75922370543523,5.34294830600857e-16,3.46944695195361e-18
"saddle-surface_area-rep1-n240-r64","saddle","surface_area",1,240,64,"geodesic",128,"classical_original",0.0347328808449069,0.0378707210094859,244527162531.686,0.924997563821207,0.0678289348633638,8.73449576076327e-07,0.0354976952423289,0.0948736090776431,0.807866075901907,0.0807308356930895,1600.66868474311,1489.65609341583,1396.74275225421,0.930646115348288,0.937627656764339,0.87259953641085,5.11095997192996,2.0122792321331e-16,2.77555756156289e-17
"saddle-surface_area-rep1-n240-r64","saddle","surface_area",1,240,64,"geodesic",128,"classical_extended",0.0346906729683719,0.0378098449184374,285127849063.926,0.998842133637161,0.0677389506298485,8.73449576076327e-07,0.0354792641363354,0.0947561920735934,0.807848959049934,0.00124595213503659,24.7061205595664,22.9927720601715,21.5579200572018,0.930650848429884,0.937595519182518,0.872574065411268,4.7585778660276,1.52655665885959e-16,2.16840434497101e-19
"saddle-surface_area-rep1-n240-r64","saddle","surface_area",1,240,64,"geodesic",128,"classical_fixed_perturbed",0.0346717644597521,0.0377922800844773,2662308175.67038,0.0965175296451933,0.068534328806192,8.73449576076327e-07,0.0354099681380007,0.0955867954752877,0.807476120891249,0.998573499792936,19745.2053545646,18479.3280495061,17258.7151639851,0.935889382646213,0.933947117435711,0.874071191161118,4.80887619899342,5.55111512312578e-16,5.55111512312578e-17
"saddle-surface_area-rep1-n240-r64","saddle","surface_area",1,240,64,"geodesic",128,"classical_fixed_random",0.0346716825071561,0.0377922806382177,2662358872.20653,0.0965184485998775,0.0685352709759827,8.73449576076327e-07,0.0354099374345681,0.0955875498141002,0.807447484557136,0.998573239755457,19744.6316100005,18480.0844638369,17258.5347090868,0.935954887832744,0.933899124912522,0.874087450704597,4.80841101799192,6.2450045135165e-17,1.11022302462516e-16
"saddle-surface_area-rep1-n240-r64","saddle","surface_area",1,240,64,"geodesic",128,"classical_fixed_original",0.0346717922575604,0.0377922793911131,2662367740.02355,0.0965186093421495,0.0685351778948234,8.73449576076327e-07,0.0354099427927898,0.0955879271497249,0.807417229273865,0.998573577005205,19743.829338257,18480.7830495241,17258.684229121,0.936028301952269,0.93387191348288,0.874130541418297,4.80879165252296,4.23272528138341e-16,2.22044604925031e-16
"saddle-surface_area-rep1-n240-r64","saddle","surface_area",1,240,64,"geodesic",128,"classical_fixed_extended",0.0346715643157463,0.0377922790189959,2662484985.43283,0.0965207345630762,0.0685378894406648,8.73449576076327e-07,0.0354097074856735,0.095590201652739,0.807437126408213,0.998573780181731,19744.222941366,18480.3920819381,17258.6224413335,0.935989840512788,0.933888326871664,0.874109986125363,4.80835803379701,3.12250225675825e-16,2.22044604925031e-16
"saddle-surface_area-rep1-n240-r64","saddle","surface_area",1,240,64,"geodesic",128,"stress_perturbed",0.0346916300966133,0.0378145960088672,218453230646.78,0.874291529179213,0.0677334532280193,8.73449576076327e-07,0.0354816862677666,0.0947483772190513,0.807877810248284,0.135315440020085,2683.30404839354,2497.0026054973,2341.3042474999,0.930570133113398,0.937645896862655,0.872545267056713,4.75850797537299,3.88578058618805e-16,1.38777878078145e-17
"saddle-surface_area-rep1-n240-r64","saddle","surface_area",1,240,64,"geodesic",128,"stress_random",0.0346906573481466,0.0378085892643273,271983353163.197,0.975546997479342,0.0677380762527351,8.73449576076327e-07,0.0354789064784428,0.094756228617538,0.807867490363581,0.0263147612041657,521.810199944317,485.595356256783,455.310209741704,0.930597670012202,0.937632956895362,0.872559045013475,4.75922370543523,5.34294830600857e-16,3.46944695195361e-18
"saddle-surface_area-rep1-n240-r64","saddle","surface_area",1,240,64,"geodesic",128,"stress_original",0.0347328808449069,0.0378707210094859,244527162531.686,0.924997563821207,0.0678289348633638,8.73449576076327e-07,0.0354976952423289,0.0948736090776431,0.807866075901907,0.0807308356930895,1600.66868474311,1489.65609341583,1396.74275225421,0.930646115348288,0.937627656764339,0.87259953641085,5.11095997192996,2.0122792321331e-16,2.77555756156289e-17
"saddle-surface_area-rep1-n240-r64","saddle","surface_area",1,240,64,"geodesic",128,"stress_extended",0.0346903910076945,0.037808488969438,285158610970.024,0.998896013781308,0.0677402142933658,8.73449576076327e-07,0.0354785257350881,0.0947582314700291,0.807849305893737,0.00118797514418596,23.5564822509553,21.9227965014366,20.5547319596852,0.930648144654431,0.937596257773874,0.872572217732194,4.75884573858302,1.45716771982052e-16,4.33680868994202e-19
"saddle-surface_area-rep1-n240-r64","saddle","surface_area",1,240,64,"geodesic",128,"stress_fixed_perturbed",0.0346717630279519,0.0377922800737427,2662308461.85709,0.0965175348328034,0.0685343333542133,8.73449576076327e-07,0.0354099665331326,0.0955867998234613,0.807476016623181,0.998573498477974,19745.2028073842,18479.330899114,17258.7148285677,0.935889647697276,0.933946955265311,0.874071286931196,4.80887531776156,5.55111512312578e-16,2.22044604925031e-16
"saddle-surface_area-rep1-n240-r64","saddle","surface_area",1,240,64,"geodesic",128,"stress_fixed_random",0.0346716825071561,0.0377922806382177,2662358872.20653,0.0965184485998775,0.0685352709759827,8.73449576076327e-07,0.0354099374345681,0.0955875498141002,0.807447484557136,0.998573239755457,19744.6316100005,18480.0844638369,17258.5347090868,0.935954887832744,0.933899124912522,0.874087450704597,4.80841101799192,6.2450045135165e-17,1.11022302462516e-16
"saddle-surface_area-rep1-n240-r64","saddle","surface_area",1,240,64,"geodesic",128,"stress_fixed_original",0.0346717922575604,0.0377922793911131,2662367740.02355,0.0965186093421495,0.0685351778948234,8.73449576076327e-07,0.0354099427927898,0.0955879271497249,0.807417229273865,0.998573577005205,19743.829338257,18480.7830495241,17258.684229121,0.936028301952269,0.93387191348288,0.874130541418297,4.80879165252296,4.23272528138341e-16,2.22044604925031e-16
"saddle-surface_area-rep1-n240-r64","saddle","surface_area",1,240,64,"geodesic",128,"stress_fixed_extended",0.0346715643882821,0.0377922790189952,2662484977.04173,0.0965207344109785,0.0685378897026899,8.73449576076327e-07,0.0354097074509089,0.0955902020486869,0.807437126430697,0.99857378101771,19744.2229501616,18480.3920911946,17258.622451011,0.935989840564647,0.93388832692756,0.874109986226112,4.80835806528165,5.68989300120393e-16,1.11022302462516e-16
"saddle-surface_area-rep1-n240-r64","saddle","surface_area",1,240,64,"geodesic",239,"classical_perturbed",0.0627275306070915,0.0614186243111308,285667094686.351,0.999786458935543,0.0613031078987178,2.63888968563229e-10,0.0643135084157965,0.0614186243111309,0.80603074848563,0.00021354115047106,4.61107798418718,4.24889619977357,3.89735783838142,0.921453988491272,0.917263603330462,0.84521620578673,0.925641880474716,4.85722573273506e-16,5.42101086242752e-20
"saddle-surface_area-rep1-n240-r64","saddle","surface_area",1,240,64,"geodesic",239,"classical_random",0.0628893774605249,0.0614891922993748,285755997402.975,0.999942019060555,0.0613732780070845,2.63888968563229e-10,0.0644744954111297,0.0614891922993744,0.80602202412103,5.7980945800558e-05,1.25069779203926,1.15385410562573,1.05957112130425,0.922568275861725,0.918288643371993,0.847183970459102,0.93142368982392,4.57966997657877e-16,1.35525271560688e-20
"saddle-surface_area-rep1-n240-r64","saddle","surface_area",1,240,64,"geodesic",239,"classical_original",0.0629294258994546,0.0615258548933233,285737355106.957,0.99990940116394,0.0614097335290421,2.63888968563229e-10,0.0645144524690186,0.0615258548933234,0.806023360254701,9.05988515941642e-05,1.95422093005809,1.80298145322222,1.65573163883727,0.922608813307834,0.918329823015207,0.847259188237253,0.952552905127355,4.71844785465692e-16,2.71050543121376e-20
"saddle-surface_area-rep1-n240-r64","saddle","surface_area",1,240,64,"geodesic",239,"classical_extended",0.0627549249732116,0.0613552113741158,285789136669.085,0.99999999926794,0.0612400517244314,2.63888968563229e-10,0.0643408985568256,0.0613552113741159,0.806021490254724,7.32060122139869e-10,1.57953682485569e-05,1.45677317068813e-05,1.33733876991128e-05,0.922278700796501,0.918014414886269,0.846665141873769,0.925575547458813,4.71844785465692e-16,5.16987882845642e-26
"saddle-surface_area-rep1-n240-r64","saddle","surface_area",1,240,64,"geodesic",239,"classical_fixed_perturbed",0.0625983801936709,0.0612425727571777,1067890517.16136,0.061128045007141,0.0611280450071418,2.63888968563229e-10,0.0641848155871232,0.0612425727571777,0.806022355187139,0.996263362720601,21502.0617406778,19824.1777524808,18193.4561381464,0.921966367298498,0.917740769140838,0.846126123046508,0.925599379978679,2.63677968348475e-16,2.22044604925031e-16
"saddle-surface_area-rep1-n240-r64","saddle","surface_area",1,240,64,"geodesic",239,"classical_fixed_random",0.0625983801895833,0.0612425727571781,1067890517.16137,0.0611280450071414,0.0611280450071419,2.63888968563229e-10,0.0641848155848094,0.0612425727571778,0.806022355190653,0.996263362362612,21502.0617328263,19824.1777450462,18193.4561320963,0.921966367289399,0.917740769179825,0.846126123074102,0.925599379979755,2.77555756156289e-16,5.55111512312578e-17
"saddle-surface_area-rep1-n240-r64","saddle","surface_area",1,240,64,"geodesic",239,"classical_fixed_original",0.0625983801876425,0.0612425727571768,1067890517.16137,0.0611280450071413,0.0611280450071416,2.63888968563229e-10,0.0641848155836609,0.0612425727571768,0.806022355193106,0.996263362020606,21502.061725358,19824.1777380328,18193.4561261789,0.921966367283452,0.917740769206009,0.846126123092785,0.925599379980484,7.63278329429795e-16,2.22044604925031e-16
"saddle-surface_area-rep1-n240-r64","saddle","surface_area",1,240,64,"geodesic",239,"classical_fixed_extended",0.0625983801917764,0.0612425727571775,1067890517.16138,0.0611280450071415,0.0611280450071417,2.63888968563229e-10,0.0641848155860422,0.0612425727571773,0.806022355188906,0.996263360488423,21502.0616924383,19824.1777079095,18193.4560976253,0.921966367294034,0.917740769160193,0.846126123060257,0.925599379979222,5.13478148889135e-16,2.22044604925031e-16
"saddle-surface_area-rep1-n240-r64","saddle","surface_area",1,240,64,"geodesic",239,"stress_perturbed",0.0631317396170082,0.0618722678348774,285672951750.449,0.999796708249286,0.0617541777626974,2.63888968563229e-10,0.0647163152764103,0.0618722678348775,0.806049057053767,0.000203291829827142,4.39194557172625,4.0447861537498,3.70827289343451,0.920955437104838,0.916803201078177,0.844334892788067,1.69504888513144,1.17961196366423e-15,5.42101086242752e-20
"saddle-surface_area-rep1-n240-r64","saddle","surface_area",1,240,64,"geodesic",239,"stress_random",0.0628893774605249,0.0614891922993748,285755997402.975,0.999942019060555,0.0613732780070845,2.63888968563229e-10,0.0644744954111297,0.0614891922993744,0.80602202412103,5.7980945800558e-05,1.25069779203926,1.15385410562573,1.05957112130425,0.922568275861725,0.918288643371993,0.847183970459102,0.93142368982392,4.57966997657877e-16,1.35525271560688e-20
"saddle-surface_area-rep1-n240-r64","saddle","surface_area",1,240,64,"geodesic",239,"stress_original",0.0629294258994546,0.0615258548933233,285737355106.957,0.99990940116394,0.0614097335290421,2.63888968563229e-10,0.0645144524690186,0.0615258548933234,0.806023360254701,9.05988515941642e-05,1.95422093005809,1.80298145322222,1.65573163883727,0.922608813307834,0.918329823015207,0.847259188237253,0.952552905127355,4.71844785465692e-16,2.71050543121376e-20
"saddle-surface_area-rep1-n240-r64","saddle","surface_area",1,240,64,"geodesic",239,"stress_extended",0.0626519236208826,0.0613420035068954,285789136654.036,0.999999999241611,0.0612269180723795,2.63888968563229e-10,0.0642378674426791,0.0613420035068954,0.806025561180464,7.58384646108166e-10,1.63724541562375e-05,1.50901199068414e-05,1.38450939103538e-05,0.921677334554788,0.91749396266075,0.84563338997527,0.925618257810835,4.57966997657877e-16,0
"saddle-surface_area-rep1-n240-r64","saddle","surface_area",1,240,64,"geodesic",239,"stress_fixed_perturbed",0.0625983801910164,0.0612425727571776,1067890517.16137,0.0611280450071413,0.0611280450071415,2.63888968563229e-10,0.0641848155855964,0.0612425727571772,0.806022355189807,0.996263362307942,21502.0617316769,19824.1777440381,18193.4561309743,0.921966367291797,0.917740769169898,0.84612612306715,0.925599379979494,9.0205620750794e-16,2.22044604925031e-16
"saddle-surface_area-rep1-n240-r64","saddle","surface_area",1,240,64,"geodesic",239,"stress_fixed_random",0.0625983801895833,0.0612425727571781,1067890517.16137,0.0611280450071414,0.0611280450071419,2.63888968563229e-10,0.0641848155848094,0.0612425727571778,0.806022355190653,0.996263362362612,21502.0617328263,19824.1777450462,18193.4561320963,0.921966367289399,0.917740769179825,0.846126123074102,0.925599379979755,2.77555756156289e-16,5.55111512312578e-17
"saddle-surface_area-rep1-n240-r64","saddle","surface_area",1,240,64,"geodesic",239,"stress_fixed_original",0.0625983801876425,0.0612425727571768,1067890517.16137,0.0611280450071413,0.0611280450071416,2.63888968563229e-10,0.0641848155836609,0.0612425727571768,0.806022355193106,0.996263362020606,21502.061725358,19824.1777380328,18193.4561261789,0.921966367283452,0.917740769206009,0.846126123092785,0.925599379980484,7.63278329429795e-16,2.22044604925031e-16
"saddle-surface_area-rep1-n240-r64","saddle","surface_area",1,240,64,"geodesic",239,"stress_fixed_extended",0.0625983801917761,0.061242572757177,1067890517.16137,0.0611280450071414,0.0611280450071417,2.63888968563229e-10,0.0641848155860417,0.061242572757177,0.806022355188906,0.996263360489914,21502.0616924704,19824.1777079392,18193.4560976524,0.921966367294035,0.917740769160192,0.846126123060256,0.92559937997923,1.08246744900953e-15,1.11022302462516e-16
"saddle-surface_area-rep1-n240-r64","saddle","surface_area",1,240,64,"geodesic",32,"classical_perturbed",0.00515430724905127,0.00651897812731901,1918216868.81461,0.0819158804227947,0.0639837151494861,0.000265772810771549,0.00533343841112082,0.1418102823352,0.806245034397287,1.2041024423624,22669.5906868556,20798.0575848756,19091.2501193269,0.917443013072785,0.917934285036798,0.842152396266972,1.67725257526889,4.5102810375397e-17,2.22044604925031e-16
"saddle-surface_area-rep1-n240-r64","saddle","surface_area",1,240,64,"geodesic",32,"classical_random",0.0144329728239974,0.0220541971263196,167857396419.625,0.766283530946928,0.372707372014178,0.000265772810771549,0.0145385082185731,0.559415201290532,0.6791164776654,0.506004370659709,7627.09337111076,3594.59424099435,2905.94702044016,0.471292806589945,0.808421431075431,0.381003205159,2.24573436818126,2.63677968348475e-16,1.11022302462516e-16
"saddle-surface_area-rep1-n240-r64","saddle","surface_area",1,240,64,"geodesic",32,"classical_original",0.00524894799140869,0.00816820845442298,43589929996.9659,0.390492175596044,0.383051129431938,0.000265772810771549,0.00529793981081514,0.394575704157213,0.090675017578605,1.02339604047099,29107.6035680757,2165.06484290987,2074.59055577028,0.0743814185130804,0.958211742509293,0.0712731486437318,0.597624809498648,8.41340885848751e-17,4.44089209850063e-16
"saddle-surface_area-rep1-n240-r64","saddle","surface_area",1,240,64,"geodesic",32,"classical_extended",0.00507756537082152,0.00647388230093969,1606238318.70645,0.0749590789516596,0.0645153725652811,0.000265772810771549,0.00523427256813089,0.142783324226734,0.806083829644037,1.19033130753965,22362.1679289314,20541.9510236093,18883.173832291,0.918602842483482,0.91924928701213,0.844425008000257,1.65956577555208,9.28077059647592e-17,2.22044604925031e-16
"saddle-surface_area-rep1-n240-r64","saddle","surface_area",1,240,64,"geodesic",32,"classical_fixed_perturbed",0.00524139324097223,0.0065416697920655,5732867219.13702,0.141613674577114,0.0641277877591727,0.000265772810771549,0.00541725698556971,0.141487388127287,0.806450872935884,0.999975474110403,18925.1888964404,17270.3069494369,15767.2563431151,0.91255664838755,0.912969085568522,0.833136008807857,1.70327106935437,1.47451495458029e-17,2.22044604925031e-16
"saddle-surface_area-rep1-n240-r64","saddle","surface_area",1,240,64,"geodesic",32,"classical_fixed_random",0.0144334262351911,0.0216963071292298,106587768058.698,0.6106226849624,0.363911545554403,0.000265772810771549,0.0148655390432926,0.610344134642347,0.818071266679729,0.99935364644378,12444.1983847389,7296.32656227387,4863.78570673897,0.586323549070207,0.666607458592588,0.390847650958677,2.03674869860783,5.89805981832114e-17,1.11022302462516e-16
"saddle-surface_area-rep1-n240-r64","saddle","surface_area",1,240,64,"geodesic",32,"classical_fixed_original",0.005229932987424,0.0081132960786564,44472941376.8416,0.394427491408093,0.382578112967301,0.000265772810771549,0.00529302312405315,0.394277289468917,0.0925363135948227,0.999952220960866,28418.7446585414,2158.8980249983,2063.39316050151,0.0759673958486917,0.955762216005147,0.0726067666004858,0.628912759495447,6.41847686111419e-17,2.22044604925031e-16
"saddle-surface_area-rep1-n240-r64","saddle","surface_area",1,240,64,"geodesic",32,"classical_fixed_extended",0.00508108405312869,0.00647187420478038,5860205699.29525,0.143177798580412,0.064747297019953,0.000265772810771549,0.00525568194561084,0.143038700637089,0.806161411742657,0.999961712095402,18847.1078521029,17251.2503212065,15784.2857863972,0.915326131551887,0.914964741250898,0.837491137115558,1.6619517398503,3.46944695195361e-18,1.11022302462516e-16
"saddle-surface_area-rep1-n240-r64","saddle","surface_area",1,240,64,"geodesic",32,"stress_perturbed",0.00516280443465289,0.00651915371916093,1183933999.96765,0.0643551040464966,0.0639763765882247,0.000265772810771549,0.00534024324637449,0.141744834784238,0.80622268497291,1.13730306083032,21403.8971607104,19645.9162412237,18045.1033032215,0.917866316293381,0.918516758478123,0.843075593558052,1.68111978856534,4.25007251614318e-17,4.44089209850063e-16
"saddle-surface_area-rep1-n240-r64","saddle","surface_area",1,240,64,"geodesic",32,"stress_random",0.0144329728239974,0.0220541971263196,167857396419.625,0.766283530946928,0.372707372014178,0.000265772810771549,0.0145385082185731,0.559415201290532,0.6791164776654,0.506004370659709,7627.09337111076,3594.59424099435,2905.94702044016,0.471292806589945,0.808421431075431,0.381003205159,2.24573436818126,2.63677968348475e-16,1.11022302462516e-16
"saddle-surface_area-rep1-n240-r64","saddle","surface_area",1,240,64,"geodesic",32,"stress_original",0.00524894799140869,0.00816820845442298,43589929996.9659,0.390492175596044,0.383051129431938,0.000265772810771549,0.00529793981081514,0.394575704157213,0.090675017578605,1.02339604047099,29107.6035680757,2165.06484290987,2074.59055577028,0.0743814185130804,0.958211742509293,0.0712731486437318,0.597624809498648,8.41340885848751e-17,4.44089209850063e-16
"saddle-surface_area-rep1-n240-r64","saddle","surface_area",1,240,64,"geodesic",32,"stress_extended",0.00507738741531154,0.00647294874984024,1295862845.18174,0.0673284737121813,0.0645240407247004,0.000265772810771549,0.00523499348787785,0.142781820955801,0.806058011407431,1.12438378005148,21111.0713645621,19404.8636788361,17850.709023035,0.919179483775984,0.919909014486086,0.845561493056195,1.659598992819,2.60208521396521e-17,5.55111512312578e-17
"saddle-surface_area-rep1-n240-r64","saddle","surface_area",1,240,64,"geodesic",32,"stress_fixed_perturbed",0.00523642324181944,0.00653449097936398,5736355388.52307,0.141656750523997,0.0640665098660968,0.000265772810771549,0.00542300261985132,0.141526371387523,0.806384106187185,0.999971221126202,18896.187997406,17271.460006163,15795.7808857978,0.914018214072274,0.914559677071971,0.835924202699838,1.70030310767092,2.42861286636753e-17,2.22044604925031e-16
"saddle-surface_area-rep1-n240-r64","saddle","surface_area",1,240,64,"geodesic",32,"stress_fixed_random",0.0144334262351911,0.0216963071292298,106587768058.698,0.6106226849624,0.363911545554403,0.000265772810771549,0.0148655390432926,0.610344134642347,0.818071266679729,0.99935364644378,12444.1983847389,7296.32656227387,4863.78570673897,0.586323549070207,0.666607458592588,0.390847650958677,2.03674869860783,5.89805981832114e-17,1.11022302462516e-16
"saddle-surface_area-rep1-n240-r64","saddle","surface_area",1,240,64,"geodesic",32,"stress_fixed_original",0.005229932987424,0.0081132960786564,44472941376.8416,0.394427491408093,0.382578112967301,0.000265772810771549,0.00529302312405315,0.394277289468917,0.0925363135948227,0.999952220960866,28418.7446585414,2158.8980249983,2063.39316050151,0.0759673958486917,0.955762216005147,0.0726067666004858,0.628912759495447,6.41847686111419e-17,2.22044604925031e-16
"saddle-surface_area-rep1-n240-r64","saddle","surface_area",1,240,64,"geodesic",32,"stress_fixed_extended",0.00507389490880831,0.00647153860742616,5860782595.03592,0.143184845827018,0.0646959837634543,0.000265772810771549,0.00524806664707257,0.143045975942376,0.806123366755849,0.999962838539902,18821.1278020446,17251.5946747585,15812.8756806224,0.916607912990444,0.916603709902762,0.84016621357327,1.66144168152001,3.81639164714898e-17,2.22044604925031e-16
"saddle-surface_area-rep1-n240-r64","saddle","surface_area",1,240,64,"geodesic",8,"classical_perturbed",0.0021407100217809,0.00452671396200817,2135802478.24821,0.0861554685375222,0.06398574233104,0.00402871867106807,0.00543214573376928,0.14633852303243,0.806758074756882,1.22262845136079,22865.4657500366,21000.9337559434,19291.7617602712,0.918456417442962,0.918614476121162,0.843707360749486,0.150807648974024,3.25260651745651e-17,1.11022302462516e-16
"saddle-surface_area-rep1-n240-r64","saddle","surface_area",1,240,64,"geodesic",8,"classical_random",0.00381135525661285,0.0157267782065983,81930292672.7493,0.533610735836059,0.505368178504453,0.00402871867106807,0.00711807007652433,0.875715276611701,0.939338083206561,4.69675814885816,16227.2539053794,13792.2895153063,10950.1010989982,0.849945997993791,0.793929179549635,0.674796928848706,0.34470421219628,5.89805981832114e-17,1.77635683940025e-15
"saddle-surface_area-rep1-n240-r64","saddle","surface_area",1,240,64,"geodesic",8,"classical_original",0.00169732591138666,0.00409791803973869,45415759104.3069,0.397288134355197,0.392642327425621,0.00402871867106807,0.00429829481991753,0.396834697754311,0.00546786771149507,1.0035665479366,29736.4158106148,588.779786626956,526.547582029736,0.0197999580842821,0.89430308918426,0.0177071636804923,0.148900400957391,8.67361737988404e-18,1.11022302462516e-16
"saddle-surface_area-rep1-n240-r64","saddle","surface_area",1,240,64,"geodesic",8,"classical_extended",0.00174886546587468,0.00374331533294406,2159667578.20586,0.0866354747886061,0.0648530175307445,0.00402871867106807,0.00507895479219213,0.150690910685506,0.806706832021932,1.22864117071154,22886.118061178,21003.5714980338,19244.2639236709,0.917742862371333,0.916237694406992,0.840870604277583,0.12106211118371,3.03576608295941e-17,1.11022302462516e-16
"saddle-surface_area-rep1-n240-r64","saddle","surface_area",1,240,64,"geodesic",8,"classical_fixed_perturbed",0.0070754045069276,0.00923124140549642,4902769690.73933,0.130533821277335,0.0637767509882485,0.00402871867106807,0.0225802296233617,0.130901199497444,0.807345658774987,1.0037673308717,19391.3800241472,17534.6673811564,15923.2844493687,0.904250618538815,0.908103022614543,0.821152719896169,0.199876974851214,2.08166817117217e-17,0
"saddle-surface_area-rep1-n240-r64","saddle","surface_area",1,240,64,"geodesic",8,"classical_fixed_random",0.00314488179437797,0.00710788607293204,145512575918.506,0.711135845041671,0.417626659238701,0.00402871867106807,0.00555883082078725,0.710247706137999,0.771219764393464,0.999954134861459,8636.52639833439,5808.37943535012,4964.11371470209,0.672536523071395,0.854646940675091,0.57478128193523,0.168330935303413,2.51534904016637e-17,1.11022302462516e-16
"saddle-surface_area-rep1-n240-r64","saddle","surface_area",1,240,64,"geodesic",8,"classical_fixed_original",0.001777370759308,0.00411187958082054,45506963334.0888,0.397686852616579,0.392725251415324,0.00402871867106807,0.00480836456402175,0.396774094837824,0.00535196186378834,1.0000807632327,29664.4053364534,588.609799256906,525.610081379283,0.0198422922212969,0.892968622069905,0.0177185443435598,0.148407879628123,1.84314369322536e-17,0
"saddle-surface_area-rep1-n240-r64","saddle","surface_area",1,240,64,"geodesic",8,"classical_fixed_extended",0.00194898426269571,0.00451795107208312,6038843590.0665,0.144870245525721,0.0643904051993246,0.00402871867106807,0.00659148378251198,0.142407179292462,0.807410914104734,1.00018272500148,19018.4363938684,17226.8679807906,15656.649479374,0.905798332945215,0.908850610385617,0.823235367783533,0.148224320207784,1.47451495458029e-17,2.22044604925031e-16
"saddle-surface_area-rep1-n240-r64","saddle","surface_area",1,240,64,"geodesic",8,"stress_perturbed",0.00195243566053408,0.00451688614665062,1166475214.80421,0.0636707643118042,0.0636690402475221,0.00402871867106807,0.00585431314973748,0.143842103588919,0.806848978442605,1.15175804631726,21641.1894597717,19837.6815816771,18194.7129107371,0.916663181501779,0.917179401021463,0.84074458774823,0.152420945777853,1.36609473733174e-17,2.22044604925031e-16
"saddle-surface_area-rep1-n240-r64","saddle","surface_area",1,240,64,"geodesic",8,"stress_random",0.00381135525661285,0.0157267782065983,81930292672.7493,0.533610735836059,0.505368178504453,0.00402871867106807,0.00711807007652433,0.875715276611701,0.939338083206561,4.69675814885816,16227.2539053794,13792.2895153063,10950.1010989982,0.849945997993791,0.793929179549635,0.674796928848706,0.34470421219628,5.89805981832114e-17,1.77635683940025e-15
"saddle-surface_area-rep1-n240-r64","saddle","surface_area",1,240,64,"geodesic",8,"stress_original",0.00169732591138666,0.00409791803973869,45415759104.3069,0.397288134355197,0.392642327425621,0.00402871867106807,0.00429829481991753,0.396834697754311,0.00546786771149507,1.0035665479366,29736.4158106148,588.779786626956,526.547582029736,0.0197999580842821,0.89430308918426,0.0177071636804923,0.148900400957391,8.67361737988404e-18,1.11022302462516e-16
"saddle-surface_area-rep1-n240-r64","saddle","surface_area",1,240,64,"geodesic",8,"stress_extended",0.00201102420532864,0.00444675664614829,1168406475.90712,0.0637234503932137,0.0637177313550655,0.00402871867106807,0.00532056879978028,0.143872277796871,0.806863363730888,1.15133019435125,21632.4396076769,19829.6730909667,18188.3310326844,0.91666374438552,0.917227981986749,0.840789636423148,0.149415904003531,2.51534904016637e-17,2.22044604925031e-16
"saddle-surface_area-rep1-n240-r64","saddle","surface_area",1,240,64,"geodesic",8,"stress_fixed_perturbed",0.00558594245515086,0.00758241140065178,5158894067.70365,0.133900010367224,0.0634930852774703,0.00402871867106807,0.0186205200561621,0.133475475882495,0.807246442439801,1.00275801939054,19246.7292748978,17469.5482368327,15906.1500283188,0.907663218374305,0.910507233082442,0.826433925532692,0.186381295672052,6.33174068731535e-17,1.11022302462516e-16
"saddle-surface_area-rep1-n240-r64","saddle","surface_area",1,240,64,"geodesic",8,"stress_fixed_random",0.00314488179437797,0.00710788607293204,145512575918.506,0.711135845041671,0.417626659238701,0.00402871867106807,0.00555883082078725,0.710247706137999,0.771219764393464,0.999954134861459,8636.52639833439,5808.37943535012,4964.11371470209,0.672536523071395,0.854646940675091,0.57478128193523,0.168330935303413,2.51534904016637e-17,1.11022302462516e-16
"saddle-surface_area-rep1-n240-r64","saddle","surface_area",1,240,64,"geodesic",8,"stress_fixed_original",0.001777370759308,0.00411187958082054,45506963334.0888,0.397686852616579,0.392725251415324,0.00402871867106807,0.00480836456402175,0.396774094837824,0.00535196186378834,1.0000807632327,29664.4053364534,588.609799256906,525.610081379283,0.0198422922212969,0.892968622069905,0.0177185443435598,0.148407879628123,1.84314369322536e-17,0
"saddle-surface_area-rep1-n240-r64","saddle","surface_area",1,240,64,"geodesic",8,"stress_fixed_extended",0.00192303142578989,0.00449721237542656,6043704332.24932,0.144928537751684,0.064093470178509,0.00402871867106807,0.00645964874352132,0.14243306914147,0.807305457905911,1.0001456728328,18966.0795640323,17231.8727435904,15701.7733397955,0.908562715104774,0.911205274866943,0.827887138550902,0.149535273583648,1.34441069388203e-17,2.22044604925031e-16
