"case","surface","sampling","replicate","n","radius","regime","k","start","initialization","initial_raw_stress","raw_stress","normalized_stress","iterations","converged","termination","backend_stress","warnings","error","selected","initialization_description"
"paraboloid-disk-rep1-n240-r1","paraboloid","disk",1,240,1,"ambient",128,1,"supplied",142.401495991577,124.532219130016,0.00323405872565039,49,TRUE,"stress_tolerance",0.0568687851606699,"","",TRUE,"classical"
"paraboloid-disk-rep1-n240-r1","paraboloid","disk",1,240,1,"ambient",128,2,"random",11756.7456531233,124.532424690443,0.00323406406398368,146,TRUE,"stress_tolerance",0.0568688320961819,"","",FALSE,"Gaussian"
"paraboloid-disk-rep1-n240-r1","paraboloid","disk",1,240,1,"ambient",128,3,"random",11563.7311136474,124.53240485874,0.00323406354896121,144,TRUE,"stress_tolerance",0.0568688275680205,"","",FALSE,"Gaussian"
"paraboloid-disk-rep1-n240-r1","paraboloid","disk",1,240,1,"ambient",16,1,"supplied",167.688124094418,145.139493208243,0.00331414179075634,55,TRUE,"stress_tolerance",0.0575685833658975,"","",TRUE,"classical"
"paraboloid-disk-rep1-n240-r1","paraboloid","disk",1,240,1,"ambient",16,2,"random",13603.1257312724,145.139534295875,0.00331414272895887,151,TRUE,"stress_tolerance",0.0575685915144613,"","",FALSE,"Gaussian"
"paraboloid-disk-rep1-n240-r1","paraboloid","disk",1,240,1,"ambient",16,3,"random",13382.6396351105,145.139565828342,0.003314143448977,151,TRUE,"stress_tolerance",0.0575685977680281,"","",FALSE,"Gaussian"
"paraboloid-disk-rep1-n240-r1","paraboloid","disk",1,240,1,"ambient",239,1,"supplied",2.87728082786579e-26,1.38965220557534e-24,4.17984364943593e-29,1,TRUE,"stress_tolerance",6.32541105346091e-15,"","",TRUE,"classical"
"paraboloid-disk-rep1-n240-r1","paraboloid","disk",1,240,1,"ambient",239,2,"random",9287.39139625668,0.00196696912869685,5.91631732618749e-08,126,TRUE,"stress_tolerance",0.000243234810968883,"","",FALSE,"Gaussian"
"paraboloid-disk-rep1-n240-r1","paraboloid","disk",1,240,1,"ambient",239,3,"random",9080.57162878325,0.00217110126973033,6.53031299353599e-08,126,TRUE,"stress_tolerance",0.000255544770912327,"","",FALSE,"Gaussian"
"paraboloid-disk-rep1-n240-r1","paraboloid","disk",1,240,1,"ambient",32,1,"supplied",166.218404399844,146.877438384731,0.00346266350941845,51,TRUE,"stress_tolerance",0.0588444008332006,"","",FALSE,"classical"
"paraboloid-disk-rep1-n240-r1","paraboloid","disk",1,240,1,"ambient",32,2,"random",13188.900799024,146.877383958625,0.00346266222631266,150,TRUE,"stress_tolerance",0.0588443899306693,"","",TRUE,"Gaussian"
"paraboloid-disk-rep1-n240-r1","paraboloid","disk",1,240,1,"ambient",32,3,"random",12968.7280636857,146.877436099442,0.00346266345554231,148,TRUE,"stress_tolerance",0.058844400375416,"","",FALSE,"Gaussian"
"paraboloid-disk-rep1-n240-r1","paraboloid","disk",1,240,1,"ambient",4,1,"supplied",277.973288911176,186.713941705382,0.0030392134358939,75,TRUE,"stress_tolerance",0.0551290616271845,"","",TRUE,"classical"
"paraboloid-disk-rep1-n240-r1","paraboloid","disk",1,240,1,"ambient",4,2,"random",18927.4819781949,186.72061756046,0.00303932210131151,229,TRUE,"stress_tolerance",0.0551300471731297,"","",FALSE,"Gaussian"
"paraboloid-disk-rep1-n240-r1","paraboloid","disk",1,240,1,"ambient",4,3,"random",18621.3189404011,186.722278138397,0.00303934913116655,333,TRUE,"stress_tolerance",0.0551302923188927,"","",FALSE,"Gaussian"
"paraboloid-disk-rep1-n240-r1","paraboloid","disk",1,240,1,"ambient",64,1,"supplied",162.975625802511,144.443660894463,0.00350879971157986,50,TRUE,"stress_tolerance",0.0592351222804503,"","",TRUE,"classical"
"paraboloid-disk-rep1-n240-r1","paraboloid","disk",1,240,1,"ambient",64,2,"random",12766.6367546122,144.443908256857,0.00350880572046313,147,TRUE,"stress_tolerance",0.0592351730010404,"","",FALSE,"Gaussian"
"paraboloid-disk-rep1-n240-r1","paraboloid","disk",1,240,1,"ambient",64,3,"random",12555.8919461934,144.443963375075,0.00350880705938508,146,TRUE,"stress_tolerance",0.0592351843027866,"","",FALSE,"Gaussian"
"paraboloid-disk-rep1-n240-r1","paraboloid","disk",1,240,1,"ambient",8,1,"supplied",189.232167957238,157.914469812396,0.00332802231828645,53,TRUE,"stress_tolerance",0.0576890138439412,"","",TRUE,"classical"
"paraboloid-disk-rep1-n240-r1","paraboloid","disk",1,240,1,"ambient",8,2,"random",14651.5782957774,157.914497481674,0.00332802290141208,146,TRUE,"stress_tolerance",0.057689018897985,"","",FALSE,"Gaussian"
"paraboloid-disk-rep1-n240-r1","paraboloid","disk",1,240,1,"ambient",8,3,"random",14439.2172279748,157.914825757178,0.00332802981976606,153,TRUE,"stress_tolerance",0.0576890788604399,"","",FALSE,"Gaussian"
"paraboloid-disk-rep1-n240-r1","paraboloid","disk",1,240,1,"geodesic",128,1,"supplied",166.318613339496,147.702833647361,0.00345872430381586,52,TRUE,"stress_tolerance",0.0588109199368274,"","",TRUE,"classical"
"paraboloid-disk-rep1-n240-r1","paraboloid","disk",1,240,1,"geodesic",128,2,"random",13292.4712446099,147.703042681899,0.00345872919873099,152,TRUE,"stress_tolerance",0.0588109615525115,"","",FALSE,"Gaussian"
"paraboloid-disk-rep1-n240-r1","paraboloid","disk",1,240,1,"geodesic",128,3,"random",13068.3910632417,147.702862404036,0.0034587249772045,151,TRUE,"stress_tolerance",0.0588109256618573,"","",FALSE,"Gaussian"
"paraboloid-disk-rep1-n240-r1","paraboloid","disk",1,240,1,"geodesic",16,1,"supplied",166.529494362446,144.235970001065,0.00327076325362474,56,TRUE,"stress_tolerance",0.0571905871068373,"","",TRUE,"classical"
"paraboloid-disk-rep1-n240-r1","paraboloid","disk",1,240,1,"geodesic",16,2,"random",13704.4537363788,144.236245302072,0.00327076949648092,153,TRUE,"stress_tolerance",0.057190641686214,"","",FALSE,"Gaussian"
"paraboloid-disk-rep1-n240-r1","paraboloid","disk",1,240,1,"geodesic",16,3,"random",13482.5842998468,144.236205950627,0.00327076860412889,153,TRUE,"stress_tolerance",0.0571906338846573,"","",FALSE,"Gaussian"
"paraboloid-disk-rep1-n240-r1","paraboloid","disk",1,240,1,"geodesic",239,1,"supplied",166.223379442444,147.625957722969,0.00345768685372807,52,TRUE,"stress_tolerance",0.0588020990588609,"","",FALSE,"classical"
"paraboloid-disk-rep1-n240-r1","paraboloid","disk",1,240,1,"geodesic",239,2,"random",13288.3366612586,147.626146663075,0.00345769127907258,152,TRUE,"stress_tolerance",0.0588021366879856,"","",FALSE,"Gaussian"
"paraboloid-disk-rep1-n240-r1","paraboloid","disk",1,240,1,"geodesic",239,3,"random",13064.3008349848,147.625957586835,0.00345768685053957,151,TRUE,"stress_tolerance",0.0588020990317486,"","",TRUE,"Gaussian"
"paraboloid-disk-rep1-n240-r1","paraboloid","disk",1,240,1,"geodesic",32,1,"supplied",164.695697860801,145.402791358976,0.00337385666294032,52,TRUE,"stress_tolerance",0.0580849090809338,"","",FALSE,"classical"
"paraboloid-disk-rep1-n240-r1","paraboloid","disk",1,240,1,"geodesic",32,2,"random",13410.5881654297,145.402695597803,0.00337385444094397,153,TRUE,"stress_tolerance",0.0580848899537904,"","",TRUE,"Gaussian"
"paraboloid-disk-rep1-n240-r1","paraboloid","disk",1,240,1,"geodesic",32,3,"random",13187.1273585062,145.402711500773,0.00337385480994886,151,TRUE,"stress_tolerance",0.0580848931302177,"","",FALSE,"Gaussian"
"paraboloid-disk-rep1-n240-r1","paraboloid","disk",1,240,1,"geodesic",4,1,"supplied",278.551436674542,187.095982800035,0.00303857193593741,75,TRUE,"stress_tolerance",0.0551232431551103,"","",TRUE,"classical"
"paraboloid-disk-rep1-n240-r1","paraboloid","disk",1,240,1,"geodesic",4,2,"random",18970.0945608459,187.10242087251,0.00303867649481705,229,TRUE,"stress_tolerance",0.0551241915570384,"","",FALSE,"Gaussian"
"paraboloid-disk-rep1-n240-r1","paraboloid","disk",1,240,1,"geodesic",4,3,"random",18662.8879981144,187.104612352223,0.00303871208600749,332,TRUE,"stress_tolerance",0.0551245143834168,"","",FALSE,"Gaussian"
"paraboloid-disk-rep1-n240-r1","paraboloid","disk",1,240,1,"geodesic",64,1,"supplied",166.115137833055,147.364232208194,0.00344553071857684,52,TRUE,"stress_tolerance",0.0586986432430666,"","",FALSE,"classical"
"paraboloid-disk-rep1-n240-r1","paraboloid","disk",1,240,1,"geodesic",64,2,"random",13314.2801495556,147.364170501264,0.00344552927580392,153,TRUE,"stress_tolerance",0.0586986309534043,"","",TRUE,"Gaussian"
"paraboloid-disk-rep1-n240-r1","paraboloid","disk",1,240,1,"geodesic",64,3,"random",13091.0163141094,147.3642696653,0.00344553159436336,151,TRUE,"stress_tolerance",0.0586986507030897,"","",FALSE,"Gaussian"
"paraboloid-disk-rep1-n240-r1","paraboloid","disk",1,240,1,"geodesic",8,1,"supplied",189.149930887096,157.663685399135,0.00330576833193295,53,TRUE,"stress_tolerance",0.0574958114294676,"","",TRUE,"classical"
"paraboloid-disk-rep1-n240-r1","paraboloid","disk",1,240,1,"geodesic",8,2,"random",14722.3444704451,157.663717211056,0.00330576899894032,146,TRUE,"stress_tolerance",0.0574958172299546,"","",FALSE,"Gaussian"
"paraboloid-disk-rep1-n240-r1","paraboloid","disk",1,240,1,"geodesic",8,3,"random",14509.3488034643,157.663742970687,0.00330576953904802,154,TRUE,"stress_tolerance",0.0574958219268851,"","",FALSE,"Gaussian"
"paraboloid-disk-rep1-n240-r16","paraboloid","disk",1,240,16,"ambient",128,1,"supplied",12078.6967691923,912.557247240006,2.75374062383501e-06,25,TRUE,"stress_tolerance",0.00165943985243178,"","",TRUE,"classical"
"paraboloid-disk-rep1-n240-r16","paraboloid","disk",1,240,16,"ambient",128,2,"random",137910572.170365,6908.84758985873,2.08481981044143e-05,607,TRUE,"stress_tolerance",0.00456598270960589,"","",FALSE,"Gaussian"
"paraboloid-disk-rep1-n240-r16","paraboloid","disk",1,240,16,"ambient",128,3,"random",135024119.563097,6716.90502627334,2.02689905682441e-05,430,TRUE,"stress_tolerance",0.00450210956866338,"","",FALSE,"Gaussian"
"paraboloid-disk-rep1-n240-r16","paraboloid","disk",1,240,16,"ambient",16,1,"supplied",109264.661299544,54187.3071871488,0.0001539907717004,85,TRUE,"stress_tolerance",0.0124093018216339,"","",TRUE,"classical"
"paraboloid-disk-rep1-n240-r16","paraboloid","disk",1,240,16,"ambient",16,2,"random",143881271.210307,54188.7496267935,0.000153994870859512,430,TRUE,"stress_tolerance",0.0124094669853107,"","",FALSE,"Gaussian"
"paraboloid-disk-rep1-n240-r16","paraboloid","disk",1,240,16,"ambient",16,3,"random",140896859.560148,54194.9871200035,0.000154012596715303,286,TRUE,"stress_tolerance",0.0124101811717359,"","",FALSE,"Gaussian"
"paraboloid-disk-rep1-n240-r16","paraboloid","disk",1,240,16,"ambient",239,1,"supplied",2.31744374843075e-22,2.1649911905006e-20,6.54845576300241e-29,1,TRUE,"stress_tolerance",8.04296574326896e-15,"","",TRUE,"classical"
"paraboloid-disk-rep1-n240-r16","paraboloid","disk",1,240,16,"ambient",239,2,"random",137533688.374458,5624.69781662324,1.70130414359316e-05,643,TRUE,"stress_tolerance",0.00412468682883163,"","",FALSE,"Gaussian"
"paraboloid-disk-rep1-n240-r16","paraboloid","disk",1,240,16,"ambient",239,3,"random",134660425.802736,5178.54419994591,1.56635591677661e-05,571,TRUE,"stress_tolerance",0.0039577214616205,"","",FALSE,"Gaussian"
"paraboloid-disk-rep1-n240-r16","paraboloid","disk",1,240,16,"ambient",32,1,"supplied",109798.648465933,38506.7760326203,0.000112939835503194,53,TRUE,"stress_tolerance",0.0106273155360702,"","",FALSE,"classical"
"paraboloid-disk-rep1-n240-r16","paraboloid","disk",1,240,16,"ambient",32,2,"random",140577285.15739,38420.7136876734,0.000112687415849232,696,TRUE,"stress_tolerance",0.0106154329091769,"","",TRUE,"Gaussian"
"paraboloid-disk-rep1-n240-r16","paraboloid","disk",1,240,16,"ambient",32,3,"random",137696170.666869,38434.8977114072,0.000112729017392449,808,TRUE,"stress_tolerance",0.0106173922124245,"","",FALSE,"Gaussian"
"paraboloid-disk-rep1-n240-r16","paraboloid","disk",1,240,16,"ambient",4,1,"supplied",1247627.65868718,451744.909826959,0.000845198909023178,176,TRUE,"stress_tolerance",0.0290723048453881,"","",TRUE,"classical"
"paraboloid-disk-rep1-n240-r16","paraboloid","disk",1,240,16,"ambient",4,2,"random",205072684.259604,455080.791210839,0.000851440226290851,463,TRUE,"stress_tolerance",0.029179448697514,"","",FALSE,"Gaussian"
"paraboloid-disk-rep1-n240-r16","paraboloid","disk",1,240,16,"ambient",4,3,"random",200759616.005718,475909.948081608,0.000890410849490103,410,TRUE,"stress_tolerance",0.029839752838958,"","",FALSE,"Gaussian"
"paraboloid-disk-rep1-n240-r16","paraboloid","disk",1,240,16,"ambient",64,1,"supplied",65789.3247652503,11973.7088664434,3.58707097449715e-05,30,TRUE,"stress_tolerance",0.00598921612107767,"","",TRUE,"classical"
"paraboloid-disk-rep1-n240-r16","paraboloid","disk",1,240,16,"ambient",64,2,"random",138551688.708606,19246.9898725492,5.76599276701547e-05,407,TRUE,"stress_tolerance",0.00759341343995972,"","",FALSE,"Gaussian"
"paraboloid-disk-rep1-n240-r16","paraboloid","disk",1,240,16,"ambient",64,3,"random",135656638.152535,18380.9876778518,5.50655675006375e-05,581,TRUE,"stress_tolerance",0.0074206177303944,"","",FALSE,"Gaussian"
"paraboloid-disk-rep1-n240-r16","paraboloid","disk",1,240,16,"ambient",8,1,"supplied",276990.046389453,109324.155306967,0.000289129558428102,176,TRUE,"stress_tolerance",0.0170038101150333,"","",FALSE,"classical"
"paraboloid-disk-rep1-n240-r16","paraboloid","disk",1,240,16,"ambient",8,2,"random",152929015.83663,118636.381870901,0.000313757601030881,1000,FALSE,"iteration_limit",0.0177132041435461,"Iteration limit reached! You may want to increase the itmax argument!","",FALSE,"Gaussian"
"paraboloid-disk-rep1-n240-r16","paraboloid","disk",1,240,16,"ambient",8,3,"random",149693659.130263,109279.25754408,0.000289010817329016,425,TRUE,"stress_tolerance",0.0170003181537588,"","",TRUE,"Gaussian"
"paraboloid-disk-rep1-n240-r16","paraboloid","disk",1,240,16,"geodesic",128,1,"supplied",61358.4515826067,35821.981105541,0.000106822100387817,29,TRUE,"stress_tolerance",0.010335477753245,"","",TRUE,"classical"
"paraboloid-disk-rep1-n240-r16","paraboloid","disk",1,240,16,"geodesic",128,2,"random",136553156.793687,35844.8067122091,0.000106890166953978,673,TRUE,"stress_tolerance",0.0103387700890379,"","",FALSE,"Gaussian"
"paraboloid-disk-rep1-n240-r16","paraboloid","disk",1,240,16,"geodesic",128,3,"random",133648456.605341,35841.5348213846,0.000106880410088519,559,TRUE,"stress_tolerance",0.0103382982201387,"","",FALSE,"Gaussian"
"paraboloid-disk-rep1-n240-r16","paraboloid","disk",1,240,16,"geodesic",16,1,"supplied",117350.905848424,59441.6596879813,0.000170957750531841,58,TRUE,"stress_tolerance",0.0130750812820359,"","",FALSE,"classical"
"paraboloid-disk-rep1-n240-r16","paraboloid","disk",1,240,16,"geodesic",16,2,"random",141102673.468217,59415.5722675046,0.000170882721558133,695,TRUE,"stress_tolerance",0.0130722118081883,"","",FALSE,"Gaussian"
"paraboloid-disk-rep1-n240-r16","paraboloid","disk",1,240,16,"geodesic",16,3,"random",138101602.761783,59415.0119287815,0.000170881109990621,664,TRUE,"stress_tolerance",0.0130721501670777,"","",TRUE,"Gaussian"
"paraboloid-disk-rep1-n240-r16","paraboloid","disk",1,240,16,"geodesic",239,1,"supplied",61191.7249844378,35799.8303729855,0.000106773110576756,29,TRUE,"stress_tolerance",0.0103331074985582,"","",TRUE,"classical"
"paraboloid-disk-rep1-n240-r16","paraboloid","disk",1,240,16,"geodesic",239,2,"random",136526717.394876,35822.0407997777,0.000106839353246934,672,TRUE,"stress_tolerance",0.0103363123621019,"","",FALSE,"Gaussian"
"paraboloid-disk-rep1-n240-r16","paraboloid","disk",1,240,16,"geodesic",239,3,"random",133623008.367951,35822.3451502601,0.000106840260973238,557,TRUE,"stress_tolerance",0.0103363562715903,"","",FALSE,"Gaussian"
"paraboloid-disk-rep1-n240-r16","paraboloid","disk",1,240,16,"geodesic",32,1,"supplied",82578.0720728247,43180.3875489125,0.000127152449983973,43,TRUE,"stress_tolerance",0.0112761895152564,"","",FALSE,"classical"
"paraboloid-disk-rep1-n240-r16","paraboloid","disk",1,240,16,"geodesic",32,2,"random",138208749.551799,43175.5662651689,0.000127138252843213,727,TRUE,"stress_tolerance",0.0112755599791415,"","",FALSE,"Gaussian"
"paraboloid-disk-rep1-n240-r16","paraboloid","disk",1,240,16,"geodesic",32,3,"random",135281357.331113,43173.7221362783,0.000127132822472625,617,TRUE,"stress_tolerance",0.0112753191738695,"","",TRUE,"Gaussian"
"paraboloid-disk-rep1-n240-r16","paraboloid","disk",1,240,16,"geodesic",4,1,"supplied",1498710.61847749,515968.238327373,0.00095568509800594,330,TRUE,"stress_tolerance",0.0309141569188931,"","",TRUE,"classical"
"paraboloid-disk-rep1-n240-r16","paraboloid","disk",1,240,16,"geodesic",4,2,"random",205767356.603867,522471.111211251,0.000967729829149655,450,TRUE,"stress_tolerance",0.0311083562592057,"","",FALSE,"Gaussian"
"paraboloid-disk-rep1-n240-r16","paraboloid","disk",1,240,16,"geodesic",4,3,"random",201180208.143815,543392.059508816,0.00100647996343883,408,TRUE,"stress_tolerance",0.031725068375637,"","",FALSE,"Gaussian"
"paraboloid-disk-rep1-n240-r16","paraboloid","disk",1,240,16,"geodesic",64,1,"supplied",62954.9130583082,36543.2400933804,0.000108762889872297,29,TRUE,"stress_tolerance",0.010428944811068,"","",TRUE,"classical"
"paraboloid-disk-rep1-n240-r16","paraboloid","disk",1,240,16,"geodesic",64,2,"random",136818581.995493,36563.7860203921,0.000108824040290026,686,TRUE,"stress_tolerance",0.0104318761634728,"","",FALSE,"Gaussian"
"paraboloid-disk-rep1-n240-r16","paraboloid","disk",1,240,16,"geodesic",64,3,"random",133906512.196339,36564.6051094502,0.000108826478127853,568,TRUE,"stress_tolerance",0.0104319930084265,"","",FALSE,"Gaussian"
"paraboloid-disk-rep1-n240-r16","paraboloid","disk",1,240,16,"geodesic",8,1,"supplied",313313.823400018,125270.470961359,0.00033400972661053,202,TRUE,"stress_tolerance",0.0182759329887843,"","",FALSE,"classical"
"paraboloid-disk-rep1-n240-r16","paraboloid","disk",1,240,16,"geodesic",8,2,"random",150857882.804566,125276.103177843,0.000334024743837444,454,TRUE,"stress_tolerance",0.0182763438312332,"","",FALSE,"Gaussian"
"paraboloid-disk-rep1-n240-r16","paraboloid","disk",1,240,16,"geodesic",8,3,"random",147684576.402869,125206.353723893,0.000333838770272675,441,TRUE,"stress_tolerance",0.0182712553009552,"","",TRUE,"Gaussian"
"paraboloid-disk-rep1-n240-r2","paraboloid","disk",1,240,2,"ambient",128,1,"supplied",912.001878672964,824.057112391366,0.00383658415423107,20,TRUE,"stress_tolerance",0.0619401659202742,"","",FALSE,"classical"
"paraboloid-disk-rep1-n240-r2","paraboloid","disk",1,240,2,"ambient",128,2,"random",61908.2347563581,824.056756304762,0.00383658249638939,81,TRUE,"stress_tolerance",0.0619401525376669,"","",TRUE,"Gaussian"
"paraboloid-disk-rep1-n240-r2","paraboloid","disk",1,240,2,"ambient",128,3,"random",60534.3387472096,824.057147067194,0.00383658431567222,78,TRUE,"stress_tolerance",0.0619401672234764,"","",FALSE,"Gaussian"
"paraboloid-disk-rep1-n240-r2","paraboloid","disk",1,240,2,"ambient",16,1,"supplied",1492.63700029561,1392.59570743572,0.00537194817170574,22,TRUE,"stress_tolerance",0.0732935752416658,"","",TRUE,"classical"
"paraboloid-disk-rep1-n240-r2","paraboloid","disk",1,240,2,"ambient",16,2,"random",76871.9911302174,1392.59592421025,0.00537194900791511,84,TRUE,"stress_tolerance",0.0732935809461861,"","",FALSE,"Gaussian"
"paraboloid-disk-rep1-n240-r2","paraboloid","disk",1,240,2,"ambient",16,3,"random",75198.6890051525,1392.59642719237,0.00537195094817231,79,TRUE,"stress_tolerance",0.0732935941823862,"","",FALSE,"Gaussian"
"paraboloid-disk-rep1-n240-r2","paraboloid","disk",1,240,2,"ambient",239,1,"supplied",7.83258692362959e-26,7.60103209802425e-24,3.954842366385e-29,1,TRUE,"stress_tolerance",6.29736292650131e-15,"","",TRUE,"classical"
"paraboloid-disk-rep1-n240-r2","paraboloid","disk",1,240,2,"ambient",239,2,"random",52469.8958287501,0.00696866296745257,3.62581859743802e-08,89,TRUE,"stress_tolerance",0.000190415823868034,"","",FALSE,"Gaussian"
"paraboloid-disk-rep1-n240-r2","paraboloid","disk",1,240,2,"ambient",239,3,"random",51030.0987267249,0.00665393807701165,3.46206618665749e-08,85,TRUE,"stress_tolerance",0.000186066283541925,"","",FALSE,"Gaussian"
"paraboloid-disk-rep1-n240-r2","paraboloid","disk",1,240,2,"ambient",32,1,"supplied",1403.95754812229,1312.05602620545,0.00528915258413126,21,TRUE,"stress_tolerance",0.0727265603760504,"","",TRUE,"classical"
"paraboloid-disk-rep1-n240-r2","paraboloid","disk",1,240,2,"ambient",32,2,"random",73465.8902841743,1312.05671040593,0.00528915534227623,83,TRUE,"stress_tolerance",0.0727265793384798,"","",FALSE,"Gaussian"
"paraboloid-disk-rep1-n240-r2","paraboloid","disk",1,240,2,"ambient",32,3,"random",71878.4765938217,1312.05716678434,0.00528915718202622,80,TRUE,"stress_tolerance",0.0727265919868815,"","",FALSE,"Gaussian"
"paraboloid-disk-rep1-n240-r2","paraboloid","disk",1,240,2,"ambient",4,1,"supplied",2527.6236746518,1856.58934076092,0.00442027008417809,59,TRUE,"stress_tolerance",0.066485111748256,"","",TRUE,"classical"
"paraboloid-disk-rep1-n240-r2","paraboloid","disk",1,240,2,"ambient",4,2,"random",132185.225540373,1856.64908921827,0.00442041233659376,171,TRUE,"stress_tolerance",0.0664861815461964,"","",FALSE,"Gaussian"
"paraboloid-disk-rep1-n240-r2","paraboloid","disk",1,240,2,"ambient",4,3,"random",129316.86554175,1857.10582667015,0.0044214997622568,179,TRUE,"stress_tolerance",0.0664943588754477,"","",FALSE,"Gaussian"
"paraboloid-disk-rep1-n240-r2","paraboloid","disk",1,240,2,"ambient",64,1,"supplied",1279.47200668973,1188.12409829451,0.00501197815666662,20,TRUE,"stress_tolerance",0.0707953258108656,"","",TRUE,"classical"
"paraboloid-disk-rep1-n240-r2","paraboloid","disk",1,240,2,"ambient",64,2,"random",69913.8501596643,1188.12527902217,0.00501198313744367,82,TRUE,"stress_tolerance",0.0707953609881585,"","",FALSE,"Gaussian"
"paraboloid-disk-rep1-n240-r2","paraboloid","disk",1,240,2,"ambient",64,3,"random",68400.5295963931,1188.12437852785,0.00501197933880188,79,TRUE,"stress_tolerance",0.0707953341598295,"","",FALSE,"Gaussian"
"paraboloid-disk-rep1-n240-r2","paraboloid","disk",1,240,2,"ambient",8,1,"supplied",1764.60344562079,1572.11444013342,0.00545929511260841,26,TRUE,"stress_tolerance",0.0738870429277584,"","",FALSE,"classical"
"paraboloid-disk-rep1-n240-r2","paraboloid","disk",1,240,2,"ambient",8,2,"random",85377.1973178364,1572.11675935758,0.00545930316630272,86,TRUE,"stress_tolerance",0.0738870974277829,"","",FALSE,"Gaussian"
"paraboloid-disk-rep1-n240-r2","paraboloid","disk",1,240,2,"ambient",8,3,"random",84056.304725345,1572.11391444908,0.0054592932871268,88,TRUE,"stress_tolerance",0.0738870305745658,"","",TRUE,"Gaussian"
"paraboloid-disk-rep1-n240-r2","paraboloid","disk",1,240,2,"geodesic",128,1,"supplied",1452.13752910637,1365.42815414189,0.00540308392785083,22,TRUE,"stress_tolerance",0.0735056727596639,"","",TRUE,"classical"
"paraboloid-disk-rep1-n240-r2","paraboloid","disk",1,240,2,"geodesic",128,2,"random",74934.2631466231,1365.42936712699,0.00540308872770813,85,TRUE,"stress_tolerance",0.0735057054092273,"","",FALSE,"Gaussian"
"paraboloid-disk-rep1-n240-r2","paraboloid","disk",1,240,2,"geodesic",128,3,"random",73304.0208437937,1365.43057450622,0.00540309350538265,82,TRUE,"stress_tolerance",0.0735057379078847,"","",FALSE,"Gaussian"
"paraboloid-disk-rep1-n240-r2","paraboloid","disk",1,240,2,"geodesic",16,1,"supplied",1521.94859343347,1422.17000061669,0.00541264185290743,23,TRUE,"stress_tolerance",0.0735706589130986,"","",TRUE,"classical"
"paraboloid-disk-rep1-n240-r2","paraboloid","disk",1,240,2,"geodesic",16,2,"random",77948.3131875259,1422.17120006684,0.00541264641789903,85,TRUE,"stress_tolerance",0.073570689937631,"","",FALSE,"Gaussian"
"paraboloid-disk-rep1-n240-r2","paraboloid","disk",1,240,2,"geodesic",16,3,"random",76274.4050774163,1422.17256653673,0.00541265161855162,81,TRUE,"stress_tolerance",0.073570725282218,"","",FALSE,"Gaussian"
"paraboloid-disk-rep1-n240-r2","paraboloid","disk",1,240,2,"geodesic",239,1,"supplied",1448.51402849355,1361.91935337407,0.00539115554343972,22,TRUE,"stress_tolerance",0.0734244887175915,"","",TRUE,"classical"
"paraboloid-disk-rep1-n240-r2","paraboloid","disk",1,240,2,"geodesic",239,2,"random",74896.3208893051,1361.92055945591,0.00539116031771275,85,TRUE,"stress_tolerance",0.0734245212290326,"","",FALSE,"Gaussian"
"paraboloid-disk-rep1-n240-r2","paraboloid","disk",1,240,2,"geodesic",239,3,"random",73265.5278216071,1361.92177784455,0.00539116514070217,82,TRUE,"stress_tolerance",0.0734245540722051,"","",FALSE,"Gaussian"
"paraboloid-disk-rep1-n240-r2","paraboloid","disk",1,240,2,"geodesic",32,1,"supplied",1469.9582074241,1379.75721803426,0.00540189218650065,22,TRUE,"stress_tolerance",0.0734975658542557,"","",TRUE,"classical"
"paraboloid-disk-rep1-n240-r2","paraboloid","disk",1,240,2,"geodesic",32,2,"random",75778.8618809147,1379.75794371321,0.00540189502760877,85,TRUE,"stress_tolerance",0.07349758518216,"","",FALSE,"Gaussian"
"paraboloid-disk-rep1-n240-r2","paraboloid","disk",1,240,2,"geodesic",32,3,"random",74151.9627812214,1379.75920892888,0.00540189998105897,82,TRUE,"stress_tolerance",0.0734976188801994,"","",FALSE,"Gaussian"
"paraboloid-disk-rep1-n240-r2","paraboloid","disk",1,240,2,"geodesic",4,1,"supplied",2535.15297179512,1861.50310623677,0.00441107941506523,60,TRUE,"stress_tolerance",0.0664159575333006,"","",TRUE,"classical"
"paraboloid-disk-rep1-n240-r2","paraboloid","disk",1,240,2,"geodesic",4,2,"random",132852.496258471,1861.54737771832,0.0044111843222342,169,TRUE,"stress_tolerance",0.0664167473024255,"","",FALSE,"Gaussian"
"paraboloid-disk-rep1-n240-r2","paraboloid","disk",1,240,2,"geodesic",4,3,"random",129997.078535414,1862.00671042749,0.00441227277223534,175,TRUE,"stress_tolerance",0.0664249408899652,"","",FALSE,"Gaussian"
"paraboloid-disk-rep1-n240-r2","paraboloid","disk",1,240,2,"geodesic",64,1,"supplied",1457.3298445126,1369.90777277981,0.00540962778437633,22,TRUE,"stress_tolerance",0.0735501718854298,"","",TRUE,"classical"
"paraboloid-disk-rep1-n240-r2","paraboloid","disk",1,240,2,"geodesic",64,2,"random",75105.6434338318,1369.90902133565,0.00540963271479754,85,TRUE,"stress_tolerance",0.0735502054028241,"","",FALSE,"Gaussian"
"paraboloid-disk-rep1-n240-r2","paraboloid","disk",1,240,2,"geodesic",64,3,"random",73479.3324618603,1369.91038784571,0.00540963811100811,82,TRUE,"stress_tolerance",0.0735502420866719,"","",FALSE,"Gaussian"
"paraboloid-disk-rep1-n240-r2","paraboloid","disk",1,240,2,"geodesic",8,1,"supplied",1807.54459443578,1619.74583998126,0.00557485615329827,25,TRUE,"stress_tolerance",0.0746649593403645,"","",TRUE,"classical"
"paraboloid-disk-rep1-n240-r2","paraboloid","disk",1,240,2,"geodesic",8,2,"random",86246.4568572798,1619.74646906948,0.0055748583184999,87,TRUE,"stress_tolerance",0.0746649738398125,"","",FALSE,"Gaussian"
"paraboloid-disk-rep1-n240-r2","paraboloid","disk",1,240,2,"geodesic",8,3,"random",85031.1961792704,1619.74654373026,0.00557485857546805,88,TRUE,"stress_tolerance",0.0746649755606205,"","",FALSE,"Gaussian"
"paraboloid-disk-rep1-n240-r32","paraboloid","disk",1,240,32,"ambient",128,1,"supplied",27873.8414456652,1228.33134620101,2.35949735732385e-07,27,TRUE,"stress_tolerance",0.00048574657563051,"","",TRUE,"classical"
"paraboloid-disk-rep1-n240-r32","paraboloid","disk",1,240,32,"ambient",128,2,"random",2244025231.69711,126096.89924403,2.42219089705076e-05,399,TRUE,"stress_tolerance",0.0049215758625174,"","",FALSE,"Gaussian"
"paraboloid-disk-rep1-n240-r32","paraboloid","disk",1,240,32,"ambient",128,3,"random",2199175713.07904,102208.745833187,1.96332419940803e-05,459,TRUE,"stress_tolerance",0.00443094143428759,"","",FALSE,"Gaussian"
"paraboloid-disk-rep1-n240-r32","paraboloid","disk",1,240,32,"ambient",16,1,"supplied",646071.216153938,216153.27783141,3.94648876247181e-05,195,TRUE,"stress_tolerance",0.00628210853334487,"","",TRUE,"classical"
"paraboloid-disk-rep1-n240-r32","paraboloid","disk",1,240,32,"ambient",16,2,"random",2344515610.5403,279594.963811807,5.10479597532463e-05,447,TRUE,"stress_tolerance",0.00714478549385859,"","",FALSE,"Gaussian"
"paraboloid-disk-rep1-n240-r32","paraboloid","disk",1,240,32,"ambient",16,3,"random",2297994785.06194,218580.439723432,3.99080346002193e-05,514,TRUE,"stress_tolerance",0.00631728063332837,"","",FALSE,"Gaussian"
"paraboloid-disk-rep1-n240-r32","paraboloid","disk",1,240,32,"ambient",239,1,"supplied",3.22607349179517e-21,3.73017047074318e-19,7.16954480696132e-29,1,TRUE,"stress_tolerance",8.48288633549913e-15,"","",TRUE,"classical"
"paraboloid-disk-rep1-n240-r32","paraboloid","disk",1,240,32,"ambient",239,2,"random",2242500656.33045,124067.69700804,2.38463340957825e-05,398,TRUE,"stress_tolerance",0.00488327083989706,"","",FALSE,"Gaussian"
"paraboloid-disk-rep1-n240-r32","paraboloid","disk",1,240,32,"ambient",239,3,"random",2197705036.76509,100374.986658196,1.92924953427317e-05,465,TRUE,"stress_tolerance",0.00439232231771963,"","",FALSE,"Gaussian"
"paraboloid-disk-rep1-n240-r32","paraboloid","disk",1,240,32,"ambient",32,1,"supplied",379884.484420954,72721.3051104925,1.38125865250128e-05,57,TRUE,"stress_tolerance",0.00371652882741662,"","",TRUE,"classical"
"paraboloid-disk-rep1-n240-r32","paraboloid","disk",1,240,32,"ambient",32,2,"random",2262730345.20854,91262.314331828,1.7334240787703e-05,496,TRUE,"stress_tolerance",0.00416344097925131,"","",FALSE,"Gaussian"
"paraboloid-disk-rep1-n240-r32","paraboloid","disk",1,240,32,"ambient",32,3,"random",2217545179.8046,202822.09921142,3.85237557313621e-05,512,TRUE,"stress_tolerance",0.00620675081917809,"","",FALSE,"Gaussian"
"paraboloid-disk-rep1-n240-r32","paraboloid","disk",1,240,32,"ambient",4,1,"supplied",3488884.76120286,1483054.28215568,0.000205644258011296,808,TRUE,"stress_tolerance",0.0143403018800618,"","",FALSE,"classical"
"paraboloid-disk-rep1-n240-r32","paraboloid","disk",1,240,32,"ambient",4,2,"random",2999398832.23177,1458368.96451675,0.000202221326099288,732,TRUE,"stress_tolerance",0.0142204544969314,"","",TRUE,"Gaussian"
"paraboloid-disk-rep1-n240-r32","paraboloid","disk",1,240,32,"ambient",4,3,"random",2944849159.84832,1538940.66533549,0.000213393612799067,754,TRUE,"stress_tolerance",0.0146079982475038,"","",FALSE,"Gaussian"
"paraboloid-disk-rep1-n240-r32","paraboloid","disk",1,240,32,"ambient",64,1,"supplied",156214.263686117,13589.4839265241,2.60510213017204e-06,35,TRUE,"stress_tolerance",0.00161403287766284,"","",TRUE,"classical"
"paraboloid-disk-rep1-n240-r32","paraboloid","disk",1,240,32,"ambient",64,2,"random",2247046575.86486,161288.470138171,3.09189767176546e-05,433,TRUE,"stress_tolerance",0.00556048349675279,"","",FALSE,"Gaussian"
"paraboloid-disk-rep1-n240-r32","paraboloid","disk",1,240,32,"ambient",64,3,"random",2202127442.72211,121051.306409101,2.32055181706313e-05,440,TRUE,"stress_tolerance",0.00481721062136971,"","",FALSE,"Gaussian"
"paraboloid-disk-rep1-n240-r32","paraboloid","disk",1,240,32,"ambient",8,1,"supplied",1335023.16495667,499402.860405568,8.52327665265171e-05,370,TRUE,"stress_tolerance",0.00923215936422914,"","",TRUE,"classical"
"paraboloid-disk-rep1-n240-r32","paraboloid","disk",1,240,32,"ambient",8,2,"random",2483441604.51146,521691.478454345,8.90367507023533e-05,549,TRUE,"stress_tolerance",0.00943592871435341,"","",FALSE,"Gaussian"
"paraboloid-disk-rep1-n240-r32","paraboloid","disk",1,240,32,"ambient",8,3,"random",2433561087.07789,537435.768181582,9.17238185524606e-05,497,TRUE,"stress_tolerance",0.00957725527238709,"","",FALSE,"Gaussian"
"paraboloid-disk-rep1-n240-r32","paraboloid","disk",1,240,32,"geodesic",128,1,"supplied",142949.209918976,78437.5717947206,1.50211328717089e-05,29,TRUE,"stress_tolerance",0.00387571062796406,"","",TRUE,"classical"
"paraboloid-disk-rep1-n240-r32","paraboloid","disk",1,240,32,"geodesic",128,2,"random",2232409396.00147,205798.224711314,3.94112465164113e-05,988,TRUE,"stress_tolerance",0.00627783772619343,"","",FALSE,"Gaussian"
"paraboloid-disk-rep1-n240-r32","paraboloid","disk",1,240,32,"geodesic",128,3,"random",2187458593.09476,104280.185660281,1.99701047450704e-05,436,TRUE,"stress_tolerance",0.00446879231393411,"","",FALSE,"Gaussian"
"paraboloid-disk-rep1-n240-r32","paraboloid","disk",1,240,32,"geodesic",16,1,"supplied",776917.292317885,229873.356315643,4.25202294151235e-05,211,TRUE,"stress_tolerance",0.0065207537459353,"","",FALSE,"classical"
"paraboloid-disk-rep1-n240-r32","paraboloid","disk",1,240,32,"geodesic",16,2,"random",2303905768.33429,323029.481923726,5.97515427598542e-05,699,TRUE,"stress_tolerance",0.00772991220906551,"","",FALSE,"Gaussian"
"paraboloid-disk-rep1-n240-r32","paraboloid","disk",1,240,32,"geodesic",16,3,"random",2257213100.19948,219691.648135785,4.0636894284057e-05,605,TRUE,"stress_tolerance",0.00637470738811297,"","",TRUE,"Gaussian"
"paraboloid-disk-rep1-n240-r32","paraboloid","disk",1,240,32,"geodesic",239,1,"supplied",142839.710773054,78409.5368758685,1.50165000625074e-05,29,TRUE,"stress_tolerance",0.0038751129096469,"","",TRUE,"classical"
"paraboloid-disk-rep1-n240-r32","paraboloid","disk",1,240,32,"geodesic",239,2,"random",2232278658.90199,205842.613911853,3.94216794006511e-05,988,TRUE,"stress_tolerance",0.00627866860095812,"","",FALSE,"Gaussian"
"paraboloid-disk-rep1-n240-r32","paraboloid","disk",1,240,32,"geodesic",239,3,"random",2187331714.57838,104309.399931323,1.99766785138465e-05,436,TRUE,"stress_tolerance",0.00446952777302623,"","",FALSE,"Gaussian"
"paraboloid-disk-rep1-n240-r32","paraboloid","disk",1,240,32,"geodesic",32,1,"supplied",273221.726225786,106600.533481219,2.02495938139229e-05,53,TRUE,"stress_tolerance",0.00449995486798794,"","",TRUE,"classical"
"paraboloid-disk-rep1-n240-r32","paraboloid","disk",1,240,32,"geodesic",32,2,"random",2248862325.11616,231593.765719503,4.39930226660919e-05,816,TRUE,"stress_tolerance",0.00663272362352737,"","",FALSE,"Gaussian"
"paraboloid-disk-rep1-n240-r32","paraboloid","disk",1,240,32,"geodesic",32,3,"random",2203684418.14174,132870.948079043,2.52398617568408e-05,528,TRUE,"stress_tolerance",0.00502392891638072,"","",FALSE,"Gaussian"
"paraboloid-disk-rep1-n240-r32","paraboloid","disk",1,240,32,"geodesic",4,1,"supplied",7100900.79519298,2345049.11112536,0.000312539061267675,257,TRUE,"stress_tolerance",0.0176787743146317,"","",FALSE,"classical"
"paraboloid-disk-rep1-n240-r32","paraboloid","disk",1,240,32,"geodesic",4,2,"random",3061837497.33349,2357601.09375429,0.000314211940888525,403,TRUE,"stress_tolerance",0.0177260243960266,"","",FALSE,"Gaussian"
"paraboloid-disk-rep1-n240-r32","paraboloid","disk",1,240,32,"geodesic",4,3,"random",2997451336.9965,2342282.02656607,0.000312170274956759,454,TRUE,"stress_tolerance",0.0176683410357839,"","",TRUE,"Gaussian"
"paraboloid-disk-rep1-n240-r32","paraboloid","disk",1,240,32,"geodesic",64,1,"supplied",146972.429127552,79493.6136262365,1.52116156269337e-05,30,TRUE,"stress_tolerance",0.00390020712615864,"","",TRUE,"classical"
"paraboloid-disk-rep1-n240-r32","paraboloid","disk",1,240,32,"geodesic",64,2,"random",2234141594.87912,206288.247631239,3.94745865507422e-05,986,TRUE,"stress_tolerance",0.00628288043422343,"","",FALSE,"Gaussian"
"paraboloid-disk-rep1-n240-r32","paraboloid","disk",1,240,32,"geodesic",64,3,"random",2189113827.09079,104929.538000551,2.00789437939114e-05,431,TRUE,"stress_tolerance",0.00448095344697058,"","",FALSE,"Gaussian"
"paraboloid-disk-rep1-n240-r32","paraboloid","disk",1,240,32,"geodesic",8,1,"supplied",1350119.59596086,497363.331078133,8.61755802838021e-05,205,TRUE,"stress_tolerance",0.00928308032302903,"","",TRUE,"classical"
"paraboloid-disk-rep1-n240-r32","paraboloid","disk",1,240,32,"geodesic",8,2,"random",2438262970.71535,569528.109040441,9.86791993251839e-05,389,TRUE,"stress_tolerance",0.0099337404498602,"","",FALSE,"Gaussian"
"paraboloid-disk-rep1-n240-r32","paraboloid","disk",1,240,32,"geodesic",8,3,"random",2391729704.5308,542374.231301639,9.39743869176744e-05,474,TRUE,"stress_tolerance",0.00969403873097687,"","",FALSE,"Gaussian"
"paraboloid-disk-rep1-n240-r4","paraboloid","disk",1,240,4,"ambient",128,1,"supplied",1800.10471098734,745.681208366771,0.000421931588732534,20,TRUE,"stress_tolerance",0.020540973412488,"","",TRUE,"classical"
"paraboloid-disk-rep1-n240-r4","paraboloid","disk",1,240,4,"ambient",128,2,"random",567246.251787851,745.748565133762,0.000421969701464073,99,TRUE,"stress_tolerance",0.0205419011161109,"","",FALSE,"Gaussian"
"paraboloid-disk-rep1-n240-r4","paraboloid","disk",1,240,4,"ambient",128,3,"random",551936.620300402,745.737040805518,0.000421963180610295,98,TRUE,"stress_tolerance",0.0205417423947021,"","",FALSE,"Gaussian"
"paraboloid-disk-rep1-n240-r4","paraboloid","disk",1,240,4,"ambient",16,1,"supplied",6902.78440875437,5497.1415510016,0.00267726079774172,22,TRUE,"stress_tolerance",0.0517422535046718,"","",TRUE,"classical"
"paraboloid-disk-rep1-n240-r4","paraboloid","disk",1,240,4,"ambient",16,2,"random",636664.052092894,5497.17658297393,0.0026772778592864,89,TRUE,"stress_tolerance",0.0517424183749313,"","",FALSE,"Gaussian"
"paraboloid-disk-rep1-n240-r4","paraboloid","disk",1,240,4,"ambient",16,3,"random",620135.115586491,5497.17810620735,0.00267727860114343,83,TRUE,"stress_tolerance",0.0517424255436818,"","",FALSE,"Gaussian"
"paraboloid-disk-rep1-n240-r4","paraboloid","disk",1,240,4,"ambient",239,1,"supplied",8.74017545990768e-25,8.34772147849396e-23,4.86425747093222e-29,1,TRUE,"stress_tolerance",6.94312010038883e-15,"","",TRUE,"classical"
"paraboloid-disk-rep1-n240-r4","paraboloid","disk",1,240,4,"ambient",239,2,"random",544869.978625289,0.129466281705016,7.54406252819848e-08,118,TRUE,"stress_tolerance",0.00027466456867734,"","",FALSE,"Gaussian"
"paraboloid-disk-rep1-n240-r4","paraboloid","disk",1,240,4,"ambient",239,3,"random",530201.509629245,0.136802750417573,7.97156209005202e-08,110,TRUE,"stress_tolerance",0.000282339548958031,"","",FALSE,"Gaussian"
"paraboloid-disk-rep1-n240-r4","paraboloid","disk",1,240,4,"ambient",32,1,"supplied",6252.80735481246,4766.13226907344,0.00242405280822151,22,TRUE,"stress_tolerance",0.0492346707942838,"","",TRUE,"classical"
"paraboloid-disk-rep1-n240-r4","paraboloid","disk",1,240,4,"ambient",32,2,"random",614399.868770931,4766.18812933949,0.00242408121872864,88,TRUE,"stress_tolerance",0.0492349593147865,"","",FALSE,"Gaussian"
"paraboloid-disk-rep1-n240-r4","paraboloid","disk",1,240,4,"ambient",32,3,"random",598855.075917926,4766.17620768474,0.00242407515538019,83,TRUE,"stress_tolerance",0.0492348977391057,"","",FALSE,"Gaussian"
"paraboloid-disk-rep1-n240-r4","paraboloid","disk",1,240,4,"ambient",4,1,"supplied",21075.1422272777,7662.87212838117,0.00208552833956181,97,TRUE,"stress_tolerance",0.0456675852171078,"","",FALSE,"classical"
"paraboloid-disk-rep1-n240-r4","paraboloid","disk",1,240,4,"ambient",4,2,"random",1182037.53491477,7662.89278898623,0.00208553396255495,251,TRUE,"stress_tolerance",0.0456676467814463,"","",FALSE,"Gaussian"
"paraboloid-disk-rep1-n240-r4","paraboloid","disk",1,240,4,"ambient",4,3,"random",1182276.99161862,7661.97715027351,0.0020852847621961,261,TRUE,"stress_tolerance",0.045664918287413,"","",TRUE,"Gaussian"
"paraboloid-disk-rep1-n240-r4","paraboloid","disk",1,240,4,"ambient",64,1,"supplied",5556.34060304492,3911.81658376148,0.00206874458640789,22,TRUE,"stress_tolerance",0.0454834539850252,"","",TRUE,"classical"
"paraboloid-disk-rep1-n240-r4","paraboloid","disk",1,240,4,"ambient",64,2,"random",598401.608511771,3911.86592191302,0.00206877067864194,88,TRUE,"stress_tolerance",0.0454837408162736,"","",FALSE,"Gaussian"
"paraboloid-disk-rep1-n240-r4","paraboloid","disk",1,240,4,"ambient",64,3,"random",583813.08406342,3911.84946238884,0.00206876197410511,84,TRUE,"stress_tolerance",0.0454836451277284,"","",FALSE,"Gaussian"
"paraboloid-disk-rep1-n240-r4","paraboloid","disk",1,240,4,"ambient",8,1,"supplied",8702.8661554717,6899.93210959797,0.00305442350752728,26,TRUE,"stress_tolerance",0.0552668391309589,"","",TRUE,"classical"
"paraboloid-disk-rep1-n240-r4","paraboloid","disk",1,240,4,"ambient",8,2,"random",698702.017951517,6899.96206949309,0.00305443677000674,113,TRUE,"stress_tolerance",0.0552669591166979,"","",FALSE,"Gaussian"
"paraboloid-disk-rep1-n240-r4","paraboloid","disk",1,240,4,"ambient",8,3,"random",678627.787164284,6899.96500013014,0.00305443806732483,85,TRUE,"stress_tolerance",0.0552669708535291,"","",FALSE,"Gaussian"
"paraboloid-disk-rep1-n240-r4","paraboloid","disk",1,240,4,"geodesic",128,1,"supplied",6645.53141277811,5319.45899213188,0.00266594704019988,21,TRUE,"stress_tolerance",0.0516328097259861,"","",TRUE,"classical"
"paraboloid-disk-rep1-n240-r4","paraboloid","disk",1,240,4,"geodesic",128,2,"random",616660.979517919,5319.49286518859,0.00266596401632009,87,TRUE,"stress_tolerance",0.0516329741184848,"","",FALSE,"Gaussian"
"paraboloid-disk-rep1-n240-r4","paraboloid","disk",1,240,4,"geodesic",128,3,"random",600855.081113952,5319.48883409769,0.00266596199606298,83,TRUE,"stress_tolerance",0.0516329545548478,"","",FALSE,"Gaussian"
"paraboloid-disk-rep1-n240-r4","paraboloid","disk",1,240,4,"geodesic",16,1,"supplied",7153.22650611838,5804.74997638052,0.00279601544976465,22,TRUE,"stress_tolerance",0.0528773623563496,"","",TRUE,"classical"
"paraboloid-disk-rep1-n240-r4","paraboloid","disk",1,240,4,"geodesic",16,2,"random",640222.947536802,5804.7884450311,0.00279603397923479,89,TRUE,"stress_tolerance",0.0528775375678066,"","",FALSE,"Gaussian"
"paraboloid-disk-rep1-n240-r4","paraboloid","disk",1,240,4,"geodesic",16,3,"random",623353.147423859,5804.79116961268,0.0027960352916035,83,TRUE,"stress_tolerance",0.0528775499773156,"","",FALSE,"Gaussian"
"paraboloid-disk-rep1-n240-r4","paraboloid","disk",1,240,4,"geodesic",239,1,"supplied",6620.77853261189,5299.76162087602,0.00265706484478835,21,TRUE,"stress_tolerance",0.0515467248696592,"","",TRUE,"classical"
"paraboloid-disk-rep1-n240-r4","paraboloid","disk",1,240,4,"geodesic",239,2,"random",616360.792864421,5299.79579155767,0.00265708197644887,87,TRUE,"stress_tolerance",0.0515468910454246,"","",FALSE,"Gaussian"
"paraboloid-disk-rep1-n240-r4","paraboloid","disk",1,240,4,"geodesic",239,3,"random",600560.549968897,5299.79139385279,0.00265707977163517,83,TRUE,"stress_tolerance",0.0515468696589346,"","",FALSE,"Gaussian"
"paraboloid-disk-rep1-n240-r4","paraboloid","disk",1,240,4,"geodesic",32,1,"supplied",6795.19799832331,5439.90041345141,0.00269700707562679,21,TRUE,"stress_tolerance",0.0519327168134578,"","",TRUE,"classical"
"paraboloid-disk-rep1-n240-r4","paraboloid","disk",1,240,4,"geodesic",32,2,"random",623437.381387158,5439.94501541881,0.00269702918849882,87,TRUE,"stress_tolerance",0.0519329297122628,"","",FALSE,"Gaussian"
"paraboloid-disk-rep1-n240-r4","paraboloid","disk",1,240,4,"geodesic",32,3,"random",607358.434089683,5439.92995715015,0.0026970217228737,83,TRUE,"stress_tolerance",0.051932857834648,"","",FALSE,"Gaussian"
"paraboloid-disk-rep1-n240-r4","paraboloid","disk",1,240,4,"geodesic",4,1,"supplied",20945.1305563042,7686.09705719518,0.00207747745128617,96,TRUE,"stress_tolerance",0.0455793533443178,"","",FALSE,"classical"
"paraboloid-disk-rep1-n240-r4","paraboloid","disk",1,240,4,"geodesic",4,2,"random",1191816.87139466,7686.08303781828,0.00207747366198463,251,TRUE,"stress_tolerance",0.0455793117761185,"","",FALSE,"Gaussian"
"paraboloid-disk-rep1-n240-r4","paraboloid","disk",1,240,4,"geodesic",4,3,"random",1189502.52486833,7685.14031199739,0.00207721885234313,261,TRUE,"stress_tolerance",0.0455765164568679,"","",TRUE,"Gaussian"
"paraboloid-disk-rep1-n240-r4","paraboloid","disk",1,240,4,"geodesic",64,1,"supplied",6692.89431098325,5351.88387449673,0.00267605717342778,21,TRUE,"stress_tolerance",0.0517306212356644,"","",TRUE,"classical"
"paraboloid-disk-rep1-n240-r4","paraboloid","disk",1,240,4,"geodesic",64,2,"random",618163.165471354,5351.91809599235,0.00267607428491244,87,TRUE,"stress_tolerance",0.0517307866256877,"","",FALSE,"Gaussian"
"paraboloid-disk-rep1-n240-r4","paraboloid","disk",1,240,4,"geodesic",64,3,"random",602379.378308626,5351.91330302536,0.00267607188832574,83,TRUE,"stress_tolerance",0.0517307634616553,"","",FALSE,"Gaussian"
"paraboloid-disk-rep1-n240-r4","paraboloid","disk",1,240,4,"geodesic",8,1,"supplied",8912.3840181633,7130.83109071004,0.00313584815470119,25,TRUE,"stress_tolerance",0.0559986442219919,"","",TRUE,"classical"
"paraboloid-disk-rep1-n240-r4","paraboloid","disk",1,240,4,"geodesic",8,2,"random",701308.078235474,7130.86870567333,0.00313586469622514,105,TRUE,"stress_tolerance",0.055998791917551,"","",FALSE,"Gaussian"
"paraboloid-disk-rep1-n240-r4","paraboloid","disk",1,240,4,"geodesic",8,3,"random",681459.852627465,7130.85987661962,0.00313586081356806,85,TRUE,"stress_tolerance",0.055998757250211,"","",FALSE,"Gaussian"
"paraboloid-disk-rep1-n240-r64","paraboloid","disk",1,240,64,"ambient",128,1,"supplied",60843.749144479,9222.50959358595,1.1123609361672e-07,20,TRUE,"stress_tolerance",0.00033352075440971,"","",TRUE,"classical"
"paraboloid-disk-rep1-n240-r64","paraboloid","disk",1,240,64,"ambient",128,2,"random",36174971799.8305,296288.359974153,3.57364331402277e-06,548,TRUE,"stress_tolerance",0.00189040824004468,"","",FALSE,"Gaussian"
"paraboloid-disk-rep1-n240-r64","paraboloid","disk",1,240,64,"ambient",128,3,"random",35464126056.085,305019.56238758,3.67895357032458e-06,416,TRUE,"stress_tolerance",0.00191805984534654,"","",FALSE,"Gaussian"
"paraboloid-disk-rep1-n240-r64","paraboloid","disk",1,240,64,"ambient",16,1,"supplied",1937379.56261213,507567.05587018,5.97764607329758e-06,119,TRUE,"stress_tolerance",0.00244492250865004,"","",TRUE,"classical"
"paraboloid-disk-rep1-n240-r64","paraboloid","disk",1,240,64,"ambient",16,2,"random",36956497129.1603,758484.786664155,8.93271845408851e-06,464,TRUE,"stress_tolerance",0.00298876537287467,"","",FALSE,"Gaussian"
"paraboloid-disk-rep1-n240-r64","paraboloid","disk",1,240,64,"ambient",16,3,"random",36231406106.3322,576241.233052347,6.78642576225146e-06,467,TRUE,"stress_tolerance",0.00260507692060286,"","",FALSE,"Gaussian"
"paraboloid-disk-rep1-n240-r64","paraboloid","disk",1,240,64,"ambient",239,1,"supplied",8.34321061668233e-20,6.19895028341896e-18,7.47790445610945e-29,1,TRUE,"stress_tolerance",8.64286797701986e-15,"","",TRUE,"classical"
"paraboloid-disk-rep1-n240-r64","paraboloid","disk",1,240,64,"ambient",239,2,"random",36168835774.6693,292988.158981222,3.53436849702334e-06,550,TRUE,"stress_tolerance",0.0018799916215317,"","",FALSE,"Gaussian"
"paraboloid-disk-rep1-n240-r64","paraboloid","disk",1,240,64,"ambient",239,3,"random",35458207208.158,301584.018862137,3.63806189020883e-06,418,TRUE,"stress_tolerance",0.00190737041243044,"","",FALSE,"Gaussian"
"paraboloid-disk-rep1-n240-r64","paraboloid","disk",1,240,64,"ambient",32,1,"supplied",1000552.00238601,113081.746355455,1.35943809049135e-06,49,TRUE,"stress_tolerance",0.00116594943736723,"","",TRUE,"classical"
"paraboloid-disk-rep1-n240-r64","paraboloid","disk",1,240,64,"ambient",32,2,"random",36264360775.8895,386383.111674238,4.64499299366538e-06,609,TRUE,"stress_tolerance",0.00215522458079696,"","",FALSE,"Gaussian"
"paraboloid-disk-rep1-n240-r64","paraboloid","disk",1,240,64,"ambient",32,3,"random",35551906749.7663,462267.097850965,5.55724969814443e-06,395,TRUE,"stress_tolerance",0.00235738195847653,"","",FALSE,"Gaussian"
"paraboloid-disk-rep1-n240-r64","paraboloid","disk",1,240,64,"ambient",4,1,"supplied",14656677.2110079,6124926.65664178,5.10042449196227e-05,212,TRUE,"stress_tolerance",0.00714172562617952,"","",FALSE,"classical"
"paraboloid-disk-rep1-n240-r64","paraboloid","disk",1,240,64,"ambient",4,2,"random",51752103080.4769,6400715.00430627,5.33008236737542e-05,376,TRUE,"stress_tolerance",0.00730074130987814,"","",FALSE,"Gaussian"
"paraboloid-disk-rep1-n240-r64","paraboloid","disk",1,240,64,"ambient",4,3,"random",50726236978.8389,6108724.65660799,5.08693256260152e-05,478,TRUE,"stress_tolerance",0.00713227352434144,"","",TRUE,"Gaussian"
"paraboloid-disk-rep1-n240-r64","paraboloid","disk",1,240,64,"ambient",64,1,"supplied",346071.063347608,22770.8740454862,2.74505111330645e-07,34,TRUE,"stress_tolerance",0.000523932353779121,"","",TRUE,"classical"
"paraboloid-disk-rep1-n240-r64","paraboloid","disk",1,240,64,"ambient",64,2,"random",36187695521.9798,320505.310593668,3.86372283254615e-06,567,TRUE,"stress_tolerance",0.00196563547804579,"","",FALSE,"Gaussian"
"paraboloid-disk-rep1-n240-r64","paraboloid","disk",1,240,64,"ambient",64,3,"random",35476454818.5428,332606.501539094,4.00960387167851e-06,404,TRUE,"stress_tolerance",0.00200239952848693,"","",FALSE,"Gaussian"
"paraboloid-disk-rep1-n240-r64","paraboloid","disk",1,240,64,"ambient",8,1,"supplied",6918309.79509062,1993814.80111415,2.07867680360242e-05,162,TRUE,"stress_tolerance",0.00455925081960076,"","",TRUE,"classical"
"paraboloid-disk-rep1-n240-r64","paraboloid","disk",1,240,64,"ambient",8,2,"random",41506732297.1423,2329071.66919086,2.42820308584791e-05,435,TRUE,"stress_tolerance",0.00492768006860072,"","",FALSE,"Gaussian"
"paraboloid-disk-rep1-n240-r64","paraboloid","disk",1,240,64,"ambient",8,3,"random",40705703357.6888,2145493.88737723,2.23681175075523e-05,475,TRUE,"stress_tolerance",0.00472949442409635,"","",FALSE,"Gaussian"
"paraboloid-disk-rep1-n240-r64","paraboloid","disk",1,240,64,"geodesic",128,1,"supplied",309405.356370562,166403.111581197,2.0055088382713e-06,25,TRUE,"stress_tolerance",0.00141615989149402,"","",TRUE,"classical"
"paraboloid-disk-rep1-n240-r64","paraboloid","disk",1,240,64,"geodesic",128,2,"random",36101255600.9477,726611.708842501,8.75720526033546e-06,439,TRUE,"stress_tolerance",0.00295925755221501,"","",FALSE,"Gaussian"
"paraboloid-disk-rep1-n240-r64","paraboloid","disk",1,240,64,"geodesic",128,3,"random",35389915611.6571,634440.295119707,7.64634511414868e-06,461,TRUE,"stress_tolerance",0.00276520254486985,"","",FALSE,"Gaussian"
"paraboloid-disk-rep1-n240-r64","paraboloid","disk",1,240,64,"geodesic",16,1,"supplied",2176814.97333122,653611.503444984,7.69977191309814e-06,152,TRUE,"stress_tolerance",0.00277484628639216,"","",TRUE,"classical"
"paraboloid-disk-rep1-n240-r64","paraboloid","disk",1,240,64,"geodesic",16,2,"random",36883318256.3859,1121166.97654833,1.32077387720681e-05,406,TRUE,"stress_tolerance",0.00363424528232123,"","",FALSE,"Gaussian"
"paraboloid-disk-rep1-n240-r64","paraboloid","disk",1,240,64,"geodesic",16,3,"random",36156455772.5681,914848.865463478,1.07772393262633e-05,435,TRUE,"stress_tolerance",0.00328287059237332,"","",FALSE,"Gaussian"
"paraboloid-disk-rep1-n240-r64","paraboloid","disk",1,240,64,"geodesic",239,1,"supplied",309325.015650552,166353.624826214,2.00493750412199e-06,25,TRUE,"stress_tolerance",0.00141595815761872,"","",TRUE,"classical"
"paraboloid-disk-rep1-n240-r64","paraboloid","disk",1,240,64,"geodesic",239,2,"random",36100722302.9095,727502.393117306,8.76804959208525e-06,438,TRUE,"stress_tolerance",0.00296108925770424,"","",FALSE,"Gaussian"
"paraboloid-disk-rep1-n240-r64","paraboloid","disk",1,240,64,"geodesic",239,3,"random",35389397886.8959,634715.726300728,7.64976035506157e-06,461,TRUE,"stress_tolerance",0.00276582001494451,"","",FALSE,"Gaussian"
"paraboloid-disk-rep1-n240-r64","paraboloid","disk",1,240,64,"geodesic",32,1,"supplied",653631.122732434,220815.146697646,2.65383430889376e-06,46,TRUE,"stress_tolerance",0.00162905933252882,"","",TRUE,"classical"
"paraboloid-disk-rep1-n240-r64","paraboloid","disk",1,240,64,"geodesic",32,2,"random",36192491514.6449,763595.510577397,9.17716014681862e-06,449,TRUE,"stress_tolerance",0.00302938279965158,"","",FALSE,"Gaussian"
"paraboloid-disk-rep1-n240-r64","paraboloid","disk",1,240,64,"geodesic",32,3,"random",35479067949.9051,743221.977450445,8.93230384047237e-06,431,TRUE,"stress_tolerance",0.00298869601004829,"","",FALSE,"Gaussian"
"paraboloid-disk-rep1-n240-r64","paraboloid","disk",1,240,64,"geodesic",4,1,"supplied",27785792.2562411,9387040.63822576,8.38304284425484e-05,237,TRUE,"stress_tolerance",0.00915589582960367,"","",TRUE,"classical"
"paraboloid-disk-rep1-n240-r64","paraboloid","disk",1,240,64,"geodesic",4,2,"random",47786000011.3556,9670328.76264439,8.63603168022507e-05,441,TRUE,"stress_tolerance",0.00929302516956973,"","",FALSE,"Gaussian"
"paraboloid-disk-rep1-n240-r64","paraboloid","disk",1,240,64,"geodesic",4,3,"random",47054859231.9507,9641356.10208042,8.61015781175254e-05,364,TRUE,"stress_tolerance",0.00927909360430916,"","",FALSE,"Gaussian"
"paraboloid-disk-rep1-n240-r64","paraboloid","disk",1,240,64,"geodesic",64,1,"supplied",321185.183373745,167889.1967494,2.0229866021848e-06,26,TRUE,"stress_tolerance",0.00142231733526306,"","",TRUE,"classical"
"paraboloid-disk-rep1-n240-r64","paraboloid","disk",1,240,64,"geodesic",64,2,"random",36108989098.8726,727883.44168855,8.77065635548914e-06,440,TRUE,"stress_tolerance",0.00296152939467014,"","",FALSE,"Gaussian"
"paraboloid-disk-rep1-n240-r64","paraboloid","disk",1,240,64,"geodesic",64,3,"random",35397268832.7494,633264.639141045,7.63054386716696e-06,464,TRUE,"stress_tolerance",0.00276234390820065,"","",FALSE,"Gaussian"
"paraboloid-disk-rep1-n240-r64","paraboloid","disk",1,240,64,"geodesic",8,1,"supplied",5179736.83213443,2192462.14309858,2.36495034461936e-05,210,TRUE,"stress_tolerance",0.00486307551310895,"","",TRUE,"classical"
"paraboloid-disk-rep1-n240-r64","paraboloid","disk",1,240,64,"geodesic",8,2,"random",40071750964.0779,2471662.9236236,2.66611676803932e-05,433,TRUE,"stress_tolerance",0.00516344533043577,"","",FALSE,"Gaussian"
"paraboloid-disk-rep1-n240-r64","paraboloid","disk",1,240,64,"geodesic",8,3,"random",39265193444.1033,2305268.99689678,2.48663208430424e-05,472,TRUE,"stress_tolerance",0.00498661416625032,"","",FALSE,"Gaussian"
"paraboloid-disk-rep1-n240-r8","paraboloid","disk",1,240,8,"ambient",128,1,"supplied",4769.38744825394,826.172499905875,3.71899692025617e-05,21,TRUE,"stress_tolerance",0.00609835791033672,"","",TRUE,"classical"
"paraboloid-disk-rep1-n240-r8","paraboloid","disk",1,240,8,"ambient",128,2,"random",8448379.70287834,827.708095991727,3.72590937148723e-05,238,TRUE,"stress_tolerance",0.00610402274855509,"","",FALSE,"Gaussian"
"paraboloid-disk-rep1-n240-r8","paraboloid","disk",1,240,8,"ambient",128,3,"random",8251966.84295749,829.719972775338,3.73496578956341e-05,202,TRUE,"stress_tolerance",0.00611143664743737,"","",FALSE,"Gaussian"
"paraboloid-disk-rep1-n240-r8","paraboloid","disk",1,240,8,"ambient",16,1,"supplied",30753.6104063924,17980.9350480518,0.000743226049610589,40,TRUE,"stress_tolerance",0.0272621725035002,"","",TRUE,"classical"
"paraboloid-disk-rep1-n240-r8","paraboloid","disk",1,240,8,"ambient",16,2,"random",8863683.1239522,17981.8829832885,0.000743265231675336,178,TRUE,"stress_tolerance",0.0272628911099933,"","",FALSE,"Gaussian"
"paraboloid-disk-rep1-n240-r8","paraboloid","disk",1,240,8,"ambient",16,3,"random",8648449.41207839,17981.7310090118,0.000743258949952998,149,TRUE,"stress_tolerance",0.02726277590329,"","",FALSE,"Gaussian"
"paraboloid-disk-rep1-n240-r8","paraboloid","disk",1,240,8,"ambient",239,1,"supplied",1.21013304209131e-23,1.33541664616836e-21,6.06396238955843e-29,1,TRUE,"stress_tolerance",7.78764575383077e-15,"","",TRUE,"classical"
"paraboloid-disk-rep1-n240-r8","paraboloid","disk",1,240,8,"ambient",239,2,"random",8358465.23729776,2.29051868865179,1.04009630405746e-07,303,TRUE,"stress_tolerance",0.000322505240904238,"","",FALSE,"Gaussian"
"paraboloid-disk-rep1-n240-r8","paraboloid","disk",1,240,8,"ambient",239,3,"random",8165190.8296475,5.37340570129241,2.43999729747027e-07,220,TRUE,"stress_tolerance",0.000493963287859221,"","",FALSE,"Gaussian"
"paraboloid-disk-rep1-n240-r8","paraboloid","disk",1,240,8,"ambient",32,1,"supplied",24775.9541662425,13346.8417205659,0.000574703731921709,28,TRUE,"stress_tolerance",0.0239729792041315,"","",TRUE,"classical"
"paraboloid-disk-rep1-n240-r8","paraboloid","disk",1,240,8,"ambient",32,2,"random",8592837.0702199,13349.0224587843,0.000574797632667568,161,TRUE,"stress_tolerance",0.0239749375946545,"","",FALSE,"Gaussian"
"paraboloid-disk-rep1-n240-r8","paraboloid","disk",1,240,8,"ambient",32,3,"random",8396827.3936508,13349.1216099232,0.000574801902031867,149,TRUE,"stress_tolerance",0.0239750266325582,"","",FALSE,"Gaussian"
"paraboloid-disk-rep1-n240-r8","paraboloid","disk",1,240,8,"ambient",4,1,"supplied",135100.659292934,88624.0031421139,0.00249620179357334,78,TRUE,"stress_tolerance",0.049962003498392,"","",TRUE,"classical"
"paraboloid-disk-rep1-n240-r8","paraboloid","disk",1,240,8,"ambient",4,2,"random",12278332.8560909,88624.8594278037,0.00249622591189117,181,TRUE,"stress_tolerance",0.0499622448644091,"","",FALSE,"Gaussian"
"paraboloid-disk-rep1-n240-r8","paraboloid","disk",1,240,8,"ambient",4,3,"random",11911675.3338453,88625.4429856252,0.00249624234850009,354,TRUE,"stress_tolerance",0.0499624093544342,"","",FALSE,"Gaussian"
"paraboloid-disk-rep1-n240-r8","paraboloid","disk",1,240,8,"ambient",64,1,"supplied",22726.3543931987,8542.5787027511,0.000375753913527551,26,TRUE,"stress_tolerance",0.0193843729206688,"","",TRUE,"classical"
"paraboloid-disk-rep1-n240-r8","paraboloid","disk",1,240,8,"ambient",64,2,"random",8576387.56997143,8545.26892233919,0.000375872245541062,176,TRUE,"stress_tolerance",0.0193874249332156,"","",FALSE,"Gaussian"
"paraboloid-disk-rep1-n240-r8","paraboloid","disk",1,240,8,"ambient",64,3,"random",8378758.26582839,8545.05761139529,0.000375862950816729,166,TRUE,"stress_tolerance",0.0193871852216029,"","",FALSE,"Gaussian"
"paraboloid-disk-rep1-n240-r8","paraboloid","disk",1,240,8,"ambient",8,1,"supplied",52982.7215872264,31236.2245754642,0.00114699447290472,68,TRUE,"stress_tolerance",0.0338673068445768,"","",TRUE,"classical"
"paraboloid-disk-rep1-n240-r8","paraboloid","disk",1,240,8,"ambient",8,2,"random",9862447.3851123,31238.0098314932,0.00114706002752362,189,TRUE,"stress_tolerance",0.0338682746463948,"","",FALSE,"Gaussian"
"paraboloid-disk-rep1-n240-r8","paraboloid","disk",1,240,8,"ambient",8,3,"random",9643646.05443476,31237.4957270842,0.00114704114960468,241,TRUE,"stress_tolerance",0.0338679959490475,"","",FALSE,"Gaussian"
"paraboloid-disk-rep1-n240-r8","paraboloid","disk",1,240,8,"geodesic",128,1,"supplied",22791.670098447,14911.0018738238,0.00064304438598708,26,TRUE,"stress_tolerance",0.0253583198573385,"","",TRUE,"classical"
"paraboloid-disk-rep1-n240-r8","paraboloid","disk",1,240,8,"geodesic",128,2,"random",8431693.60567517,14913.1180248233,0.000643135646053414,159,TRUE,"stress_tolerance",0.025360119204243,"","",FALSE,"Gaussian"
"paraboloid-disk-rep1-n240-r8","paraboloid","disk",1,240,8,"geodesic",128,3,"random",8232487.14228762,14913.1115578325,0.000643135367161214,149,TRUE,"stress_tolerance",0.0253601137056052,"","",FALSE,"Gaussian"
"paraboloid-disk-rep1-n240-r8","paraboloid","disk",1,240,8,"geodesic",16,1,"supplied",28678.8650742224,18828.3096223402,0.000778931570838085,33,TRUE,"stress_tolerance",0.0279093455824045,"","",TRUE,"classical"
"paraboloid-disk-rep1-n240-r8","paraboloid","disk",1,240,8,"geodesic",16,2,"random",8765370.96644769,18830.1644869161,0.00077900830701923,169,TRUE,"stress_tolerance",0.0279107202884346,"","",FALSE,"Gaussian"
"paraboloid-disk-rep1-n240-r8","paraboloid","disk",1,240,8,"geodesic",16,3,"random",8549258.18819873,18830.1390183854,0.00077900725338016,149,TRUE,"stress_tolerance",0.0279107014132602,"","",FALSE,"Gaussian"
"paraboloid-disk-rep1-n240-r8","paraboloid","disk",1,240,8,"geodesic",239,1,"supplied",22718.4965906962,14890.9913401429,0.000642408098403928,26,TRUE,"stress_tolerance",0.0253457708188948,"","",TRUE,"classical"
"paraboloid-disk-rep1-n240-r8","paraboloid","disk",1,240,8,"geodesic",239,2,"random",8427998.32403373,14893.1199452349,0.000642499927961689,159,TRUE,"stress_tolerance",0.0253475822902638,"","",FALSE,"Gaussian"
"paraboloid-disk-rep1-n240-r8","paraboloid","disk",1,240,8,"geodesic",239,3,"random",8228822.71773089,14893.0973918198,0.000642498954991105,149,TRUE,"stress_tolerance",0.0253475630976849,"","",FALSE,"Gaussian"
"paraboloid-disk-rep1-n240-r8","paraboloid","disk",1,240,8,"geodesic",32,1,"supplied",23726.6969363474,15778.8787362609,0.000673608480764294,26,TRUE,"stress_tolerance",0.0259539684974052,"","",TRUE,"classical"
"paraboloid-disk-rep1-n240-r8","paraboloid","disk",1,240,8,"geodesic",32,2,"random",8511545.59534757,15781.0292835515,0.000673700288738579,160,TRUE,"stress_tolerance",0.0259557371064392,"","",FALSE,"Gaussian"
"paraboloid-disk-rep1-n240-r8","paraboloid","disk",1,240,8,"geodesic",32,3,"random",8311297.48782496,15781.0594664731,0.000673701577263086,150,TRUE,"stress_tolerance",0.0259557619280015,"","",FALSE,"Gaussian"
"paraboloid-disk-rep1-n240-r8","paraboloid","disk",1,240,8,"geodesic",4,1,"supplied",138187.994863114,94552.8431731207,0.00259628758264848,81,TRUE,"stress_tolerance",0.0509537788848727,"","",FALSE,"classical"
"paraboloid-disk-rep1-n240-r8","paraboloid","disk",1,240,8,"geodesic",4,2,"random",12488382.9768498,94552.7183999986,0.00259628415655471,201,TRUE,"stress_tolerance",0.0509537452652373,"","",TRUE,"Gaussian"
"paraboloid-disk-rep1-n240-r8","paraboloid","disk",1,240,8,"geodesic",4,3,"random",12104897.5554191,116241.862199332,0.00319183742428019,404,TRUE,"stress_tolerance",0.0564963487694576,"","",FALSE,"Gaussian"
"paraboloid-disk-rep1-n240-r8","paraboloid","disk",1,240,8,"geodesic",64,1,"supplied",23285.1407896533,15187.3530259632,0.000653320341875835,26,TRUE,"stress_tolerance",0.0255601318829898,"","",TRUE,"classical"
"paraboloid-disk-rep1-n240-r8","paraboloid","disk",1,240,8,"geodesic",64,2,"random",8454277.97488076,15189.4678563072,0.000653411316365005,159,TRUE,"stress_tolerance",0.0255619114380167,"","",FALSE,"Gaussian"
"paraboloid-disk-rep1-n240-r8","paraboloid","disk",1,240,8,"geodesic",64,3,"random",8254112.69527417,15189.5775872445,0.000653416036703916,148,TRUE,"stress_tolerance",0.0255620037693433,"","",FALSE,"Gaussian"
"paraboloid-disk-rep1-n240-r8","paraboloid","disk",1,240,8,"geodesic",8,1,"supplied",53163.800788124,32252.6710246324,0.00118182182119834,63,TRUE,"stress_tolerance",0.0343776354800377,"","",TRUE,"classical"
"paraboloid-disk-rep1-n240-r8","paraboloid","disk",1,240,8,"geodesic",8,2,"random",9834463.85907694,32254.4683938149,0.0011818876814838,192,TRUE,"stress_tolerance",0.0343785933610411,"","",FALSE,"Gaussian"
"paraboloid-disk-rep1-n240-r8","paraboloid","disk",1,240,8,"geodesic",8,3,"random",9617602.36995565,32254.2363738592,0.00118187917966867,222,TRUE,"stress_tolerance",0.0343784697109788,"","",FALSE,"Gaussian"
"paraboloid-disk-rep1-n480-r64","paraboloid","disk",1,480,64,"ambient",128,1,"supplied",1451534.49713726,89469.1854754026,2.83111379822827e-07,34,TRUE,"stress_tolerance",0.000532082117561306,"","",TRUE,"classical"
"paraboloid-disk-rep1-n480-r64","paraboloid","disk",1,480,64,"ambient",128,2,"random",136823593955.925,1601910.93682936,5.06899904441089e-06,494,TRUE,"stress_tolerance",0.00225144376887744,"","",FALSE,"Gaussian"
"paraboloid-disk-rep1-n480-r64","paraboloid","disk",1,480,64,"ambient",128,3,"random",137047264487.672,1475324.75698344,4.66843668484261e-06,438,TRUE,"stress_tolerance",0.00216065654023237,"","",FALSE,"Gaussian"
"paraboloid-disk-rep1-n480-r64","paraboloid","disk",1,480,64,"ambient",16,1,"supplied",8344680.91943396,3182728.03236562,9.55515445650914e-06,127,TRUE,"stress_tolerance",0.00309114128705166,"","",TRUE,"classical"
"paraboloid-disk-rep1-n480-r64","paraboloid","disk",1,480,64,"ambient",16,2,"random",143626580090.002,4286980.10881681,1.28703290621036e-05,464,TRUE,"stress_tolerance",0.00358752408523057,"","",FALSE,"Gaussian"
"paraboloid-disk-rep1-n480-r64","paraboloid","disk",1,480,64,"ambient",16,3,"random",143877602709.215,4799839.34325151,1.44100299569451e-05,515,TRUE,"stress_tolerance",0.00379605452502347,"","",FALSE,"Gaussian"
"paraboloid-disk-rep1-n480-r64","paraboloid","disk",1,480,64,"ambient",479,1,"supplied",1.57835976118379e-19,9.8901105499326e-17,3.13133700093036e-28,1,TRUE,"stress_tolerance",1.78538287931429e-14,"","",TRUE,"classical"
"paraboloid-disk-rep1-n480-r64","paraboloid","disk",1,480,64,"ambient",479,2,"random",136769628675.042,1475613.43254532,4.6719831058213e-06,480,TRUE,"stress_tolerance",0.00216147706576486,"","",FALSE,"Gaussian"
"paraboloid-disk-rep1-n480-r64","paraboloid","disk",1,480,64,"ambient",479,3,"random",136992997232.55,1342149.37632327,4.2494186304978e-06,434,TRUE,"stress_tolerance",0.00206141180517238,"","",FALSE,"Gaussian"
"paraboloid-disk-rep1-n480-r64","paraboloid","disk",1,480,64,"ambient",64,1,"supplied",3019794.64435132,296607.044843615,9.37417788391755e-07,40,TRUE,"stress_tolerance",0.000968203381732201,"","",TRUE,"classical"
"paraboloid-disk-rep1-n480-r64","paraboloid","disk",1,480,64,"ambient",64,2,"random",136920485812.793,1895461.3596807,5.99054953907364e-06,483,TRUE,"stress_tolerance",0.00244755991531972,"","",FALSE,"Gaussian"
"paraboloid-disk-rep1-n480-r64","paraboloid","disk",1,480,64,"ambient",64,3,"random",137143747680.917,1831991.14153254,5.78995379275022e-06,453,TRUE,"stress_tolerance",0.00240623228154646,"","",FALSE,"Gaussian"
"paraboloid-disk-rep1-n480-r64","paraboloid","disk",1,480,64,"ambient",8,1,"supplied",26243175.0447198,8790397.68494402,2.41327827596363e-05,210,TRUE,"stress_tolerance",0.00491251287628261,"","",TRUE,"classical"
"paraboloid-disk-rep1-n480-r64","paraboloid","disk",1,480,64,"ambient",8,2,"random",156395249672.566,9945915.37597982,2.73050917281425e-05,766,TRUE,"stress_tolerance",0.00522542742061825,"","",FALSE,"Gaussian"
"paraboloid-disk-rep1-n480-r64","paraboloid","disk",1,480,64,"ambient",8,3,"random",156602012007.652,9504059.71533173,2.60920400492862e-05,583,TRUE,"stress_tolerance",0.00510803680970414,"","",FALSE,"Gaussian"
"paraboloid-disk-rep1-n480-r64","paraboloid","disk",1,480,64,"geodesic",128,1,"supplied",1339111.67378539,758808.01733611,2.39998244687038e-06,24,TRUE,"stress_tolerance",0.00154918767322596,"","",TRUE,"classical"
"paraboloid-disk-rep1-n480-r64","paraboloid","disk",1,480,64,"geodesic",128,2,"random",136514453563.435,2308629.1850752,7.3018067731603e-06,592,TRUE,"stress_tolerance",0.0027021855549104,"","",FALSE,"Gaussian"
"paraboloid-disk-rep1-n480-r64","paraboloid","disk",1,480,64,"geodesic",128,3,"random",136736423479.44,3135936.05371242,9.91843959403515e-06,397,TRUE,"stress_tolerance",0.00314935542516895,"","",FALSE,"Gaussian"
"paraboloid-disk-rep1-n480-r64","paraboloid","disk",1,480,64,"geodesic",16,1,"supplied",8389822.77757186,2906210.2205729,8.86014183467618e-06,196,TRUE,"stress_tolerance",0.00297659903827883,"","",TRUE,"classical"
"paraboloid-disk-rep1-n480-r64","paraboloid","disk",1,480,64,"geodesic",16,2,"random",141294441573.693,4986213.7949129,1.52014335123487e-05,527,TRUE,"stress_tolerance",0.00389890157766965,"","",FALSE,"Gaussian"
"paraboloid-disk-rep1-n480-r64","paraboloid","disk",1,480,64,"geodesic",16,3,"random",141506245571.522,5916409.6541102,1.80373148220263e-05,455,TRUE,"stress_tolerance",0.00424703600432493,"","",FALSE,"Gaussian"
"paraboloid-disk-rep1-n480-r64","paraboloid","disk",1,480,64,"geodesic",479,1,"supplied",1327975.2018289,756200.258192162,2.39194104210314e-06,24,TRUE,"stress_tolerance",0.00154659013384533,"","",TRUE,"classical"
"paraboloid-disk-rep1-n480-r64","paraboloid","disk",1,480,64,"geodesic",479,2,"random",136502933234.308,2326722.46049357,7.35966813889067e-06,586,TRUE,"stress_tolerance",0.00271287082974786,"","",FALSE,"Gaussian"
"paraboloid-disk-rep1-n480-r64","paraboloid","disk",1,480,64,"geodesic",479,3,"random",136724824038.401,3136480.8401505,9.92101915868384e-06,397,TRUE,"stress_tolerance",0.00314976493705322,"","",FALSE,"Gaussian"
"paraboloid-disk-rep1-n480-r64","paraboloid","disk",1,480,64,"geodesic",64,1,"supplied",1599843.18016057,797706.608824876,2.52060097519023e-06,29,TRUE,"stress_tolerance",0.00158764006474898,"","",TRUE,"classical"
"paraboloid-disk-rep1-n480-r64","paraboloid","disk",1,480,64,"geodesic",64,2,"random",136635591889.956,2413159.88739182,7.62512570180437e-06,532,TRUE,"stress_tolerance",0.00276136301521741,"","",FALSE,"Gaussian"
"paraboloid-disk-rep1-n480-r64","paraboloid","disk",1,480,64,"geodesic",64,3,"random",136856973094.765,3197266.08847737,1.01027519784883e-05,396,TRUE,"stress_tolerance",0.00317848265348328,"","",FALSE,"Gaussian"
"paraboloid-disk-rep1-n480-r64","paraboloid","disk",1,480,64,"geodesic",8,1,"supplied",33185203.7898923,10041360.3136267,2.87619759649315e-05,200,TRUE,"stress_tolerance",0.00536301929559617,"","",TRUE,"classical"
"paraboloid-disk-rep1-n480-r64","paraboloid","disk",1,480,64,"geodesic",8,2,"random",149794086489.827,10437399.2785998,2.98963703931721e-05,647,TRUE,"stress_tolerance",0.00546775734585747,"","",FALSE,"Gaussian"
"paraboloid-disk-rep1-n480-r64","paraboloid","disk",1,480,64,"geodesic",8,3,"random",150040857416.455,10307522.1337629,2.95243567215659e-05,435,TRUE,"stress_tolerance",0.00543363200093381,"","",FALSE,"Gaussian"
"paraboloid-disk-rep2-n240-r1","paraboloid","disk",2,240,1,"ambient",128,1,"supplied",157.416367937249,134.632005260244,0.00337855920577569,52,TRUE,"stress_tolerance",0.058125374887184,"","",FALSE,"classical"
"paraboloid-disk-rep2-n240-r1","paraboloid","disk",2,240,1,"ambient",128,2,"random",12210.6930338993,134.631994296068,0.0033785589306322,125,TRUE,"stress_tolerance",0.0581253725203735,"","",FALSE,"Gaussian"
"paraboloid-disk-rep2-n240-r1","paraboloid","disk",2,240,1,"ambient",128,3,"random",12421.7770254763,134.631749272541,0.00337855278182315,150,TRUE,"stress_tolerance",0.0581253196277074,"","",TRUE,"Gaussian"
"paraboloid-disk-rep2-n240-r1","paraboloid","disk",2,240,1,"ambient",16,1,"supplied",184.743898192171,161.109518029857,0.00354618878707993,52,TRUE,"stress_tolerance",0.0595498848620208,"","",FALSE,"classical"
"paraboloid-disk-rep2-n240-r1","paraboloid","disk",2,240,1,"ambient",16,2,"random",14146.9572169193,161.109374141254,0.00354618561994147,128,TRUE,"stress_tolerance",0.0595498582697008,"","",FALSE,"Gaussian"
"paraboloid-disk-rep2-n240-r1","paraboloid","disk",2,240,1,"ambient",16,3,"random",14397.3595152266,161.109279044276,0.00354618352675764,157,TRUE,"stress_tolerance",0.0595498406946454,"","",TRUE,"Gaussian"
"paraboloid-disk-rep2-n240-r1","paraboloid","disk",2,240,1,"ambient",239,1,"supplied",2.45065988345861e-26,1.53128567420232e-24,4.47209470691235e-29,1,TRUE,"stress_tolerance",6.78903329990482e-15,"","",TRUE,"classical"
"paraboloid-disk-rep2-n240-r1","paraboloid","disk",2,240,1,"ambient",239,2,"random",9516.49376296645,0.00193220967211633,5.64298666988938e-08,110,TRUE,"stress_tolerance",0.000237549714173259,"","",FALSE,"Gaussian"
"paraboloid-disk-rep2-n240-r1","paraboloid","disk",2,240,1,"ambient",239,3,"random",9718.19696339172,0.00207558589409037,6.06171457558941e-08,126,TRUE,"stress_tolerance",0.00024620549498483,"","",FALSE,"Gaussian"
"paraboloid-disk-rep2-n240-r1","paraboloid","disk",2,240,1,"ambient",32,1,"supplied",183.500998546865,159.902916900153,0.00363715370406308,53,TRUE,"stress_tolerance",0.0603088194550604,"","",FALSE,"classical"
"paraboloid-disk-rep2-n240-r1","paraboloid","disk",2,240,1,"ambient",32,2,"random",13711.9256893727,159.902950343211,0.00363715446475928,127,TRUE,"stress_tolerance",0.060308825761735,"","",FALSE,"Gaussian"
"paraboloid-disk-rep2-n240-r1","paraboloid","disk",2,240,1,"ambient",32,3,"random",13952.9537873735,159.902747088045,0.00363714984151479,157,TRUE,"stress_tolerance",0.0603087874319725,"","",TRUE,"Gaussian"
"paraboloid-disk-rep2-n240-r1","paraboloid","disk",2,240,1,"ambient",4,1,"supplied",301.231820606178,203.854854081356,0.00323920789152647,69,TRUE,"stress_tolerance",0.0569140394940168,"","",TRUE,"classical"
"paraboloid-disk-rep2-n240-r1","paraboloid","disk",2,240,1,"ambient",4,2,"random",19524.5677022225,203.859962047955,0.00323928905596962,165,TRUE,"stress_tolerance",0.0569147525336764,"","",FALSE,"Gaussian"
"paraboloid-disk-rep2-n240-r1","paraboloid","disk",2,240,1,"ambient",4,3,"random",20224.5039866349,203.857953286449,0.00323925713720001,210,TRUE,"stress_tolerance",0.0569144721244079,"","",FALSE,"Gaussian"
"paraboloid-disk-rep2-n240-r1","paraboloid","disk",2,240,1,"ambient",64,1,"supplied",180.525966252688,157.371003781176,0.00369370302197921,52,TRUE,"stress_tolerance",0.060775842420975,"","",FALSE,"classical"
"paraboloid-disk-rep2-n240-r1","paraboloid","disk",2,240,1,"ambient",64,2,"random",13248.5965057258,157.370948638891,0.00369370172771775,125,TRUE,"stress_tolerance",0.060775831773146,"","",FALSE,"Gaussian"
"paraboloid-disk-rep2-n240-r1","paraboloid","disk",2,240,1,"ambient",64,3,"random",13482.5560007736,157.370924762242,0.00369370116730161,152,TRUE,"stress_tolerance",0.0607758271626277,"","",TRUE,"Gaussian"
"paraboloid-disk-rep2-n240-r1","paraboloid","disk",2,240,1,"ambient",8,1,"supplied",212.926693014495,178.598757835409,0.0036450803091614,52,TRUE,"stress_tolerance",0.060374500487883,"","",FALSE,"classical"
"paraboloid-disk-rep2-n240-r1","paraboloid","disk",2,240,1,"ambient",8,2,"random",15198.0815244033,178.59849109618,0.00364507486519346,127,TRUE,"stress_tolerance",0.0603744554028724,"","",TRUE,"Gaussian"
"paraboloid-disk-rep2-n240-r1","paraboloid","disk",2,240,1,"ambient",8,3,"random",15476.9825560987,178.59868846524,0.00364507889336299,151,TRUE,"stress_tolerance",0.0603744887627466,"","",FALSE,"Gaussian"
"paraboloid-disk-rep2-n240-r1","paraboloid","disk",2,240,1,"geodesic",128,1,"supplied",183.300112196957,160.418528604094,0.00362828019839487,55,TRUE,"stress_tolerance",0.0602352072993435,"","",TRUE,"classical"
"paraboloid-disk-rep2-n240-r1","paraboloid","disk",2,240,1,"geodesic",128,2,"random",13799.390567612,160.418691632068,0.00362828388569442,129,TRUE,"stress_tolerance",0.0602352379068468,"","",FALSE,"Gaussian"
"paraboloid-disk-rep2-n240-r1","paraboloid","disk",2,240,1,"geodesic",128,3,"random",14043.9230125306,160.418652078209,0.00362828299108154,159,TRUE,"stress_tolerance",0.0602352304808536,"","",FALSE,"Gaussian"
"paraboloid-disk-rep2-n240-r1","paraboloid","disk",2,240,1,"geodesic",16,1,"supplied",184.56816842694,161.254051815247,0.00352206130735346,53,TRUE,"stress_tolerance",0.0593469570184808,"","",TRUE,"classical"
"paraboloid-disk-rep2-n240-r1","paraboloid","disk",2,240,1,"geodesic",16,2,"random",14259.7128640666,161.254082086715,0.00352206196853353,129,TRUE,"stress_tolerance",0.059346962588944,"","",FALSE,"Gaussian"
"paraboloid-disk-rep2-n240-r1","paraboloid","disk",2,240,1,"geodesic",16,3,"random",14512.4854759785,161.25407678132,0.00352206185265472,158,TRUE,"stress_tolerance",0.0593469616126615,"","",FALSE,"Gaussian"
"paraboloid-disk-rep2-n240-r1","paraboloid","disk",2,240,1,"geodesic",239,1,"supplied",183.209044934663,160.309963732346,0.00362677564496177,55,TRUE,"stress_tolerance",0.0602227170174327,"","",TRUE,"classical"
"paraboloid-disk-rep2-n240-r1","paraboloid","disk",2,240,1,"geodesic",239,2,"random",13794.3987710922,160.310116353151,0.00362677909778158,129,TRUE,"stress_tolerance",0.0602227456845134,"","",FALSE,"Gaussian"
"paraboloid-disk-rep2-n240-r1","paraboloid","disk",2,240,1,"geodesic",239,3,"random",14039.0264210204,160.310045624846,0.00362677749765838,159,TRUE,"stress_tolerance",0.0602227323994722,"","",FALSE,"Gaussian"
"paraboloid-disk-rep2-n240-r1","paraboloid","disk",2,240,1,"geodesic",32,1,"supplied",182.986458346609,159.658712626115,0.00357411451121118,55,TRUE,"stress_tolerance",0.0597838984276799,"","",TRUE,"classical"
"paraboloid-disk-rep2-n240-r1","paraboloid","disk",2,240,1,"geodesic",32,2,"random",13944.6586424172,159.659063272527,0.00357412236076984,129,TRUE,"stress_tolerance",0.059783964077082,"","",FALSE,"Gaussian"
"paraboloid-disk-rep2-n240-r1","paraboloid","disk",2,240,1,"geodesic",32,3,"random",14191.103775599,159.658818131913,0.00357411687306038,160,TRUE,"stress_tolerance",0.0597839181808983,"","",FALSE,"Gaussian"
"paraboloid-disk-rep2-n240-r1","paraboloid","disk",2,240,1,"geodesic",4,1,"supplied",289.931255994671,192.798394678385,0.00307910431502931,66,TRUE,"stress_tolerance",0.0554896775538417,"","",TRUE,"classical"
"paraboloid-disk-rep2-n240-r1","paraboloid","disk",2,240,1,"geodesic",4,2,"random",19474.1299487863,192.803573185743,0.00307918701885253,166,TRUE,"stress_tolerance",0.0554904227669298,"","",FALSE,"Gaussian"
"paraboloid-disk-rep2-n240-r1","paraboloid","disk",2,240,1,"geodesic",4,3,"random",20170.8961915778,192.802072743886,0.00307916305590925,218,TRUE,"stress_tolerance",0.0554902068468777,"","",FALSE,"Gaussian"
"paraboloid-disk-rep2-n240-r1","paraboloid","disk",2,240,1,"geodesic",64,1,"supplied",183.296212105965,160.347764746234,0.00362018681999064,55,TRUE,"stress_tolerance",0.0601679883325898,"","",TRUE,"classical"
"paraboloid-disk-rep2-n240-r1","paraboloid","disk",2,240,1,"geodesic",64,2,"random",13824.6780409506,160.347934690703,0.00362019065684316,129,TRUE,"stress_tolerance",0.0601680202170816,"","",FALSE,"Gaussian"
"paraboloid-disk-rep2-n240-r1","paraboloid","disk",2,240,1,"geodesic",64,3,"random",14069.7717044296,160.347823349435,0.00362018814308073,159,TRUE,"stress_tolerance",0.0601679993275556,"","",FALSE,"Gaussian"
"paraboloid-disk-rep2-n240-r1","paraboloid","disk",2,240,1,"geodesic",8,1,"supplied",212.655562753964,178.468900911706,0.00362726469004808,53,TRUE,"stress_tolerance",0.0602267771846383,"","",TRUE,"classical"
"paraboloid-disk-rep2-n240-r1","paraboloid","disk",2,240,1,"geodesic",8,2,"random",15264.1170592949,178.469168158846,0.00362727012167292,127,TRUE,"stress_tolerance",0.0602268222777273,"","",FALSE,"Gaussian"
"paraboloid-disk-rep2-n240-r1","paraboloid","disk",2,240,1,"geodesic",8,3,"random",15544.9783075072,178.468994691441,0.0036272665960604,152,TRUE,"stress_tolerance",0.060226793008265,"","",FALSE,"Gaussian"
"paraboloid-disk-rep2-n240-r16","paraboloid","disk",2,240,16,"ambient",128,1,"supplied",11015.1439773146,919.211850450217,2.74041589103108e-06,25,TRUE,"stress_tolerance",0.00165542015543948,"","",TRUE,"classical"
"paraboloid-disk-rep2-n240-r16","paraboloid","disk",2,240,16,"ambient",128,2,"random",135681473.39884,1163.1469259065,3.46765146445504e-06,482,TRUE,"stress_tolerance",0.00186216311435415,"","",FALSE,"Gaussian"
"paraboloid-disk-rep2-n240-r16","paraboloid","disk",2,240,16,"ambient",128,3,"random",137622806.870375,30668.4661358654,9.14308838719936e-05,322,TRUE,"stress_tolerance",0.00956194979447181,"","",FALSE,"Gaussian"
"paraboloid-disk-rep2-n240-r16","paraboloid","disk",2,240,16,"ambient",16,1,"supplied",138002.580393806,68430.8243603854,0.000191599743376626,73,TRUE,"stress_tolerance",0.0138419559086363,"","",TRUE,"classical"
"paraboloid-disk-rep2-n240-r16","paraboloid","disk",2,240,16,"ambient",16,2,"random",141985322.761197,68485.5477168065,0.000191752963524782,399,TRUE,"stress_tolerance",0.0138474894303909,"","",FALSE,"Gaussian"
"paraboloid-disk-rep2-n240-r16","paraboloid","disk",2,240,16,"ambient",16,3,"random",144060560.15766,98977.4475237378,0.000277127357778842,353,TRUE,"stress_tolerance",0.0166471426310598,"","",FALSE,"Gaussian"
"paraboloid-disk-rep2-n240-r16","paraboloid","disk",2,240,16,"ambient",239,1,"supplied",1.99250226347528e-22,1.95295554629976e-20,5.83529669326611e-29,1,TRUE,"stress_tolerance",7.63609041740917e-15,"","",TRUE,"classical"
"paraboloid-disk-rep2-n240-r16","paraboloid","disk",2,240,16,"ambient",239,2,"random",135335534.088265,295.951670408675,8.8428321216752e-07,559,TRUE,"stress_tolerance",0.000940363340509186,"","",FALSE,"Gaussian"
"paraboloid-disk-rep2-n240-r16","paraboloid","disk",2,240,16,"ambient",239,3,"random",137275313.476038,28045.2011577273,8.37971298874357e-05,336,TRUE,"stress_tolerance",0.00915407722752227,"","",FALSE,"Gaussian"
"paraboloid-disk-rep2-n240-r16","paraboloid","disk",2,240,16,"ambient",32,1,"supplied",122611.789423837,45483.5591834312,0.000131869585966451,51,TRUE,"stress_tolerance",0.0114834483482296,"","",TRUE,"classical"
"paraboloid-disk-rep2-n240-r16","paraboloid","disk",2,240,16,"ambient",32,2,"random",138187188.682728,45607.8883466855,0.000132230051057052,383,TRUE,"stress_tolerance",0.011499132621944,"","",FALSE,"Gaussian"
"paraboloid-disk-rep2-n240-r16","paraboloid","disk",2,240,16,"ambient",32,3,"random",140231273.964451,84721.602392623,0.000245631670663084,541,TRUE,"stress_tolerance",0.0156726408324536,"","",FALSE,"Gaussian"
"paraboloid-disk-rep2-n240-r16","paraboloid","disk",2,240,16,"ambient",4,1,"supplied",743599.319070376,357239.087840454,0.00070614257934065,256,TRUE,"stress_tolerance",0.0265733433978612,"","",TRUE,"classical"
"paraboloid-disk-rep2-n240-r16","paraboloid","disk",2,240,16,"ambient",4,2,"random",189903209.064124,376676.091709547,0.000744563056029656,417,TRUE,"stress_tolerance",0.0272866827597211,"","",FALSE,"Gaussian"
"paraboloid-disk-rep2-n240-r16","paraboloid","disk",2,240,16,"ambient",4,3,"random",193135059.903059,358130.539090862,0.000707904681268312,519,TRUE,"stress_tolerance",0.0266064781823584,"","",FALSE,"Gaussian"
"paraboloid-disk-rep2-n240-r16","paraboloid","disk",2,240,16,"ambient",64,1,"supplied",62781.2921288948,13487.3847565268,3.98573504574128e-05,36,TRUE,"stress_tolerance",0.00631326781131752,"","",TRUE,"classical"
"paraboloid-disk-rep2-n240-r16","paraboloid","disk",2,240,16,"ambient",64,2,"random",136500209.395176,13661.0555306806,4.0370575002765e-05,403,TRUE,"stress_tolerance",0.00635378430565369,"","",FALSE,"Gaussian"
"paraboloid-disk-rep2-n240-r16","paraboloid","disk",2,240,16,"ambient",64,3,"random",138501011.981166,50239.9017458543,0.000148466838232778,331,TRUE,"stress_tolerance",0.0121846968871936,"","",FALSE,"Gaussian"
"paraboloid-disk-rep2-n240-r16","paraboloid","disk",2,240,16,"ambient",8,1,"supplied",271428.789606133,141499.708072801,0.000369773104051935,194,TRUE,"stress_tolerance",0.0192294852778732,"","",TRUE,"classical"
"paraboloid-disk-rep2-n240-r16","paraboloid","disk",2,240,16,"ambient",8,2,"random",150327058.4942,141532.678711866,0.000369859264339581,491,TRUE,"stress_tolerance",0.0192317254644398,"","",FALSE,"Gaussian"
"paraboloid-disk-rep2-n240-r16","paraboloid","disk",2,240,16,"ambient",8,3,"random",152400505.160474,185512.484174324,0.000484789177644324,602,TRUE,"stress_tolerance",0.0220179285502594,"","",FALSE,"Gaussian"
"paraboloid-disk-rep2-n240-r16","paraboloid","disk",2,240,16,"geodesic",128,1,"supplied",66142.2461878799,37583.5429981075,0.000110676146245269,32,TRUE,"stress_tolerance",0.0105202731069718,"","",TRUE,"classical"
"paraboloid-disk-rep2-n240-r16","paraboloid","disk",2,240,16,"geodesic",128,2,"random",134355671.940846,37710.936837863,0.000111051296061246,331,TRUE,"stress_tolerance",0.0105380878750014,"","",FALSE,"Gaussian"
"paraboloid-disk-rep2-n240-r16","paraboloid","disk",2,240,16,"geodesic",128,3,"random",136352261.113396,106196.141416054,0.000312726761248621,416,TRUE,"stress_tolerance",0.0176840821432334,"","",FALSE,"Gaussian"
"paraboloid-disk-rep2-n240-r16","paraboloid","disk",2,240,16,"geodesic",16,1,"supplied",144485.358149926,70748.2464448178,0.000200903305515261,56,TRUE,"stress_tolerance",0.0141740363169871,"","",TRUE,"classical"
"paraboloid-disk-rep2-n240-r16","paraboloid","disk",2,240,16,"geodesic",16,2,"random",138764398.552243,70827.1015417963,0.000201127229788099,353,TRUE,"stress_tolerance",0.0141819332175874,"","",FALSE,"Gaussian"
"paraboloid-disk-rep2-n240-r16","paraboloid","disk",2,240,16,"geodesic",16,3,"random",140861508.974739,122922.894137398,0.000349063291271367,376,TRUE,"stress_tolerance",0.0186832355675183,"","",FALSE,"Gaussian"
"paraboloid-disk-rep2-n240-r16","paraboloid","disk",2,240,16,"geodesic",239,1,"supplied",66105.4436730425,37554.6262664251,0.000110605259425911,32,TRUE,"stress_tolerance",0.0105169035093946,"","",TRUE,"classical"
"paraboloid-disk-rep2-n240-r16","paraboloid","disk",2,240,16,"geodesic",239,2,"random",134335505.3901,37681.5918398925,0.000110979196316985,331,TRUE,"stress_tolerance",0.0105346664074849,"","",FALSE,"Gaussian"
"paraboloid-disk-rep2-n240-r16","paraboloid","disk",2,240,16,"geodesic",239,3,"random",136331799.067856,106265.954225104,0.000312972717444339,417,TRUE,"stress_tolerance",0.0176910349455408,"","",FALSE,"Gaussian"
"paraboloid-disk-rep2-n240-r16","paraboloid","disk",2,240,16,"geodesic",32,1,"supplied",81503.9007462473,45222.9625514533,0.00013168696577221,40,TRUE,"stress_tolerance",0.0114754941406553,"","",TRUE,"classical"
"paraboloid-disk-rep2-n240-r16","paraboloid","disk",2,240,16,"geodesic",32,2,"random",135771105.852102,45350.2697617208,0.000132057677890461,339,TRUE,"stress_tolerance",0.0114916351269289,"","",FALSE,"Gaussian"
"paraboloid-disk-rep2-n240-r16","paraboloid","disk",2,240,16,"geodesic",32,3,"random",137844232.359355,103203.00657862,0.000300521903655582,352,TRUE,"stress_tolerance",0.0173355675896577,"","",FALSE,"Gaussian"
"paraboloid-disk-rep2-n240-r16","paraboloid","disk",2,240,16,"geodesic",4,1,"supplied",649555.754504639,341095.869726851,0.000674767903533803,169,TRUE,"stress_tolerance",0.0259762950309279,"","",TRUE,"classical"
"paraboloid-disk-rep2-n240-r16","paraboloid","disk",2,240,16,"geodesic",4,2,"random",190097274.655782,349359.386986234,0.000691115085402041,383,TRUE,"stress_tolerance",0.0262890677925643,"","",FALSE,"Gaussian"
"paraboloid-disk-rep2-n240-r16","paraboloid","disk",2,240,16,"geodesic",4,3,"random",193331511.765715,344306.879087481,0.000681120035725363,304,TRUE,"stress_tolerance",0.0260982764895568,"","",FALSE,"Gaussian"
"paraboloid-disk-rep2-n240-r16","paraboloid","disk",2,240,16,"geodesic",64,1,"supplied",68346.5907725834,39407.0762600792,0.000115660250508974,34,TRUE,"stress_tolerance",0.0107545455742666,"","",TRUE,"classical"
"paraboloid-disk-rep2-n240-r16","paraboloid","disk",2,240,16,"geodesic",64,2,"random",134810695.169478,39535.8666746827,0.000116038251950083,340,TRUE,"stress_tolerance",0.0107721052700987,"","",FALSE,"Gaussian"
"paraboloid-disk-rep2-n240-r16","paraboloid","disk",2,240,16,"geodesic",64,3,"random",136849436.111497,102539.971557873,0.000300956069902123,364,TRUE,"stress_tolerance",0.0173480854823271,"","",FALSE,"Gaussian"
"paraboloid-disk-rep2-n240-r16","paraboloid","disk",2,240,16,"geodesic",8,1,"supplied",276921.312538668,141715.404466858,0.000373154115547675,213,TRUE,"stress_tolerance",0.0193171974040667,"","",TRUE,"classical"
"paraboloid-disk-rep2-n240-r16","paraboloid","disk",2,240,16,"geodesic",8,2,"random",148656594.674232,141763.177155533,0.000373279906921287,528,TRUE,"stress_tolerance",0.0193204530723609,"","",FALSE,"Gaussian"
"paraboloid-disk-rep2-n240-r16","paraboloid","disk",2,240,16,"geodesic",8,3,"random",150629333.215757,184222.370211943,0.00048508019208745,552,TRUE,"stress_tolerance",0.0220245361378499,"","",FALSE,"Gaussian"
"paraboloid-disk-rep2-n240-r2","paraboloid","disk",2,240,2,"ambient",128,1,"supplied",983.07129558095,864.780832171266,0.00392167787097924,21,TRUE,"stress_tolerance",0.062623301342066,"","",FALSE,"classical"
"paraboloid-disk-rep2-n240-r2","paraboloid","disk",2,240,2,"ambient",128,2,"random",62703.8569308503,864.781433157253,0.00392168059637897,72,TRUE,"stress_tolerance",0.0626233231023309,"","",FALSE,"Gaussian"
"paraboloid-disk-rep2-n240-r2","paraboloid","disk",2,240,2,"ambient",128,3,"random",63999.0817916421,864.78065138806,0.00392167705114898,85,TRUE,"stress_tolerance",0.0626232947963371,"","",TRUE,"Gaussian"
"paraboloid-disk-rep2-n240-r2","paraboloid","disk",2,240,2,"ambient",16,1,"supplied",1619.01988207884,1486.7970522249,0.00555507315812143,23,TRUE,"stress_tolerance",0.0745323631593784,"","",FALSE,"classical"
"paraboloid-disk-rep2-n240-r2","paraboloid","disk",2,240,2,"ambient",16,2,"random",78522.2965983005,1486.79688245698,0.00555507252382286,72,TRUE,"stress_tolerance",0.0745323589041893,"","",FALSE,"Gaussian"
"paraboloid-disk-rep2-n240-r2","paraboloid","disk",2,240,2,"ambient",16,3,"random",80017.2384949108,1486.79652744446,0.00555507119740072,81,TRUE,"stress_tolerance",0.0745323500058914,"","",TRUE,"Gaussian"
"paraboloid-disk-rep2-n240-r2","paraboloid","disk",2,240,2,"ambient",239,1,"supplied",1.31563529053815e-25,8.46549545108577e-24,4.29994968334424e-29,1,TRUE,"stress_tolerance",6.63070121006189e-15,"","",TRUE,"classical"
"paraboloid-disk-rep2-n240-r2","paraboloid","disk",2,240,2,"ambient",239,2,"random",52631.8041204297,0.00521909131713992,2.65097656553605e-08,78,TRUE,"stress_tolerance",0.00016281819818021,"","",FALSE,"Gaussian"
"paraboloid-disk-rep2-n240-r2","paraboloid","disk",2,240,2,"ambient",239,3,"random",53893.8265492476,0.00739274346049584,3.75505782097221e-08,89,TRUE,"stress_tolerance",0.000193779715695444,"","",FALSE,"Gaussian"
"paraboloid-disk-rep2-n240-r2","paraboloid","disk",2,240,2,"ambient",32,1,"supplied",1514.45962229643,1386.0315973855,0.00542512323429016,23,TRUE,"stress_tolerance",0.0736554358774027,"","",TRUE,"classical"
"paraboloid-disk-rep2-n240-r2","paraboloid","disk",2,240,2,"ambient",32,2,"random",74881.9612527207,1386.03384201758,0.00542513202009684,72,TRUE,"stress_tolerance",0.073655495518643,"","",FALSE,"Gaussian"
"paraboloid-disk-rep2-n240-r2","paraboloid","disk",2,240,2,"ambient",32,3,"random",76439.2166799815,1386.03236277953,0.00542512623015041,81,TRUE,"stress_tolerance",0.0736554562143935,"","",FALSE,"Gaussian"
"paraboloid-disk-rep2-n240-r2","paraboloid","disk",2,240,2,"ambient",4,1,"supplied",2805.39785899246,2214.25470471378,0.00552493162047846,31,TRUE,"stress_tolerance",0.0743298837647312,"","",TRUE,"classical"
"paraboloid-disk-rep2-n240-r2","paraboloid","disk",2,240,2,"ambient",4,2,"random",119001.918754039,2214.27339384346,0.0055249782529473,99,TRUE,"stress_tolerance",0.074330197449941,"","",FALSE,"Gaussian"
"paraboloid-disk-rep2-n240-r2","paraboloid","disk",2,240,2,"ambient",4,3,"random",121958.524450803,2214.26240958372,0.00552495084540298,112,TRUE,"stress_tolerance",0.0743300130862559,"","",FALSE,"Gaussian"
"paraboloid-disk-rep2-n240-r2","paraboloid","disk",2,240,2,"ambient",64,1,"supplied",1369.74673854394,1244.91843866752,0.00510636157186166,22,TRUE,"stress_tolerance",0.0714588103165846,"","",TRUE,"classical"
"paraboloid-disk-rep2-n240-r2","paraboloid","disk",2,240,2,"ambient",64,2,"random",71171.4937968073,1244.92069994236,0.00510637084707728,71,TRUE,"stress_tolerance",0.0714588752155896,"","",FALSE,"Gaussian"
"paraboloid-disk-rep2-n240-r2","paraboloid","disk",2,240,2,"ambient",64,3,"random",72606.2846679233,1244.92017310001,0.00510636868609433,83,TRUE,"stress_tolerance",0.0714588600951222,"","",FALSE,"Gaussian"
"paraboloid-disk-rep2-n240-r2","paraboloid","disk",2,240,2,"ambient",8,1,"supplied",1937.50175934413,1683.83527563164,0.00568895740234482,24,TRUE,"stress_tolerance",0.0754251775095346,"","",TRUE,"classical"
"paraboloid-disk-rep2-n240-r2","paraboloid","disk",2,240,2,"ambient",8,2,"random",87106.4615345648,1683.83637035241,0.00568896110093691,75,TRUE,"stress_tolerance",0.075425202027816,"","",FALSE,"Gaussian"
"paraboloid-disk-rep2-n240-r2","paraboloid","disk",2,240,2,"ambient",8,3,"random",88990.167664619,1683.83666110713,0.00568896208327245,89,TRUE,"stress_tolerance",0.0754252085398004,"","",FALSE,"Gaussian"
"paraboloid-disk-rep2-n240-r2","paraboloid","disk",2,240,2,"geodesic",128,1,"supplied",1564.18943299716,1442.80833228515,0.00555246552871938,23,TRUE,"stress_tolerance",0.0745148678366897,"","",TRUE,"classical"
"paraboloid-disk-rep2-n240-r2","paraboloid","disk",2,240,2,"geodesic",128,2,"random",76273.4507216077,1442.80998597154,0.00555247189272245,73,TRUE,"stress_tolerance",0.0745149105395858,"","",FALSE,"Gaussian"
"paraboloid-disk-rep2-n240-r2","paraboloid","disk",2,240,2,"geodesic",128,3,"random",77832.7343212821,1442.81007976209,0.00555247225366353,81,TRUE,"stress_tolerance",0.0745149129615241,"","",FALSE,"Gaussian"
"paraboloid-disk-rep2-n240-r2","paraboloid","disk",2,240,2,"geodesic",16,1,"supplied",1645.17615336113,1514.93370384703,0.00558091937535883,23,TRUE,"stress_tolerance",0.0747055511682956,"","",FALSE,"classical"
"paraboloid-disk-rep2-n240-r2","paraboloid","disk",2,240,2,"geodesic",16,2,"random",79689.6757071802,1514.93392730225,0.00558092019855361,72,TRUE,"stress_tolerance",0.0747055566778911,"","",FALSE,"Gaussian"
"paraboloid-disk-rep2-n240-r2","paraboloid","disk",2,240,2,"geodesic",16,3,"random",81228.0505034976,1514.93305393652,0.00558091698112984,82,TRUE,"stress_tolerance",0.0747055351438557,"","",TRUE,"Gaussian"
"paraboloid-disk-rep2-n240-r2","paraboloid","disk",2,240,2,"geodesic",239,1,"supplied",1559.96963060104,1438.76639945848,0.00553939032090923,23,TRUE,"stress_tolerance",0.0744270805615081,"","",TRUE,"classical"
"paraboloid-disk-rep2-n240-r2","paraboloid","disk",2,240,2,"geodesic",239,2,"random",76224.3256597543,1438.76807223827,0.00553939676127384,73,TRUE,"stress_tolerance",0.0744271238277673,"","",FALSE,"Gaussian"
"paraboloid-disk-rep2-n240-r2","paraboloid","disk",2,240,2,"geodesic",239,3,"random",77784.407636682,1438.76813803691,0.00553939701460499,81,TRUE,"stress_tolerance",0.0744271255296414,"","",FALSE,"Gaussian"
"paraboloid-disk-rep2-n240-r2","paraboloid","disk",2,240,2,"geodesic",32,1,"supplied",1582.02805553089,1457.2643161874,0.00554440428213748,23,TRUE,"stress_tolerance",0.0744607566583733,"","",TRUE,"classical"
"paraboloid-disk-rep2-n240-r2","paraboloid","disk",2,240,2,"geodesic",32,2,"random",77183.9315963127,1457.26542748445,0.0055444085102518,73,TRUE,"stress_tolerance",0.0744607850499293,"","",FALSE,"Gaussian"
"paraboloid-disk-rep2-n240-r2","paraboloid","disk",2,240,2,"geodesic",32,3,"random",78783.3926638762,1457.26521155125,0.00554440768869805,81,TRUE,"stress_tolerance",0.0744607795332419,"","",FALSE,"Gaussian"
"paraboloid-disk-rep2-n240-r2","paraboloid","disk",2,240,2,"geodesic",4,1,"supplied",2820.36344821867,2219.02725820849,0.00552367776790572,31,TRUE,"stress_tolerance",0.0743214489088157,"","",TRUE,"classical"
"paraboloid-disk-rep2-n240-r2","paraboloid","disk",2,240,2,"geodesic",4,2,"random",119194.264507094,2219.04528452061,0.00552372263961208,99,TRUE,"stress_tolerance",0.0743217507840876,"","",FALSE,"Gaussian"
"paraboloid-disk-rep2-n240-r2","paraboloid","disk",2,240,2,"geodesic",4,3,"random",122170.683059618,2219.03123875222,0.00552368767640992,112,TRUE,"stress_tolerance",0.074321515568575,"","",FALSE,"Gaussian"
"paraboloid-disk-rep2-n240-r2","paraboloid","disk",2,240,2,"geodesic",64,1,"supplied",1570.85808488166,1448.7210846004,0.00556115748876978,23,TRUE,"stress_tolerance",0.074573168692029,"","",TRUE,"classical"
"paraboloid-disk-rep2-n240-r2","paraboloid","disk",2,240,2,"geodesic",64,2,"random",76490.0036536599,1448.72261509926,0.00556116336384488,73,TRUE,"stress_tolerance",0.0745732080833653,"","",FALSE,"Gaussian"
"paraboloid-disk-rep2-n240-r2","paraboloid","disk",2,240,2,"geodesic",64,3,"random",78059.4004903939,1448.72250017044,0.00556116292267142,81,TRUE,"stress_tolerance",0.0745732051253762,"","",FALSE,"Gaussian"
"paraboloid-disk-rep2-n240-r2","paraboloid","disk",2,240,2,"geodesic",8,1,"supplied",1959.2361501163,1706.38991679198,0.00572709429628499,24,TRUE,"stress_tolerance",0.0756775679860618,"","",FALSE,"classical"
"paraboloid-disk-rep2-n240-r2","paraboloid","disk",2,240,2,"geodesic",8,2,"random",87701.4290368985,1706.39082600484,0.005727097347843,75,TRUE,"stress_tolerance",0.0756775881476349,"","",FALSE,"Gaussian"
"paraboloid-disk-rep2-n240-r2","paraboloid","disk",2,240,2,"geodesic",8,3,"random",89608.7484523165,1706.38987877847,0.00572709416870164,90,TRUE,"stress_tolerance",0.0756775671431212,"","",TRUE,"Gaussian"
"paraboloid-disk-rep2-n240-r32","paraboloid","disk",2,240,32,"ambient",128,1,"supplied",25265.7450349662,1288.64483719749,2.44617663736158e-07,26,TRUE,"stress_tolerance",0.000494588378089723,"","",TRUE,"classical"
"paraboloid-disk-rep2-n240-r32","paraboloid","disk",2,240,32,"ambient",128,2,"random",2210417584.43105,62157.2246849254,1.17990268907737e-05,615,TRUE,"stress_tolerance",0.00343497116302014,"","",FALSE,"Gaussian"
"paraboloid-disk-rep2-n240-r32","paraboloid","disk",2,240,32,"ambient",128,3,"random",2240275886.40252,49189.2215227645,9.33736907375272e-06,456,TRUE,"stress_tolerance",0.00305571089498969,"","",FALSE,"Gaussian"
"paraboloid-disk-rep2-n240-r32","paraboloid","disk",2,240,32,"ambient",16,1,"supplied",880915.143030229,292496.019385485,5.2697885726767e-05,115,TRUE,"stress_tolerance",0.00725933094208915,"","",FALSE,"classical"
"paraboloid-disk-rep2-n240-r32","paraboloid","disk",2,240,32,"ambient",16,2,"random",2308607517.78318,290467.945161385,5.23324953739972e-05,648,TRUE,"stress_tolerance",0.00723412022114664,"","",TRUE,"Gaussian"
"paraboloid-disk-rep2-n240-r32","paraboloid","disk",2,240,32,"ambient",16,3,"random",2338335682.40437,324768.452221514,5.85122861459278e-05,828,TRUE,"stress_tolerance",0.00764933239870864,"","",FALSE,"Gaussian"
"paraboloid-disk-rep2-n240-r32","paraboloid","disk",2,240,32,"ambient",239,1,"supplied",2.7853717678699e-21,3.26016489229979e-19,6.19211685223577e-29,1,TRUE,"stress_tolerance",7.87670207039535e-15,"","",TRUE,"classical"
"paraboloid-disk-rep2-n240-r32","paraboloid","disk",2,240,32,"ambient",239,2,"random",2209020331.1062,60262.8529516234,1.1445882022928e-05,619,TRUE,"stress_tolerance",0.00338317632158514,"","",FALSE,"Gaussian"
"paraboloid-disk-rep2-n240-r32","paraboloid","disk",2,240,32,"ambient",239,3,"random",2238875193.41379,46055.6501433595,8.74747065913581e-06,475,TRUE,"stress_tolerance",0.00295761232401105,"","",FALSE,"Gaussian"
"paraboloid-disk-rep2-n240-r32","paraboloid","disk",2,240,32,"ambient",32,1,"supplied",430195.187659317,95003.6491474425,1.78176080818237e-05,60,TRUE,"stress_tolerance",0.00422109086396272,"","",TRUE,"classical"
"paraboloid-disk-rep2-n240-r32","paraboloid","disk",2,240,32,"ambient",32,2,"random",2230385978.03444,133585.519609037,2.50535053670059e-05,487,TRUE,"stress_tolerance",0.00500534767693635,"","",FALSE,"Gaussian"
"paraboloid-disk-rep2-n240-r32","paraboloid","disk",2,240,32,"ambient",32,3,"random",2260550162.6264,147539.645702839,2.76705537866708e-05,408,TRUE,"stress_tolerance",0.0052602807707077,"","",FALSE,"Gaussian"
"paraboloid-disk-rep2-n240-r32","paraboloid","disk",2,240,32,"ambient",4,1,"supplied",3239913.94796501,1350820.28301005,0.000181612565773041,434,TRUE,"stress_tolerance",0.0134763706454315,"","",TRUE,"classical"
"paraboloid-disk-rep2-n240-r32","paraboloid","disk",2,240,32,"ambient",4,2,"random",3032267590.11782,1372213.38765971,0.000184488786003181,596,TRUE,"stress_tolerance",0.0135826649080064,"","",FALSE,"Gaussian"
"paraboloid-disk-rep2-n240-r32","paraboloid","disk",2,240,32,"ambient",4,3,"random",3075488695.1391,1385465.5839882,0.000186270492576301,634,TRUE,"stress_tolerance",0.0136480948332106,"","",FALSE,"Gaussian"
"paraboloid-disk-rep2-n240-r32","paraboloid","disk",2,240,32,"ambient",64,1,"supplied",152716.928403832,16177.713683023,3.06331802224994e-06,39,TRUE,"stress_tolerance",0.00175023370503916,"","",TRUE,"classical"
"paraboloid-disk-rep2-n240-r32","paraboloid","disk",2,240,32,"ambient",64,2,"random",2214263454.36581,42884.1111534346,8.1202865335875e-06,597,TRUE,"stress_tolerance",0.00284961164610085,"","",FALSE,"Gaussian"
"paraboloid-disk-rep2-n240-r32","paraboloid","disk",2,240,32,"ambient",64,3,"random",2244398313.708,70356.7722827555,1.33223502865719e-05,409,TRUE,"stress_tolerance",0.00364997949125447,"","",FALSE,"Gaussian"
"paraboloid-disk-rep2-n240-r32","paraboloid","disk",2,240,32,"ambient",8,1,"supplied",1405393.52154985,508999.348283291,8.3565656938941e-05,221,TRUE,"stress_tolerance",0.009141425323162,"","",FALSE,"classical"
"paraboloid-disk-rep2-n240-r32","paraboloid","disk",2,240,32,"ambient",8,2,"random",2515507586.40174,512272.498696706,8.41030308382977e-05,790,TRUE,"stress_tolerance",0.00917077046045236,"","",FALSE,"Gaussian"
"paraboloid-disk-rep2-n240-r32","paraboloid","disk",2,240,32,"ambient",8,3,"random",2545986469.4404,489423.549327269,8.03517736493417e-05,432,TRUE,"stress_tolerance",0.00896391508490285,"","",TRUE,"Gaussian"
"paraboloid-disk-rep2-n240-r32","paraboloid","disk",2,240,32,"geodesic",128,1,"supplied",158156.027599817,83467.2946593713,1.57941207234216e-05,32,TRUE,"stress_tolerance",0.00397418176778898,"","",TRUE,"classical"
"paraboloid-disk-rep2-n240-r32","paraboloid","disk",2,240,32,"geodesic",128,2,"random",2198710080.51528,86861.1908094347,1.64363316125562e-05,953,TRUE,"stress_tolerance",0.00405417459078443,"","",FALSE,"Gaussian"
"paraboloid-disk-rep2-n240-r32","paraboloid","disk",2,240,32,"geodesic",128,3,"random",2228866339.2747,183978.856565204,3.48134473868639e-05,407,TRUE,"stress_tolerance",0.00590029214419677,"","",FALSE,"Gaussian"
"paraboloid-disk-rep2-n240-r32","paraboloid","disk",2,240,32,"geodesic",16,1,"supplied",746099.218057098,283059.440644639,5.21127445518864e-05,190,TRUE,"stress_tolerance",0.00721891574628021,"","",TRUE,"classical"
"paraboloid-disk-rep2-n240-r32","paraboloid","disk",2,240,32,"geodesic",16,2,"random",2251126096.99133,311794.100254728,5.74029478132075e-05,649,TRUE,"stress_tolerance",0.00757647330974069,"","",FALSE,"Gaussian"
"paraboloid-disk-rep2-n240-r32","paraboloid","disk",2,240,32,"geodesic",16,3,"random",2282166595.00263,326694.247413676,6.01461439451273e-05,584,TRUE,"stress_tolerance",0.00775539450609268,"","",FALSE,"Gaussian"
"paraboloid-disk-rep2-n240-r32","paraboloid","disk",2,240,32,"geodesic",239,1,"supplied",158194.918644185,83436.3979669482,1.57888683239808e-05,32,TRUE,"stress_tolerance",0.00397352089764048,"","",TRUE,"classical"
"paraboloid-disk-rep2-n240-r32","paraboloid","disk",2,240,32,"geodesic",239,2,"random",2198617070.24223,86821.6924391421,1.64294756603682e-05,952,TRUE,"stress_tolerance",0.00405332896029595,"","",FALSE,"Gaussian"
"paraboloid-disk-rep2-n240-r32","paraboloid","disk",2,240,32,"geodesic",239,3,"random",2228771525.48119,184068.556265667,3.48317313340289e-05,407,TRUE,"stress_tolerance",0.00590184135114078,"","",FALSE,"Gaussian"
"paraboloid-disk-rep2-n240-r32","paraboloid","disk",2,240,32,"geodesic",32,1,"supplied",307269.590432037,123712.297621211,2.32248056113906e-05,57,TRUE,"stress_tolerance",0.00481921213596128,"","",TRUE,"classical"
"paraboloid-disk-rep2-n240-r32","paraboloid","disk",2,240,32,"geodesic",32,2,"random",2214392536.90657,175612.755051163,3.29682026554225e-05,602,TRUE,"stress_tolerance",0.00574179437592716,"","",FALSE,"Gaussian"
"paraboloid-disk-rep2-n240-r32","paraboloid","disk",2,240,32,"geodesic",32,3,"random",2244796414.89078,192772.197189131,3.61895857815725e-05,427,TRUE,"stress_tolerance",0.00601577806950843,"","",FALSE,"Gaussian"
"paraboloid-disk-rep2-n240-r32","paraboloid","disk",2,240,32,"geodesic",4,1,"supplied",3712551.14228121,1440903.79141855,0.000179492902693223,321,TRUE,"stress_tolerance",0.0133974961352198,"","",TRUE,"classical"
"paraboloid-disk-rep2-n240-r32","paraboloid","disk",2,240,32,"geodesic",4,2,"random",3242421395.77557,1508664.13225313,0.000187933785655927,563,TRUE,"stress_tolerance",0.0137088943994741,"","",FALSE,"Gaussian"
"paraboloid-disk-rep2-n240-r32","paraboloid","disk",2,240,32,"geodesic",4,3,"random",3300897728.74941,1478390.6873023,0.000184162632757927,703,TRUE,"stress_tolerance",0.0135706533651823,"","",FALSE,"Gaussian"
"paraboloid-disk-rep2-n240-r32","paraboloid","disk",2,240,32,"geodesic",64,1,"supplied",162768.409596675,86178.8488692262,1.62882342343318e-05,34,TRUE,"stress_tolerance",0.00403586846098055,"","",TRUE,"classical"
"paraboloid-disk-rep2-n240-r32","paraboloid","disk",2,240,32,"geodesic",64,2,"random",2201222262.51094,130367.595635523,2.46401287803268e-05,572,TRUE,"stress_tolerance",0.00496388243014811,"","",FALSE,"Gaussian"
"paraboloid-disk-rep2-n240-r32","paraboloid","disk",2,240,32,"geodesic",64,3,"random",2231578621.31414,178563.447079035,3.37493861878633e-05,397,TRUE,"stress_tolerance",0.00580942219053402,"","",FALSE,"Gaussian"
"paraboloid-disk-rep2-n240-r32","paraboloid","disk",2,240,32,"geodesic",8,1,"supplied",1283212.95957676,533969.346501034,9.08157291775979e-05,214,TRUE,"stress_tolerance",0.00952972870430235,"","",TRUE,"classical"
"paraboloid-disk-rep2-n240-r32","paraboloid","disk",2,240,32,"geodesic",8,2,"random",2422717506.47758,543083.276455331,9.23657960492201e-05,644,TRUE,"stress_tolerance",0.00961071256719425,"","",FALSE,"Gaussian"
"paraboloid-disk-rep2-n240-r32","paraboloid","disk",2,240,32,"geodesic",8,3,"random",2451869195.59309,598220.730799998,0.000101743390763447,570,TRUE,"stress_tolerance",0.0100867928879032,"","",FALSE,"Gaussian"
"paraboloid-disk-rep2-n240-r4","paraboloid","disk",2,240,4,"ambient",128,1,"supplied",1872.40138795155,843.86585461224,0.000468881230333239,22,TRUE,"stress_tolerance",0.0216536655172569,"","",TRUE,"classical"
"paraboloid-disk-rep2-n240-r4","paraboloid","disk",2,240,4,"ambient",128,2,"random",559476.029249177,843.928006478001,0.00046891576407237,94,TRUE,"stress_tolerance",0.0216544629135052,"","",FALSE,"Gaussian"
"paraboloid-disk-rep2-n240-r4","paraboloid","disk",2,240,4,"ambient",128,3,"random",570726.076594377,843.875172049317,0.00046888640742547,94,TRUE,"stress_tolerance",0.0216537850600183,"","",FALSE,"Gaussian"
"paraboloid-disk-rep2-n240-r4","paraboloid","disk",2,240,4,"ambient",16,1,"supplied",7492.20495161234,5841.47573244396,0.00277764992387633,23,TRUE,"stress_tolerance",0.0527034147269066,"","",TRUE,"classical"
"paraboloid-disk-rep2-n240-r4","paraboloid","disk",2,240,4,"ambient",16,2,"random",635166.399772509,5841.51594064989,0.00277766904307245,79,TRUE,"stress_tolerance",0.0527035961113898,"","",FALSE,"Gaussian"
"paraboloid-disk-rep2-n240-r4","paraboloid","disk",2,240,4,"ambient",16,3,"random",649711.274168003,5841.47741084303,0.00277765072196319,82,TRUE,"stress_tolerance",0.0527034222983972,"","",FALSE,"Gaussian"
"paraboloid-disk-rep2-n240-r4","paraboloid","disk",2,240,4,"ambient",239,1,"supplied",7.60225696748093e-25,8.11701679674822e-23,4.64874053715784e-29,1,TRUE,"stress_tolerance",6.79381466341134e-15,"","",TRUE,"classical"
"paraboloid-disk-rep2-n240-r4","paraboloid","disk",2,240,4,"ambient",239,2,"random",536778.478016887,0.134748640533082,7.71726218213565e-08,110,TRUE,"stress_tolerance",0.000277799607318694,"","",FALSE,"Gaussian"
"paraboloid-disk-rep2-n240-r4","paraboloid","disk",2,240,4,"ambient",239,3,"random",548076.685662554,0.0724156611422202,4.14735644765189e-08,98,TRUE,"stress_tolerance",0.000203650594108868,"","",FALSE,"Gaussian"
"paraboloid-disk-rep2-n240-r4","paraboloid","disk",2,240,4,"ambient",32,1,"supplied",6710.46812356262,5065.51737246685,0.00252081486388078,23,TRUE,"stress_tolerance",0.0502077171745617,"","",TRUE,"classical"
"paraboloid-disk-rep2-n240-r4","paraboloid","disk",2,240,4,"ambient",32,2,"random",610972.066900045,5065.56930058549,0.00252084070550044,78,TRUE,"stress_tolerance",0.0502079745209907,"","",FALSE,"Gaussian"
"paraboloid-disk-rep2-n240-r4","paraboloid","disk",2,240,4,"ambient",32,3,"random",623790.127483774,5065.53396182107,0.00252082311944238,81,TRUE,"stress_tolerance",0.0502077993885649,"","",FALSE,"Gaussian"
"paraboloid-disk-rep2-n240-r4","paraboloid","disk",2,240,4,"ambient",4,1,"supplied",23731.4582776847,17484.9724511233,0.00552319325651486,34,TRUE,"stress_tolerance",0.0743181892709646,"","",FALSE,"classical"
"paraboloid-disk-rep2-n240-r4","paraboloid","disk",2,240,4,"ambient",4,2,"random",943736.685434199,17484.9466440167,0.00552318510450675,108,TRUE,"stress_tolerance",0.0743181344256352,"","",TRUE,"Gaussian"
"paraboloid-disk-rep2-n240-r4","paraboloid","disk",2,240,4,"ambient",4,3,"random",962270.600422479,17485.0069913613,0.00552320416716457,107,TRUE,"stress_tolerance",0.0743182626759033,"","",FALSE,"Gaussian"
"paraboloid-disk-rep2-n240-r4","paraboloid","disk",2,240,4,"ambient",64,1,"supplied",5820.70350257053,4062.26259966859,0.0021059501865155,23,TRUE,"stress_tolerance",0.0458906328842337,"","",TRUE,"classical"
"paraboloid-disk-rep2-n240-r4","paraboloid","disk",2,240,4,"ambient",64,2,"random",593172.629686203,4062.29871290205,0.00210596890826695,80,TRUE,"stress_tolerance",0.045890836866056,"","",FALSE,"Gaussian"
"paraboloid-disk-rep2-n240-r4","paraboloid","disk",2,240,4,"ambient",64,3,"random",605335.199065046,4062.27819429456,0.00210595827105082,83,TRUE,"stress_tolerance",0.0458907209689582,"","",FALSE,"Gaussian"
"paraboloid-disk-rep2-n240-r4","paraboloid","disk",2,240,4,"ambient",8,1,"supplied",10836.7173184274,8430.6891707825,0.00355779550684533,32,TRUE,"stress_tolerance",0.0596472590053002,"","",FALSE,"classical"
"paraboloid-disk-rep2-n240-r4","paraboloid","disk",2,240,4,"ambient",8,2,"random",716925.048036583,8430.68088787105,0.0035577920114128,85,TRUE,"stress_tolerance",0.0596472297044281,"","",FALSE,"Gaussian"
"paraboloid-disk-rep2-n240-r4","paraboloid","disk",2,240,4,"ambient",8,3,"random",735762.361527108,8430.65328623811,0.00355778036337743,88,TRUE,"stress_tolerance",0.0596471320633059,"","",TRUE,"Gaussian"
"paraboloid-disk-rep2-n240-r4","paraboloid","disk",2,240,4,"geodesic",128,1,"supplied",7091.08169227611,5596.95263065166,0.00274926581456837,22,TRUE,"stress_tolerance",0.052433441757798,"","",TRUE,"classical"
"paraboloid-disk-rep2-n240-r4","paraboloid","disk",2,240,4,"geodesic",128,2,"random",612393.579404875,5596.98136296865,0.00274927992810159,78,TRUE,"stress_tolerance",0.0524335763428509,"","",FALSE,"Gaussian"
"paraboloid-disk-rep2-n240-r4","paraboloid","disk",2,240,4,"geodesic",128,3,"random",625404.630654755,5596.96194746376,0.00274927039105753,80,TRUE,"stress_tolerance",0.0524334853987176,"","",FALSE,"Gaussian"
"paraboloid-disk-rep2-n240-r4","paraboloid","disk",2,240,4,"geodesic",16,1,"supplied",7794.72811500868,6182.3896345393,0.00290287975463506,23,TRUE,"stress_tolerance",0.0538783792873829,"","",TRUE,"classical"
"paraboloid-disk-rep2-n240-r4","paraboloid","disk",2,240,4,"geodesic",16,2,"random",639864.428030103,6182.4243680281,0.00290289606340035,79,TRUE,"stress_tolerance",0.0538785306351275,"","",FALSE,"Gaussian"
"paraboloid-disk-rep2-n240-r4","paraboloid","disk",2,240,4,"geodesic",16,3,"random",654547.302748758,6182.40546695477,0.00290288718858876,81,TRUE,"stress_tolerance",0.0538784482756211,"","",FALSE,"Gaussian"
"paraboloid-disk-rep2-n240-r4","paraboloid","disk",2,240,4,"geodesic",239,1,"supplied",7058.42838504983,5570.82933105833,0.00273761198477162,22,TRUE,"stress_tolerance",0.0523221939980695,"","",TRUE,"classical"
"paraboloid-disk-rep2-n240-r4","paraboloid","disk",2,240,4,"geodesic",239,2,"random",612054.993484164,5570.85889802094,0.00273762651454204,78,TRUE,"stress_tolerance",0.0523223328469026,"","",FALSE,"Gaussian"
"paraboloid-disk-rep2-n240-r4","paraboloid","disk",2,240,4,"geodesic",239,3,"random",625054.739311082,5570.83901840515,0.00273761674531896,80,TRUE,"stress_tolerance",0.0523222394906695,"","",FALSE,"Gaussian"
"paraboloid-disk-rep2-n240-r4","paraboloid","disk",2,240,4,"geodesic",32,1,"supplied",7291.69629229397,5753.19591437716,0.00279066515814262,22,TRUE,"stress_tolerance",0.052826746617056,"","",TRUE,"classical"
"paraboloid-disk-rep2-n240-r4","paraboloid","disk",2,240,4,"geodesic",32,2,"random",620205.570274561,5753.22522504895,0.00279067937567871,78,TRUE,"stress_tolerance",0.0528268811844758,"","",FALSE,"Gaussian"
"paraboloid-disk-rep2-n240-r4","paraboloid","disk",2,240,4,"geodesic",32,3,"random",633507.633348872,5753.21177836177,0.002790672853182,80,TRUE,"stress_tolerance",0.0528268194498028,"","",FALSE,"Gaussian"
"paraboloid-disk-rep2-n240-r4","paraboloid","disk",2,240,4,"geodesic",4,1,"supplied",24018.5498265028,17787.32671583,0.00558767278319406,34,TRUE,"stress_tolerance",0.074750737676588,"","",FALSE,"classical"
"paraboloid-disk-rep2-n240-r4","paraboloid","disk",2,240,4,"geodesic",4,2,"random",946785.789078296,17787.2715150483,0.0055876554425385,100,TRUE,"stress_tolerance",0.0747506216866357,"","",TRUE,"Gaussian"
"paraboloid-disk-rep2-n240-r4","paraboloid","disk",2,240,4,"geodesic",4,3,"random",966617.731826948,17787.3381044166,0.00558767636078028,106,TRUE,"stress_tolerance",0.0747507616066907,"","",FALSE,"Gaussian"
"paraboloid-disk-rep2-n240-r4","paraboloid","disk",2,240,4,"geodesic",64,1,"supplied",7165.93090005687,5652.05992062834,0.00276840395999751,22,TRUE,"stress_tolerance",0.0526156246755422,"","",TRUE,"classical"
"paraboloid-disk-rep2-n240-r4","paraboloid","disk",2,240,4,"geodesic",64,2,"random",614236.893626363,5652.0881803038,0.0027684178017116,78,TRUE,"stress_tolerance",0.0526157562115348,"","",FALSE,"Gaussian"
"paraboloid-disk-rep2-n240-r4","paraboloid","disk",2,240,4,"geodesic",64,3,"random",627353.830572565,5652.06861806653,0.00276840822004122,80,TRUE,"stress_tolerance",0.0526156651582132,"","",FALSE,"Gaussian"
"paraboloid-disk-rep2-n240-r4","paraboloid","disk",2,240,4,"geodesic",8,1,"supplied",11162.9835154023,8684.94535118633,0.00363849820689816,32,TRUE,"stress_tolerance",0.0603199652428459,"","",FALSE,"classical"
"paraboloid-disk-rep2-n240-r4","paraboloid","disk",2,240,4,"geodesic",8,2,"random",720559.856321045,8684.94157989294,0.0036384966269407,84,TRUE,"stress_tolerance",0.0603199521463727,"","",FALSE,"Gaussian"
"paraboloid-disk-rep2-n240-r4","paraboloid","disk",2,240,4,"geodesic",8,3,"random",739810.61748733,8684.9073331329,0.00363848227949578,90,TRUE,"stress_tolerance",0.0603198332184013,"","",TRUE,"Gaussian"
"paraboloid-disk-rep2-n240-r64","paraboloid","disk",2,240,64,"ambient",128,1,"supplied",55633.8565456249,9837.08848672923,1.17257739295395e-07,18,TRUE,"stress_tolerance",0.000342429174138713,"","",TRUE,"classical"
"paraboloid-disk-rep2-n240-r64","paraboloid","disk",2,240,64,"ambient",128,2,"random",35653577370.3949,397718.758274026,4.74079322692866e-06,340,TRUE,"stress_tolerance",0.00217733626868583,"","",FALSE,"Gaussian"
"paraboloid-disk-rep2-n240-r64","paraboloid","disk",2,240,64,"ambient",128,3,"random",36126023250.7589,395890.295471779,4.71899801639798e-06,454,TRUE,"stress_tolerance",0.00217232548583403,"","",FALSE,"Gaussian"
"paraboloid-disk-rep2-n240-r64","paraboloid","disk",2,240,64,"ambient",16,1,"supplied",1861235.36853504,439862.293216053,5.1007322400972e-06,199,TRUE,"stress_tolerance",0.00225848007299226,"","",TRUE,"classical"
"paraboloid-disk-rep2-n240-r64","paraboloid","disk",2,240,64,"ambient",16,2,"random",36562226071.3054,699716.061058397,8.11404916174827e-06,383,TRUE,"stress_tolerance",0.00284851701096454,"","",FALSE,"Gaussian"
"paraboloid-disk-rep2-n240-r64","paraboloid","disk",2,240,64,"ambient",16,3,"random",37037344745.6344,606689.555312899,7.03529495990405e-06,392,TRUE,"stress_tolerance",0.00265241304474063,"","",FALSE,"Gaussian"
"paraboloid-disk-rep2-n240-r64","paraboloid","disk",2,240,64,"ambient",239,1,"supplied",2.91122982004869e-20,5.2964719840906e-18,6.31426949914901e-29,1,TRUE,"stress_tolerance",7.95884730194637e-15,"","",TRUE,"classical"
"paraboloid-disk-rep2-n240-r64","paraboloid","disk",2,240,64,"ambient",239,2,"random",35647960149.7128,395087.597142604,4.71009678069306e-06,340,TRUE,"stress_tolerance",0.00217027573840267,"","",FALSE,"Gaussian"
"paraboloid-disk-rep2-n240-r64","paraboloid","disk",2,240,64,"ambient",239,3,"random",36120388390.409,394985.37287316,4.70887809854283e-06,455,TRUE,"stress_tolerance",0.00216999495357685,"","",FALSE,"Gaussian"
"paraboloid-disk-rep2-n240-r64","paraboloid","disk",2,240,64,"ambient",32,1,"supplied",1081933.98089002,140120.165998114,1.66391714037476e-06,51,TRUE,"stress_tolerance",0.00128992912223141,"","",TRUE,"classical"
"paraboloid-disk-rep2-n240-r64","paraboloid","disk",2,240,64,"ambient",32,2,"random",35758771012.1188,500808.577805788,5.94706672463528e-06,398,TRUE,"stress_tolerance",0.00243866084657983,"","",FALSE,"Gaussian"
"paraboloid-disk-rep2-n240-r64","paraboloid","disk",2,240,64,"ambient",32,3,"random",36231844565.7301,502942.522789957,5.97240717160438e-06,392,TRUE,"stress_tolerance",0.002443850889807,"","",FALSE,"Gaussian"
"paraboloid-disk-rep2-n240-r64","paraboloid","disk",2,240,64,"ambient",4,1,"supplied",13908948.432331,4866937.37452971,3.75846078604498e-05,302,TRUE,"stress_tolerance",0.0061306286676373,"","",TRUE,"classical"
"paraboloid-disk-rep2-n240-r64","paraboloid","disk",2,240,64,"ambient",4,2,"random",54561100010.8765,5028770.05528193,3.88343502296261e-05,432,TRUE,"stress_tolerance",0.00623172128946989,"","",FALSE,"Gaussian"
"paraboloid-disk-rep2-n240-r64","paraboloid","disk",2,240,64,"ambient",4,3,"random",55317822375.5556,5286403.13773564,4.08239049805411e-05,508,TRUE,"stress_tolerance",0.00638935872999375,"","",FALSE,"Gaussian"
"paraboloid-disk-rep2-n240-r64","paraboloid","disk",2,240,64,"ambient",64,1,"supplied",338496.333246204,28205.7316004881,3.3599522534074e-07,33,TRUE,"stress_tolerance",0.000579650951303106,"","",TRUE,"classical"
"paraboloid-disk-rep2-n240-r64","paraboloid","disk",2,240,64,"ambient",64,2,"random",35669657616.5422,433550.354584333,5.16458325380222e-06,339,TRUE,"stress_tolerance",0.00227257194689374,"","",FALSE,"Gaussian"
"paraboloid-disk-rep2-n240-r64","paraboloid","disk",2,240,64,"ambient",64,3,"random",36143238716.5736,409093.187082174,4.8732420603711e-06,446,TRUE,"stress_tolerance",0.00220754208575447,"","",FALSE,"Gaussian"
"paraboloid-disk-rep2-n240-r64","paraboloid","disk",2,240,64,"ambient",8,1,"supplied",5951801.47207341,1788702.11002494,1.88800988257124e-05,171,TRUE,"stress_tolerance",0.0043451235685212,"","",TRUE,"classical"
"paraboloid-disk-rep2-n240-r64","paraboloid","disk",2,240,64,"ambient",8,2,"random",40002302544.5827,2279621.4881254,2.40618483870548e-05,351,TRUE,"stress_tolerance",0.00490528779859661,"","",FALSE,"Gaussian"
"paraboloid-disk-rep2-n240-r64","paraboloid","disk",2,240,64,"ambient",8,3,"random",40533871777.3034,2070213.02057594,2.18515012643471e-05,342,TRUE,"stress_tolerance",0.0046745589379484,"","",FALSE,"Gaussian"
"paraboloid-disk-rep2-n240-r64","paraboloid","disk",2,240,64,"geodesic",128,1,"supplied",353821.599117819,182912.856583609,2.1785769907962e-06,26,TRUE,"stress_tolerance",0.00147600033563717,"","",TRUE,"classical"
"paraboloid-disk-rep2-n240-r64","paraboloid","disk",2,240,64,"geodesic",128,2,"random",35578140331.9053,554044.552855475,6.59892769306339e-06,549,TRUE,"stress_tolerance",0.00256883780980221,"","",FALSE,"Gaussian"
"paraboloid-disk-rep2-n240-r64","paraboloid","disk",2,240,64,"geodesic",128,3,"random",36052111597.4551,513828.033896005,6.11993029238055e-06,561,TRUE,"stress_tolerance",0.00247384928651415,"","",FALSE,"Gaussian"
"paraboloid-disk-rep2-n240-r64","paraboloid","disk",2,240,64,"geodesic",16,1,"supplied",3386838.44076298,763441.327828625,8.91445312887914e-06,108,TRUE,"stress_tolerance",0.00298570814529574,"","",TRUE,"classical"
"paraboloid-disk-rep2-n240-r64","paraboloid","disk",2,240,64,"geodesic",16,2,"random",36188938075.1633,810807.177220363,9.46752856365175e-06,772,TRUE,"stress_tolerance",0.00307693493003309,"","",FALSE,"Gaussian"
"paraboloid-disk-rep2-n240-r64","paraboloid","disk",2,240,64,"geodesic",16,3,"random",36667535846.318,934031.336853848,1.09063765213887e-05,448,TRUE,"stress_tolerance",0.00330248035897185,"","",FALSE,"Gaussian"
"paraboloid-disk-rep2-n240-r64","paraboloid","disk",2,240,64,"geodesic",239,1,"supplied",354138.955912982,182885.466480004,2.17827170815985e-06,26,TRUE,"stress_tolerance",0.00147589691651034,"","",TRUE,"classical"
"paraboloid-disk-rep2-n240-r64","paraboloid","disk",2,240,64,"geodesic",239,2,"random",35577759153.6578,554064.132817314,6.59922435746987e-06,549,TRUE,"stress_tolerance",0.00256889555207602,"","",FALSE,"Gaussian"
"paraboloid-disk-rep2-n240-r64","paraboloid","disk",2,240,64,"geodesic",239,3,"random",36051723595.0272,513966.587333145,6.12163939363476e-06,561,TRUE,"stress_tolerance",0.00247419469598512,"","",FALSE,"Gaussian"
"paraboloid-disk-rep2-n240-r64","paraboloid","disk",2,240,64,"geodesic",32,1,"supplied",860715.966156722,280321.089485466,3.32761585463235e-06,51,TRUE,"stress_tolerance",0.00182417539031705,"","",TRUE,"classical"
"paraboloid-disk-rep2-n240-r64","paraboloid","disk",2,240,64,"geodesic",32,2,"random",35685180767.4824,621239.934785185,7.37457128293993e-06,536,TRUE,"stress_tolerance",0.00271561618844527,"","",FALSE,"Gaussian"
"paraboloid-disk-rep2-n240-r64","paraboloid","disk",2,240,64,"geodesic",32,3,"random",36159123613.0119,815998.428781841,9.68649670259763e-06,434,TRUE,"stress_tolerance",0.00311231372175167,"","",FALSE,"Gaussian"
"paraboloid-disk-rep2-n240-r64","paraboloid","disk",2,240,64,"geodesic",4,1,"supplied",19623129.2181258,6867933.19821664,6.18576351583454e-05,411,TRUE,"stress_tolerance",0.00786496250203089,"","",TRUE,"classical"
"paraboloid-disk-rep2-n240-r64","paraboloid","disk",2,240,64,"geodesic",4,2,"random",46408214880.02,7640288.19677707,6.88140298020907e-05,443,TRUE,"stress_tolerance",0.00829542221963997,"","",FALSE,"Gaussian"
"paraboloid-disk-rep2-n240-r64","paraboloid","disk",2,240,64,"geodesic",4,3,"random",47010453711.5631,7416274.29537254,6.67963965806323e-05,497,TRUE,"stress_tolerance",0.00817290625057197,"","",FALSE,"Gaussian"
"paraboloid-disk-rep2-n240-r64","paraboloid","disk",2,240,64,"geodesic",64,1,"supplied",376610.615391266,189416.042429066,2.25525254549257e-06,27,TRUE,"stress_tolerance",0.00150174982786682,"","",TRUE,"classical"
"paraboloid-disk-rep2-n240-r64","paraboloid","disk",2,240,64,"geodesic",64,2,"random",35589942338.4976,552000.943996609,6.57231308445721e-06,542,TRUE,"stress_tolerance",0.00256365229398671,"","",FALSE,"Gaussian"
"paraboloid-disk-rep2-n240-r64","paraboloid","disk",2,240,64,"geodesic",64,3,"random",36064887569.9901,519248.691140157,6.18235349773007e-06,499,TRUE,"stress_tolerance",0.00248643389168825,"","",FALSE,"Gaussian"
"paraboloid-disk-rep2-n240-r64","paraboloid","disk",2,240,64,"geodesic",8,1,"supplied",6068641.08921635,1967875.68127411,2.17057616164644e-05,302,TRUE,"stress_tolerance",0.00465894425985868,"","",TRUE,"classical"
"paraboloid-disk-rep2-n240-r64","paraboloid","disk",2,240,64,"geodesic",8,2,"random",38214838682.5745,2205282.63482404,2.43243715159014e-05,421,TRUE,"stress_tolerance",0.00493197440341163,"","",FALSE,"Gaussian"
"paraboloid-disk-rep2-n240-r64","paraboloid","disk",2,240,64,"geodesic",8,3,"random",38705674022.3563,2386852.4380886,2.63270950130774e-05,556,TRUE,"stress_tolerance",0.00513099356977609,"","",FALSE,"Gaussian"
"paraboloid-disk-rep2-n240-r8","paraboloid","disk",2,240,8,"ambient",128,1,"supplied",4679.83156102246,936.305698929299,4.15812771841632e-05,22,TRUE,"stress_tolerance",0.0064483546106093,"","",TRUE,"classical"
"paraboloid-disk-rep2-n240-r8","paraboloid","disk",2,240,8,"ambient",128,2,"random",8300643.00356362,940.236395288576,4.1755839162189e-05,203,TRUE,"stress_tolerance",0.00646187582379876,"","",FALSE,"Gaussian"
"paraboloid-disk-rep2-n240-r8","paraboloid","disk",2,240,8,"ambient",128,3,"random",8436653.84538842,937.91833461723,4.16528942336094e-05,182,TRUE,"stress_tolerance",0.00645390534743228,"","",FALSE,"Gaussian"
"paraboloid-disk-rep2-n240-r8","paraboloid","disk",2,240,8,"ambient",16,1,"supplied",29870.1901211936,18169.7124901603,0.000742419395506996,34,TRUE,"stress_tolerance",0.0272473741029663,"","",TRUE,"classical"
"paraboloid-disk-rep2-n240-r8","paraboloid","disk",2,240,8,"ambient",16,2,"random",8701872.52651309,18171.5622291922,0.000742494976347071,156,TRUE,"stress_tolerance",0.0272487610057244,"","",FALSE,"Gaussian"
"paraboloid-disk-rep2-n240-r8","paraboloid","disk",2,240,8,"ambient",16,3,"random",8859231.46014544,18170.3375376754,0.000742444935118512,133,TRUE,"stress_tolerance",0.0272478427608225,"","",FALSE,"Gaussian"
"paraboloid-disk-rep2-n240-r8","paraboloid","disk",2,240,8,"ambient",239,1,"supplied",7.5240614220779e-24,1.16224455087838e-21,5.2068612947432e-29,1,TRUE,"stress_tolerance",7.22498402327622e-15,"","",TRUE,"classical"
"paraboloid-disk-rep2-n240-r8","paraboloid","disk",2,240,8,"ambient",239,2,"random",8213661.94993463,5.8042269331392,2.60029651601533e-07,230,TRUE,"stress_tolerance",0.000509931026323821,"","",FALSE,"Gaussian"
"paraboloid-disk-rep2-n240-r8","paraboloid","disk",2,240,8,"ambient",239,3,"random",8349696.5164886,2.79366732702196,1.25156433424152e-07,199,TRUE,"stress_tolerance",0.000353774551698967,"","",FALSE,"Gaussian"
"paraboloid-disk-rep2-n240-r8","paraboloid","disk",2,240,8,"ambient",32,1,"supplied",26616.4617631215,14324.4455943719,0.000605805412451774,33,TRUE,"stress_tolerance",0.0246131146434533,"","",TRUE,"classical"
"paraboloid-disk-rep2-n240-r8","paraboloid","disk",2,240,8,"ambient",32,2,"random",8489111.89954389,14325.8462497848,0.000605864648575403,151,TRUE,"stress_tolerance",0.0246143179587698,"","",FALSE,"Gaussian"
"paraboloid-disk-rep2-n240-r8","paraboloid","disk",2,240,8,"ambient",32,3,"random",8643962.54716855,14325.0203355554,0.000605829719243786,130,TRUE,"stress_tolerance",0.024613608415748,"","",FALSE,"Gaussian"
"paraboloid-disk-rep2-n240-r8","paraboloid","disk",2,240,8,"ambient",4,1,"supplied",134619.061038704,89935.2115457253,0.00255291596729559,60,TRUE,"stress_tolerance",0.0505263888210465,"","",TRUE,"classical"
"paraboloid-disk-rep2-n240-r8","paraboloid","disk",2,240,8,"ambient",4,2,"random",12065311.4502806,89936.032756169,0.00255293927831269,212,TRUE,"stress_tolerance",0.0505266195021263,"","",FALSE,"Gaussian"
"paraboloid-disk-rep2-n240-r8","paraboloid","disk",2,240,8,"ambient",4,3,"random",12174199.350692,89936.1689064543,0.00255294314309747,316,TRUE,"stress_tolerance",0.050526657747148,"","",FALSE,"Gaussian"
"paraboloid-disk-rep2-n240-r8","paraboloid","disk",2,240,8,"ambient",64,1,"supplied",23071.6484272605,9452.88972788802,0.000409508067205168,32,TRUE,"stress_tolerance",0.020236305670877,"","",TRUE,"classical"
"paraboloid-disk-rep2-n240-r8","paraboloid","disk",2,240,8,"ambient",64,2,"random",8432693.58434087,9453.99967217307,0.000409556151034765,161,TRUE,"stress_tolerance",0.0202374936944961,"","",FALSE,"Gaussian"
"paraboloid-disk-rep2-n240-r8","paraboloid","disk",2,240,8,"ambient",64,3,"random",8575103.6552427,9453.42555947631,0.000409531279933168,140,TRUE,"stress_tolerance",0.0202368792043926,"","",FALSE,"Gaussian"
"paraboloid-disk-rep2-n240-r8","paraboloid","disk",2,240,8,"ambient",8,1,"supplied",52933.9767882739,32412.960436658,0.00120372943600856,52,TRUE,"stress_tolerance",0.0346948041644361,"","",TRUE,"classical"
"paraboloid-disk-rep2-n240-r8","paraboloid","disk",2,240,8,"ambient",8,2,"random",9453896.01696493,32413.2352358674,0.00120373964130586,161,TRUE,"stress_tolerance",0.0346949512365397,"","",FALSE,"Gaussian"
"paraboloid-disk-rep2-n240-r8","paraboloid","disk",2,240,8,"ambient",8,3,"random",9624829.29154677,67300.9769763017,0.00249937574251585,253,TRUE,"stress_tolerance",0.0499937570354126,"","",FALSE,"Gaussian"
"paraboloid-disk-rep2-n240-r8","paraboloid","disk",2,240,8,"geodesic",128,1,"supplied",24312.6247158848,15672.9622018813,0.000666048906844854,28,TRUE,"stress_tolerance",0.0258079233346052,"","",TRUE,"classical"
"paraboloid-disk-rep2-n240-r8","paraboloid","disk",2,240,8,"geodesic",128,2,"random",8296454.53565492,15674.8071484959,0.000666127310956344,149,TRUE,"stress_tolerance",0.0258094422829388,"","",FALSE,"Gaussian"
"paraboloid-disk-rep2-n240-r8","paraboloid","disk",2,240,8,"geodesic",128,3,"random",8442449.37164689,15673.5174863899,0.000666072504594606,117,TRUE,"stress_tolerance",0.0258083805108848,"","",FALSE,"Gaussian"
"paraboloid-disk-rep2-n240-r8","paraboloid","disk",2,240,8,"geodesic",16,1,"supplied",30403.7912218267,19979.9105686143,0.000814066173193214,33,TRUE,"stress_tolerance",0.0285318448964174,"","",TRUE,"classical"
"paraboloid-disk-rep2-n240-r8","paraboloid","disk",2,240,8,"geodesic",16,2,"random",8636225.10166856,19981.9277020828,0.000814148359753457,153,TRUE,"stress_tolerance",0.0285332851202496,"","",FALSE,"Gaussian"
"paraboloid-disk-rep2-n240-r8","paraboloid","disk",2,240,8,"geodesic",16,3,"random",8797453.38683561,19980.4839288912,0.000814089534319125,129,TRUE,"stress_tolerance",0.0285322542803601,"","",FALSE,"Gaussian"
"paraboloid-disk-rep2-n240-r8","paraboloid","disk",2,240,8,"geodesic",239,1,"supplied",24242.6316287495,15638.3077197284,0.00066480427830309,28,TRUE,"stress_tolerance",0.0257837987562558,"","",TRUE,"classical"
"paraboloid-disk-rep2-n240-r8","paraboloid","disk",2,240,8,"geodesic",239,2,"random",8293003.4625151,15640.1544131165,0.000664882783579181,149,TRUE,"stress_tolerance",0.0257853210873781,"","",FALSE,"Gaussian"
"paraboloid-disk-rep2-n240-r8","paraboloid","disk",2,240,8,"geodesic",239,3,"random",8438883.04468902,15638.8425215616,0.000664827013406727,117,TRUE,"stress_tolerance",0.0257842396321228,"","",FALSE,"Gaussian"
"paraboloid-disk-rep2-n240-r8","paraboloid","disk",2,240,8,"geodesic",32,1,"supplied",26317.1145649591,17063.2724715768,0.000714559686338018,30,TRUE,"stress_tolerance",0.0267312492476131,"","",TRUE,"classical"
"paraboloid-disk-rep2-n240-r8","paraboloid","disk",2,240,8,"geodesic",32,2,"random",8418511.71523318,17065.2507439794,0.000714642530570267,151,TRUE,"stress_tolerance",0.0267327987792202,"","",FALSE,"Gaussian"
"paraboloid-disk-rep2-n240-r8","paraboloid","disk",2,240,8,"geodesic",32,3,"random",8575844.30860887,17064.0138038765,0.000714590731155269,123,TRUE,"stress_tolerance",0.0267318299253021,"","",FALSE,"Gaussian"
"paraboloid-disk-rep2-n240-r8","paraboloid","disk",2,240,8,"geodesic",4,1,"supplied",139468.679816105,92984.2246019893,0.00263083121478427,60,TRUE,"stress_tolerance",0.0512916290907616,"","",TRUE,"classical"
"paraboloid-disk-rep2-n240-r8","paraboloid","disk",2,240,8,"geodesic",4,2,"random",12036293.7464917,92984.7474481881,0.0026308460078323,222,TRUE,"stress_tolerance",0.0512917732958446,"","",FALSE,"Gaussian"
"paraboloid-disk-rep2-n240-r8","paraboloid","disk",2,240,8,"geodesic",4,3,"random",12146989.2441348,92985.095225537,0.00263085584760361,193,TRUE,"stress_tolerance",0.0512918692153404,"","",FALSE,"Gaussian"
"paraboloid-disk-rep2-n240-r8","paraboloid","disk",2,240,8,"geodesic",64,1,"supplied",25010.0907873847,16112.7103819288,0.000682396602725974,28,TRUE,"stress_tolerance",0.0261227219624216,"","",TRUE,"classical"
"paraboloid-disk-rep2-n240-r8","paraboloid","disk",2,240,8,"geodesic",64,2,"random",8324317.3274093,16114.6614985012,0.000682479235336437,148,TRUE,"stress_tolerance",0.0261243035378255,"","",FALSE,"Gaussian"
"paraboloid-disk-rep2-n240-r8","paraboloid","disk",2,240,8,"geodesic",64,3,"random",8472116.11167193,16113.4103985681,0.0006824262494437,117,TRUE,"stress_tolerance",0.0261232894070351,"","",FALSE,"Gaussian"
"paraboloid-disk-rep2-n240-r8","paraboloid","disk",2,240,8,"geodesic",8,1,"supplied",54549.6703013215,35585.06330696,0.00132206633871921,46,TRUE,"stress_tolerance",0.0363602301796783,"","",FALSE,"classical"
"paraboloid-disk-rep2-n240-r8","paraboloid","disk",2,240,8,"geodesic",8,2,"random",9374438.75396786,35586.0756065767,0.00132210394796094,160,TRUE,"stress_tolerance",0.0363607473515182,"","",FALSE,"Gaussian"
"paraboloid-disk-rep2-n240-r8","paraboloid","disk",2,240,8,"geodesic",8,3,"random",9551673.750489,35584.9376781981,0.00132206167132391,253,TRUE,"stress_tolerance",0.0363601659969246,"","",TRUE,"Gaussian"
"paraboloid-disk-rep3-n240-r1","paraboloid","disk",3,240,1,"ambient",128,1,"supplied",144.871509031365,129.726122514258,0.00339902846067172,44,TRUE,"stress_tolerance",0.0583011874722271,"","",TRUE,"classical"
"paraboloid-disk-rep3-n240-r1","paraboloid","disk",3,240,1,"ambient",128,2,"random",11050.1486668461,129.72614067131,0.00339902893641504,179,TRUE,"stress_tolerance",0.0583011915522749,"","",FALSE,"Gaussian"
"paraboloid-disk-rep3-n240-r1","paraboloid","disk",3,240,1,"ambient",128,3,"random",11684.2869704717,129.726417632341,0.00339903619322967,131,TRUE,"stress_tolerance",0.0583012537878018,"","",FALSE,"Gaussian"
"paraboloid-disk-rep3-n240-r1","paraboloid","disk",3,240,1,"ambient",16,1,"supplied",164.850210469953,149.86261009666,0.00345400148300183,49,TRUE,"stress_tolerance",0.0587707536364967,"","",TRUE,"classical"
"paraboloid-disk-rep3-n240-r1","paraboloid","disk",3,240,1,"ambient",16,2,"random",12789.4070023277,149.862937328124,0.00345400902496282,181,TRUE,"stress_tolerance",0.0587708178006977,"","",FALSE,"Gaussian"
"paraboloid-disk-rep3-n240-r1","paraboloid","disk",3,240,1,"ambient",16,3,"random",13492.5530777278,149.863105402478,0.0034540128987047,136,TRUE,"stress_tolerance",0.0587708507570268,"","",FALSE,"Gaussian"
"paraboloid-disk-rep3-n240-r1","paraboloid","disk",3,240,1,"ambient",239,1,"supplied",1.43449987251081e-26,1.36038599821047e-24,4.11854988653594e-29,1,TRUE,"stress_tolerance",6.44847970323649e-15,"","",TRUE,"classical"
"paraboloid-disk-rep3-n240-r1","paraboloid","disk",3,240,1,"ambient",239,2,"random",8685.83678682605,0.00212177381091556,6.42364101049002e-08,134,TRUE,"stress_tolerance",0.000253449028623687,"","",FALSE,"Gaussian"
"paraboloid-disk-rep3-n240-r1","paraboloid","disk",3,240,1,"ambient",239,3,"random",9243.51857428012,0.00209411960209201,6.33991827388269e-08,119,TRUE,"stress_tolerance",0.000251791943365284,"","",FALSE,"Gaussian"
"paraboloid-disk-rep3-n240-r1","paraboloid","disk",3,240,1,"ambient",32,1,"supplied",168.754364814099,154.133694058122,0.00366512114331946,47,TRUE,"stress_tolerance",0.0605402439978523,"","",FALSE,"classical"
"paraboloid-disk-rep3-n240-r1","paraboloid","disk",3,240,1,"ambient",32,2,"random",12411.4722988366,154.133512019822,0.00366511681465901,182,TRUE,"stress_tolerance",0.0605402082475687,"","",TRUE,"Gaussian"
"paraboloid-disk-rep3-n240-r1","paraboloid","disk",3,240,1,"ambient",32,3,"random",13092.4179230827,154.133680108582,0.00366512081161551,133,TRUE,"stress_tolerance",0.060540241258319,"","",FALSE,"Gaussian"
"paraboloid-disk-rep3-n240-r1","paraboloid","disk",3,240,1,"ambient",4,1,"supplied",718.18315501966,433.075005512479,0.00577747058000175,122,TRUE,"stress_tolerance",0.0760096742527013,"","",FALSE,"classical"
"paraboloid-disk-rep3-n240-r1","paraboloid","disk",3,240,1,"ambient",4,2,"random",22113.2774222167,433.076263243788,0.00577748735886348,202,TRUE,"stress_tolerance",0.07600978462582,"","",FALSE,"Gaussian"
"paraboloid-disk-rep3-n240-r1","paraboloid","disk",3,240,1,"ambient",4,3,"random",22797.4219587091,433.071169666466,0.00577741940760157,144,TRUE,"stress_tolerance",0.0760093376342773,"","",TRUE,"Gaussian"
"paraboloid-disk-rep3-n240-r1","paraboloid","disk",3,240,1,"ambient",64,1,"supplied",165.281873382702,150.957501363981,0.00370391167232261,46,TRUE,"stress_tolerance",0.0608597705575911,"","",TRUE,"classical"
"paraboloid-disk-rep3-n240-r1","paraboloid","disk",3,240,1,"ambient",64,2,"random",11998.8711428051,150.957610649595,0.00370391435376779,180,TRUE,"stress_tolerance",0.060859792587289,"","",FALSE,"Gaussian"
"paraboloid-disk-rep3-n240-r1","paraboloid","disk",3,240,1,"ambient",64,3,"random",12654.8607744493,150.95770317599,0.00370391662400671,131,TRUE,"stress_tolerance",0.0608598112386713,"","",FALSE,"Gaussian"
"paraboloid-disk-rep3-n240-r1","paraboloid","disk",3,240,1,"ambient",8,1,"supplied",175.732427225304,147.085327963827,0.00307778885332511,54,TRUE,"stress_tolerance",0.055477823076659,"","",TRUE,"classical"
"paraboloid-disk-rep3-n240-r1","paraboloid","disk",3,240,1,"ambient",8,2,"random",14017.6190604595,147.08735015876,0.00307783116814409,214,TRUE,"stress_tolerance",0.0554782044423218,"","",FALSE,"Gaussian"
"paraboloid-disk-rep3-n240-r1","paraboloid","disk",3,240,1,"ambient",8,3,"random",14764.6604334607,147.086775358186,0.00307781914033122,153,TRUE,"stress_tolerance",0.0554780960409711,"","",FALSE,"Gaussian"
"paraboloid-disk-rep3-n240-r1","paraboloid","disk",3,240,1,"geodesic",128,1,"supplied",167.882401434694,153.597775202107,0.00362946474152537,49,TRUE,"stress_tolerance",0.0602450391445251,"","",TRUE,"classical"
"paraboloid-disk-rep3-n240-r1","paraboloid","disk",3,240,1,"geodesic",128,2,"random",12509.2103112861,153.59782904475,0.00362946601380926,190,TRUE,"stress_tolerance",0.060245049703766,"","",FALSE,"Gaussian"
"paraboloid-disk-rep3-n240-r1","paraboloid","disk",3,240,1,"geodesic",128,3,"random",13188.5767760054,153.597906362589,0.00362946784080427,136,TRUE,"stress_tolerance",0.0602450648667946,"","",FALSE,"Gaussian"
"paraboloid-disk-rep3-n240-r1","paraboloid","disk",3,240,1,"geodesic",16,1,"supplied",161.705327596787,147.028858138027,0.00335797539379405,49,TRUE,"stress_tolerance",0.057948040465524,"","",TRUE,"classical"
"paraboloid-disk-rep3-n240-r1","paraboloid","disk",3,240,1,"geodesic",16,2,"random",12904.9840668952,147.029229052101,0.00335798386505847,186,TRUE,"stress_tolerance",0.0579481135591009,"","",FALSE,"Gaussian"
"paraboloid-disk-rep3-n240-r1","paraboloid","disk",3,240,1,"geodesic",16,3,"random",13610.5825447734,147.029504435692,0.00335799015451304,139,TRUE,"stress_tolerance",0.0579481678270594,"","",FALSE,"Gaussian"
"paraboloid-disk-rep3-n240-r1","paraboloid","disk",3,240,1,"geodesic",239,1,"supplied",167.773845199132,153.467853798178,0.00362724506421028,49,TRUE,"stress_tolerance",0.0602266142515935,"","",TRUE,"classical"
"paraboloid-disk-rep3-n240-r1","paraboloid","disk",3,240,1,"geodesic",239,2,"random",12505.0233091013,153.468210303587,0.00362725349029076,189,TRUE,"stress_tolerance",0.060226684204684,"","",FALSE,"Gaussian"
"paraboloid-disk-rep3-n240-r1","paraboloid","disk",3,240,1,"geodesic",239,3,"random",13184.3218491829,153.467972653422,0.00362724787337903,136,TRUE,"stress_tolerance",0.060226637573245,"","",FALSE,"Gaussian"
"paraboloid-disk-rep3-n240-r1","paraboloid","disk",3,240,1,"geodesic",32,1,"supplied",168.912230164389,154.148616222498,0.0036056797655415,48,TRUE,"stress_tolerance",0.0600473127253959,"","",FALSE,"classical"
"paraboloid-disk-rep3-n240-r1","paraboloid","disk",3,240,1,"geodesic",32,2,"random",12629.4350267267,154.148604993695,0.00360567950288934,186,TRUE,"stress_tolerance",0.0600473105383522,"","",TRUE,"Gaussian"
"paraboloid-disk-rep3-n240-r1","paraboloid","disk",3,240,1,"geodesic",32,3,"random",13319.7993738712,154.148714462371,0.00360568206346367,135,TRUE,"stress_tolerance",0.0600473318596557,"","",FALSE,"Gaussian"
"paraboloid-disk-rep3-n240-r1","paraboloid","disk",3,240,1,"geodesic",4,1,"supplied",719.69771371142,434.256099427832,0.00578059498450813,122,TRUE,"stress_tolerance",0.0760302241513737,"","",FALSE,"classical"
"paraboloid-disk-rep3-n240-r1","paraboloid","disk",3,240,1,"geodesic",4,2,"random",22161.1498891969,434.256968532197,0.00578060655358071,202,TRUE,"stress_tolerance",0.0760303002333987,"","",FALSE,"Gaussian"
"paraboloid-disk-rep3-n240-r1","paraboloid","disk",3,240,1,"geodesic",4,3,"random",22845.9604901665,434.251958080402,0.0057805398570103,144,TRUE,"stress_tolerance",0.0760298616137785,"","",TRUE,"Gaussian"
"paraboloid-disk-rep3-n240-r1","paraboloid","disk",3,240,1,"geodesic",64,1,"supplied",167.876991594096,153.550652904345,0.00362244600428614,49,TRUE,"stress_tolerance",0.060186759376844,"","",TRUE,"classical"
"paraboloid-disk-rep3-n240-r1","paraboloid","disk",3,240,1,"geodesic",64,2,"random",12531.1634533373,153.551017741735,0.00362245461124234,189,TRUE,"stress_tolerance",0.0601868308788753,"","",FALSE,"Gaussian"
"paraboloid-disk-rep3-n240-r1","paraboloid","disk",3,240,1,"geodesic",64,3,"random",13211.6501263821,153.550785662973,0.00362244913622308,136,TRUE,"stress_tolerance",0.0601867853953265,"","",FALSE,"Gaussian"
"paraboloid-disk-rep3-n240-r1","paraboloid","disk",3,240,1,"geodesic",8,1,"supplied",175.279891505822,146.598890783281,0.003055036079865,54,TRUE,"stress_tolerance",0.0552723808051091,"","",TRUE,"classical"
"paraboloid-disk-rep3-n240-r1","paraboloid","disk",3,240,1,"geodesic",8,2,"random",14076.3563860029,146.600677141021,0.00305507330652692,213,TRUE,"stress_tolerance",0.0552727175605372,"","",FALSE,"Gaussian"
"paraboloid-disk-rep3-n240-r1","paraboloid","disk",3,240,1,"geodesic",8,3,"random",14823.7135998986,146.600484469207,0.00305506929135779,153,TRUE,"stress_tolerance",0.0552726812390876,"","",FALSE,"Gaussian"
"paraboloid-disk-rep3-n240-r16","paraboloid","disk",3,240,16,"ambient",128,1,"supplied",11923.9213300398,962.562899686379,2.87435699012959e-06,26,TRUE,"stress_tolerance",0.00169539287191304,"","",TRUE,"classical"
"paraboloid-disk-rep3-n240-r16","paraboloid","disk",3,240,16,"ambient",128,2,"random",131906569.603282,1165.62908230329,3.48074302646449e-06,277,TRUE,"stress_tolerance",0.00186567495198672,"","",FALSE,"Gaussian"
"paraboloid-disk-rep3-n240-r16","paraboloid","disk",3,240,16,"ambient",128,3,"random",142275152.680137,1097.75818517087,3.27807036199497e-06,272,TRUE,"stress_tolerance",0.00181054421707975,"","",FALSE,"Gaussian"
"paraboloid-disk-rep3-n240-r16","paraboloid","disk",3,240,16,"ambient",16,1,"supplied",154972.328507826,73159.8792583083,0.000202656404840112,85,TRUE,"stress_tolerance",0.0142357439159364,"","",TRUE,"classical"
"paraboloid-disk-rep3-n240-r16","paraboloid","disk",3,240,16,"ambient",16,2,"random",139790963.640281,73297.8941344243,0.000203038712723773,413,TRUE,"stress_tolerance",0.0142491653342847,"","",FALSE,"Gaussian"
"paraboloid-disk-rep3-n240-r16","paraboloid","disk",3,240,16,"ambient",16,3,"random",150867805.934632,73232.6846103262,0.000202858079187345,318,TRUE,"stress_tolerance",0.0142428255338381,"","",FALSE,"Gaussian"
"paraboloid-disk-rep3-n240-r16","paraboloid","disk",3,240,16,"ambient",239,1,"supplied",1.63597431731902e-22,1.92166230008996e-20,5.75173216079617e-29,1,TRUE,"stress_tolerance",7.55384121574886e-15,"","",TRUE,"classical"
"paraboloid-disk-rep3-n240-r16","paraboloid","disk",3,240,16,"ambient",239,2,"random",131565660.928444,215.681210376851,6.45555961703524e-07,281,TRUE,"stress_tolerance",0.000803464972297872,"","",FALSE,"Gaussian"
"paraboloid-disk-rep3-n240-r16","paraboloid","disk",3,240,16,"ambient",239,3,"random",141906269.146557,164.794647248971,4.93247264342228e-07,280,TRUE,"stress_tolerance",0.000702315644385288,"","",FALSE,"Gaussian"
"paraboloid-disk-rep3-n240-r16","paraboloid","disk",3,240,16,"ambient",32,1,"supplied",125363.985423372,40460.6296707771,0.0001176345224933,46,TRUE,"stress_tolerance",0.0108459449792678,"","",TRUE,"classical"
"paraboloid-disk-rep3-n240-r16","paraboloid","disk",3,240,16,"ambient",32,2,"random",134059417.047522,40591.4555062884,0.000118014883224593,231,TRUE,"stress_tolerance",0.0108634655255401,"","",FALSE,"Gaussian"
"paraboloid-disk-rep3-n240-r16","paraboloid","disk",3,240,16,"ambient",32,3,"random",144756797.02407,40563.2379156943,0.000117932843898403,230,TRUE,"stress_tolerance",0.0108596889411441,"","",FALSE,"Gaussian"
"paraboloid-disk-rep3-n240-r16","paraboloid","disk",3,240,16,"ambient",4,1,"supplied",762394.768851786,338373.374916072,0.000698319561464338,220,TRUE,"stress_tolerance",0.026425736725101,"","",TRUE,"classical"
"paraboloid-disk-rep3-n240-r16","paraboloid","disk",3,240,16,"ambient",4,2,"random",181980823.535863,395495.364977418,0.000816205323189837,454,TRUE,"stress_tolerance",0.0285693073627948,"","",FALSE,"Gaussian"
"paraboloid-disk-rep3-n240-r16","paraboloid","disk",3,240,16,"ambient",4,3,"random",196267939.759991,396760.031787023,0.000818815284957961,422,TRUE,"stress_tolerance",0.0286149486275613,"","",FALSE,"Gaussian"
"paraboloid-disk-rep3-n240-r16","paraboloid","disk",3,240,16,"ambient",64,1,"supplied",68266.0742613564,12148.5263848515,3.59840584145559e-05,36,TRUE,"stress_tolerance",0.00599867138744586,"","",TRUE,"classical"
"paraboloid-disk-rep3-n240-r16","paraboloid","disk",3,240,16,"ambient",64,2,"random",132620263.297363,12340.781504979,3.65535200310523e-05,268,TRUE,"stress_tolerance",0.00604595071358166,"","",FALSE,"Gaussian"
"paraboloid-disk-rep3-n240-r16","paraboloid","disk",3,240,16,"ambient",64,3,"random",143052921.894051,12265.8124491906,3.63314609271482e-05,244,TRUE,"stress_tolerance",0.00602755845489317,"","",FALSE,"Gaussian"
"paraboloid-disk-rep3-n240-r16","paraboloid","disk",3,240,16,"ambient",8,1,"supplied",219229.327287615,128896.27070326,0.000338382106594449,179,TRUE,"stress_tolerance",0.0183951653048961,"","",FALSE,"classical"
"paraboloid-disk-rep3-n240-r16","paraboloid","disk",3,240,16,"ambient",8,2,"random",146152703.524572,128902.00255294,0.000338397154007059,345,TRUE,"stress_tolerance",0.0183955743048992,"","",FALSE,"Gaussian"
"paraboloid-disk-rep3-n240-r16","paraboloid","disk",3,240,16,"ambient",8,3,"random",157923742.818534,128855.674245595,0.000338275531634677,615,TRUE,"stress_tolerance",0.0183922682569248,"","",TRUE,"Gaussian"
"paraboloid-disk-rep3-n240-r16","paraboloid","disk",3,240,16,"geodesic",128,1,"supplied",65515.691393664,38745.6982489132,0.000114377919160377,28,TRUE,"stress_tolerance",0.0106947612951567,"","",TRUE,"classical"
"paraboloid-disk-rep3-n240-r16","paraboloid","disk",3,240,16,"geodesic",128,2,"random",130459613.669547,38844.9301764025,0.00011467085339291,207,TRUE,"stress_tolerance",0.0107084477583316,"","",FALSE,"Gaussian"
"paraboloid-disk-rep3-n240-r16","paraboloid","disk",3,240,16,"geodesic",128,3,"random",140953400.8967,38834.6513965423,0.000114640510270833,198,TRUE,"stress_tolerance",0.0107070308802598,"","",FALSE,"Gaussian"
"paraboloid-disk-rep3-n240-r16","paraboloid","disk",3,240,16,"geodesic",16,1,"supplied",142249.222004711,79286.5338529293,0.000221619360159125,68,TRUE,"stress_tolerance",0.0148868855090354,"","",TRUE,"classical"
"paraboloid-disk-rep3-n240-r16","paraboloid","disk",3,240,16,"geodesic",16,2,"random",137496542.459018,79331.5882917308,0.000221745294985814,261,TRUE,"stress_tolerance",0.0148911146320824,"","",FALSE,"Gaussian"
"paraboloid-disk-rep3-n240-r16","paraboloid","disk",3,240,16,"geodesic",16,3,"random",148560284.457275,79302.7580382054,0.000221664709519038,233,TRUE,"stress_tolerance",0.0148884085623361,"","",FALSE,"Gaussian"
"paraboloid-disk-rep3-n240-r16","paraboloid","disk",3,240,16,"geodesic",239,1,"supplied",65407.3241831113,38729.2701631825,0.000114344449061493,28,TRUE,"stress_tolerance",0.0106931963912338,"","",TRUE,"classical"
"paraboloid-disk-rep3-n240-r16","paraboloid","disk",3,240,16,"geodesic",239,2,"random",130440333.863625,38826.5109632257,0.000114631543180757,208,TRUE,"stress_tolerance",0.0107066121243259,"","",FALSE,"Gaussian"
"paraboloid-disk-rep3-n240-r16","paraboloid","disk",3,240,16,"geodesic",239,3,"random",140931739.344979,38818.3136122904,0.00011460734128972,198,TRUE,"stress_tolerance",0.0107054818336086,"","",FALSE,"Gaussian"
"paraboloid-disk-rep3-n240-r16","paraboloid","disk",3,240,16,"geodesic",32,1,"supplied",86097.5677008113,46021.5819141855,0.000134245889610165,41,TRUE,"stress_tolerance",0.0115864528484852,"","",TRUE,"classical"
"paraboloid-disk-rep3-n240-r16","paraboloid","disk",3,240,16,"geodesic",32,2,"random",131887969.324434,46116.0548855004,0.000134521469187198,199,TRUE,"stress_tolerance",0.0115983390701946,"","",FALSE,"Gaussian"
"paraboloid-disk-rep3-n240-r16","paraboloid","disk",3,240,16,"geodesic",32,3,"random",142536783.141766,46108.049194345,0.000134498116423421,202,TRUE,"stress_tolerance",0.0115973322977066,"","",FALSE,"Gaussian"
"paraboloid-disk-rep3-n240-r16","paraboloid","disk",3,240,16,"geodesic",4,1,"supplied",741265.049537655,362058.109247184,0.000782778267085481,292,TRUE,"stress_tolerance",0.0279781748347796,"","",TRUE,"classical"
"paraboloid-disk-rep3-n240-r16","paraboloid","disk",3,240,16,"geodesic",4,2,"random",173012314.973728,396963.227584197,0.000858243965398584,275,TRUE,"stress_tolerance",0.0292958011564556,"","",FALSE,"Gaussian"
"paraboloid-disk-rep3-n240-r16","paraboloid","disk",3,240,16,"geodesic",4,3,"random",186604692.337025,390794.184925127,0.000844906348041293,319,TRUE,"stress_tolerance",0.029067272800201,"","",FALSE,"Gaussian"
"paraboloid-disk-rep3-n240-r16","paraboloid","disk",3,240,16,"geodesic",64,1,"supplied",70893.0622435445,40021.3435021565,0.000117793199447072,34,TRUE,"stress_tolerance",0.0108532575500205,"","",TRUE,"classical"
"paraboloid-disk-rep3-n240-r16","paraboloid","disk",3,240,16,"geodesic",64,2,"random",130839382.998539,40116.7136777428,0.000118073898622339,204,TRUE,"stress_tolerance",0.0108661814186192,"","",FALSE,"Gaussian"
"paraboloid-disk-rep3-n240-r16","paraboloid","disk",3,240,16,"geodesic",64,3,"random",141368672.499288,40104.452161973,0.000118037809799571,200,TRUE,"stress_tolerance",0.0108645206889019,"","",FALSE,"Gaussian"
"paraboloid-disk-rep3-n240-r16","paraboloid","disk",3,240,16,"geodesic",8,1,"supplied",230995.932768764,136292.590913036,0.000360229216571777,131,TRUE,"stress_tolerance",0.0189797053868541,"","",FALSE,"classical"
"paraboloid-disk-rep3-n240-r16","paraboloid","disk",3,240,16,"geodesic",8,2,"random",144443326.910621,136327.316139105,0.000360320997356767,340,TRUE,"stress_tolerance",0.0189821230992945,"","",FALSE,"Gaussian"
"paraboloid-disk-rep3-n240-r16","paraboloid","disk",3,240,16,"geodesic",8,3,"random",156179097.750699,136289.533843319,0.000360221136559344,353,TRUE,"stress_tolerance",0.0189794925263914,"","",TRUE,"Gaussian"
"paraboloid-disk-rep3-n240-r2","paraboloid","disk",3,240,2,"ambient",128,1,"supplied",930.237584589218,846.871238799411,0.00395492278661707,21,TRUE,"stress_tolerance",0.062888176842846,"","",TRUE,"classical"
"paraboloid-disk-rep3-n240-r2","paraboloid","disk",3,240,2,"ambient",128,2,"random",57708.8662677737,846.872934248212,0.00395493070443124,80,TRUE,"stress_tolerance",0.0628882397943463,"","",FALSE,"Gaussian"
"paraboloid-disk-rep3-n240-r2","paraboloid","disk",3,240,2,"ambient",128,3,"random",62585.4306265774,846.872905320533,0.00395493056933782,74,TRUE,"stress_tolerance",0.0628882387202711,"","",FALSE,"Gaussian"
"paraboloid-disk-rep3-n240-r2","paraboloid","disk",3,240,2,"ambient",16,1,"supplied",1475.04157756748,1403.65977393146,0.00543996480107375,21,TRUE,"stress_tolerance",0.0737561170417327,"","",FALSE,"classical"
"paraboloid-disk-rep3-n240-r2","paraboloid","disk",3,240,2,"ambient",16,2,"random",71623.5632221315,1403.65958585348,0.00543996407216663,84,TRUE,"stress_tolerance",0.073756112100399,"","",TRUE,"Gaussian"
"paraboloid-disk-rep3-n240-r2","paraboloid","disk",3,240,2,"ambient",16,3,"random",77256.5707699054,1403.66107162401,0.00543996983035645,76,TRUE,"stress_tolerance",0.0737561511357288,"","",FALSE,"Gaussian"
"paraboloid-disk-rep3-n240-r2","paraboloid","disk",3,240,2,"ambient",239,1,"supplied",2.2151300495081e-25,7.89177687306797e-24,4.11063994239439e-29,1,TRUE,"stress_tolerance",6.33203769574581e-15,"","",TRUE,"classical"
"paraboloid-disk-rep3-n240-r2","paraboloid","disk",3,240,2,"ambient",239,2,"random",48702.513227985,0.00606864607055108,3.16101422215757e-08,83,TRUE,"stress_tolerance",0.000177792413294949,"","",FALSE,"Gaussian"
"paraboloid-disk-rep3-n240-r2","paraboloid","disk",3,240,2,"ambient",239,3,"random",53206.0585419297,0.00604150881357596,3.14687906676187e-08,78,TRUE,"stress_tolerance",0.000177394449381238,"","",FALSE,"Gaussian"
"paraboloid-disk-rep3-n240-r2","paraboloid","disk",3,240,2,"ambient",32,1,"supplied",1428.14594883785,1358.39310800107,0.00550060155608558,20,TRUE,"stress_tolerance",0.0741660404503674,"","",TRUE,"classical"
"paraboloid-disk-rep3-n240-r2","paraboloid","disk",3,240,2,"ambient",32,2,"random",68601.399948103,1358.39405749383,0.00550060540090876,83,TRUE,"stress_tolerance",0.0741660663707382,"","",FALSE,"Gaussian"
"paraboloid-disk-rep3-n240-r2","paraboloid","disk",3,240,2,"ambient",32,3,"random",73899.6209180406,1358.3953051139,0.00550061045295212,75,TRUE,"stress_tolerance",0.0741661004297254,"","",FALSE,"Gaussian"
"paraboloid-disk-rep3-n240-r2","paraboloid","disk",3,240,2,"ambient",4,1,"supplied",1259.00658366786,798.613233125943,0.00152968657146861,196,TRUE,"stress_tolerance",0.0391112077475069,"","",FALSE,"classical"
"paraboloid-disk-rep3-n240-r2","paraboloid","disk",3,240,2,"ambient",4,2,"random",168002.723496994,798.538515841991,0.00152954345585122,395,TRUE,"stress_tolerance",0.0391093781061682,"","",TRUE,"Gaussian"
"paraboloid-disk-rep3-n240-r2","paraboloid","disk",3,240,2,"ambient",4,3,"random",177231.441268694,798.643027454785,0.00152974364037612,479,TRUE,"stress_tolerance",0.0391119373130011,"","",FALSE,"Gaussian"
"paraboloid-disk-rep3-n240-r2","paraboloid","disk",3,240,2,"ambient",64,1,"supplied",1284.97121706748,1209.47824898298,0.00513312479088425,20,TRUE,"stress_tolerance",0.0716458288449805,"","",TRUE,"classical"
"paraboloid-disk-rep3-n240-r2","paraboloid","disk",3,240,2,"ambient",64,2,"random",65124.5474968553,1209.48042629953,0.00513313403159408,82,TRUE,"stress_tolerance",0.0716458933337714,"","",FALSE,"Gaussian"
"paraboloid-disk-rep3-n240-r2","paraboloid","disk",3,240,2,"ambient",64,3,"random",70247.6844268319,1209.47995390823,0.0051331320267267,75,TRUE,"stress_tolerance",0.0716458793422677,"","",FALSE,"Gaussian"
"paraboloid-disk-rep3-n240-r2","paraboloid","disk",3,240,2,"ambient",8,1,"supplied",1854.264488995,1683.13986113401,0.00583757051165652,23,TRUE,"stress_tolerance",0.0764039953906633,"","",TRUE,"classical"
"paraboloid-disk-rep3-n240-r2","paraboloid","disk",3,240,2,"ambient",8,2,"random",79641.4918368603,1683.14143598169,0.00583757597364134,85,TRUE,"stress_tolerance",0.0764040311347599,"","",FALSE,"Gaussian"
"paraboloid-disk-rep3-n240-r2","paraboloid","disk",3,240,2,"ambient",8,3,"random",86103.1922038219,1683.14265165566,0.00583758018991753,77,TRUE,"stress_tolerance",0.07640405872673,"","",FALSE,"Gaussian"
"paraboloid-disk-rep3-n240-r2","paraboloid","disk",3,240,2,"geodesic",128,1,"supplied",1468.95081746339,1404.35481165572,0.00558761651831821,20,TRUE,"stress_tolerance",0.0747503613256697,"","",TRUE,"classical"
"paraboloid-disk-rep3-n240-r2","paraboloid","disk",3,240,2,"geodesic",128,2,"random",69904.4001459776,1404.35649597886,0.00558762321986667,83,TRUE,"stress_tolerance",0.0747504061518514,"","",FALSE,"Gaussian"
"paraboloid-disk-rep3-n240-r2","paraboloid","disk",3,240,2,"geodesic",128,3,"random",75229.4949006286,1404.35516884483,0.00558761793949451,77,TRUE,"stress_tolerance",0.0747503708318198,"","",FALSE,"Gaussian"
"paraboloid-disk-rep3-n240-r2","paraboloid","disk",3,240,2,"geodesic",16,1,"supplied",1504.90264072056,1436.4121514688,0.00549481435740824,22,TRUE,"stress_tolerance",0.0741270150310145,"","",TRUE,"classical"
"paraboloid-disk-rep3-n240-r2","paraboloid","disk",3,240,2,"geodesic",16,2,"random",72627.2603643876,1436.41473268076,0.00549482423151052,84,TRUE,"stress_tolerance",0.0741270816335734,"","",FALSE,"Gaussian"
"paraboloid-disk-rep3-n240-r2","paraboloid","disk",3,240,2,"geodesic",16,3,"random",78280.3618631392,1436.41417623851,0.00549482210291056,77,TRUE,"stress_tolerance",0.0741270672757969,"","",FALSE,"Gaussian"
"paraboloid-disk-rep3-n240-r2","paraboloid","disk",3,240,2,"geodesic",239,1,"supplied",1464.76568312977,1400.26457846609,0.00557364582078039,20,TRUE,"stress_tolerance",0.0746568538098171,"","",TRUE,"classical"
"paraboloid-disk-rep3-n240-r2","paraboloid","disk",3,240,2,"geodesic",239,2,"random",69861.5047229278,1400.2662743629,0.00557365257116764,83,TRUE,"stress_tolerance",0.0746568990192309,"","",FALSE,"Gaussian"
"paraboloid-disk-rep3-n240-r2","paraboloid","disk",3,240,2,"geodesic",239,3,"random",75185.1050555901,1400.2649379813,0.00557364725180312,77,TRUE,"stress_tolerance",0.074656863393818,"","",FALSE,"Gaussian"
"paraboloid-disk-rep3-n240-r2","paraboloid","disk",3,240,2,"geodesic",32,1,"supplied",1487.98383980734,1422.39971194323,0.00559965299516973,20,TRUE,"stress_tolerance",0.0748308291760136,"","",TRUE,"classical"
"paraboloid-disk-rep3-n240-r2","paraboloid","disk",3,240,2,"geodesic",32,2,"random",70640.114347263,1422.40132204057,0.0055996593337441,83,TRUE,"stress_tolerance",0.0748308715286954,"","",FALSE,"Gaussian"
"paraboloid-disk-rep3-n240-r2","paraboloid","disk",3,240,2,"geodesic",32,3,"random",76057.2466470167,1422.40157657367,0.00559966033578103,76,TRUE,"stress_tolerance",0.074830878224039,"","",FALSE,"Gaussian"
"paraboloid-disk-rep3-n240-r2","paraboloid","disk",3,240,2,"geodesic",4,1,"supplied",1204.16840934543,788.117213916787,0.0015029720779241,185,TRUE,"stress_tolerance",0.0387681838357704,"","",FALSE,"classical"
"paraboloid-disk-rep3-n240-r2","paraboloid","disk",3,240,2,"geodesic",4,2,"random",168943.307399893,788.039015413508,0.00150282295014857,409,TRUE,"stress_tolerance",0.0387662604612383,"","",TRUE,"Gaussian"
"paraboloid-disk-rep3-n240-r2","paraboloid","disk",3,240,2,"geodesic",4,3,"random",178205.3359963,788.154985673888,0.00150304411022494,479,TRUE,"stress_tolerance",0.0387691128377339,"","",FALSE,"Gaussian"
"paraboloid-disk-rep3-n240-r2","paraboloid","disk",3,240,2,"geodesic",64,1,"supplied",1474.11096817896,1409.2827357725,0.00559513377994919,20,TRUE,"stress_tolerance",0.0748006268686912,"","",TRUE,"classical"
"paraboloid-disk-rep3-n240-r2","paraboloid","disk",3,240,2,"geodesic",64,2,"random",70069.9958654859,1409.28422374045,0.00559513968747895,83,TRUE,"stress_tolerance",0.0748006663571856,"","",FALSE,"Gaussian"
"paraboloid-disk-rep3-n240-r2","paraboloid","disk",3,240,2,"geodesic",64,3,"random",75407.6797181672,1409.28290576532,0.00559513445485461,77,TRUE,"stress_tolerance",0.0748006313800537,"","",FALSE,"Gaussian"
"paraboloid-disk-rep3-n240-r2","paraboloid","disk",3,240,2,"geodesic",8,1,"supplied",1874.84872884905,1706.01862532344,0.00586695231576999,23,TRUE,"stress_tolerance",0.0765960332900465,"","",TRUE,"classical"
"paraboloid-disk-rep3-n240-r2","paraboloid","disk",3,240,2,"geodesic",8,2,"random",80396.3776107361,1706.02128859622,0.00586696147469368,85,TRUE,"stress_tolerance",0.0765960930772167,"","",FALSE,"Gaussian"
"paraboloid-disk-rep3-n240-r2","paraboloid","disk",3,240,2,"geodesic",8,3,"random",86874.6079726325,1706.02186573788,0.00586696345946837,77,TRUE,"stress_tolerance",0.0765961060333247,"","",FALSE,"Gaussian"
"paraboloid-disk-rep3-n240-r32","paraboloid","disk",3,240,32,"ambient",128,1,"supplied",27435.5979257908,1339.49806542684,2.54532066352257e-07,28,TRUE,"stress_tolerance",0.000504511710822233,"","",TRUE,"classical"
"paraboloid-disk-rep3-n240-r32","paraboloid","disk",3,240,32,"ambient",128,2,"random",2151883533.43145,56625.0392772042,1.07599171857794e-05,590,TRUE,"stress_tolerance",0.00328023127016762,"","",FALSE,"Gaussian"
"paraboloid-disk-rep3-n240-r32","paraboloid","disk",3,240,32,"ambient",128,3,"random",2313968935.5603,20516.8610786961,3.89862380559589e-06,573,TRUE,"stress_tolerance",0.00197449330350903,"","",FALSE,"Gaussian"
"paraboloid-disk-rep3-n240-r32","paraboloid","disk",3,240,32,"ambient",16,1,"supplied",793342.51540293,276480.934764153,5.03535500010485e-05,171,TRUE,"stress_tolerance",0.00709602353442086,"","",TRUE,"classical"
"paraboloid-disk-rep3-n240-r32","paraboloid","disk",3,240,32,"ambient",16,2,"random",2226534801.6971,393586.913251343,7.16812475083161e-05,430,TRUE,"stress_tolerance",0.0084664778691214,"","",FALSE,"Gaussian"
"paraboloid-disk-rep3-n240-r32","paraboloid","disk",3,240,32,"ambient",16,3,"random",2393961785.99116,289650.077193094,5.27519543334567e-05,545,TRUE,"stress_tolerance",0.00726305406378491,"","",FALSE,"Gaussian"
"paraboloid-disk-rep3-n240-r32","paraboloid","disk",3,240,32,"ambient",239,1,"supplied",6.66943162026576e-21,3.24840200181039e-19,6.17628206425884e-29,1,TRUE,"stress_tolerance",7.83710695127405e-15,"","",TRUE,"classical"
"paraboloid-disk-rep3-n240-r32","paraboloid","disk",3,240,32,"ambient",239,2,"random",2150498044.55997,55041.3526204543,1.04651739160608e-05,604,TRUE,"stress_tolerance",0.00323499210448296,"","",FALSE,"Gaussian"
"paraboloid-disk-rep3-n240-r32","paraboloid","disk",3,240,32,"ambient",239,3,"random",2312467315.81642,19258.789182767,3.66173011045352e-06,600,TRUE,"stress_tolerance",0.00191356476515926,"","",FALSE,"Gaussian"
"paraboloid-disk-rep3-n240-r32","paraboloid","disk",3,240,32,"ambient",32,1,"supplied",286789.189951698,72759.4985272461,1.36097473159177e-05,64,TRUE,"stress_tolerance",0.00368913910227352,"","",TRUE,"classical"
"paraboloid-disk-rep3-n240-r32","paraboloid","disk",3,240,32,"ambient",32,2,"random",2180324870.50712,75893.6567274811,1.41959951875593e-05,412,TRUE,"stress_tolerance",0.00376775731537544,"","",FALSE,"Gaussian"
"paraboloid-disk-rep3-n240-r32","paraboloid","disk",3,240,32,"ambient",32,3,"random",2344638978.61528,102386.535173408,1.91515183648579e-05,452,TRUE,"stress_tolerance",0.00437624477890167,"","",FALSE,"Gaussian"
"paraboloid-disk-rep3-n240-r32","paraboloid","disk",3,240,32,"ambient",4,1,"supplied",3237283.35707652,950597.66680663,0.000115012067999782,245,TRUE,"stress_tolerance",0.0107243679533942,"","",TRUE,"classical"
"paraboloid-disk-rep3-n240-r32","paraboloid","disk",3,240,32,"ambient",4,2,"random",3339043334.1906,978328.614131143,0.000118367213621062,759,TRUE,"stress_tolerance",0.0108796697386027,"","",FALSE,"Gaussian"
"paraboloid-disk-rep3-n240-r32","paraboloid","disk",3,240,32,"ambient",4,3,"random",3583856560.03401,1064964.53777053,0.000128849226241932,769,TRUE,"stress_tolerance",0.0113511773064268,"","",FALSE,"Gaussian"
"paraboloid-disk-rep3-n240-r32","paraboloid","disk",3,240,32,"ambient",64,1,"supplied",156693.341430736,13955.426981422,2.64529984579075e-06,38,TRUE,"stress_tolerance",0.00162643777802774,"","",TRUE,"classical"
"paraboloid-disk-rep3-n240-r32","paraboloid","disk",3,240,32,"ambient",64,2,"random",2155670524.94573,78419.0469142193,1.48646037835601e-05,542,TRUE,"stress_tolerance",0.00385546414632096,"","",FALSE,"Gaussian"
"paraboloid-disk-rep3-n240-r32","paraboloid","disk",3,240,32,"ambient",64,3,"random",2318058380.70856,36997.4711068615,7.01299965554016e-06,403,TRUE,"stress_tolerance",0.00264820687551905,"","",FALSE,"Gaussian"
"paraboloid-disk-rep3-n240-r32","paraboloid","disk",3,240,32,"ambient",8,1,"supplied",1786141.22409118,449782.262099634,7.09823569827609e-05,434,TRUE,"stress_tolerance",0.00842510278766779,"","",TRUE,"classical"
"paraboloid-disk-rep3-n240-r32","paraboloid","disk",3,240,32,"ambient",8,2,"random",2559939321.0711,482340.059302458,7.61204635253245e-05,762,TRUE,"stress_tolerance",0.0087247042084721,"","",FALSE,"Gaussian"
"paraboloid-disk-rep3-n240-r32","paraboloid","disk",3,240,32,"ambient",8,3,"random",2748251879.02319,488673.178777337,7.71199243428361e-05,561,TRUE,"stress_tolerance",0.00878179505242761,"","",FALSE,"Gaussian"
"paraboloid-disk-rep3-n240-r32","paraboloid","disk",3,240,32,"geodesic",128,1,"supplied",158558.244422336,87740.3609393421,1.66233477405176e-05,28,TRUE,"stress_tolerance",0.00407717398948371,"","",TRUE,"classical"
"paraboloid-disk-rep3-n240-r32","paraboloid","disk",3,240,32,"geodesic",128,2,"random",2139829586.25993,242780.887742075,4.59974301277171e-05,394,TRUE,"stress_tolerance",0.00678214052698138,"","",FALSE,"Gaussian"
"paraboloid-disk-rep3-n240-r32","paraboloid","disk",3,240,32,"geodesic",128,3,"random",2302556174.15614,90553.7814624525,1.7156380283298e-05,370,TRUE,"stress_tolerance",0.00414202610847691,"","",FALSE,"Gaussian"
"paraboloid-disk-rep3-n240-r32","paraboloid","disk",3,240,32,"geodesic",16,1,"supplied",570914.068896375,237118.170554688,4.35033851602812e-05,114,TRUE,"stress_tolerance",0.0065957096024831,"","",TRUE,"classical"
"paraboloid-disk-rep3-n240-r32","paraboloid","disk",3,240,32,"geodesic",16,2,"random",2203880194.84041,415903.671207575,7.63046440337862e-05,516,TRUE,"stress_tolerance",0.00873525294618268,"","",FALSE,"Gaussian"
"paraboloid-disk-rep3-n240-r32","paraboloid","disk",3,240,32,"geodesic",16,3,"random",2371204864.36278,258634.140436052,4.74508579442368e-05,586,TRUE,"stress_tolerance",0.00688845831403829,"","",FALSE,"Gaussian"
"paraboloid-disk-rep3-n240-r32","paraboloid","disk",3,240,32,"geodesic",239,1,"supplied",158414.304516669,87726.3125166325,1.66212852514423e-05,28,TRUE,"stress_tolerance",0.00407692105043097,"","",TRUE,"classical"
"paraboloid-disk-rep3-n240-r32","paraboloid","disk",3,240,32,"geodesic",239,2,"random",2139744044.57093,242739.465603184,4.59912400718796e-05,394,TRUE,"stress_tolerance",0.00678168416190884,"","",FALSE,"Gaussian"
"paraboloid-disk-rep3-n240-r32","paraboloid","disk",3,240,32,"geodesic",239,3,"random",2302460992.2045,90533.958847877,1.71532429870182e-05,370,TRUE,"stress_tolerance",0.00414164737598755,"","",FALSE,"Gaussian"
"paraboloid-disk-rep3-n240-r32","paraboloid","disk",3,240,32,"geodesic",32,1,"supplied",268162.740288839,127634.796250116,2.38719984402859e-05,62,TRUE,"stress_tolerance",0.00488589791545949,"","",TRUE,"classical"
"paraboloid-disk-rep3-n240-r32","paraboloid","disk",3,240,32,"geodesic",32,2,"random",2166688332.58352,130030.337300558,2.43200451634362e-05,311,TRUE,"stress_tolerance",0.00493153578142165,"","",FALSE,"Gaussian"
"paraboloid-disk-rep3-n240-r32","paraboloid","disk",3,240,32,"geodesic",32,3,"random",2331451699.2911,128091.436545066,2.39574055293329e-05,576,TRUE,"stress_tolerance",0.00489463027504005,"","",FALSE,"Gaussian"
"paraboloid-disk-rep3-n240-r32","paraboloid","disk",3,240,32,"geodesic",4,1,"supplied",3138542.50284752,1066674.09848372,0.00013374685689866,327,TRUE,"stress_tolerance",0.0115648976173015,"","",TRUE,"classical"
"paraboloid-disk-rep3-n240-r32","paraboloid","disk",3,240,32,"geodesic",4,2,"random",3208468661.20754,1108907.90783131,0.000139042419304391,650,TRUE,"stress_tolerance",0.0117916249645415,"","",FALSE,"Gaussian"
"paraboloid-disk-rep3-n240-r32","paraboloid","disk",3,240,32,"geodesic",4,3,"random",3441481582.04549,1262176.21608954,0.000158260242743484,1000,FALSE,"iteration_limit",0.0125801527313269,"Iteration limit reached! You may want to increase the itmax argument!","",FALSE,"Gaussian"
"paraboloid-disk-rep3-n240-r32","paraboloid","disk",3,240,32,"geodesic",64,1,"supplied",173222.198518484,90306.0103445818,1.70873087762683e-05,34,TRUE,"stress_tolerance",0.00413367981056515,"","",TRUE,"classical"
"paraboloid-disk-rep3-n240-r32","paraboloid","disk",3,240,32,"geodesic",64,2,"random",2142527599.29818,245738.958946282,4.64976523030037e-05,417,TRUE,"stress_tolerance",0.00681891870482486,"","",FALSE,"Gaussian"
"paraboloid-disk-rep3-n240-r32","paraboloid","disk",3,240,32,"geodesic",64,3,"random",2305489926.73786,92861.7078571947,1.75708866950593e-05,367,TRUE,"stress_tolerance",0.00419176415069662,"","",FALSE,"Gaussian"
"paraboloid-disk-rep3-n240-r32","paraboloid","disk",3,240,32,"geodesic",8,1,"supplied",2064172.02670411,619731.502944303,0.000103686149657976,613,TRUE,"stress_tolerance",0.0101826396213351,"","",TRUE,"classical"
"paraboloid-disk-rep3-n240-r32","paraboloid","disk",3,240,32,"geodesic",8,2,"random",2401986788.77124,653271.244090105,0.000109297622696561,619,TRUE,"stress_tolerance",0.0104545503344987,"","",FALSE,"Gaussian"
"paraboloid-disk-rep3-n240-r32","paraboloid","disk",3,240,32,"geodesic",8,3,"random",2582599943.6981,700686.463411522,0.000117230576731121,504,TRUE,"stress_tolerance",0.0108273069934831,"","",FALSE,"Gaussian"
"paraboloid-disk-rep3-n240-r4","paraboloid","disk",3,240,4,"ambient",128,1,"supplied",1753.90242529553,751.913539864868,0.000423232250046112,19,TRUE,"stress_tolerance",0.0205726092182329,"","",TRUE,"classical"
"paraboloid-disk-rep3-n240-r4","paraboloid","disk",3,240,4,"ambient",128,2,"random",531605.142339277,751.947298865645,0.000423251252095019,85,TRUE,"stress_tolerance",0.020573071041899,"","",FALSE,"Gaussian"
"paraboloid-disk-rep3-n240-r4","paraboloid","disk",3,240,4,"ambient",128,3,"random",583312.845627821,751.955524457129,0.00042325588206297,84,TRUE,"stress_tolerance",0.0205731835665502,"","",FALSE,"Gaussian"
"paraboloid-disk-rep3-n240-r4","paraboloid","disk",3,240,4,"ambient",16,1,"supplied",7466.07667433167,5874.15024942975,0.0028373122292818,23,TRUE,"stress_tolerance",0.0532664268492057,"","",TRUE,"classical"
"paraboloid-disk-rep3-n240-r4","paraboloid","disk",3,240,4,"ambient",16,2,"random",598823.441608503,5874.15269273569,0.00283731340943919,73,TRUE,"stress_tolerance",0.0532664379270776,"","",FALSE,"Gaussian"
"paraboloid-disk-rep3-n240-r4","paraboloid","disk",3,240,4,"ambient",16,3,"random",656984.168067332,5874.16866779929,0.0028373211256605,74,TRUE,"stress_tolerance",0.0532665103574516,"","",FALSE,"Gaussian"
"paraboloid-disk-rep3-n240-r4","paraboloid","disk",3,240,4,"ambient",239,1,"supplied",9.05003718194804e-25,7.76649510746446e-23,4.50044318086868e-29,1,TRUE,"stress_tolerance",6.68929186885363e-15,"","",TRUE,"classical"
"paraboloid-disk-rep3-n240-r4","paraboloid","disk",3,240,4,"ambient",239,2,"random",511101.436046806,0.0876491168157064,5.07899463817712e-08,89,TRUE,"stress_tolerance",0.000225366249438871,"","",FALSE,"Gaussian"
"paraboloid-disk-rep3-n240-r4","paraboloid","disk",3,240,4,"ambient",239,3,"random",561456.575832747,0.13441239763445,7.78878181197565e-08,94,TRUE,"stress_tolerance",0.000279083890837739,"","",FALSE,"Gaussian"
"paraboloid-disk-rep3-n240-r4","paraboloid","disk",3,240,4,"ambient",32,1,"supplied",6441.41906266242,4960.30014885711,0.00251726320381576,21,TRUE,"stress_tolerance",0.0501723350444824,"","",TRUE,"classical"
"paraboloid-disk-rep3-n240-r4","paraboloid","disk",3,240,4,"ambient",32,2,"random",574896.78737758,4960.30833308841,0.0025172673571661,74,TRUE,"stress_tolerance",0.0501723764353066,"","",FALSE,"Gaussian"
"paraboloid-disk-rep3-n240-r4","paraboloid","disk",3,240,4,"ambient",32,3,"random",629857.106695787,4960.33013978742,0.00251727842367405,74,TRUE,"stress_tolerance",0.0501724867200546,"","",FALSE,"Gaussian"
"paraboloid-disk-rep3-n240-r4","paraboloid","disk",3,240,4,"ambient",4,1,"supplied",31016.1620001858,19234.1712185671,0.00555805097992232,56,TRUE,"stress_tolerance",0.0745523371861831,"","",FALSE,"classical"
"paraboloid-disk-rep3-n240-r4","paraboloid","disk",3,240,4,"ambient",4,2,"random",988462.216942652,19234.1615850893,0.00555804819616003,123,TRUE,"stress_tolerance",0.0745523185163276,"","",FALSE,"Gaussian"
"paraboloid-disk-rep3-n240-r4","paraboloid","disk",3,240,4,"ambient",4,3,"random",1086317.55289025,19234.097916138,0.00555802979790032,91,TRUE,"stress_tolerance",0.0745521951246257,"","",TRUE,"Gaussian"
"paraboloid-disk-rep3-n240-r4","paraboloid","disk",3,240,4,"ambient",64,1,"supplied",5681.54088053872,4055.45761758392,0.00213832804606167,21,TRUE,"stress_tolerance",0.0462420592757466,"","",TRUE,"classical"
"paraboloid-disk-rep3-n240-r4","paraboloid","disk",3,240,4,"ambient",64,2,"random",560877.663019975,4055.47006103259,0.00213833460714005,76,TRUE,"stress_tolerance",0.0462421302184492,"","",FALSE,"Gaussian"
"paraboloid-disk-rep3-n240-r4","paraboloid","disk",3,240,4,"ambient",64,3,"random",614200.502423611,4055.49298684553,0.00213834669527249,75,TRUE,"stress_tolerance",0.0462422609230179,"","",FALSE,"Gaussian"
"paraboloid-disk-rep3-n240-r4","paraboloid","disk",3,240,4,"ambient",8,1,"supplied",10214.4992046638,8063.18011625113,0.00347418762533954,26,TRUE,"stress_tolerance",0.058942239738065,"","",FALSE,"classical"
"paraboloid-disk-rep3-n240-r4","paraboloid","disk",3,240,4,"ambient",8,2,"random",663959.28501858,8063.17069089972,0.00347418356423228,71,TRUE,"stress_tolerance",0.0589422052881659,"","",TRUE,"Gaussian"
"paraboloid-disk-rep3-n240-r4","paraboloid","disk",3,240,4,"ambient",8,3,"random",731017.475821635,8063.18398355348,0.0034741892916466,71,TRUE,"stress_tolerance",0.0589422538731478,"","",FALSE,"Gaussian"
"paraboloid-disk-rep3-n240-r4","paraboloid","disk",3,240,4,"geodesic",128,1,"supplied",6832.85086489108,5519.36328743862,0.00275938489141723,20,TRUE,"stress_tolerance",0.0525298476241578,"","",TRUE,"classical"
"paraboloid-disk-rep3-n240-r4","paraboloid","disk",3,240,4,"geodesic",128,2,"random",576784.564692572,5519.3778576267,0.00275939217572789,73,TRUE,"stress_tolerance",0.0525299169590806,"","",FALSE,"Gaussian"
"paraboloid-disk-rep3-n240-r4","paraboloid","disk",3,240,4,"geodesic",128,3,"random",632132.530258645,5519.39087543406,0.00275939868393166,74,TRUE,"stress_tolerance",0.0525299789066361,"","",FALSE,"Gaussian"
"paraboloid-disk-rep3-n240-r4","paraboloid","disk",3,240,4,"geodesic",16,1,"supplied",7823.1055452577,6248.12036412867,0.00297830906054414,23,TRUE,"stress_tolerance",0.0545738862510648,"","",FALSE,"classical"
"paraboloid-disk-rep3-n240-r4","paraboloid","disk",3,240,4,"geodesic",16,2,"random",603165.863953676,6248.11977492664,0.00297830877968756,73,TRUE,"stress_tolerance",0.0545738836778873,"","",TRUE,"Gaussian"
"paraboloid-disk-rep3-n240-r4","paraboloid","disk",3,240,4,"geodesic",16,3,"random",661935.310437058,6248.14513310141,0.00297832086723986,73,TRUE,"stress_tolerance",0.054573994422617,"","",FALSE,"Gaussian"
"paraboloid-disk-rep3-n240-r4","paraboloid","disk",3,240,4,"geodesic",239,1,"supplied",6803.23730559084,5495.45930180567,0.00274866671453347,20,TRUE,"stress_tolerance",0.0524277284891638,"","",TRUE,"classical"
"paraboloid-disk-rep3-n240-r4","paraboloid","disk",3,240,4,"geodesic",239,2,"random",576444.470417646,5495.47457592637,0.00274867435419831,73,TRUE,"stress_tolerance",0.0524278013481236,"","",FALSE,"Gaussian"
"paraboloid-disk-rep3-n240-r4","paraboloid","disk",3,240,4,"geodesic",239,3,"random",631763.437810405,5495.48767433318,0.0027486809056352,74,TRUE,"stress_tolerance",0.0524278638286478,"","",FALSE,"Gaussian"
"paraboloid-disk-rep3-n240-r4","paraboloid","disk",3,240,4,"geodesic",32,1,"supplied",7036.08699253776,5687.41595598232,0.00281280129002567,21,TRUE,"stress_tolerance",0.0530358491025239,"","",TRUE,"classical"
"paraboloid-disk-rep3-n240-r4","paraboloid","disk",3,240,4,"geodesic",32,2,"random",582570.56169969,5687.4391109269,0.00281281274166882,73,TRUE,"stress_tolerance",0.0530359570637588,"","",FALSE,"Gaussian"
"paraboloid-disk-rep3-n240-r4","paraboloid","disk",3,240,4,"geodesic",32,3,"random",638419.103202646,5687.44448436076,0.00281281539918531,74,TRUE,"stress_tolerance",0.0530359821176657,"","",FALSE,"Gaussian"
"paraboloid-disk-rep3-n240-r4","paraboloid","disk",3,240,4,"geodesic",4,1,"supplied",31373.8474234129,19504.3386591951,0.00559677196103951,55,TRUE,"stress_tolerance",0.0748115763838694,"","",FALSE,"classical"
"paraboloid-disk-rep3-n240-r4","paraboloid","disk",3,240,4,"geodesic",4,2,"random",995486.639019749,19504.314630867,0.0055967650661083,122,TRUE,"stress_tolerance",0.0748115303018744,"","",FALSE,"Gaussian"
"paraboloid-disk-rep3-n240-r4","paraboloid","disk",3,240,4,"geodesic",4,3,"random",1093901.65967051,19504.2472625713,0.005596745734769,91,TRUE,"stress_tolerance",0.0748114011014967,"","",TRUE,"Gaussian"
"paraboloid-disk-rep3-n240-r4","paraboloid","disk",3,240,4,"geodesic",64,1,"supplied",6892.76848027977,5567.90123501984,0.00277780423565086,20,TRUE,"stress_tolerance",0.0527048786702981,"","",TRUE,"classical"
"paraboloid-disk-rep3-n240-r4","paraboloid","disk",3,240,4,"geodesic",64,2,"random",578063.661223392,5567.9151450323,0.00277781117530189,73,TRUE,"stress_tolerance",0.0527049445052539,"","",FALSE,"Gaussian"
"paraboloid-disk-rep3-n240-r4","paraboloid","disk",3,240,4,"geodesic",64,3,"random",633500.0232475,5567.92758533666,0.00277781738172127,74,TRUE,"stress_tolerance",0.0527050033841314,"","",FALSE,"Gaussian"
"paraboloid-disk-rep3-n240-r4","paraboloid","disk",3,240,4,"geodesic",8,1,"supplied",10375.4644401937,8266.40605098832,0.00354227175709407,26,TRUE,"stress_tolerance",0.0595169871305166,"","",FALSE,"classical"
"paraboloid-disk-rep3-n240-r4","paraboloid","disk",3,240,4,"geodesic",8,2,"random",665920.504777096,8266.3940269713,0.00354226660463293,72,TRUE,"stress_tolerance",0.059516943844866,"","",TRUE,"Gaussian"
"paraboloid-disk-rep3-n240-r4","paraboloid","disk",3,240,4,"geodesic",8,3,"random",732664.418171125,8266.41674242451,0.00354227633852549,71,TRUE,"stress_tolerance",0.0595170256189392,"","",FALSE,"Gaussian"
"paraboloid-disk-rep3-n240-r64","paraboloid","disk",3,240,64,"ambient",128,1,"supplied",58574.2387469513,10416.0047722703,1.24267066447079e-07,19,TRUE,"stress_tolerance",0.000352515342152293,"","",TRUE,"classical"
"paraboloid-disk-rep3-n240-r64","paraboloid","disk",3,240,64,"ambient",128,2,"random",34722495796.3472,353142.024993173,4.21312436433512e-06,513,TRUE,"stress_tolerance",0.00205258967266742,"","",FALSE,"Gaussian"
"paraboloid-disk-rep3-n240-r64","paraboloid","disk",3,240,64,"ambient",128,3,"random",37296855744.446,422596.27542057,5.0417411076637e-06,311,TRUE,"stress_tolerance",0.00224538217407857,"","",FALSE,"Gaussian"
"paraboloid-disk-rep3-n240-r64","paraboloid","disk",3,240,64,"ambient",16,1,"supplied",1578587.90696607,513063.807982759,5.94372991029283e-06,158,TRUE,"stress_tolerance",0.00243797660167175,"","",TRUE,"classical"
"paraboloid-disk-rep3-n240-r64","paraboloid","disk",3,240,64,"ambient",16,2,"random",35681406731.2127,557850.998049358,6.46257952910235e-06,574,TRUE,"stress_tolerance",0.00254216040585727,"","",FALSE,"Gaussian"
"paraboloid-disk-rep3-n240-r64","paraboloid","disk",3,240,64,"ambient",16,3,"random",38328392082.2758,636358.311117676,7.37206926040019e-06,352,TRUE,"stress_tolerance",0.0027151554762861,"","",FALSE,"Gaussian"
"paraboloid-disk-rep3-n240-r64","paraboloid","disk",3,240,64,"ambient",239,1,"supplied",5.00203039453817e-20,5.52102429828848e-18,6.58777902810579e-29,1,TRUE,"stress_tolerance",8.10718906340937e-15,"","",TRUE,"classical"
"paraboloid-disk-rep3-n240-r64","paraboloid","disk",3,240,64,"ambient",239,2,"random",34716918918.322,352168.664713163,4.202135724113e-06,509,TRUE,"stress_tolerance",0.00204991115029874,"","",FALSE,"Gaussian"
"paraboloid-disk-rep3-n240-r64","paraboloid","disk",3,240,64,"ambient",239,3,"random",37290821863.5807,420064.802201708,5.01228385328368e-06,311,TRUE,"stress_tolerance",0.00223881304563151,"","",FALSE,"Gaussian"
"paraboloid-disk-rep3-n240-r64","paraboloid","disk",3,240,64,"ambient",32,1,"supplied",677720.148619005,105650.745295313,1.25476997396789e-06,51,TRUE,"stress_tolerance",0.00112016515477571,"","",TRUE,"classical"
"paraboloid-disk-rep3-n240-r64","paraboloid","disk",3,240,64,"ambient",32,2,"random",34855598191.9063,411452.861620948,4.88665456189673e-06,565,TRUE,"stress_tolerance",0.00221057787962849,"","",FALSE,"Gaussian"
"paraboloid-disk-rep3-n240-r64","paraboloid","disk",3,240,64,"ambient",32,3,"random",37441079412.7776,545111.151105961,6.47405849311295e-06,317,TRUE,"stress_tolerance",0.00254441712247011,"","",FALSE,"Gaussian"
"paraboloid-disk-rep3-n240-r64","paraboloid","disk",3,240,64,"ambient",4,1,"supplied",11816434.153945,4716676.128601,3.91772267141271e-05,198,TRUE,"stress_tolerance",0.00625917140795272,"","",FALSE,"classical"
"paraboloid-disk-rep3-n240-r64","paraboloid","disk",3,240,64,"ambient",4,2,"random",49468932788.0923,4671401.04234398,3.88011669062387e-05,562,TRUE,"stress_tolerance",0.00622905826800847,"","",TRUE,"Gaussian"
"paraboloid-disk-rep3-n240-r64","paraboloid","disk",3,240,64,"ambient",4,3,"random",52986515510.1217,4920862.97054295,4.08732249087655e-05,1000,FALSE,"iteration_limit",0.00639321710164586,"Iteration limit reached! You may want to increase the itmax argument!","",FALSE,"Gaussian"
"paraboloid-disk-rep3-n240-r64","paraboloid","disk",3,240,64,"ambient",64,1,"supplied",351420.112427873,24927.6836377134,2.97210206817223e-07,35,TRUE,"stress_tolerance",0.000545169888037057,"","",TRUE,"classical"
"paraboloid-disk-rep3-n240-r64","paraboloid","disk",3,240,64,"ambient",64,2,"random",34737953538.224,362481.48651929,4.32182946243837e-06,521,TRUE,"stress_tolerance",0.00207890102276283,"","",FALSE,"Gaussian"
"paraboloid-disk-rep3-n240-r64","paraboloid","disk",3,240,64,"ambient",64,3,"random",37313576704.4123,461380.26501028,5.50098942116022e-06,306,TRUE,"stress_tolerance",0.00234541881572702,"","",FALSE,"Gaussian"
"paraboloid-disk-rep3-n240-r64","paraboloid","disk",3,240,64,"ambient",8,1,"supplied",5779220.69209339,1773067.07806454,1.85834334818597e-05,226,TRUE,"stress_tolerance",0.00431085066800809,"","",TRUE,"classical"
"paraboloid-disk-rep3-n240-r64","paraboloid","disk",3,240,64,"ambient",8,2,"random",39286830861.4072,1776529.3398923,1.86197212868553e-05,527,TRUE,"stress_tolerance",0.004315057506785,"","",FALSE,"Gaussian"
"paraboloid-disk-rep3-n240-r64","paraboloid","disk",3,240,64,"ambient",8,3,"random",42179929054.276,2008157.76360943,2.10474080099961e-05,457,TRUE,"stress_tolerance",0.00458774541686894,"","",FALSE,"Gaussian"
"paraboloid-disk-rep3-n240-r64","paraboloid","disk",3,240,64,"geodesic",128,1,"supplied",359359.952002166,191859.468272401,2.2872603758278e-06,25,TRUE,"stress_tolerance",0.00151236912684457,"","",TRUE,"classical"
"paraboloid-disk-rep3-n240-r64","paraboloid","disk",3,240,64,"geodesic",128,2,"random",34646768558.2547,667147.541876441,7.95342628177399e-06,792,TRUE,"stress_tolerance",0.00282018195898423,"","",FALSE,"Gaussian"
"paraboloid-disk-rep3-n240-r64","paraboloid","disk",3,240,64,"geodesic",128,3,"random",37224274825.0293,642817.104883148,7.66336999754452e-06,506,TRUE,"stress_tolerance",0.00276827924847741,"","",FALSE,"Gaussian"
"paraboloid-disk-rep3-n240-r64","paraboloid","disk",3,240,64,"geodesic",16,1,"supplied",3065124.12780022,902784.116009365,1.05004896788886e-05,284,TRUE,"stress_tolerance",0.00324044590741687,"","",TRUE,"classical"
"paraboloid-disk-rep3-n240-r64","paraboloid","disk",3,240,64,"geodesic",16,2,"random",35436221291.0663,1046511.5519948,1.21722165417952e-05,414,TRUE,"stress_tolerance",0.00348887038191469,"","",FALSE,"Gaussian"
"paraboloid-disk-rep3-n240-r64","paraboloid","disk",3,240,64,"geodesic",16,3,"random",38067085582.9942,1000009.46993068,1.16313401305889e-05,399,TRUE,"stress_tolerance",0.00341047505937154,"","",FALSE,"Gaussian"
"paraboloid-disk-rep3-n240-r64","paraboloid","disk",3,240,64,"geodesic",239,1,"supplied",359142.187390282,191885.925557221,2.28759692194949e-06,25,TRUE,"stress_tolerance",0.00151248038729576,"","",TRUE,"classical"
"paraboloid-disk-rep3-n240-r64","paraboloid","disk",3,240,64,"geodesic",239,2,"random",34646416902.0659,667408.451258038,7.95661023260237e-06,792,TRUE,"stress_tolerance",0.0028207463963654,"","",FALSE,"Gaussian"
"paraboloid-disk-rep3-n240-r64","paraboloid","disk",3,240,64,"geodesic",239,3,"random",37223884531.6295,642945.553069956,7.66497211253435e-06,506,TRUE,"stress_tolerance",0.00276856860354599,"","",FALSE,"Gaussian"
"paraboloid-disk-rep3-n240-r64","paraboloid","disk",3,240,64,"geodesic",32,1,"supplied",648193.238406863,258162.679115079,3.06483039220038e-06,48,TRUE,"stress_tolerance",0.00175066569972852,"","",TRUE,"classical"
"paraboloid-disk-rep3-n240-r64","paraboloid","disk",3,240,64,"geodesic",32,2,"random",34787153253.656,564757.502817648,6.70463277183127e-06,886,TRUE,"stress_tolerance",0.00258933056441958,"","",FALSE,"Gaussian"
"paraboloid-disk-rep3-n240-r64","paraboloid","disk",3,240,64,"geodesic",32,3,"random",37374675031.0357,672874.347249759,7.98816372936609e-06,496,TRUE,"stress_tolerance",0.00282633397343135,"","",FALSE,"Gaussian"
"paraboloid-disk-rep3-n240-r64","paraboloid","disk",3,240,64,"geodesic",4,1,"supplied",15838621.5178352,5188154.86157303,4.58991003591609e-05,290,TRUE,"stress_tolerance",0.00677488747944698,"","",TRUE,"classical"
"paraboloid-disk-rep3-n240-r64","paraboloid","disk",3,240,64,"geodesic",4,2,"random",46320207423.6973,5636539.91674964,4.9865919237204e-05,601,TRUE,"stress_tolerance",0.00706158050560992,"","",FALSE,"Gaussian"
"paraboloid-disk-rep3-n240-r64","paraboloid","disk",3,240,64,"geodesic",4,3,"random",49705254617.2215,5504581.71159848,4.86984978584961e-05,705,TRUE,"stress_tolerance",0.00697843090232343,"","",FALSE,"Gaussian"
"paraboloid-disk-rep3-n240-r64","paraboloid","disk",3,240,64,"geodesic",64,1,"supplied",390834.044840182,197413.087845213,2.35262415257291e-06,28,TRUE,"stress_tolerance",0.00153382663706755,"","",TRUE,"classical"
"paraboloid-disk-rep3-n240-r64","paraboloid","disk",3,240,64,"geodesic",64,2,"random",34658683764.7757,631236.965546618,7.52261842085271e-06,838,TRUE,"stress_tolerance",0.00274273921852932,"","",FALSE,"Gaussian"
"paraboloid-disk-rep3-n240-r64","paraboloid","disk",3,240,64,"geodesic",64,3,"random",37237220379.9764,671557.469983061,8.0031285715043e-06,483,TRUE,"stress_tolerance",0.00282898012921802,"","",FALSE,"Gaussian"
"paraboloid-disk-rep3-n240-r64","paraboloid","disk",3,240,64,"geodesic",8,1,"supplied",7335674.15471143,1920393.44543659,2.06380135439441e-05,180,TRUE,"stress_tolerance",0.00454290804925108,"","",TRUE,"classical"
"paraboloid-disk-rep3-n240-r64","paraboloid","disk",3,240,64,"geodesic",8,2,"random",38240783218.002,2055130.54487778,2.20860012413333e-05,686,TRUE,"stress_tolerance",0.00469957458088919,"","",FALSE,"Gaussian"
"paraboloid-disk-rep3-n240-r64","paraboloid","disk",3,240,64,"geodesic",8,3,"random",41068541559.7426,2501147.52512119,2.68792400960931e-05,408,TRUE,"stress_tolerance",0.0051845192733849,"","",FALSE,"Gaussian"
"paraboloid-disk-rep3-n240-r8","paraboloid","disk",3,240,8,"ambient",128,1,"supplied",4774.33703055878,867.451106026847,3.86873370979047e-05,21,TRUE,"stress_tolerance",0.00621991455712295,"","",TRUE,"classical"
"paraboloid-disk-rep3-n240-r8","paraboloid","disk",3,240,8,"ambient",128,2,"random",8027689.47638263,870.630564265653,3.88291373351962e-05,153,TRUE,"stress_tolerance",0.00623130302065324,"","",FALSE,"Gaussian"
"paraboloid-disk-rep3-n240-r8","paraboloid","disk",3,240,8,"ambient",128,3,"random",8721861.72096973,870.670282548023,3.88309087256162e-05,147,TRUE,"stress_tolerance",0.00623144515546929,"","",FALSE,"Gaussian"
"paraboloid-disk-rep3-n240-r8","paraboloid","disk",3,240,8,"ambient",16,1,"supplied",31534.3810316258,19015.9279819517,0.000781351267615524,37,TRUE,"stress_tolerance",0.0279526611902254,"","",TRUE,"classical"
"paraboloid-disk-rep3-n240-r8","paraboloid","disk",3,240,8,"ambient",16,2,"random",8359961.75474106,19016.9640001775,0.000781393836884549,121,TRUE,"stress_tolerance",0.0279534226327396,"","",FALSE,"Gaussian"
"paraboloid-disk-rep3-n240-r8","paraboloid","disk",3,240,8,"ambient",16,3,"random",9111760.49743932,19016.9218150402,0.000781392103526567,119,TRUE,"stress_tolerance",0.0279533916283261,"","",FALSE,"Gaussian"
"paraboloid-disk-rep3-n240-r8","paraboloid","disk",3,240,8,"ambient",239,1,"supplied",2.63213470198136e-23,1.18684570039156e-21,5.33956832386537e-29,1,TRUE,"stress_tolerance",7.26734325038033e-15,"","",TRUE,"classical"
"paraboloid-disk-rep3-n240-r8","paraboloid","disk",3,240,8,"ambient",239,2,"random",7945524.5518559,4.09258821248397,1.84123802907106e-07,156,TRUE,"stress_tolerance",0.000429096496038922,"","",FALSE,"Gaussian"
"paraboloid-disk-rep3-n240-r8","paraboloid","disk",3,240,8,"ambient",239,3,"random",8632719.74278705,5.05353747473512,2.27356501478329e-07,162,TRUE,"stress_tolerance",0.000476819149661629,"","",FALSE,"Gaussian"
"paraboloid-disk-rep3-n240-r8","paraboloid","disk",3,240,8,"ambient",32,1,"supplied",27089.1180501727,14272.2538306184,0.000608493560124201,31,TRUE,"stress_tolerance",0.024667662234679,"","",TRUE,"classical"
"paraboloid-disk-rep3-n240-r8","paraboloid","disk",3,240,8,"ambient",32,2,"random",8167107.62431548,14273.9357607986,0.000608565268748179,122,TRUE,"stress_tolerance",0.0246691156863837,"","",FALSE,"Gaussian"
"paraboloid-disk-rep3-n240-r8","paraboloid","disk",3,240,8,"ambient",32,3,"random",8890651.79880601,14273.5067758058,0.000608546979092695,120,TRUE,"stress_tolerance",0.0246687449841435,"","",FALSE,"Gaussian"
"paraboloid-disk-rep3-n240-r8","paraboloid","disk",3,240,8,"ambient",4,1,"supplied",206481.168555514,95619.4408333254,0.00262217428688066,104,TRUE,"stress_tolerance",0.0512071702682412,"","",FALSE,"classical"
"paraboloid-disk-rep3-n240-r8","paraboloid","disk",3,240,8,"ambient",4,2,"random",12301708.1335013,95618.9227060784,0.00262216007826437,228,TRUE,"stress_tolerance",0.0512070315314642,"","",FALSE,"Gaussian"
"paraboloid-disk-rep3-n240-r8","paraboloid","disk",3,240,8,"ambient",4,3,"random",13523743.6095834,93946.6929784759,0.00257630248115585,155,TRUE,"stress_tolerance",0.05075728993116,"","",TRUE,"Gaussian"
"paraboloid-disk-rep3-n240-r8","paraboloid","disk",3,240,8,"ambient",64,1,"supplied",22112.7872303965,8418.07470130676,0.000367290769873073,28,TRUE,"stress_tolerance",0.0191648315900004,"","",TRUE,"classical"
"paraboloid-disk-rep3-n240-r8","paraboloid","disk",3,240,8,"ambient",64,2,"random",8135501.58375085,8420.32750651993,0.000367389062486347,142,TRUE,"stress_tolerance",0.0191673958191078,"","",FALSE,"Gaussian"
"paraboloid-disk-rep3-n240-r8","paraboloid","disk",3,240,8,"ambient",64,3,"random",8837104.66000823,8419.67251957431,0.000367360484614559,128,TRUE,"stress_tolerance",0.0191666503232715,"","",FALSE,"Gaussian"
"paraboloid-disk-rep3-n240-r8","paraboloid","disk",3,240,8,"ambient",8,1,"supplied",50338.3256346167,35025.6325709825,0.00126115211371841,83,TRUE,"stress_tolerance",0.0355127035540582,"","",FALSE,"classical"
"paraboloid-disk-rep3-n240-r8","paraboloid","disk",3,240,8,"ambient",8,2,"random",9572637.88211003,35025.0486483929,0.00126113108868177,143,TRUE,"stress_tolerance",0.0355124075314782,"","",TRUE,"Gaussian"
"paraboloid-disk-rep3-n240-r8","paraboloid","disk",3,240,8,"ambient",8,3,"random",10423786.4230987,35025.3150844725,0.00126114068212521,137,TRUE,"stress_tolerance",0.0355125426029342,"","",FALSE,"Gaussian"
"paraboloid-disk-rep3-n240-r8","paraboloid","disk",3,240,8,"geodesic",128,1,"supplied",23783.567173938,15734.4966925187,0.000673152899086101,25,TRUE,"stress_tolerance",0.0259451902881074,"","",TRUE,"classical"
"paraboloid-disk-rep3-n240-r8","paraboloid","disk",3,240,8,"geodesic",128,2,"random",7991041.58835461,15736.0674811149,0.000673220100530038,110,TRUE,"stress_tolerance",0.0259464853213309,"","",FALSE,"Gaussian"
"paraboloid-disk-rep3-n240-r8","paraboloid","disk",3,240,8,"geodesic",128,3,"random",8706865.02010411,15736.588918812,0.000673242408666382,118,TRUE,"stress_tolerance",0.0259469152052106,"","",FALSE,"Gaussian"
"paraboloid-disk-rep3-n240-r8","paraboloid","disk",3,240,8,"geodesic",16,1,"supplied",30958.340556593,20583.3477351947,0.000843183003012148,37,TRUE,"stress_tolerance",0.0290376135901722,"","",TRUE,"classical"
"paraboloid-disk-rep3-n240-r8","paraboloid","disk",3,240,8,"geodesic",16,2,"random",8303267.77548101,20584.4973889556,0.00084323009780562,117,TRUE,"stress_tolerance",0.0290384245062578,"","",FALSE,"Gaussian"
"paraboloid-disk-rep3-n240-r8","paraboloid","disk",3,240,8,"geodesic",16,3,"random",9057144.38778682,20584.6071193811,0.000843234592838735,119,TRUE,"stress_tolerance",0.0290385019041744,"","",FALSE,"Gaussian"
"paraboloid-disk-rep3-n240-r8","paraboloid","disk",3,240,8,"geodesic",239,1,"supplied",23725.1255185727,15711.0696429944,0.000672371826126871,25,TRUE,"stress_tolerance",0.025930133553973,"","",TRUE,"classical"
"paraboloid-disk-rep3-n240-r8","paraboloid","disk",3,240,8,"geodesic",239,2,"random",7987874.67476542,15712.6451714172,0.000672439252530471,110,TRUE,"stress_tolerance",0.0259314336767268,"","",FALSE,"Gaussian"
"paraboloid-disk-rep3-n240-r8","paraboloid","disk",3,240,8,"geodesic",239,3,"random",8703398.48573576,15713.1666400594,0.000672461569332016,118,TRUE,"stress_tolerance",0.0259318639772005,"","",FALSE,"Gaussian"
"paraboloid-disk-rep3-n240-r8","paraboloid","disk",3,240,8,"geodesic",32,1,"supplied",25541.4802076816,16893.9175266344,0.000714116452165616,30,TRUE,"stress_tolerance",0.0267229573993153,"","",TRUE,"classical"
"paraboloid-disk-rep3-n240-r8","paraboloid","disk",3,240,8,"geodesic",32,2,"random",8080666.36569776,16895.6997301353,0.000714191787021433,109,TRUE,"stress_tolerance",0.0267243669152599,"","",FALSE,"Gaussian"
"paraboloid-disk-rep3-n240-r8","paraboloid","disk",3,240,8,"geodesic",32,3,"random",8807110.39761626,16896.0383599503,0.000714206101115349,118,TRUE,"stress_tolerance",0.026724634723703,"","",FALSE,"Gaussian"
"paraboloid-disk-rep3-n240-r8","paraboloid","disk",3,240,8,"geodesic",4,1,"supplied",209841.779852978,98332.7102490258,0.00267840196036755,101,TRUE,"stress_tolerance",0.0517532797063874,"","",FALSE,"classical"
"paraboloid-disk-rep3-n240-r8","paraboloid","disk",3,240,8,"geodesic",4,2,"random",12350223.491304,98329.642839766,0.00267831840978754,233,TRUE,"stress_tolerance",0.0517524724992687,"","",FALSE,"Gaussian"
"paraboloid-disk-rep3-n240-r8","paraboloid","disk",3,240,8,"geodesic",4,3,"random",13584021.5915783,96368.1849169949,0.0026248919077393,150,TRUE,"stress_tolerance",0.0512336989464874,"","",TRUE,"Gaussian"
"paraboloid-disk-rep3-n240-r8","paraboloid","disk",3,240,8,"geodesic",64,1,"supplied",24247.8725387069,16041.0203051749,0.000684563336543164,25,TRUE,"stress_tolerance",0.0261641613002055,"","",TRUE,"classical"
"paraboloid-disk-rep3-n240-r8","paraboloid","disk",3,240,8,"geodesic",64,2,"random",8010579.45916003,16042.5261281978,0.000684627598741778,110,TRUE,"stress_tolerance",0.0261653893290694,"","",FALSE,"Gaussian"
"paraboloid-disk-rep3-n240-r8","paraboloid","disk",3,240,8,"geodesic",64,3,"random",8727927.68130755,16042.9063801639,0.000684643826297734,119,TRUE,"stress_tolerance",0.0261656994230562,"","",FALSE,"Gaussian"
"paraboloid-disk-rep3-n240-r8","paraboloid","disk",3,240,8,"geodesic",8,1,"supplied",52788.2077535315,36913.4727523642,0.00132186290467203,79,TRUE,"stress_tolerance",0.0363574325918654,"","",FALSE,"classical"
"paraboloid-disk-rep3-n240-r8","paraboloid","disk",3,240,8,"geodesic",8,2,"random",9579601.34494804,36912.5642734282,0.00132183037225187,135,TRUE,"stress_tolerance",0.0363569851920079,"","",TRUE,"Gaussian"
"paraboloid-disk-rep3-n240-r8","paraboloid","disk",3,240,8,"geodesic",8,3,"random",10431851.2886628,36912.8220938512,0.00132183960474147,133,TRUE,"stress_tolerance",0.0363571121617419,"","",FALSE,"Gaussian"
"paraboloid-surface_area-rep1-n240-r1","paraboloid","surface_area",1,240,1,"ambient",128,1,"supplied",179.051878097462,156.725018731158,0.00368438106580529,52,TRUE,"stress_tolerance",0.0606991026771015,"","",FALSE,"classical"
"paraboloid-surface_area-rep1-n240-r1","paraboloid","surface_area",1,240,1,"ambient",128,2,"random",12920.4154778148,156.724760659962,0.00368437499892053,147,TRUE,"stress_tolerance",0.0606990527020026,"","",FALSE,"Gaussian"
"paraboloid-surface_area-rep1-n240-r1","paraboloid","surface_area",1,240,1,"ambient",128,3,"random",12700.7684477037,156.724722110774,0.00368437409268425,132,TRUE,"stress_tolerance",0.060699045237007,"","",TRUE,"Gaussian"
"paraboloid-surface_area-rep1-n240-r1","paraboloid","surface_area",1,240,1,"ambient",16,1,"supplied",218.731219505223,191.014691305366,0.00391867171493267,56,TRUE,"stress_tolerance",0.0625992948437334,"","",TRUE,"classical"
"paraboloid-surface_area-rep1-n240-r1","paraboloid","surface_area",1,240,1,"ambient",16,2,"random",15092.4597754569,191.015092123076,0.00391867993771916,148,TRUE,"stress_tolerance",0.0625993605216472,"","",FALSE,"Gaussian"
"paraboloid-surface_area-rep1-n240-r1","paraboloid","surface_area",1,240,1,"ambient",16,3,"random",14822.8292874612,191.014736652811,0.00391867264523678,135,TRUE,"stress_tolerance",0.0625993022743607,"","",FALSE,"Gaussian"
"paraboloid-surface_area-rep1-n240-r1","paraboloid","surface_area",1,240,1,"ambient",239,1,"supplied",8.85505064820505e-27,1.32853208811293e-24,3.65856133959784e-29,1,TRUE,"stress_tolerance",6.0492090029166e-15,"","",TRUE,"classical"
"paraboloid-surface_area-rep1-n240-r1","paraboloid","surface_area",1,240,1,"ambient",239,2,"random",10046.2359959219,0.0019973063632869,5.50025694481611e-08,129,TRUE,"stress_tolerance",0.000234526266018875,"","",FALSE,"Gaussian"
"paraboloid-surface_area-rep1-n240-r1","paraboloid","surface_area",1,240,1,"ambient",239,3,"random",9812.19656184424,0.00256018926148723,7.05034491672324e-08,121,TRUE,"stress_tolerance",0.000265524856035907,"","",FALSE,"Gaussian"
"paraboloid-surface_area-rep1-n240-r1","paraboloid","surface_area",1,240,1,"ambient",32,1,"supplied",210.617376968523,186.934048399384,0.00395807710461068,53,TRUE,"stress_tolerance",0.0629132506282318,"","",TRUE,"classical"
"paraboloid-surface_area-rep1-n240-r1","paraboloid","surface_area",1,240,1,"ambient",32,2,"random",14636.683436645,186.934199465258,0.00395808030322741,149,TRUE,"stress_tolerance",0.0629132760490778,"","",FALSE,"Gaussian"
"paraboloid-surface_area-rep1-n240-r1","paraboloid","surface_area",1,240,1,"ambient",32,3,"random",14379.4903191107,186.93412472688,0.00395807872074277,135,TRUE,"stress_tolerance",0.0629132634723617,"","",FALSE,"Gaussian"
"paraboloid-surface_area-rep1-n240-r1","paraboloid","surface_area",1,240,1,"ambient",4,1,"supplied",308.192815701271,221.670576422452,0.00295892686812706,88,TRUE,"stress_tolerance",0.0543960188628459,"","",TRUE,"classical"
"paraboloid-surface_area-rep1-n240-r1","paraboloid","surface_area",1,240,1,"ambient",4,2,"random",23373.1566392648,221.675211628605,0.00295898874028099,233,TRUE,"stress_tolerance",0.0543965875793791,"","",FALSE,"Gaussian"
"paraboloid-surface_area-rep1-n240-r1","paraboloid","surface_area",1,240,1,"ambient",4,3,"random",22701.849638753,221.67072807315,0.00295892889240711,240,TRUE,"stress_tolerance",0.0543960374697195,"","",FALSE,"Gaussian"
"paraboloid-surface_area-rep1-n240-r1","paraboloid","surface_area",1,240,1,"ambient",64,1,"supplied",205.45449660472,182.103267746052,0.00397982689370032,52,TRUE,"stress_tolerance",0.0630858692077737,"","",FALSE,"classical"
"paraboloid-surface_area-rep1-n240-r1","paraboloid","surface_area",1,240,1,"ambient",64,2,"random",14140.8370549795,182.103184826279,0.00397982508150691,147,TRUE,"stress_tolerance",0.063085854844861,"","",TRUE,"Gaussian"
"paraboloid-surface_area-rep1-n240-r1","paraboloid","surface_area",1,240,1,"ambient",64,3,"random",13894.3421436028,182.103364908196,0.00397982901715763,133,TRUE,"stress_tolerance",0.063085886037668,"","",FALSE,"Gaussian"
"paraboloid-surface_area-rep1-n240-r1","paraboloid","surface_area",1,240,1,"ambient",8,1,"supplied",239.896749986219,202.633594120084,0.00383565492706229,56,TRUE,"stress_tolerance",0.0619326644595749,"","",FALSE,"classical"
"paraboloid-surface_area-rep1-n240-r1","paraboloid","surface_area",1,240,1,"ambient",8,2,"random",16174.4958374661,202.633552266071,0.00383565413480692,141,TRUE,"stress_tolerance",0.0619326580634719,"","",TRUE,"Gaussian"
"paraboloid-surface_area-rep1-n240-r1","paraboloid","surface_area",1,240,1,"ambient",8,3,"random",15965.3307083904,202.633708165397,0.00383565708582805,131,TRUE,"stress_tolerance",0.061932681887902,"","",FALSE,"Gaussian"
"paraboloid-surface_area-rep1-n240-r1","paraboloid","surface_area",1,240,1,"geodesic",128,1,"supplied",213.128916612538,189.938846000282,0.00399228077778446,54,TRUE,"stress_tolerance",0.0631844979230225,"","",FALSE,"classical"
"paraboloid-surface_area-rep1-n240-r1","paraboloid","surface_area",1,240,1,"geodesic",128,2,"random",14761.6716244011,189.938777625561,0.00399227934063198,151,TRUE,"stress_tolerance",0.0631844865503551,"","",TRUE,"Gaussian"
"paraboloid-surface_area-rep1-n240-r1","paraboloid","surface_area",1,240,1,"geodesic",128,3,"random",14499.5436118438,189.939116596972,0.00399228646539385,136,TRUE,"stress_tolerance",0.0631845429309563,"","",FALSE,"Gaussian"
"paraboloid-surface_area-rep1-n240-r1","paraboloid","surface_area",1,240,1,"geodesic",16,1,"supplied",219.333238737607,191.420386020174,0.00389483683954984,56,TRUE,"stress_tolerance",0.0624086279255504,"","",FALSE,"classical"
"paraboloid-surface_area-rep1-n240-r1","paraboloid","surface_area",1,240,1,"geodesic",16,2,"random",15226.7169287447,191.420493341064,0.00389483902321148,150,TRUE,"stress_tolerance",0.062408645420418,"","",FALSE,"Gaussian"
"paraboloid-surface_area-rep1-n240-r1","paraboloid","surface_area",1,240,1,"geodesic",16,3,"random",14958.6559505847,191.420261542081,0.00389483430679002,136,TRUE,"stress_tolerance",0.0624086076338031,"","",TRUE,"Gaussian"
"paraboloid-surface_area-rep1-n240-r1","paraboloid","surface_area",1,240,1,"geodesic",239,1,"supplied",212.995860604518,189.798329410542,0.00399017890980002,54,TRUE,"stress_tolerance",0.0631678629510289,"","",FALSE,"classical"
"paraboloid-surface_area-rep1-n240-r1","paraboloid","surface_area",1,240,1,"geodesic",239,2,"random",14757.4587760084,189.798246750517,0.00399017717201713,151,TRUE,"stress_tolerance",0.0631678491957511,"","",TRUE,"Gaussian"
"paraboloid-surface_area-rep1-n240-r1","paraboloid","surface_area",1,240,1,"geodesic",239,3,"random",14495.2456361841,189.798579532658,0.00399018416818134,136,TRUE,"stress_tolerance",0.0631679045732984,"","",FALSE,"Gaussian"
"paraboloid-surface_area-rep1-n240-r1","paraboloid","surface_area",1,240,1,"geodesic",32,1,"supplied",212.785343795199,189.181508364326,0.00393998962091762,54,TRUE,"stress_tolerance",0.0627693366295808,"","",TRUE,"classical"
"paraboloid-surface_area-rep1-n240-r1","paraboloid","surface_area",1,240,1,"geodesic",32,2,"random",14893.7384569185,189.181567032726,0.00393999084277534,151,TRUE,"stress_tolerance",0.0627693463624988,"","",FALSE,"Gaussian"
"paraboloid-surface_area-rep1-n240-r1","paraboloid","surface_area",1,240,1,"geodesic",32,3,"random",14630.929720832,189.181693497085,0.00393999347658593,136,TRUE,"stress_tolerance",0.0627693673425654,"","",FALSE,"Gaussian"
"paraboloid-surface_area-rep1-n240-r1","paraboloid","surface_area",1,240,1,"geodesic",4,1,"supplied",308.565558947387,222.107032657067,0.00295832224935774,88,TRUE,"stress_tolerance",0.0543904610143886,"","",FALSE,"classical"
"paraboloid-surface_area-rep1-n240-r1","paraboloid","surface_area",1,240,1,"geodesic",4,2,"random",23426.1986588443,222.110735260181,0.00295837156564025,234,TRUE,"stress_tolerance",0.0543909143666498,"","",FALSE,"Gaussian"
"paraboloid-surface_area-rep1-n240-r1","paraboloid","surface_area",1,240,1,"geodesic",4,3,"random",22753.2068008415,222.106627877219,0.00295831685795154,241,TRUE,"stress_tolerance",0.0543904114523096,"","",TRUE,"Gaussian"
"paraboloid-surface_area-rep1-n240-r1","paraboloid","surface_area",1,240,1,"geodesic",64,1,"supplied",213.176070564527,189.86006957298,0.00398429797879391,54,TRUE,"stress_tolerance",0.0631212957629506,"","",TRUE,"classical"
"paraboloid-surface_area-rep1-n240-r1","paraboloid","surface_area",1,240,1,"geodesic",64,2,"random",14786.5590079268,189.860111926618,0.00398429886760384,151,TRUE,"stress_tolerance",0.0631213028034423,"","",FALSE,"Gaussian"
"paraboloid-surface_area-rep1-n240-r1","paraboloid","surface_area",1,240,1,"geodesic",64,3,"random",14524.5151629587,189.860322979537,0.0039843032966432,136,TRUE,"stress_tolerance",0.0631213378869872,"","",FALSE,"Gaussian"
"paraboloid-surface_area-rep1-n240-r1","paraboloid","surface_area",1,240,1,"geodesic",8,1,"supplied",238.949281076736,201.671695228412,0.00380439499079837,56,TRUE,"stress_tolerance",0.0616797778108705,"","",FALSE,"classical"
"paraboloid-surface_area-rep1-n240-r1","paraboloid","surface_area",1,240,1,"geodesic",8,2,"random",16234.6076642653,201.671540108139,0.00380439206456329,141,TRUE,"stress_tolerance",0.0616797540896791,"","",FALSE,"Gaussian"
"paraboloid-surface_area-rep1-n240-r1","paraboloid","surface_area",1,240,1,"geodesic",8,3,"random",16024.0410456774,201.671472999435,0.00380439079860468,132,TRUE,"stress_tolerance",0.0616797438273268,"","",TRUE,"Gaussian"
"paraboloid-surface_area-rep1-n240-r16","paraboloid","surface_area",1,240,16,"ambient",128,1,"supplied",13942.9628104493,1691.98386486649,6.1559368471377e-06,23,TRUE,"stress_tolerance",0.00248111604870529,"","",TRUE,"classical"
"paraboloid-surface_area-rep1-n240-r16","paraboloid","surface_area",1,240,16,"ambient",128,2,"random",113579590.061578,9891.23879327888,3.59872470510752e-05,1000,FALSE,"iteration_limit",0.005998937160147,"Iteration limit reached! You may want to increase the itmax argument!","",FALSE,"Gaussian"
"paraboloid-surface_area-rep1-n240-r16","paraboloid","surface_area",1,240,16,"ambient",128,3,"random",111306858.002898,1739.92110080506,6.33034666462582e-06,761,TRUE,"stress_tolerance",0.00251601801754907,"","",FALSE,"Gaussian"
"paraboloid-surface_area-rep1-n240-r16","paraboloid","surface_area",1,240,16,"ambient",16,1,"supplied",147901.36206866,73938.4023449446,0.000253278109670041,66,TRUE,"stress_tolerance",0.0159147136219928,"","",FALSE,"classical"
"paraboloid-surface_area-rep1-n240-r16","paraboloid","surface_area",1,240,16,"ambient",16,2,"random",117638924.658542,73893.7930942595,0.000253125299407322,375,TRUE,"stress_tolerance",0.015909911986159,"","",TRUE,"Gaussian"
"paraboloid-surface_area-rep1-n240-r16","paraboloid","surface_area",1,240,16,"ambient",16,3,"random",115257496.083549,73991.98014037,0.000253461641939,452,TRUE,"stress_tolerance",0.0159204786969176,"","",FALSE,"Gaussian"
"paraboloid-surface_area-rep1-n240-r16","paraboloid","surface_area",1,240,16,"ambient",239,1,"supplied",2.6480459321912e-22,1.74365325867979e-20,6.36378082239191e-29,1,TRUE,"stress_tolerance",7.98016123166262e-15,"","",TRUE,"classical"
"paraboloid-surface_area-rep1-n240-r16","paraboloid","surface_area",1,240,16,"ambient",239,2,"random",113189030.813271,11539.2663258129,4.21146586244339e-05,536,TRUE,"stress_tolerance",0.00648958077416719,"","",FALSE,"Gaussian"
"paraboloid-surface_area-rep1-n240-r16","paraboloid","surface_area",1,240,16,"ambient",239,3,"random",110931631.857811,47.1315346843818,1.72015138366136e-07,917,TRUE,"stress_tolerance",0.000414747077592623,"","",FALSE,"Gaussian"
"paraboloid-surface_area-rep1-n240-r16","paraboloid","surface_area",1,240,16,"ambient",32,1,"supplied",126125.757063094,54138.1512905147,0.000191258888329247,42,TRUE,"stress_tolerance",0.0138296380404279,"","",TRUE,"classical"
"paraboloid-surface_area-rep1-n240-r16","paraboloid","surface_area",1,240,16,"ambient",32,2,"random",115114823.275359,54171.7207765445,0.000191377482378485,430,TRUE,"stress_tolerance",0.0138339250532338,"","",FALSE,"Gaussian"
"paraboloid-surface_area-rep1-n240-r16","paraboloid","surface_area",1,240,16,"ambient",32,3,"random",112795812.614753,54269.0336732542,0.000191721268710326,344,TRUE,"stress_tolerance",0.0138463449585199,"","",FALSE,"Gaussian"
"paraboloid-surface_area-rep1-n240-r16","paraboloid","surface_area",1,240,16,"ambient",4,1,"supplied",955162.767607985,443389.122889467,0.00103027719081383,188,TRUE,"stress_tolerance",0.0320979312544258,"","",TRUE,"classical"
"paraboloid-surface_area-rep1-n240-r16","paraboloid","surface_area",1,240,16,"ambient",4,2,"random",166122952.606721,446212.79429292,0.00103683838974982,318,TRUE,"stress_tolerance",0.0321999749961055,"","",FALSE,"Gaussian"
"paraboloid-surface_area-rep1-n240-r16","paraboloid","surface_area",1,240,16,"ambient",4,3,"random",160759458.95876,443465.962986045,0.00103045573962064,310,TRUE,"stress_tolerance",0.032100712447244,"","",FALSE,"Gaussian"
"paraboloid-surface_area-rep1-n240-r16","paraboloid","surface_area",1,240,16,"ambient",64,1,"supplied",89205.5101516935,23852.4503695017,8.58844643594459e-05,30,TRUE,"stress_tolerance",0.00926738713766997,"","",TRUE,"classical"
"paraboloid-surface_area-rep1-n240-r16","paraboloid","surface_area",1,240,16,"ambient",64,2,"random",114202892.528471,23898.7512035691,8.60511777273253e-05,675,TRUE,"stress_tolerance",0.00927637740323943,"","",FALSE,"Gaussian"
"paraboloid-surface_area-rep1-n240-r16","paraboloid","surface_area",1,240,16,"ambient",64,3,"random",111915352.827491,23997.2979915995,8.64060107936654e-05,382,TRUE,"stress_tolerance",0.00929548335449381,"","",FALSE,"Gaussian"
"paraboloid-surface_area-rep1-n240-r16","paraboloid","surface_area",1,240,16,"ambient",8,1,"supplied",285155.748906231,140514.788439104,0.000439330464699042,159,TRUE,"stress_tolerance",0.0209602114659908,"","",FALSE,"classical"
"paraboloid-surface_area-rep1-n240-r16","paraboloid","surface_area",1,240,16,"ambient",8,2,"random",127462509.778702,140472.880379204,0.00043919943587542,324,TRUE,"stress_tolerance",0.0209570855768503,"","",FALSE,"Gaussian"
"paraboloid-surface_area-rep1-n240-r16","paraboloid","surface_area",1,240,16,"ambient",8,3,"random",124802602.6128,140455.544082676,0.000439145232589813,295,TRUE,"stress_tolerance",0.0209557923398239,"","",TRUE,"Gaussian"
"paraboloid-surface_area-rep1-n240-r16","paraboloid","surface_area",1,240,16,"geodesic",128,1,"supplied",86335.4200045927,53805.8974516899,0.000192397281946093,28,TRUE,"stress_tolerance",0.0138707347298584,"","",TRUE,"classical"
"paraboloid-surface_area-rep1-n240-r16","paraboloid","surface_area",1,240,16,"geodesic",128,2,"random",112184372.471926,53821.4395870893,0.00019245285698058,521,TRUE,"stress_tolerance",0.0138727379049914,"","",FALSE,"Gaussian"
"paraboloid-surface_area-rep1-n240-r16","paraboloid","surface_area",1,240,16,"geodesic",128,3,"random",109889151.042563,53883.3839629919,0.000192674355554527,284,TRUE,"stress_tolerance",0.0138807188414193,"","",FALSE,"Gaussian"
"paraboloid-surface_area-rep1-n240-r16","paraboloid","surface_area",1,240,16,"geodesic",16,1,"supplied",142851.39369158,80882.0724265401,0.000277308835476342,58,TRUE,"stress_tolerance",0.0166525924551209,"","",FALSE,"classical"
"paraboloid-surface_area-rep1-n240-r16","paraboloid","surface_area",1,240,16,"geodesic",16,2,"random",116573505.028576,80878.0258459322,0.000277294961542078,562,TRUE,"stress_tolerance",0.0166521758801089,"","",TRUE,"Gaussian"
"paraboloid-surface_area-rep1-n240-r16","paraboloid","surface_area",1,240,16,"geodesic",16,3,"random",114207412.575311,80892.463316381,0.000277344461239566,478,TRUE,"stress_tolerance",0.0166536620969555,"","",FALSE,"Gaussian"
"paraboloid-surface_area-rep1-n240-r16","paraboloid","surface_area",1,240,16,"geodesic",239,1,"supplied",86046.7310713086,53768.8699824407,0.000192302529914792,28,TRUE,"stress_tolerance",0.0138673187716588,"","",TRUE,"classical"
"paraboloid-surface_area-rep1-n240-r16","paraboloid","surface_area",1,240,16,"geodesic",239,2,"random",112158506.554022,53785.3423058522,0.000192361442617749,520,TRUE,"stress_tolerance",0.0138694427652216,"","",FALSE,"Gaussian"
"paraboloid-surface_area-rep1-n240-r16","paraboloid","surface_area",1,240,16,"geodesic",239,3,"random",109863911.161473,53845.8597452866,0.000192577881176175,284,TRUE,"stress_tolerance",0.0138772432844632,"","",FALSE,"Gaussian"
"paraboloid-surface_area-rep1-n240-r16","paraboloid","surface_area",1,240,16,"geodesic",32,1,"supplied",99903.1829770964,60105.4784995328,0.000212561533127681,35,TRUE,"stress_tolerance",0.0145794901532148,"","",TRUE,"classical"
"paraboloid-surface_area-rep1-n240-r16","paraboloid","surface_area",1,240,16,"geodesic",32,2,"random",113312603.770497,60131.534392757,0.000212653679147462,548,TRUE,"stress_tolerance",0.0145826499357103,"","",FALSE,"Gaussian"
"paraboloid-surface_area-rep1-n240-r16","paraboloid","surface_area",1,240,16,"geodesic",32,3,"random",110996228.334461,60178.4838500464,0.000212819714738062,295,TRUE,"stress_tolerance",0.0145883417405156,"","",FALSE,"Gaussian"
"paraboloid-surface_area-rep1-n240-r16","paraboloid","surface_area",1,240,16,"geodesic",4,1,"supplied",850228.216075804,480954.111393978,0.00116769541197616,152,TRUE,"stress_tolerance",0.0341715585242489,"","",FALSE,"classical"
"paraboloid-surface_area-rep1-n240-r16","paraboloid","surface_area",1,240,16,"geodesic",4,2,"random",157038836.739272,480896.522163258,0.0011675555926485,633,TRUE,"stress_tolerance",0.0341695126194171,"","",TRUE,"Gaussian"
"paraboloid-surface_area-rep1-n240-r16","paraboloid","surface_area",1,240,16,"geodesic",4,3,"random",152771152.977026,481555.264474675,0.00116915493519802,430,TRUE,"stress_tolerance",0.0341929076739317,"","",FALSE,"Gaussian"
"paraboloid-surface_area-rep1-n240-r16","paraboloid","surface_area",1,240,16,"geodesic",64,1,"supplied",88259.7299711667,55051.3297819562,0.000196390997007331,28,TRUE,"stress_tolerance",0.0140139572215465,"","",TRUE,"classical"
"paraboloid-surface_area-rep1-n240-r16","paraboloid","surface_area",1,240,16,"geodesic",64,2,"random",112448614.52761,55073.827901746,0.000196471257160788,537,TRUE,"stress_tolerance",0.0140168205082605,"","",FALSE,"Gaussian"
"paraboloid-surface_area-rep1-n240-r16","paraboloid","surface_area",1,240,16,"geodesic",64,3,"random",110142271.055002,55132.6121419425,0.000196680965002292,285,TRUE,"stress_tolerance",0.0140242990913022,"","",FALSE,"Gaussian"
"paraboloid-surface_area-rep1-n240-r16","paraboloid","surface_area",1,240,16,"geodesic",8,1,"supplied",306872.466644574,159092.631247498,0.000499878821899911,143,TRUE,"stress_tolerance",0.0223579699861127,"","",FALSE,"classical"
"paraboloid-surface_area-rep1-n240-r16","paraboloid","surface_area",1,240,16,"geodesic",8,2,"random",125930857.137287,159075.986061681,0.000499826521703408,344,TRUE,"stress_tolerance",0.0223568003458324,"","",TRUE,"Gaussian"
"paraboloid-surface_area-rep1-n240-r16","paraboloid","surface_area",1,240,16,"geodesic",8,3,"random",123248500.146748,159122.208662189,0.000499971755954082,679,TRUE,"stress_tolerance",0.0223600482100127,"","",FALSE,"Gaussian"
"paraboloid-surface_area-rep1-n240-r2","paraboloid","surface_area",1,240,2,"ambient",128,1,"supplied",1262.26273187894,1147.39800863215,0.00494942430179731,21,TRUE,"stress_tolerance",0.0703521449694136,"","",FALSE,"classical"
"paraboloid-surface_area-rep1-n240-r2","paraboloid","surface_area",1,240,2,"ambient",128,2,"random",65484.1591911635,1147.39654031205,0.00494941796804116,108,TRUE,"stress_tolerance",0.0703520999547362,"","",TRUE,"Gaussian"
"paraboloid-surface_area-rep1-n240-r2","paraboloid","surface_area",1,240,2,"ambient",128,3,"random",64031.5900487133,1147.39825548202,0.0049494253666107,70,TRUE,"stress_tolerance",0.070352152537152,"","",FALSE,"Gaussian"
"paraboloid-surface_area-rep1-n240-r2","paraboloid","surface_area",1,240,2,"ambient",16,1,"supplied",1905.0541320245,1796.2715361884,0.00639175667597734,23,TRUE,"stress_tolerance",0.0799484626242261,"","",FALSE,"classical"
"paraboloid-surface_area-rep1-n240-r2","paraboloid","surface_area",1,240,2,"ambient",16,2,"random",82027.8743719112,1796.27058734564,0.00639175329966594,103,TRUE,"stress_tolerance",0.0799484415086743,"","",TRUE,"Gaussian"
"paraboloid-surface_area-rep1-n240-r2","paraboloid","surface_area",1,240,2,"ambient",16,3,"random",80182.4444219827,1796.27115817306,0.00639175533086773,71,TRUE,"stress_tolerance",0.0799484542118716,"","",FALSE,"Gaussian"
"paraboloid-surface_area-rep1-n240-r2","paraboloid","surface_area",1,240,2,"ambient",239,1,"supplied",1.45952926623623e-25,7.72189438377186e-24,3.83036614894813e-29,1,TRUE,"stress_tolerance",6.19573707929084e-15,"","",TRUE,"classical"
"paraboloid-surface_area-rep1-n240-r2","paraboloid","surface_area",1,240,2,"ambient",239,2,"random",52859.9422187227,0.00604758084360745,2.99984016811509e-08,94,TRUE,"stress_tolerance",0.000173200466757974,"","",FALSE,"Gaussian"
"paraboloid-surface_area-rep1-n240-r2","paraboloid","surface_area",1,240,2,"ambient",239,3,"random",51362.2420446042,0.00709163943904303,3.51773467724995e-08,78,TRUE,"stress_tolerance",0.000187556249635576,"","",FALSE,"Gaussian"
"paraboloid-surface_area-rep1-n240-r2","paraboloid","surface_area",1,240,2,"ambient",32,1,"supplied",1807.48236111354,1706.99434071869,0.00633302180727093,22,TRUE,"stress_tolerance",0.0795802852927211,"","",FALSE,"classical"
"paraboloid-surface_area-rep1-n240-r2","paraboloid","surface_area",1,240,2,"ambient",32,2,"random",78663.1623171482,1706.9938782955,0.00633302009166117,103,TRUE,"stress_tolerance",0.079580274513608,"","",FALSE,"Gaussian"
"paraboloid-surface_area-rep1-n240-r2","paraboloid","surface_area",1,240,2,"ambient",32,3,"random",76903.6999529439,1706.99367951996,0.00633301935419544,71,TRUE,"stress_tolerance",0.0795802698801375,"","",TRUE,"Gaussian"
"paraboloid-surface_area-rep1-n240-r2","paraboloid","surface_area",1,240,2,"ambient",4,1,"supplied",2983.10209514747,2470.76491805906,0.00575601153531052,40,TRUE,"stress_tolerance",0.0758683829754563,"","",FALSE,"classical"
"paraboloid-surface_area-rep1-n240-r2","paraboloid","surface_area",1,240,2,"ambient",4,2,"random",127680.453317677,2470.84024794196,0.00575618702739063,107,TRUE,"stress_tolerance",0.0758695395227266,"","",FALSE,"Gaussian"
"paraboloid-surface_area-rep1-n240-r2","paraboloid","surface_area",1,240,2,"ambient",4,3,"random",125851.015165895,2470.64864841485,0.00575574066801417,113,TRUE,"stress_tolerance",0.075866597841304,"","",TRUE,"Gaussian"
"paraboloid-surface_area-rep1-n240-r2","paraboloid","surface_area",1,240,2,"ambient",64,1,"supplied",1652.12556299026,1552.87138655379,0.00604132460422209,21,TRUE,"stress_tolerance",0.0777259583679871,"","",TRUE,"classical"
"paraboloid-surface_area-rep1-n240-r2","paraboloid","surface_area",1,240,2,"ambient",64,2,"random",74574.4165116683,1552.87149222397,0.00604132501532365,101,TRUE,"stress_tolerance",0.0777259610125451,"","",FALSE,"Gaussian"
"paraboloid-surface_area-rep1-n240-r2","paraboloid","surface_area",1,240,2,"ambient",64,3,"random",72952.1991282544,1552.87183066654,0.00604132633200799,70,TRUE,"stress_tolerance",0.0777259694825871,"","",FALSE,"Gaussian"
"paraboloid-surface_area-rep1-n240-r2","paraboloid","surface_area",1,240,2,"ambient",8,1,"supplied",2235.62153011405,2058.05044527265,0.00655628749253545,25,TRUE,"stress_tolerance",0.0809709052224039,"","",FALSE,"classical"
"paraboloid-surface_area-rep1-n240-r2","paraboloid","surface_area",1,240,2,"ambient",8,2,"random",91437.1788376164,2058.04898960282,0.00655628285523903,126,TRUE,"stress_tolerance",0.0809708765868261,"","",TRUE,"Gaussian"
"paraboloid-surface_area-rep1-n240-r2","paraboloid","surface_area",1,240,2,"ambient",8,3,"random",89694.2840591315,2058.05105442173,0.0065562894330887,72,TRUE,"stress_tolerance",0.080970917205431,"","",FALSE,"Gaussian"
"paraboloid-surface_area-rep1-n240-r2","paraboloid","surface_area",1,240,2,"geodesic",128,1,"supplied",1878.69009844442,1784.19324191053,0.00648910943739768,23,TRUE,"stress_tolerance",0.0805550087666664,"","",FALSE,"classical"
"paraboloid-surface_area-rep1-n240-r2","paraboloid","surface_area",1,240,2,"geodesic",128,2,"random",80402.4496274876,1784.1925201165,0.00648910681223336,103,TRUE,"stress_tolerance",0.0805549924724308,"","",TRUE,"Gaussian"
"paraboloid-surface_area-rep1-n240-r2","paraboloid","surface_area",1,240,2,"geodesic",128,3,"random",78605.5929895838,1784.19256743917,0.00648910698434586,72,TRUE,"stress_tolerance",0.0805549935407229,"","",FALSE,"Gaussian"
"paraboloid-surface_area-rep1-n240-r2","paraboloid","surface_area",1,240,2,"geodesic",16,1,"supplied",1948.26903446559,1838.05968937684,0.00644644056544444,24,TRUE,"stress_tolerance",0.0802897288913372,"","",TRUE,"classical"
"paraboloid-surface_area-rep1-n240-r2","paraboloid","surface_area",1,240,2,"geodesic",16,2,"random",83293.2512841124,1838.06138681698,0.00644644651870432,104,TRUE,"stress_tolerance",0.0802897659649362,"","",FALSE,"Gaussian"
"paraboloid-surface_area-rep1-n240-r2","paraboloid","surface_area",1,240,2,"geodesic",16,3,"random",81436.7714223308,1838.06101611532,0.00644644521857991,71,TRUE,"stress_tolerance",0.0802897578684844,"","",FALSE,"Gaussian"
"paraboloid-surface_area-rep1-n240-r2","paraboloid","surface_area",1,240,2,"geodesic",239,1,"supplied",1874.80195061881,1780.33196984969,0.00647742784397701,23,TRUE,"stress_tolerance",0.0804824691717212,"","",FALSE,"classical"
"paraboloid-surface_area-rep1-n240-r2","paraboloid","surface_area",1,240,2,"geodesic",239,2,"random",80362.2678511113,1780.33135209424,0.00647742559638138,103,TRUE,"stress_tolerance",0.0804824552084579,"","",FALSE,"Gaussian"
"paraboloid-surface_area-rep1-n240-r2","paraboloid","surface_area",1,240,2,"geodesic",239,3,"random",78564.5724679239,1780.33128882738,0.00647742536619591,72,TRUE,"stress_tolerance",0.0804824537784225,"","",TRUE,"Gaussian"
"paraboloid-surface_area-rep1-n240-r2","paraboloid","surface_area",1,240,2,"geodesic",32,1,"supplied",1901.3650962663,1802.23229617639,0.00648433341748235,23,TRUE,"stress_tolerance",0.0805253588472744,"","",FALSE,"classical"
"paraboloid-surface_area-rep1-n240-r2","paraboloid","surface_area",1,240,2,"geodesic",32,2,"random",81307.406777507,1802.23170662276,0.00648433129630058,105,TRUE,"stress_tolerance",0.0805253456763805,"","",TRUE,"Gaussian"
"paraboloid-surface_area-rep1-n240-r2","paraboloid","surface_area",1,240,2,"geodesic",32,3,"random",79499.0790437369,1802.2336043666,0.00648433812427931,71,TRUE,"stress_tolerance",0.0805253880728263,"","",FALSE,"Gaussian"
"paraboloid-surface_area-rep1-n240-r2","paraboloid","surface_area",1,240,2,"geodesic",4,1,"supplied",2965.69807277408,2418.86842414524,0.00567317352560069,45,TRUE,"stress_tolerance",0.0753204721546584,"","",FALSE,"classical"
"paraboloid-surface_area-rep1-n240-r2","paraboloid","surface_area",1,240,2,"geodesic",4,2,"random",126317.106404291,2418.96679161059,0.00567340423500786,110,TRUE,"stress_tolerance",0.0753220036576822,"","",FALSE,"Gaussian"
"paraboloid-surface_area-rep1-n240-r2","paraboloid","surface_area",1,240,2,"geodesic",4,3,"random",124825.869683246,2418.7325240709,0.00567285478784043,116,TRUE,"stress_tolerance",0.0753183562476005,"","",TRUE,"Gaussian"
"paraboloid-surface_area-rep1-n240-r2","paraboloid","surface_area",1,240,2,"geodesic",64,1,"supplied",1884.56771287337,1788.98285758248,0.00649252556060754,23,TRUE,"stress_tolerance",0.0805762096440855,"","",FALSE,"classical"
"paraboloid-surface_area-rep1-n240-r2","paraboloid","surface_area",1,240,2,"geodesic",64,2,"random",80594.4583821207,1788.98237937062,0.00649252382509472,103,TRUE,"stress_tolerance",0.0805761988746976,"","",FALSE,"Gaussian"
"paraboloid-surface_area-rep1-n240-r2","paraboloid","surface_area",1,240,2,"geodesic",64,3,"random",78801.8403435667,1788.98229288136,0.00649252351121037,72,TRUE,"stress_tolerance",0.0805761969269487,"","",TRUE,"Gaussian"
"paraboloid-surface_area-rep1-n240-r2","paraboloid","surface_area",1,240,2,"geodesic",8,1,"supplied",2254.06862381717,2075.24604201253,0.00656376737721566,26,TRUE,"stress_tolerance",0.0810170807744623,"","",TRUE,"classical"
"paraboloid-surface_area-rep1-n240-r2","paraboloid","surface_area",1,240,2,"geodesic",8,2,"random",92134.0798555798,2075.24747945291,0.00656377192367623,116,TRUE,"stress_tolerance",0.081017108833112,"","",FALSE,"Gaussian"
"paraboloid-surface_area-rep1-n240-r2","paraboloid","surface_area",1,240,2,"geodesic",8,3,"random",90377.7775424226,2075.24658366876,0.00656376909041278,73,TRUE,"stress_tolerance",0.0810170913475228,"","",FALSE,"Gaussian"
"paraboloid-surface_area-rep1-n240-r32","paraboloid","surface_area",1,240,32,"ambient",128,1,"supplied",32442.138411248,1923.76526934847,4.49792290942277e-07,25,TRUE,"stress_tolerance",0.000670665558194165,"","",TRUE,"classical"
"paraboloid-surface_area-rep1-n240-r32","paraboloid","surface_area",1,240,32,"ambient",128,2,"random",1858759335.16307,108194.163101818,2.52966935537987e-05,472,TRUE,"stress_tolerance",0.00502958184681439,"","",FALSE,"Gaussian"
"paraboloid-surface_area-rep1-n240-r32","paraboloid","surface_area",1,240,32,"ambient",128,3,"random",1823974998.05333,181789.244497312,4.25038345654322e-05,431,TRUE,"stress_tolerance",0.00651949649631309,"","",FALSE,"Gaussian"
"paraboloid-surface_area-rep1-n240-r32","paraboloid","surface_area",1,240,32,"ambient",16,1,"supplied",781037.908347829,290067.826735087,6.3649041589125e-05,180,TRUE,"stress_tolerance",0.00797803494534402,"","",TRUE,"classical"
"paraboloid-surface_area-rep1-n240-r32","paraboloid","surface_area",1,240,32,"ambient",16,2,"random",1962652028.00151,413584.961947702,9.07521759305192e-05,356,TRUE,"stress_tolerance",0.00952639364767834,"","",FALSE,"Gaussian"
"paraboloid-surface_area-rep1-n240-r32","paraboloid","surface_area",1,240,32,"ambient",16,3,"random",1923957056.48966,293589.395502029,6.4421772847979e-05,453,TRUE,"stress_tolerance",0.00802631751477505,"","",FALSE,"Gaussian"
"paraboloid-surface_area-rep1-n240-r32","paraboloid","surface_area",1,240,32,"ambient",239,1,"supplied",6.56214541431668e-21,2.98025982681967e-19,6.97363121719747e-29,1,TRUE,"stress_tolerance",8.36291676997109e-15,"","",TRUE,"classical"
"paraboloid-surface_area-rep1-n240-r32","paraboloid","surface_area",1,240,32,"ambient",239,2,"random",1857168364.80131,105827.404543683,2.47629849357248e-05,477,TRUE,"stress_tolerance",0.00497624204955219,"","",FALSE,"Gaussian"
"paraboloid-surface_area-rep1-n240-r32","paraboloid","surface_area",1,240,32,"ambient",239,3,"random",1822441650.45093,178171.667106318,4.16911132570158e-05,433,TRUE,"stress_tolerance",0.00645686559075082,"","",FALSE,"Gaussian"
"paraboloid-surface_area-rep1-n240-r32","paraboloid","surface_area",1,240,32,"ambient",32,1,"supplied",559076.753550072,136520.927241657,3.14366994117608e-05,58,TRUE,"stress_tolerance",0.00560684397961689,"","",TRUE,"classical"
"paraboloid-surface_area-rep1-n240-r32","paraboloid","surface_area",1,240,32,"ambient",32,2,"random",1876812150.7133,168136.431636805,3.87168075131523e-05,537,TRUE,"stress_tolerance",0.00622228314312025,"","",FALSE,"Gaussian"
"paraboloid-surface_area-rep1-n240-r32","paraboloid","surface_area",1,240,32,"ambient",32,3,"random",1841805172.08547,139500.00490862,3.21226921824868e-05,395,TRUE,"stress_tolerance",0.00566768843378788,"","",FALSE,"Gaussian"
"paraboloid-surface_area-rep1-n240-r32","paraboloid","surface_area",1,240,32,"ambient",4,1,"supplied",10764450.7942576,2821361.70905514,0.000433988673689546,291,TRUE,"stress_tolerance",0.0208323948140762,"","",TRUE,"classical"
"paraboloid-surface_area-rep1-n240-r32","paraboloid","surface_area",1,240,32,"ambient",4,2,"random",2651643424.43971,3056417.93721481,0.000470145590533664,743,TRUE,"stress_tolerance",0.0216828409239581,"","",FALSE,"Gaussian"
"paraboloid-surface_area-rep1-n240-r32","paraboloid","surface_area",1,240,32,"ambient",4,3,"random",2623961951.74743,2823820.05698338,0.000434366822706534,926,TRUE,"stress_tolerance",0.0208414688231551,"","",FALSE,"Gaussian"
"paraboloid-surface_area-rep1-n240-r32","paraboloid","surface_area",1,240,32,"ambient",64,1,"supplied",217963.399359569,27534.7998396588,6.41888132060635e-06,34,TRUE,"stress_tolerance",0.00253355112847786,"","",TRUE,"classical"
"paraboloid-surface_area-rep1-n240-r32","paraboloid","surface_area",1,240,32,"ambient",64,2,"random",1861801575.20321,158323.461515275,3.69081858467118e-05,446,TRUE,"stress_tolerance",0.00607521076562106,"","",FALSE,"Gaussian"
"paraboloid-surface_area-rep1-n240-r32","paraboloid","surface_area",1,240,32,"ambient",64,3,"random",1826917734.68934,155064.391334814,3.61484351012651e-05,511,TRUE,"stress_tolerance",0.00601235686742487,"","",FALSE,"Gaussian"
"paraboloid-surface_area-rep1-n240-r32","paraboloid","surface_area",1,240,32,"ambient",8,1,"supplied",1741385.92257839,653353.719922008,0.000133643512306411,190,TRUE,"stress_tolerance",0.0115604287250265,"","",TRUE,"classical"
"paraboloid-surface_area-rep1-n240-r32","paraboloid","surface_area",1,240,32,"ambient",8,2,"random",2074119909.96655,794344.552626059,0.00016248318905582,306,TRUE,"stress_tolerance",0.0127468893874477,"","",FALSE,"Gaussian"
"paraboloid-surface_area-rep1-n240-r32","paraboloid","surface_area",1,240,32,"ambient",8,3,"random",2036744595.95795,697278.796176942,0.000142628387252462,394,TRUE,"stress_tolerance",0.0119427127258621,"","",FALSE,"Gaussian"
"paraboloid-surface_area-rep1-n240-r32","paraboloid","surface_area",1,240,32,"geodesic",128,1,"supplied",208266.001847435,122173.732606536,2.84365440684014e-05,27,TRUE,"stress_tolerance",0.0053325926216435,"","",TRUE,"classical"
"paraboloid-surface_area-rep1-n240-r32","paraboloid","surface_area",1,240,32,"geodesic",128,2,"random",1845314827.78593,171938.094377015,4.00194468440706e-05,583,TRUE,"stress_tolerance",0.00632609254153594,"","",FALSE,"Gaussian"
"paraboloid-surface_area-rep1-n240-r32","paraboloid","surface_area",1,240,32,"geodesic",128,3,"random",1810402430.07389,171095.537410261,3.98233375184073e-05,394,TRUE,"stress_tolerance",0.00631057346985308,"","",FALSE,"Gaussian"
"paraboloid-surface_area-rep1-n240-r32","paraboloid","surface_area",1,240,32,"geodesic",16,1,"supplied",576138.834519039,249661.751276318,5.62141976050984e-05,98,TRUE,"stress_tolerance",0.00749761279375669,"","",TRUE,"classical"
"paraboloid-surface_area-rep1-n240-r32","paraboloid","surface_area",1,240,32,"geodesic",16,2,"random",1901794181.61876,300861.08484458,6.77423129040662e-05,711,TRUE,"stress_tolerance",0.00823057184550822,"","",FALSE,"Gaussian"
"paraboloid-surface_area-rep1-n240-r32","paraboloid","surface_area",1,240,32,"geodesic",16,3,"random",1865861908.8103,303818.930989374,6.84083057797027e-05,447,TRUE,"stress_tolerance",0.00827093137317129,"","",FALSE,"Gaussian"
"paraboloid-surface_area-rep1-n240-r32","paraboloid","surface_area",1,240,32,"geodesic",239,1,"supplied",207830.626334826,122124.733059131,2.8426889962994e-05,27,TRUE,"stress_tolerance",0.0053316873467036,"","",TRUE,"classical"
"paraboloid-surface_area-rep1-n240-r32","paraboloid","surface_area",1,240,32,"geodesic",239,2,"random",1845184541.71708,171941.077446486,4.00226061196245e-05,582,TRUE,"stress_tolerance",0.00632634223857916,"","",FALSE,"Gaussian"
"paraboloid-surface_area-rep1-n240-r32","paraboloid","surface_area",1,240,32,"geodesic",239,3,"random",1810274461.41448,171059.715748555,3.98174521645075e-05,394,TRUE,"stress_tolerance",0.00631010714366353,"","",FALSE,"Gaussian"
"paraboloid-surface_area-rep1-n240-r32","paraboloid","surface_area",1,240,32,"geodesic",32,1,"supplied",330280.768772446,159647.863351906,3.67797033810563e-05,50,TRUE,"stress_tolerance",0.00606462722523502,"","",TRUE,"classical"
"paraboloid-surface_area-rep1-n240-r32","paraboloid","surface_area",1,240,32,"geodesic",32,2,"random",1862409847.9634,205508.57196576,4.73451016535316e-05,676,TRUE,"stress_tolerance",0.00688077769249504,"","",FALSE,"Gaussian"
"paraboloid-surface_area-rep1-n240-r32","paraboloid","surface_area",1,240,32,"geodesic",32,3,"random",1827406630.82151,207099.950412664,4.77117237054353e-05,433,TRUE,"stress_tolerance",0.00690736734982593,"","",FALSE,"Gaussian"
"paraboloid-surface_area-rep1-n240-r32","paraboloid","surface_area",1,240,32,"geodesic",4,1,"supplied",11497221.3861451,3175420.10790717,0.000487664108744912,316,TRUE,"stress_tolerance",0.0220831181843715,"","",FALSE,"classical"
"paraboloid-surface_area-rep1-n240-r32","paraboloid","surface_area",1,240,32,"geodesic",4,2,"random",2637390241.69112,3490376.11264675,0.000536033374582438,350,TRUE,"stress_tolerance",0.0231523945755605,"","",FALSE,"Gaussian"
"paraboloid-surface_area-rep1-n240-r32","paraboloid","surface_area",1,240,32,"geodesic",4,3,"random",2612389965.39583,3173233.73522294,0.000487328337272097,661,TRUE,"stress_tolerance",0.0220755144282552,"","",TRUE,"Gaussian"
"paraboloid-surface_area-rep1-n240-r32","paraboloid","surface_area",1,240,32,"geodesic",64,1,"supplied",215995.585517622,124233.158154075,2.88869442219431e-05,29,TRUE,"stress_tolerance",0.00537465759113527,"","",TRUE,"classical"
"paraboloid-surface_area-rep1-n240-r32","paraboloid","surface_area",1,240,32,"geodesic",64,2,"random",1847044754.8189,173325.944491044,4.03020978064394e-05,589,TRUE,"stress_tolerance",0.00634839332480632,"","",FALSE,"Gaussian"
"paraboloid-surface_area-rep1-n240-r32","paraboloid","surface_area",1,240,32,"geodesic",64,3,"random",1812068538.41973,172560.72601707,4.01241676652137e-05,393,TRUE,"stress_tolerance",0.00633436403005226,"","",FALSE,"Gaussian"
"paraboloid-surface_area-rep1-n240-r32","paraboloid","surface_area",1,240,32,"geodesic",8,1,"supplied",1995598.76715132,687673.36190502,0.000141016199186438,182,TRUE,"stress_tolerance",0.0118750241762466,"","",TRUE,"classical"
"paraboloid-surface_area-rep1-n240-r32","paraboloid","surface_area",1,240,32,"geodesic",8,2,"random",2067030819.13246,820116.234824855,0.000168175300560888,311,TRUE,"stress_tolerance",0.0129682419996272,"","",FALSE,"Gaussian"
"paraboloid-surface_area-rep1-n240-r32","paraboloid","surface_area",1,240,32,"geodesic",8,3,"random",2028175620.62456,718480.629220309,0.000147333622522551,327,TRUE,"stress_tolerance",0.0121381062164803,"","",FALSE,"Gaussian"
"paraboloid-surface_area-rep1-n240-r4","paraboloid","surface_area",1,240,4,"ambient",128,1,"supplied",2736.86304427025,1724.02283937966,0.00103225383236302,18,TRUE,"stress_tolerance",0.0321287072936809,"","",TRUE,"classical"
"paraboloid-surface_area-rep1-n240-r4","paraboloid","surface_area",1,240,4,"ambient",128,2,"random",500290.708013352,1724.06729423644,0.00103228044958364,117,TRUE,"stress_tolerance",0.0321291215190152,"","",FALSE,"Gaussian"
"paraboloid-surface_area-rep1-n240-r4","paraboloid","surface_area",1,240,4,"ambient",128,3,"random",486818.661590916,1724.0668926777,0.00103228020915147,87,TRUE,"stress_tolerance",0.03212911777736,"","",FALSE,"Gaussian"
"paraboloid-surface_area-rep1-n240-r4","paraboloid","surface_area",1,240,4,"ambient",16,1,"supplied",8754.56160776887,7367.28643613325,0.00371150776615126,20,TRUE,"stress_tolerance",0.0609221451210581,"","",TRUE,"classical"
"paraboloid-surface_area-rep1-n240-r4","paraboloid","surface_area",1,240,4,"ambient",16,2,"random",581953.593840934,7367.29758777941,0.00371151338415209,79,TRUE,"stress_tolerance",0.0609221912290758,"","",FALSE,"Gaussian"
"paraboloid-surface_area-rep1-n240-r4","paraboloid","surface_area",1,240,4,"ambient",16,3,"random",566288.76869539,7367.3146142979,0.00371152196180903,68,TRUE,"stress_tolerance",0.0609222616274956,"","",FALSE,"Gaussian"
"paraboloid-surface_area-rep1-n240-r4","paraboloid","surface_area",1,240,4,"ambient",239,1,"supplied",9.11719801409239e-25,7.34067625227516e-23,4.59015167750922e-29,1,TRUE,"stress_tolerance",6.7186275413289e-15,"","",TRUE,"classical"
"paraboloid-surface_area-rep1-n240-r4","paraboloid","surface_area",1,240,4,"ambient",239,2,"random",472545.254112687,0.070936279753327,4.43567148742023e-08,204,TRUE,"stress_tolerance",0.000210610338964086,"","",FALSE,"Gaussian"
"paraboloid-surface_area-rep1-n240-r4","paraboloid","surface_area",1,240,4,"ambient",239,3,"random",459427.141591456,0.0898473096657055,5.6181850964195e-08,93,TRUE,"stress_tolerance",0.00023702711019773,"","",FALSE,"Gaussian"
"paraboloid-surface_area-rep1-n240-r4","paraboloid","surface_area",1,240,4,"ambient",32,1,"supplied",7945.08366069502,6587.7727495896,0.00346118307982515,20,TRUE,"stress_tolerance",0.0588318203001161,"","",TRUE,"classical"
"paraboloid-surface_area-rep1-n240-r4","paraboloid","surface_area",1,240,4,"ambient",32,2,"random",561220.756908318,6587.78964997726,0.00346119195920488,81,TRUE,"stress_tolerance",0.0588318957641593,"","",FALSE,"Gaussian"
"paraboloid-surface_area-rep1-n240-r4","paraboloid","surface_area",1,240,4,"ambient",32,3,"random",546604.103485592,6587.80486717699,0.00346119995424603,69,TRUE,"stress_tolerance",0.0588319637123056,"","",FALSE,"Gaussian"
"paraboloid-surface_area-rep1-n240-r4","paraboloid","surface_area",1,240,4,"ambient",4,1,"supplied",17560.8239679889,10542.6326394993,0.00275972641871533,445,TRUE,"stress_tolerance",0.0525330983163505,"","",FALSE,"classical"
"paraboloid-surface_area-rep1-n240-r4","paraboloid","surface_area",1,240,4,"ambient",4,2,"random",1188209.85531813,10067.4650371805,0.00263534263050255,227,TRUE,"stress_tolerance",0.0513355883428107,"","",TRUE,"Gaussian"
"paraboloid-surface_area-rep1-n240-r4","paraboloid","surface_area",1,240,4,"ambient",4,3,"random",1185013.40662235,10067.8760505129,0.00263545022074026,322,TRUE,"stress_tolerance",0.0513366362429434,"","",FALSE,"Gaussian"
"paraboloid-surface_area-rep1-n240-r4","paraboloid","surface_area",1,240,4,"ambient",64,1,"supplied",6980.59925475633,5502.22249725647,0.00301920435183581,19,TRUE,"stress_tolerance",0.0549472870288954,"","",TRUE,"classical"
"paraboloid-surface_area-rep1-n240-r4","paraboloid","surface_area",1,240,4,"ambient",64,2,"random",541507.573911061,5502.24689055901,0.00301921773703884,86,TRUE,"stress_tolerance",0.0549474088291604,"","",FALSE,"Gaussian"
"paraboloid-surface_area-rep1-n240-r4","paraboloid","surface_area",1,240,4,"ambient",64,3,"random",528168.627007897,5502.2609309157,0.0030192254413267,73,TRUE,"stress_tolerance",0.0549474789351312,"","",FALSE,"Gaussian"
"paraboloid-surface_area-rep1-n240-r4","paraboloid","surface_area",1,240,4,"ambient",8,1,"supplied",10941.2710404334,9057.58013675526,0.00411157435828756,23,TRUE,"stress_tolerance",0.0641215592315684,"","",TRUE,"classical"
"paraboloid-surface_area-rep1-n240-r4","paraboloid","surface_area",1,240,4,"ambient",8,2,"random",643184.824630426,9057.58064162869,0.00411157458746849,83,TRUE,"stress_tolerance",0.0641215610186501,"","",FALSE,"Gaussian"
"paraboloid-surface_area-rep1-n240-r4","paraboloid","surface_area",1,240,4,"ambient",8,3,"random",625821.043935317,9057.60644892409,0.00411158630236501,71,TRUE,"stress_tolerance",0.0641216523677067,"","",FALSE,"Gaussian"
"paraboloid-surface_area-rep1-n240-r4","paraboloid","surface_area",1,240,4,"geodesic",128,1,"supplied",8491.44106315478,7222.67831630312,0.00373142196881662,19,TRUE,"stress_tolerance",0.0610853662411602,"","",TRUE,"classical"
"paraboloid-surface_area-rep1-n240-r4","paraboloid","surface_area",1,240,4,"geodesic",128,2,"random",566139.195105854,7222.69475917651,0.00373143046362925,78,TRUE,"stress_tolerance",0.0610854357734253,"","",FALSE,"Gaussian"
"paraboloid-surface_area-rep1-n240-r4","paraboloid","surface_area",1,240,4,"geodesic",128,3,"random",551405.787096246,7222.69741183937,0.00373143183406333,68,TRUE,"stress_tolerance",0.0610854469907796,"","",FALSE,"Gaussian"
"paraboloid-surface_area-rep1-n240-r4","paraboloid","surface_area",1,240,4,"geodesic",16,1,"supplied",9104.20468299985,7733.27400124444,0.00384145578055556,19,TRUE,"stress_tolerance",0.0619794787050965,"","",TRUE,"classical"
"paraboloid-surface_area-rep1-n240-r4","paraboloid","surface_area",1,240,4,"geodesic",16,2,"random",587708.065085568,7733.28678304655,0.00384146212983629,77,TRUE,"stress_tolerance",0.0619795299259063,"","",FALSE,"Gaussian"
"paraboloid-surface_area-rep1-n240-r4","paraboloid","surface_area",1,240,4,"geodesic",16,3,"random",571859.169025882,7733.29382388314,0.00384146562732809,68,TRUE,"stress_tolerance",0.0619795581407941,"","",FALSE,"Gaussian"
"paraboloid-surface_area-rep1-n240-r4","paraboloid","surface_area",1,240,4,"geodesic",239,1,"supplied",8463.8939797705,7199.32704354588,0.00372081147055863,19,TRUE,"stress_tolerance",0.0609984546571359,"","",TRUE,"classical"
"paraboloid-surface_area-rep1-n240-r4","paraboloid","surface_area",1,240,4,"geodesic",239,2,"random",565842.768811248,7199.34350444762,0.00372081997800823,78,TRUE,"stress_tolerance",0.0609985243920557,"","",FALSE,"Gaussian"
"paraboloid-surface_area-rep1-n240-r4","paraboloid","surface_area",1,240,4,"geodesic",239,3,"random",551114.162865716,7199.34595858136,0.00372082124637247,68,TRUE,"stress_tolerance",0.0609985347887347,"","",FALSE,"Gaussian"
"paraboloid-surface_area-rep1-n240-r4","paraboloid","surface_area",1,240,4,"geodesic",32,1,"supplied",8642.63020468647,7347.08167029744,0.00375203481648917,19,TRUE,"stress_tolerance",0.0612538555234622,"","",TRUE,"classical"
"paraboloid-surface_area-rep1-n240-r4","paraboloid","surface_area",1,240,4,"geodesic",32,2,"random",572796.639233532,7347.09543249195,0.00375204184461752,78,TRUE,"stress_tolerance",0.0612539128923,"","",FALSE,"Gaussian"
"paraboloid-surface_area-rep1-n240-r4","paraboloid","surface_area",1,240,4,"geodesic",32,3,"random",557738.569446617,7347.09915349731,0.00375204374487429,68,TRUE,"stress_tolerance",0.0612539284036075,"","",FALSE,"Gaussian"
"paraboloid-surface_area-rep1-n240-r4","paraboloid","surface_area",1,240,4,"geodesic",4,1,"supplied",17340.8122242844,11706.0125425032,0.00317255853048795,167,TRUE,"stress_tolerance",0.0563254696428526,"","",TRUE,"classical"
"paraboloid-surface_area-rep1-n240-r4","paraboloid","surface_area",1,240,4,"geodesic",4,2,"random",1139080.74509743,12083.7376732993,0.00327492943446022,528,TRUE,"stress_tolerance",0.0572269991739933,"","",FALSE,"Gaussian"
"paraboloid-surface_area-rep1-n240-r4","paraboloid","surface_area",1,240,4,"geodesic",4,3,"random",1138573.3887931,12083.6313187541,0.00327490061029671,405,TRUE,"stress_tolerance",0.0572267473328398,"","",FALSE,"Gaussian"
"paraboloid-surface_area-rep1-n240-r4","paraboloid","surface_area",1,240,4,"geodesic",64,1,"supplied",8538.70886633177,7255.18160107297,0.0037388715544086,19,TRUE,"stress_tolerance",0.0611463126803952,"","",TRUE,"classical"
"paraboloid-surface_area-rep1-n240-r4","paraboloid","surface_area",1,240,4,"geodesic",64,2,"random",567681.948022261,7255.18551005333,0.00373887356885515,79,TRUE,"stress_tolerance",0.0611463291527392,"","",FALSE,"Gaussian"
"paraboloid-surface_area-rep1-n240-r4","paraboloid","surface_area",1,240,4,"geodesic",64,3,"random",552943.872094024,7255.20014417999,0.00373888111037828,68,TRUE,"stress_tolerance",0.0611463908205405,"","",FALSE,"Gaussian"
"paraboloid-surface_area-rep1-n240-r4","paraboloid","surface_area",1,240,4,"geodesic",8,1,"supplied",11747.1733555348,9559.83918063473,0.00426200912420527,23,TRUE,"stress_tolerance",0.0652840648566351,"","",TRUE,"classical"
"paraboloid-surface_area-rep1-n240-r4","paraboloid","surface_area",1,240,4,"geodesic",8,2,"random",652266.954423704,9559.8605510537,0.0042620186516585,106,TRUE,"stress_tolerance",0.0652841378258033,"","",FALSE,"Gaussian"
"paraboloid-surface_area-rep1-n240-r4","paraboloid","surface_area",1,240,4,"geodesic",8,3,"random",637101.699529606,9559.85874176631,0.00426201784503411,70,TRUE,"stress_tolerance",0.0652841316480057,"","",FALSE,"Gaussian"
"paraboloid-surface_area-rep1-n240-r64","paraboloid","surface_area",1,240,64,"ambient",128,1,"supplied",71793.9828376154,7506.81701368015,1.10477457671987e-07,21,TRUE,"stress_tolerance",0.00033238149418561,"","",TRUE,"classical"
"paraboloid-surface_area-rep1-n240-r64","paraboloid","surface_area",1,240,64,"ambient",128,2,"random",30061821741.0653,449299.122729468,6.61231314456555e-06,441,TRUE,"stress_tolerance",0.00257144184156901,"","",FALSE,"Gaussian"
"paraboloid-surface_area-rep1-n240-r64","paraboloid","surface_area",1,240,64,"ambient",128,3,"random",29513256334.3568,439524.866674643,6.46846589777583e-06,485,TRUE,"stress_tolerance",0.00254331789160972,"","",FALSE,"Gaussian"
"paraboloid-surface_area-rep1-n240-r64","paraboloid","surface_area",1,240,64,"ambient",16,1,"supplied",3549599.43273072,866702.665856652,1.23510540818547e-05,108,TRUE,"stress_tolerance",0.0035144066471968,"","",TRUE,"classical"
"paraboloid-surface_area-rep1-n240-r64","paraboloid","surface_area",1,240,64,"ambient",16,2,"random",30896686165.6305,1287416.51668926,1.83464891131788e-05,467,TRUE,"stress_tolerance",0.00428328018149468,"","",FALSE,"Gaussian"
"paraboloid-surface_area-rep1-n240-r64","paraboloid","surface_area",1,240,64,"ambient",16,3,"random",30336552019.3583,1222843.20967428,1.74262791742858e-05,376,TRUE,"stress_tolerance",0.00417447950938701,"","",FALSE,"Gaussian"
"paraboloid-surface_area-rep1-n240-r64","paraboloid","surface_area",1,240,64,"ambient",239,1,"supplied",2.70685598103627e-20,4.91185325425397e-18,7.23018862268406e-29,1,TRUE,"stress_tolerance",8.50335902937987e-15,"","",TRUE,"classical"
"paraboloid-surface_area-rep1-n240-r64","paraboloid","surface_area",1,240,64,"ambient",239,2,"random",30055434774.6632,443836.72440816,6.53322293854367e-06,444,TRUE,"stress_tolerance",0.002556017006702,"","",FALSE,"Gaussian"
"paraboloid-surface_area-rep1-n240-r64","paraboloid","surface_area",1,240,64,"ambient",239,3,"random",29507096010.9753,430560.295551615,6.33779551044343e-06,493,TRUE,"stress_tolerance",0.00251749786701987,"","",FALSE,"Gaussian"
"paraboloid-surface_area-rep1-n240-r64","paraboloid","surface_area",1,240,64,"ambient",32,1,"supplied",1444443.43975091,202214.175838274,2.96178948788036e-06,50,TRUE,"stress_tolerance",0.00172098503418433,"","",TRUE,"classical"
"paraboloid-surface_area-rep1-n240-r64","paraboloid","surface_area",1,240,64,"ambient",32,2,"random",30158335472.1555,695874.094378158,1.0192324890545e-05,526,TRUE,"stress_tolerance",0.00319254207341908,"","",FALSE,"Gaussian"
"paraboloid-surface_area-rep1-n240-r64","paraboloid","surface_area",1,240,64,"ambient",32,3,"random",29607759840.5236,668428.26509737,9.79033146791275e-06,499,TRUE,"stress_tolerance",0.00312895053778723,"","",FALSE,"Gaussian"
"paraboloid-surface_area-rep1-n240-r64","paraboloid","surface_area",1,240,64,"ambient",4,1,"supplied",23982862.5370303,8605126.34073197,7.97365889837345e-05,265,TRUE,"stress_tolerance",0.00892953464541913,"","",TRUE,"classical"
"paraboloid-surface_area-rep1-n240-r64","paraboloid","surface_area",1,240,64,"ambient",4,2,"random",46945806260.3244,9018646.29740244,8.35683364231103e-05,292,TRUE,"stress_tolerance",0.00914157187922931,"","",FALSE,"Gaussian"
"paraboloid-surface_area-rep1-n240-r64","paraboloid","surface_area",1,240,64,"ambient",4,3,"random",46199254863.4957,9270639.19538676,8.59033461995835e-05,536,TRUE,"stress_tolerance",0.00926840580680358,"","",FALSE,"Gaussian"
"paraboloid-surface_area-rep1-n240-r64","paraboloid","surface_area",1,240,64,"ambient",64,1,"supplied",495029.14756647,35724.6406905852,5.25358811052431e-07,34,TRUE,"stress_tolerance",0.000724816398171431,"","",TRUE,"classical"
"paraboloid-surface_area-rep1-n240-r64","paraboloid","surface_area",1,240,64,"ambient",64,2,"random",30074621810.3893,536593.369492387,7.89102561049497e-06,428,TRUE,"stress_tolerance",0.00280909693860876,"","",FALSE,"Gaussian"
"paraboloid-surface_area-rep1-n240-r64","paraboloid","surface_area",1,240,64,"ambient",64,3,"random",29525553058.8828,449725.555554098,6.61356639559039e-06,446,TRUE,"stress_tolerance",0.00257168551646515,"","",FALSE,"Gaussian"
"paraboloid-surface_area-rep1-n240-r64","paraboloid","surface_area",1,240,64,"ambient",8,1,"supplied",4982666.04371668,2315976.84010769,2.85353179316313e-05,244,TRUE,"stress_tolerance",0.0053418459292306,"","",TRUE,"classical"
"paraboloid-surface_area-rep1-n240-r64","paraboloid","surface_area",1,240,64,"ambient",8,2,"random",35591169929.2912,2609196.63039133,3.21481001471913e-05,442,TRUE,"stress_tolerance",0.00566992946580441,"","",FALSE,"Gaussian"
"paraboloid-surface_area-rep1-n240-r64","paraboloid","surface_area",1,240,64,"ambient",8,3,"random",34927819878.8337,2807755.83623056,3.459456246441e-05,457,TRUE,"stress_tolerance",0.00588171424538935,"","",FALSE,"Gaussian"
"paraboloid-surface_area-rep1-n240-r64","paraboloid","surface_area",1,240,64,"geodesic",128,1,"supplied",460504.587466054,260982.812984299,3.83649281665932e-06,24,TRUE,"stress_tolerance",0.0019586967138036,"","",TRUE,"classical"
"paraboloid-surface_area-rep1-n240-r64","paraboloid","surface_area",1,240,64,"geodesic",128,2,"random",29972620497.0894,1212816.40666267,1.78286124625679e-05,391,TRUE,"stress_tolerance",0.0042223941623887,"","",FALSE,"Gaussian"
"paraboloid-surface_area-rep1-n240-r64","paraboloid","surface_area",1,240,64,"geodesic",128,3,"random",29423402122.6572,1033950.07608212,1.51992462427481e-05,484,TRUE,"stress_tolerance",0.00389862106939804,"","",FALSE,"Gaussian"
"paraboloid-surface_area-rep1-n240-r64","paraboloid","surface_area",1,240,64,"geodesic",16,1,"supplied",2595171.00850729,864890.064859799,1.23971496790473e-05,150,TRUE,"stress_tolerance",0.0035209586306933,"","",TRUE,"classical"
"paraboloid-surface_area-rep1-n240-r64","paraboloid","surface_area",1,240,64,"geodesic",16,2,"random",30670988195.3252,1642852.79743565,2.35483015217117e-05,343,TRUE,"stress_tolerance",0.00485265922167605,"","",FALSE,"Gaussian"
"paraboloid-surface_area-rep1-n240-r64","paraboloid","surface_area",1,240,64,"geodesic",16,3,"random",30106792570.2982,1486262.24923594,2.13037660099405e-05,397,TRUE,"stress_tolerance",0.00461560028706415,"","",FALSE,"Gaussian"
"paraboloid-surface_area-rep1-n240-r64","paraboloid","surface_area",1,240,64,"geodesic",239,1,"supplied",459714.404076469,260884.205968205,3.83510353584943e-06,24,TRUE,"stress_tolerance",0.00195834203750392,"","",TRUE,"classical"
"paraboloid-surface_area-rep1-n240-r64","paraboloid","surface_area",1,240,64,"geodesic",239,2,"random",29972088230.7636,1212859.12090662,1.78295205177851e-05,391,TRUE,"stress_tolerance",0.00422250168949537,"","",FALSE,"Gaussian"
"paraboloid-surface_area-rep1-n240-r64","paraboloid","surface_area",1,240,64,"geodesic",239,3,"random",29422876624.837,1004433.49865342,1.47655794183294e-05,525,TRUE,"stress_tolerance",0.00384260060614366,"","",FALSE,"Gaussian"
"paraboloid-surface_area-rep1-n240-r64","paraboloid","surface_area",1,240,64,"geodesic",32,1,"supplied",996122.841710852,343342.750692552,5.02809879779266e-06,48,TRUE,"stress_tolerance",0.00224234225706024,"","",TRUE,"classical"
"paraboloid-surface_area-rep1-n240-r64","paraboloid","surface_area",1,240,64,"geodesic",32,2,"random",30068542826.474,1209994.91177583,1.77198264677597e-05,546,TRUE,"stress_tolerance",0.00420949242400623,"","",FALSE,"Gaussian"
"paraboloid-surface_area-rep1-n240-r64","paraboloid","surface_area",1,240,64,"geodesic",32,3,"random",29517140692.4773,1196720.95180016,1.7525435346756e-05,492,TRUE,"stress_tolerance",0.0041863391342272,"","",FALSE,"Gaussian"
"paraboloid-surface_area-rep1-n240-r64","paraboloid","surface_area",1,240,64,"geodesic",4,1,"supplied",27632629.5124531,7999222.90367926,8.47117970751735e-05,238,TRUE,"stress_tolerance",0.00920390118782135,"","",TRUE,"classical"
"paraboloid-surface_area-rep1-n240-r64","paraboloid","surface_area",1,240,64,"geodesic",4,2,"random",41053571707.9219,9102589.7047308,9.63964551570442e-05,534,TRUE,"stress_tolerance",0.00981816964393315,"","",FALSE,"Gaussian"
"paraboloid-surface_area-rep1-n240-r64","paraboloid","surface_area",1,240,64,"geodesic",4,3,"random",40194319710.9702,8711774.24439937,9.22577181362008e-05,398,TRUE,"stress_tolerance",0.00960508813786774,"","",FALSE,"Gaussian"
"paraboloid-surface_area-rep1-n240-r64","paraboloid","surface_area",1,240,64,"geodesic",64,1,"supplied",479114.218930876,263149.186637085,3.86716618369818e-06,26,TRUE,"stress_tolerance",0.00196651117050047,"","",TRUE,"classical"
"paraboloid-surface_area-rep1-n240-r64","paraboloid","surface_area",1,240,64,"geodesic",64,2,"random",29981168704.0995,1215002.01170567,1.78553266792855e-05,391,TRUE,"stress_tolerance",0.004225556375117,"","",FALSE,"Gaussian"
"paraboloid-surface_area-rep1-n240-r64","paraboloid","surface_area",1,240,64,"geodesic",64,3,"random",29431547623.2606,992066.761727978,1.45791331599911e-05,537,TRUE,"stress_tolerance",0.00381826310774903,"","",FALSE,"Gaussian"
"paraboloid-surface_area-rep1-n240-r64","paraboloid","surface_area",1,240,64,"geodesic",8,1,"supplied",7537795.12115546,2906949.76093271,3.91204890059086e-05,283,TRUE,"stress_tolerance",0.00625463740003484,"","",TRUE,"classical"
"paraboloid-surface_area-rep1-n240-r64","paraboloid","surface_area",1,240,64,"geodesic",8,2,"random",32457550070.7313,3308644.62252401,4.45263269835042e-05,564,TRUE,"stress_tolerance",0.00667280503113269,"","",FALSE,"Gaussian"
"paraboloid-surface_area-rep1-n240-r64","paraboloid","surface_area",1,240,64,"geodesic",8,3,"random",31842775691.9701,3134603.84007491,4.21841604253195e-05,371,TRUE,"stress_tolerance",0.00649493344271714,"","",FALSE,"Gaussian"
"paraboloid-surface_area-rep1-n240-r8","paraboloid","surface_area",1,240,8,"ambient",128,1,"supplied",6048.88255398184,1743.80861200782,9.1438390989607e-05,21,TRUE,"stress_tolerance",0.00956234233802632,"","",TRUE,"classical"
"paraboloid-surface_area-rep1-n240-r8","paraboloid","surface_area",1,240,8,"ambient",128,2,"random",6970583.60901546,1746.45600261222,9.15772096280287e-05,205,TRUE,"stress_tolerance",0.00956959819574651,"","",FALSE,"Gaussian"
"paraboloid-surface_area-rep1-n240-r8","paraboloid","surface_area",1,240,8,"ambient",128,3,"random",6809255.81691593,1746.77363190106,9.159386484518e-05,179,TRUE,"stress_tolerance",0.00957046837125466,"","",FALSE,"Gaussian"
"paraboloid-surface_area-rep1-n240-r8","paraboloid","surface_area",1,240,8,"ambient",16,1,"supplied",34413.8192912606,23561.4751464808,0.00112164757015886,32,TRUE,"stress_tolerance",0.0334910073028397,"","",TRUE,"classical"
"paraboloid-surface_area-rep1-n240-r8","paraboloid","surface_area",1,240,8,"ambient",16,2,"random",7313199.28618848,23562.8675978142,0.00112171385801414,160,TRUE,"stress_tolerance",0.0334919969248499,"","",FALSE,"Gaussian"
"paraboloid-surface_area-rep1-n240-r8","paraboloid","surface_area",1,240,8,"ambient",16,3,"random",7138590.7896727,23562.8857341533,0.00112171472139728,130,TRUE,"stress_tolerance",0.0334920098142424,"","",FALSE,"Gaussian"
"paraboloid-surface_area-rep1-n240-r8","paraboloid","surface_area",1,240,8,"ambient",239,1,"supplied",4.69811929392415e-24,1.04097388113648e-21,5.52587751253095e-29,1,TRUE,"stress_tolerance",7.38722512488528e-15,"","",TRUE,"classical"
"paraboloid-surface_area-rep1-n240-r8","paraboloid","surface_area",1,240,8,"ambient",239,2,"random",6871858.51957928,2.36360743354079,1.25469095835477e-07,245,TRUE,"stress_tolerance",0.000354216171060269,"","",FALSE,"Gaussian"
"paraboloid-surface_area-rep1-n240-r8","paraboloid","surface_area",1,240,8,"ambient",239,3,"random",6714231.82943349,3.75975172034836,1.99581640429735e-07,187,TRUE,"stress_tolerance",0.000446745610426933,"","",FALSE,"Gaussian"
"paraboloid-surface_area-rep1-n240-r8","paraboloid","surface_area",1,240,8,"ambient",32,1,"supplied",29916.3244000221,18754.8039907905,0.000928415014480251,26,TRUE,"stress_tolerance",0.0304699034209211,"","",TRUE,"classical"
"paraboloid-surface_area-rep1-n240-r8","paraboloid","surface_area",1,240,8,"ambient",32,2,"random",7122218.67100357,18756.5248357342,0.000928500201096124,155,TRUE,"stress_tolerance",0.0304713012701482,"","",FALSE,"Gaussian"
"paraboloid-surface_area-rep1-n240-r8","paraboloid","surface_area",1,240,8,"ambient",32,3,"random",6958285.45460258,18756.6119395128,0.000928504512975679,137,TRUE,"stress_tolerance",0.0304713720231907,"","",FALSE,"Gaussian"
"paraboloid-surface_area-rep1-n240-r8","paraboloid","surface_area",1,240,8,"ambient",4,1,"supplied",160506.320023432,95009.6353663371,0.00321871881468414,80,TRUE,"stress_tolerance",0.0567337537510445,"","",FALSE,"classical"
"paraboloid-surface_area-rep1-n240-r8","paraboloid","surface_area",1,240,8,"ambient",4,2,"random",9800205.42713216,95011.3794618482,0.00321877790082856,193,TRUE,"stress_tolerance",0.0567342744804989,"","",FALSE,"Gaussian"
"paraboloid-surface_area-rep1-n240-r8","paraboloid","surface_area",1,240,8,"ambient",4,3,"random",9546040.49612909,95008.9063220773,0.00321869411625785,173,TRUE,"stress_tolerance",0.056733536081033,"","",TRUE,"Gaussian"
"paraboloid-surface_area-rep1-n240-r8","paraboloid","surface_area",1,240,8,"ambient",64,1,"supplied",28850.6858713034,14406.3939590464,0.000731573705181558,25,TRUE,"stress_tolerance",0.0270476192146659,"","",TRUE,"classical"
"paraboloid-surface_area-rep1-n240-r8","paraboloid","surface_area",1,240,8,"ambient",64,2,"random",7085527.71506219,14408.9094882583,0.000731701446726824,200,TRUE,"stress_tolerance",0.027049980530988,"","",FALSE,"Gaussian"
"paraboloid-surface_area-rep1-n240-r8","paraboloid","surface_area",1,240,8,"ambient",64,3,"random",6922746.44199115,14408.994057952,0.000731705741275782,157,TRUE,"stress_tolerance",0.0270500599126099,"","",FALSE,"Gaussian"
"paraboloid-surface_area-rep1-n240-r8","paraboloid","surface_area",1,240,8,"ambient",8,1,"supplied",50734.7633199924,35629.4111919223,0.00153442716022585,40,TRUE,"stress_tolerance",0.0391717648341997,"","",TRUE,"classical"
"paraboloid-surface_area-rep1-n240-r8","paraboloid","surface_area",1,240,8,"ambient",8,2,"random",8004398.02124721,35629.9209971599,0.00153444911565472,174,TRUE,"stress_tolerance",0.0391720450787894,"","",FALSE,"Gaussian"
"paraboloid-surface_area-rep1-n240-r8","paraboloid","surface_area",1,240,8,"ambient",8,3,"random",7812065.74187544,35630.2021600727,0.00153446122430304,145,TRUE,"stress_tolerance",0.0391721996357499,"","",FALSE,"Gaussian"
"paraboloid-surface_area-rep1-n240-r8","paraboloid","surface_area",1,240,8,"geodesic",128,1,"supplied",30424.9718953557,21393.3744355357,0.0010571547003545,25,TRUE,"stress_tolerance",0.0325139154879031,"","",TRUE,"classical"
"paraboloid-surface_area-rep1-n240-r8","paraboloid","surface_area",1,240,8,"geodesic",128,2,"random",7006123.41634881,21394.4073340688,0.00105720574108875,148,TRUE,"stress_tolerance",0.0325147003844224,"","",FALSE,"Gaussian"
"paraboloid-surface_area-rep1-n240-r8","paraboloid","surface_area",1,240,8,"geodesic",128,3,"random",6840832.48677668,21394.4675895977,0.00105720871861882,129,TRUE,"stress_tolerance",0.0325147461718343,"","",FALSE,"Gaussian"
"paraboloid-surface_area-rep1-n240-r8","paraboloid","surface_area",1,240,8,"geodesic",16,1,"supplied",35224.6690488074,25279.9009480712,0.0011994595897808,31,TRUE,"stress_tolerance",0.0346332151233583,"","",TRUE,"classical"
"paraboloid-surface_area-rep1-n240-r8","paraboloid","surface_area",1,240,8,"geodesic",16,2,"random",7267043.579263,25280.4513866523,0.00119948570653008,158,TRUE,"stress_tolerance",0.0346335921690209,"","",FALSE,"Gaussian"
"paraboloid-surface_area-rep1-n240-r8","paraboloid","surface_area",1,240,8,"geodesic",16,3,"random",7086447.99940582,25280.7273821851,0.00119949880173521,129,TRUE,"stress_tolerance",0.0346337812220268,"","",FALSE,"Gaussian"
"paraboloid-surface_area-rep1-n240-r8","paraboloid","surface_area",1,240,8,"geodesic",239,1,"supplied",30303.3182325905,21343.3749416709,0.00105512863568619,25,TRUE,"stress_tolerance",0.0324827436600758,"","",TRUE,"classical"
"paraboloid-surface_area-rep1-n240-r8","paraboloid","surface_area",1,240,8,"geodesic",239,2,"random",7002505.58580033,21344.2570027977,0.00105517224115889,149,TRUE,"stress_tolerance",0.0324834148629557,"","",FALSE,"Gaussian"
"paraboloid-surface_area-rep1-n240-r8","paraboloid","surface_area",1,240,8,"geodesic",239,3,"random",6837187.87047935,21344.4710225051,0.00105518282141259,129,TRUE,"stress_tolerance",0.032483577718789,"","",FALSE,"Gaussian"
"paraboloid-surface_area-rep1-n240-r8","paraboloid","surface_area",1,240,8,"geodesic",32,1,"supplied",31529.9372943093,22307.1330508809,0.00109002394746533,25,TRUE,"stress_tolerance",0.0330155107103516,"","",TRUE,"classical"
"paraboloid-surface_area-rep1-n240-r8","paraboloid","surface_area",1,240,8,"geodesic",32,2,"random",7085094.04586374,22308.1331683634,0.00109007281757355,153,TRUE,"stress_tolerance",0.0330162508103745,"","",FALSE,"Gaussian"
"paraboloid-surface_area-rep1-n240-r8","paraboloid","surface_area",1,240,8,"geodesic",32,3,"random",6916468.33101674,22308.3184308204,0.00109008187030633,130,TRUE,"stress_tolerance",0.0330163879051957,"","",FALSE,"Gaussian"
"paraboloid-surface_area-rep1-n240-r8","paraboloid","surface_area",1,240,8,"geodesic",4,1,"supplied",167437.584211074,98612.8822786795,0.00331794409981732,81,TRUE,"stress_tolerance",0.0576015980665233,"","",TRUE,"classical"
"paraboloid-surface_area-rep1-n240-r8","paraboloid","surface_area",1,240,8,"geodesic",4,2,"random",9834820.64309546,98614.7989924874,0.00331800858986287,205,TRUE,"stress_tolerance",0.0576021578576951,"","",FALSE,"Gaussian"
"paraboloid-surface_area-rep1-n240-r8","paraboloid","surface_area",1,240,8,"geodesic",4,3,"random",9585699.39579356,98612.9243417577,0.00331794551507808,158,TRUE,"stress_tolerance",0.0576016103514312,"","",FALSE,"Gaussian"
"paraboloid-surface_area-rep1-n240-r8","paraboloid","surface_area",1,240,8,"geodesic",64,1,"supplied",30857.9434566413,21678.4607540312,0.00106829952889677,25,TRUE,"stress_tolerance",0.0326848516731647,"","",TRUE,"classical"
"paraboloid-surface_area-rep1-n240-r8","paraboloid","surface_area",1,240,8,"geodesic",64,2,"random",7026606.57178822,21679.3884621455,0.00106834524571,149,TRUE,"stress_tolerance",0.0326855510235028,"","",FALSE,"Gaussian"
"paraboloid-surface_area-rep1-n240-r8","paraboloid","surface_area",1,240,8,"geodesic",64,3,"random",6860185.52344798,21679.5648941975,0.00106835394015931,129,TRUE,"stress_tolerance",0.0326856840246504,"","",FALSE,"Gaussian"
"paraboloid-surface_area-rep1-n240-r8","paraboloid","surface_area",1,240,8,"geodesic",8,1,"supplied",51831.2941184245,36723.7390240331,0.00157334955202123,39,TRUE,"stress_tolerance",0.0396654705256499,"","",TRUE,"classical"
"paraboloid-surface_area-rep1-n240-r8","paraboloid","surface_area",1,240,8,"geodesic",8,2,"random",8001590.59365088,36724.2747133705,0.00157337250247784,204,TRUE,"stress_tolerance",0.0396657598247888,"","",FALSE,"Gaussian"
"paraboloid-surface_area-rep1-n240-r8","paraboloid","surface_area",1,240,8,"geodesic",8,3,"random",7807260.98406226,36724.9080262656,0.00157339963540565,140,TRUE,"stress_tolerance",0.0396661018428284,"","",FALSE,"Gaussian"
"paraboloid-surface_area-rep1-n480-r64","paraboloid","surface_area",1,480,64,"ambient",128,1,"supplied",2062238.48078057,142081.945827329,5.53443450478143e-07,34,TRUE,"stress_tolerance",0.00074393780014394,"","",TRUE,"classical"
"paraboloid-surface_area-rep1-n480-r64","paraboloid","surface_area",1,480,64,"ambient",128,2,"random",113209062952.158,1653388.69229448,6.4403477691463e-06,465,TRUE,"stress_tolerance",0.00253778402728691,"","",FALSE,"Gaussian"
"paraboloid-surface_area-rep1-n480-r64","paraboloid","surface_area",1,480,64,"ambient",128,3,"random",112511096152.236,2085404.12626192,8.12315209057164e-06,433,TRUE,"stress_tolerance",0.00285011439955974,"","",FALSE,"Gaussian"
"paraboloid-surface_area-rep1-n480-r64","paraboloid","surface_area",1,480,64,"ambient",16,1,"supplied",12364985.2895973,4230426.76000202,1.5676000910493e-05,176,TRUE,"stress_tolerance",0.0039592929811393,"","",TRUE,"classical"
"paraboloid-surface_area-rep1-n480-r64","paraboloid","surface_area",1,480,64,"ambient",16,2,"random",118214486141.513,5661539.40044366,2.0979041082868e-05,500,TRUE,"stress_tolerance",0.00458028831874962,"","",FALSE,"Gaussian"
"paraboloid-surface_area-rep1-n480-r64","paraboloid","surface_area",1,480,64,"ambient",16,3,"random",117479841572.782,6485125.73552577,2.40308703358133e-05,645,TRUE,"stress_tolerance",0.00490212916351856,"","",FALSE,"Gaussian"
"paraboloid-surface_area-rep1-n480-r64","paraboloid","surface_area",1,480,64,"ambient",479,1,"supplied",1.8200978621859e-19,7.82077763779391e-17,3.04886631936049e-28,1,TRUE,"stress_tolerance",1.74292715732362e-14,"","",TRUE,"classical"
"paraboloid-surface_area-rep1-n480-r64","paraboloid","surface_area",1,480,64,"ambient",479,2,"random",113155397647.726,1465374.77152448,5.71264392501231e-06,460,TRUE,"stress_tolerance",0.00239011378913611,"","",FALSE,"Gaussian"
"paraboloid-surface_area-rep1-n480-r64","paraboloid","surface_area",1,480,64,"ambient",479,3,"random",112457804444.802,1814901.11505455,7.07524384265766e-06,421,TRUE,"stress_tolerance",0.00265993305228982,"","",FALSE,"Gaussian"
"paraboloid-surface_area-rep1-n480-r64","paraboloid","surface_area",1,480,64,"ambient",64,1,"supplied",4282396.22712659,562613.699482,2.18749214952112e-06,40,TRUE,"stress_tolerance",0.00147901729182821,"","",TRUE,"classical"
"paraboloid-surface_area-rep1-n480-r64","paraboloid","surface_area",1,480,64,"ambient",64,2,"random",113308262996.418,1026215.87649305,3.9900186853063e-06,482,TRUE,"stress_tolerance",0.00199750311271659,"","",FALSE,"Gaussian"
"paraboloid-surface_area-rep1-n480-r64","paraboloid","surface_area",1,480,64,"ambient",64,3,"random",112608977408.259,2907012.67401524,1.13027240695019e-05,450,TRUE,"stress_tolerance",0.0033619524192808,"","",FALSE,"Gaussian"
"paraboloid-surface_area-rep1-n480-r64","paraboloid","surface_area",1,480,64,"ambient",8,1,"supplied",23077627.946663,9345163.22282759,3.20379368665831e-05,214,TRUE,"stress_tolerance",0.00566020643321336,"","",TRUE,"classical"
"paraboloid-surface_area-rep1-n480-r64","paraboloid","surface_area",1,480,64,"ambient",8,2,"random",127568014722.016,10761750.526595,3.68944100519035e-05,592,TRUE,"stress_tolerance",0.00607407688887041,"","",FALSE,"Gaussian"
"paraboloid-surface_area-rep1-n480-r64","paraboloid","surface_area",1,480,64,"ambient",8,3,"random",126761276280.472,10013720.9391541,3.43299471179413e-05,602,TRUE,"stress_tolerance",0.00585917631736299,"","",FALSE,"Gaussian"
"paraboloid-surface_area-rep1-n480-r64","paraboloid","surface_area",1,480,64,"geodesic",128,1,"supplied",1986677.68940077,1178325.47670664,4.58656683256114e-06,23,TRUE,"stress_tolerance",0.0021416271460191,"","",TRUE,"classical"
"paraboloid-surface_area-rep1-n480-r64","paraboloid","surface_area",1,480,64,"geodesic",128,2,"random",112845277244,1797266.25894868,6.99575963987031e-06,454,TRUE,"stress_tolerance",0.00264494983693004,"","",FALSE,"Gaussian"
"paraboloid-surface_area-rep1-n480-r64","paraboloid","surface_area",1,480,64,"geodesic",128,3,"random",112143975186.427,3241784.38762414,1.26184666669082e-05,549,TRUE,"stress_tolerance",0.00355224811449234,"","",FALSE,"Gaussian"
"paraboloid-surface_area-rep1-n480-r64","paraboloid","surface_area",1,480,64,"geodesic",16,1,"supplied",14112160.2207907,4259458.90708068,1.61354014241862e-05,191,TRUE,"stress_tolerance",0.0040168895210339,"","",TRUE,"classical"
"paraboloid-surface_area-rep1-n480-r64","paraboloid","surface_area",1,480,64,"geodesic",16,2,"random",115549342766.382,4345379.39314834,1.64608797451434e-05,522,TRUE,"stress_tolerance",0.00405720097421231,"","",FALSE,"Gaussian"
"paraboloid-surface_area-rep1-n480-r64","paraboloid","surface_area",1,480,64,"geodesic",16,3,"random",114818553119.008,7360559.42992636,2.78827859827481e-05,724,TRUE,"stress_tolerance",0.00528041532294143,"","",FALSE,"Gaussian"
"paraboloid-surface_area-rep1-n480-r64","paraboloid","surface_area",1,480,64,"geodesic",479,1,"supplied",1979784.95654526,1175233.65215821,4.57509455445527e-06,23,TRUE,"stress_tolerance",0.00213894706677369,"","",TRUE,"classical"
"paraboloid-surface_area-rep1-n480-r64","paraboloid","surface_area",1,480,64,"geodesic",479,2,"random",112832208445.163,1794523.67748504,6.98594316936528e-06,454,TRUE,"stress_tolerance",0.00264309348479607,"","",FALSE,"Gaussian"
"paraboloid-surface_area-rep1-n480-r64","paraboloid","surface_area",1,480,64,"geodesic",479,3,"random",112130917375.645,3237564.73526,1.26035914328893e-05,549,TRUE,"stress_tolerance",0.00355015371961488,"","",FALSE,"Gaussian"
"paraboloid-surface_area-rep1-n480-r64","paraboloid","surface_area",1,480,64,"geodesic",64,1,"supplied",2342455.84666503,1237157.12261584,4.80879537310951e-06,30,TRUE,"stress_tolerance",0.00219289657145871,"","",TRUE,"classical"
"paraboloid-surface_area-rep1-n480-r64","paraboloid","surface_area",1,480,64,"geodesic",64,2,"random",112984057513.328,1855880.49147296,7.21375592258591e-06,445,TRUE,"stress_tolerance",0.0026858436146939,"","",FALSE,"Gaussian"
"paraboloid-surface_area-rep1-n480-r64","paraboloid","surface_area",1,480,64,"geodesic",64,3,"random",112281338703.8,3311434.37287153,1.28714534310328e-05,574,TRUE,"stress_tolerance",0.00358768078722718,"","",FALSE,"Gaussian"
"paraboloid-surface_area-rep1-n480-r64","paraboloid","surface_area",1,480,64,"geodesic",8,1,"supplied",28565289.3853488,9294073.46560162,3.22924048429062e-05,195,TRUE,"stress_tolerance",0.00568264065755633,"","",TRUE,"classical"
"paraboloid-surface_area-rep1-n480-r64","paraboloid","surface_area",1,480,64,"geodesic",8,2,"random",125795451913.957,10881928.7347479,3.78094330193015e-05,565,TRUE,"stress_tolerance",0.00614893755207409,"","",FALSE,"Gaussian"
"paraboloid-surface_area-rep1-n480-r64","paraboloid","surface_area",1,480,64,"geodesic",8,3,"random",125013334958.724,13857027.3278471,4.81464600044549e-05,443,TRUE,"stress_tolerance",0.00693876502012134,"","",FALSE,"Gaussian"
"paraboloid-surface_area-rep2-n240-r1","paraboloid","surface_area",2,240,1,"ambient",128,1,"supplied",195.109645353562,167.439999501842,0.00382323397960675,55,TRUE,"stress_tolerance",0.0618323053072322,"","",FALSE,"classical"
"paraboloid-surface_area-rep2-n240-r1","paraboloid","surface_area",2,240,1,"ambient",128,2,"random",13323.5565526432,167.440005098894,0.0038232341074068,119,TRUE,"stress_tolerance",0.0618323063406727,"","",FALSE,"Gaussian"
"paraboloid-surface_area-rep2-n240-r1","paraboloid","surface_area",2,240,1,"ambient",128,3,"random",13557.5923108387,167.439841896519,0.00382323038093244,132,TRUE,"stress_tolerance",0.0618322762069492,"","",TRUE,"Gaussian"
"paraboloid-surface_area-rep2-n240-r1","paraboloid","surface_area",2,240,1,"ambient",16,1,"supplied",231.78022713934,203.750878213221,0.00405531260109433,55,TRUE,"stress_tolerance",0.0636813363639172,"","",FALSE,"classical"
"paraboloid-surface_area-rep2-n240-r1","paraboloid","surface_area",2,240,1,"ambient",16,2,"random",15567.2007125824,203.750776225937,0.00405531057121194,122,TRUE,"stress_tolerance",0.0636813204261023,"","",TRUE,"Gaussian"
"paraboloid-surface_area-rep2-n240-r1","paraboloid","surface_area",2,240,1,"ambient",16,3,"random",15841.6831263695,203.750843443705,0.0040553119090666,136,TRUE,"stress_tolerance",0.0636813309303964,"","",FALSE,"Gaussian"
"paraboloid-surface_area-rep2-n240-r1","paraboloid","surface_area",2,240,1,"ambient",239,1,"supplied",4.63566461995781e-26,1.59386628966637e-24,4.28038368492104e-29,1,TRUE,"stress_tolerance",6.57558743010365e-15,"","",TRUE,"classical"
"paraboloid-surface_area-rep2-n240-r1","paraboloid","surface_area",2,240,1,"ambient",239,2,"random",10226.9932080992,0.00213943065873775,5.74551588552499e-08,106,TRUE,"stress_tolerance",0.000239698057690475,"","",FALSE,"Gaussian"
"paraboloid-surface_area-rep2-n240-r1","paraboloid","surface_area",2,240,1,"ambient",239,3,"random",10445.6027446209,0.00205273559296926,5.51269325323489e-08,115,TRUE,"stress_tolerance",0.000234791253109397,"","",FALSE,"Gaussian"
"paraboloid-surface_area-rep2-n240-r1","paraboloid","surface_area",2,240,1,"ambient",32,1,"supplied",230.93207404428,202.461152090403,0.0041573030077831,55,TRUE,"stress_tolerance",0.0644771510520053,"","",FALSE,"classical"
"paraboloid-surface_area-rep2-n240-r1","paraboloid","surface_area",2,240,1,"ambient",32,2,"random",15111.4508710286,202.461065041757,0.00415730122034095,121,TRUE,"stress_tolerance",0.0644771371909532,"","",FALSE,"Gaussian"
"paraboloid-surface_area-rep2-n240-r1","paraboloid","surface_area",2,240,1,"ambient",32,3,"random",15377.0227355811,202.460936724909,0.00415729858550451,136,TRUE,"stress_tolerance",0.0644771167586186,"","",TRUE,"Gaussian"
"paraboloid-surface_area-rep2-n240-r1","paraboloid","surface_area",2,240,1,"ambient",4,1,"supplied",326.770393887303,235.436017607993,0.0035314345095324,55,TRUE,"stress_tolerance",0.0594258740746184,"","",TRUE,"classical"
"paraboloid-surface_area-rep2-n240-r1","paraboloid","surface_area",2,240,1,"ambient",4,2,"random",20425.4824096397,235.443945269649,0.00353155342089624,153,TRUE,"stress_tolerance",0.0594268745677934,"","",FALSE,"Gaussian"
"paraboloid-surface_area-rep2-n240-r1","paraboloid","surface_area",2,240,1,"ambient",4,3,"random",21094.2693203623,235.443331021909,0.00353154420745604,173,TRUE,"stress_tolerance",0.0594267970486048,"","",FALSE,"Gaussian"
"paraboloid-surface_area-rep2-n240-r1","paraboloid","surface_area",2,240,1,"ambient",64,1,"supplied",225.916556236122,197.115673706072,0.00418297482583371,55,TRUE,"stress_tolerance",0.0646759215306111,"","",TRUE,"classical"
"paraboloid-surface_area-rep2-n240-r1","paraboloid","surface_area",2,240,1,"ambient",64,2,"random",14575.1930563267,197.115889444534,0.00418297940400113,119,TRUE,"stress_tolerance",0.0646759569237374,"","",FALSE,"Gaussian"
"paraboloid-surface_area-rep2-n240-r1","paraboloid","surface_area",2,240,1,"ambient",64,3,"random",14831.3025178416,197.115913235508,0.00418297990886736,133,TRUE,"stress_tolerance",0.0646759608267815,"","",FALSE,"Gaussian"
"paraboloid-surface_area-rep2-n240-r1","paraboloid","surface_area",2,240,1,"ambient",8,1,"supplied",266.766113876079,230.951674606947,0.00426632509786022,53,TRUE,"stress_tolerance",0.0653171118303636,"","",FALSE,"classical"
"paraboloid-surface_area-rep2-n240-r1","paraboloid","surface_area",2,240,1,"ambient",8,2,"random",16690.727766161,230.951626163478,0.0042663242029735,118,TRUE,"stress_tolerance",0.0653171049800393,"","",TRUE,"Gaussian"
"paraboloid-surface_area-rep2-n240-r1","paraboloid","surface_area",2,240,1,"ambient",8,3,"random",16987.6564696351,230.951628049259,0.00426632423780916,133,TRUE,"stress_tolerance",0.065317105246705,"","",FALSE,"Gaussian"
"paraboloid-surface_area-rep2-n240-r1","paraboloid","surface_area",2,240,1,"geodesic",128,1,"supplied",232.386880651509,204.609302515381,0.00417590370103283,56,TRUE,"stress_tolerance",0.0646212325867657,"","",FALSE,"classical"
"paraboloid-surface_area-rep2-n240-r1","paraboloid","surface_area",2,240,1,"geodesic",128,2,"random",15211.0164825059,204.609085124174,0.0041758992642612,122,TRUE,"stress_tolerance",0.0646211982577019,"","",TRUE,"Gaussian"
"paraboloid-surface_area-rep2-n240-r1","paraboloid","surface_area",2,240,1,"geodesic",128,3,"random",15481.6569194102,204.609168555717,0.0041759009670288,137,TRUE,"stress_tolerance",0.064621211432693,"","",FALSE,"Gaussian"
"paraboloid-surface_area-rep2-n240-r1","paraboloid","surface_area",2,240,1,"geodesic",16,1,"supplied",234.188738315099,205.837945011634,0.00406031470961681,55,TRUE,"stress_tolerance",0.0637205987857675,"","",FALSE,"classical"
"paraboloid-surface_area-rep2-n240-r1","paraboloid","surface_area",2,240,1,"geodesic",16,2,"random",15709.3496602,205.837663852083,0.00406030916352441,122,TRUE,"stress_tolerance",0.0637205552669184,"","",TRUE,"Gaussian"
"paraboloid-surface_area-rep2-n240-r1","paraboloid","surface_area",2,240,1,"geodesic",16,3,"random",15987.3491081951,205.837819913779,0.00406031224196363,136,TRUE,"stress_tolerance",0.063720579422692,"","",FALSE,"Gaussian"
"paraboloid-surface_area-rep2-n240-r1","paraboloid","surface_area",2,240,1,"geodesic",239,1,"supplied",232.111593152171,204.330579720191,0.00417135982949655,56,TRUE,"stress_tolerance",0.0645860652888574,"","",FALSE,"classical"
"paraboloid-surface_area-rep2-n240-r1","paraboloid","surface_area",2,240,1,"geodesic",239,2,"random",15205.3815738684,204.330359509878,0.00417135533395578,122,TRUE,"stress_tolerance",0.064586030486134,"","",TRUE,"Gaussian"
"paraboloid-surface_area-rep2-n240-r1","paraboloid","surface_area",2,240,1,"geodesic",239,3,"random",15476.1632404528,204.330437643088,0.00417135692902654,137,TRUE,"stress_tolerance",0.0645860428345519,"","",FALSE,"Gaussian"
"paraboloid-surface_area-rep2-n240-r1","paraboloid","surface_area",2,240,1,"geodesic",32,1,"supplied",232.487330090786,204.640897428056,0.00413422935887436,56,TRUE,"stress_tolerance",0.0642979732096924,"","",FALSE,"classical"
"paraboloid-surface_area-rep2-n240-r1","paraboloid","surface_area",2,240,1,"geodesic",32,2,"random",15367.732435125,204.640873265313,0.0041342288707299,122,TRUE,"stress_tolerance",0.0642979694137371,"","",FALSE,"Gaussian"
"paraboloid-surface_area-rep2-n240-r1","paraboloid","surface_area",2,240,1,"geodesic",32,3,"random",15639.2879293499,204.640823788746,0.00413422787118641,137,TRUE,"stress_tolerance",0.0642979616409916,"","",TRUE,"Gaussian"
"paraboloid-surface_area-rep2-n240-r1","paraboloid","surface_area",2,240,1,"geodesic",4,1,"supplied",327.763446443417,236.447426389131,0.00353688834568021,55,TRUE,"stress_tolerance",0.0594717440948237,"","",TRUE,"classical"
"paraboloid-surface_area-rep2-n240-r1","paraboloid","surface_area",2,240,1,"geodesic",4,2,"random",20481.9983558146,236.455374560152,0.00353700723804407,153,TRUE,"stress_tolerance",0.0594727436566039,"","",FALSE,"Gaussian"
"paraboloid-surface_area-rep2-n240-r1","paraboloid","surface_area",2,240,1,"geodesic",4,3,"random",21152.6560279281,236.455251259708,0.00353700539365984,172,TRUE,"stress_tolerance",0.0594727281504713,"","",FALSE,"Gaussian"
"paraboloid-surface_area-rep2-n240-r1","paraboloid","surface_area",2,240,1,"geodesic",64,1,"supplied",232.8958189622,204.920746099525,0.00417394508357476,56,TRUE,"stress_tolerance",0.0646060762124957,"","",FALSE,"classical"
"paraboloid-surface_area-rep2-n240-r1","paraboloid","surface_area",2,240,1,"geodesic",64,2,"random",15242.2720107941,204.920499606152,0.00417394006285422,122,TRUE,"stress_tolerance",0.0646060373560725,"","",TRUE,"Gaussian"
"paraboloid-surface_area-rep2-n240-r1","paraboloid","surface_area",2,240,1,"geodesic",64,3,"random",15513.5218050801,204.920531791297,0.00417394071841999,137,TRUE,"stress_tolerance",0.0646060424296365,"","",FALSE,"Gaussian"
"paraboloid-surface_area-rep2-n240-r1","paraboloid","surface_area",2,240,1,"geodesic",8,1,"supplied",268.28028374276,232.32734509423,0.00427197125915035,54,TRUE,"stress_tolerance",0.0653603186891737,"","",FALSE,"classical"
"paraboloid-surface_area-rep2-n240-r1","paraboloid","surface_area",2,240,1,"geodesic",8,2,"random",16770.8366574402,232.327783133805,0.00427197931370146,118,TRUE,"stress_tolerance",0.0653603803056676,"","",FALSE,"Gaussian"
"paraboloid-surface_area-rep2-n240-r1","paraboloid","surface_area",2,240,1,"geodesic",8,3,"random",17070.2517815626,232.327253886821,0.00427196958205363,134,TRUE,"stress_tolerance",0.0653603058595479,"","",TRUE,"Gaussian"
"paraboloid-surface_area-rep2-n240-r16","paraboloid","surface_area",2,240,16,"ambient",128,1,"supplied",12104.9348257129,1592.58028492248,5.6725217642067e-06,24,TRUE,"stress_tolerance",0.002381705641806,"","",TRUE,"classical"
"paraboloid-surface_area-rep2-n240-r16","paraboloid","surface_area",2,240,16,"ambient",128,2,"random",113545516.939706,1761.54763614212,6.27435702884483e-06,406,TRUE,"stress_tolerance",0.002504866668877,"","",FALSE,"Gaussian"
"paraboloid-surface_area-rep2-n240-r16","paraboloid","surface_area",2,240,16,"ambient",128,3,"random",114862513.854792,56860.7532109575,0.000202529105233801,352,TRUE,"stress_tolerance",0.014231272087688,"","",FALSE,"Gaussian"
"paraboloid-surface_area-rep2-n240-r16","paraboloid","surface_area",2,240,16,"ambient",16,1,"supplied",171599.458759509,84152.8397637755,0.000282535837817423,55,TRUE,"stress_tolerance",0.0168088023909328,"","",TRUE,"classical"
"paraboloid-surface_area-rep2-n240-r16","paraboloid","surface_area",2,240,16,"ambient",16,2,"random",117363261.406341,84227.3991321728,0.000282786164409804,314,TRUE,"stress_tolerance",0.0168162470370119,"","",FALSE,"Gaussian"
"paraboloid-surface_area-rep2-n240-r16","paraboloid","surface_area",2,240,16,"ambient",16,3,"random",118877745.651785,160667.411942359,0.00053942685678246,270,TRUE,"stress_tolerance",0.0232255647247264,"","",FALSE,"Gaussian"
"paraboloid-surface_area-rep2-n240-r16","paraboloid","surface_area",2,240,16,"ambient",239,1,"supplied",4.6234344091493e-23,1.56551967513688e-20,5.59211461051504e-29,1,TRUE,"stress_tolerance",7.4543296706123e-15,"","",TRUE,"classical"
"paraboloid-surface_area-rep2-n240-r16","paraboloid","surface_area",2,240,16,"ambient",239,2,"random",113199888.037611,194.177457722188,6.93611594671254e-07,436,TRUE,"stress_tolerance",0.000832833473557225,"","",FALSE,"Gaussian"
"paraboloid-surface_area-rep2-n240-r16","paraboloid","surface_area",2,240,16,"ambient",239,3,"random",114514650.162067,50906.1299321992,0.000181839243210876,668,TRUE,"stress_tolerance",0.0134847782039929,"","",FALSE,"Gaussian"
"paraboloid-surface_area-rep2-n240-r16","paraboloid","surface_area",2,240,16,"ambient",32,1,"supplied",131872.99824236,58025.3279384323,0.000200247034886655,45,TRUE,"stress_tolerance",0.0141508669305686,"","",TRUE,"classical"
"paraboloid-surface_area-rep2-n240-r16","paraboloid","surface_area",2,240,16,"ambient",32,2,"random",115313264.955245,58138.9160250797,0.000200639030560919,322,TRUE,"stress_tolerance",0.0141647107475205,"","",FALSE,"Gaussian"
"paraboloid-surface_area-rep2-n240-r16","paraboloid","surface_area",2,240,16,"ambient",32,3,"random",116747701.449352,141794.786556441,0.00048933778712015,392,TRUE,"stress_tolerance",0.0221209806997826,"","",FALSE,"Gaussian"
"paraboloid-surface_area-rep2-n240-r16","paraboloid","surface_area",2,240,16,"ambient",4,1,"supplied",950863.924891084,494778.03852945,0.00120098709915356,307,TRUE,"stress_tolerance",0.0346552607716862,"","",TRUE,"classical"
"paraboloid-surface_area-rep2-n240-r16","paraboloid","surface_area",2,240,16,"ambient",4,2,"random",155042053.844968,498686.69699507,0.00121047468353818,522,TRUE,"stress_tolerance",0.0347918766889369,"","",FALSE,"Gaussian"
"paraboloid-surface_area-rep2-n240-r16","paraboloid","surface_area",2,240,16,"ambient",4,3,"random",156969152.695785,568484.804884602,0.0013798973753169,330,TRUE,"stress_tolerance",0.0371469699345307,"","",FALSE,"Gaussian"
"paraboloid-surface_area-rep2-n240-r16","paraboloid","surface_area",2,240,16,"ambient",64,1,"supplied",87052.0451734306,26738.9939843141,9.41376720336094e-05,35,TRUE,"stress_tolerance",0.00970245701014,"","",TRUE,"classical"
"paraboloid-surface_area-rep2-n240-r16","paraboloid","surface_area",2,240,16,"ambient",64,2,"random",114222237.612423,26882.3566925824,9.46423967671102e-05,365,TRUE,"stress_tolerance",0.0097284323900161,"","",FALSE,"Gaussian"
"paraboloid-surface_area-rep2-n240-r16","paraboloid","surface_area",2,240,16,"ambient",64,3,"random",115592895.338443,26751.5273129842,9.41817970438668e-05,407,TRUE,"stress_tolerance",0.00970473065282454,"","",FALSE,"Gaussian"
"paraboloid-surface_area-rep2-n240-r16","paraboloid","surface_area",2,240,16,"ambient",8,1,"supplied",264169.959875343,152812.343225067,0.00047081701040673,85,TRUE,"stress_tolerance",0.0216983181469609,"","",TRUE,"classical"
"paraboloid-surface_area-rep2-n240-r16","paraboloid","surface_area",2,240,16,"ambient",8,2,"random",126753325.747176,152859.351918749,0.000470961844862868,334,TRUE,"stress_tolerance",0.0217016553484493,"","",FALSE,"Gaussian"
"paraboloid-surface_area-rep2-n240-r16","paraboloid","surface_area",2,240,16,"ambient",8,3,"random",128199904.313191,152892.789427769,0.000471064866305378,297,TRUE,"stress_tolerance",0.0217040288035513,"","",FALSE,"Gaussian"
"paraboloid-surface_area-rep2-n240-r16","paraboloid","surface_area",2,240,16,"geodesic",128,1,"supplied",92343.612494259,55972.2570856606,0.000195884340681093,31,TRUE,"stress_tolerance",0.0139958687004807,"","",TRUE,"classical"
"paraboloid-surface_area-rep2-n240-r16","paraboloid","surface_area",2,240,16,"geodesic",128,2,"random",112139968.476435,56050.9445212067,0.000196159720614552,282,TRUE,"stress_tolerance",0.0140057031460243,"","",FALSE,"Gaussian"
"paraboloid-surface_area-rep2-n240-r16","paraboloid","surface_area",2,240,16,"geodesic",128,3,"random",113514907.915971,183724.505192254,0.000642974849334145,455,TRUE,"stress_tolerance",0.0253569487386426,"","",FALSE,"Gaussian"
"paraboloid-surface_area-rep2-n240-r16","paraboloid","surface_area",2,240,16,"geodesic",16,1,"supplied",164299.375247787,90130.1104790728,0.000302658279674202,58,TRUE,"stress_tolerance",0.0173970767565763,"","",TRUE,"classical"
"paraboloid-surface_area-rep2-n240-r16","paraboloid","surface_area",2,240,16,"geodesic",16,2,"random",116450707.846633,90174.9280840727,0.000302808777872376,308,TRUE,"stress_tolerance",0.0174014016065483,"","",FALSE,"Gaussian"
"paraboloid-surface_area-rep2-n240-r16","paraboloid","surface_area",2,240,16,"geodesic",16,3,"random",117970669.814329,179097.388770769,0.000601411751204816,257,TRUE,"stress_tolerance",0.0245236977473795,"","",FALSE,"Gaussian"
"paraboloid-surface_area-rep2-n240-r16","paraboloid","surface_area",2,240,16,"geodesic",239,1,"supplied",92242.16871891,55924.6846101558,0.000195748654824104,31,TRUE,"stress_tolerance",0.0139910205068861,"","",TRUE,"classical"
"paraboloid-surface_area-rep2-n240-r16","paraboloid","surface_area",2,240,16,"geodesic",239,2,"random",112120002.386996,56002.9336638902,0.000196022543664364,282,TRUE,"stress_tolerance",0.0140008051077204,"","",FALSE,"Gaussian"
"paraboloid-surface_area-rep2-n240-r16","paraboloid","surface_area",2,240,16,"geodesic",239,3,"random",113494577.688607,183891.561374919,0.000643660773834881,458,TRUE,"stress_tolerance",0.0253704705087409,"","",FALSE,"Gaussian"
"paraboloid-surface_area-rep2-n240-r16","paraboloid","surface_area",2,240,16,"geodesic",32,1,"supplied",106119.555962232,63894.9799814047,0.000220928177529422,40,TRUE,"stress_tolerance",0.0148636528999243,"","",TRUE,"classical"
"paraboloid-surface_area-rep2-n240-r16","paraboloid","surface_area",2,240,16,"geodesic",32,2,"random",113396385.220293,63969.9298881387,0.000221187330068566,289,TRUE,"stress_tolerance",0.0148723680047453,"","",FALSE,"Gaussian"
"paraboloid-surface_area-rep2-n240-r16","paraboloid","surface_area",2,240,16,"geodesic",32,3,"random",114844765.373599,178381.288193953,0.000616784807155584,333,TRUE,"stress_tolerance",0.0248351526501365,"","",FALSE,"Gaussian"
"paraboloid-surface_area-rep2-n240-r16","paraboloid","surface_area",2,240,16,"geodesic",4,1,"supplied",901778.088182282,495751.918355205,0.00122649715218347,311,TRUE,"stress_tolerance",0.0350213813574432,"","",TRUE,"classical"
"paraboloid-surface_area-rep2-n240-r16","paraboloid","surface_area",2,240,16,"geodesic",4,2,"random",150603308.42898,498221.547948069,0.00123260705019989,514,TRUE,"stress_tolerance",0.0351085039584413,"","",FALSE,"Gaussian"
"paraboloid-surface_area-rep2-n240-r16","paraboloid","surface_area",2,240,16,"geodesic",4,3,"random",152909752.237801,503458.921064992,0.00124556438425144,410,TRUE,"stress_tolerance",0.0352925542324643,"","",FALSE,"Gaussian"
"paraboloid-surface_area-rep2-n240-r16","paraboloid","surface_area",2,240,16,"geodesic",64,1,"supplied",95413.0872209521,58203.4307195605,0.000203120961995658,31,TRUE,"stress_tolerance",0.0142520511504718,"","",TRUE,"classical"
"paraboloid-surface_area-rep2-n240-r16","paraboloid","surface_area",2,240,16,"geodesic",64,2,"random",112419526.767233,58281.7841762594,0.000203394403428639,284,TRUE,"stress_tolerance",0.0142616409795173,"","",FALSE,"Gaussian"
"paraboloid-surface_area-rep2-n240-r16","paraboloid","surface_area",2,240,16,"geodesic",64,3,"random",113813142.530214,180352.083733699,0.000629400849623785,399,TRUE,"stress_tolerance",0.0250878625957611,"","",FALSE,"Gaussian"
"paraboloid-surface_area-rep2-n240-r16","paraboloid","surface_area",2,240,16,"geodesic",8,1,"supplied",256817.103462847,152660.119894465,0.000478017983408326,102,TRUE,"stress_tolerance",0.0218636223761832,"","",FALSE,"classical"
"paraboloid-surface_area-rep2-n240-r16","paraboloid","surface_area",2,240,16,"geodesic",8,2,"random",123853938.449894,152651.503813197,0.000477991004248376,342,TRUE,"stress_tolerance",0.0218630053800566,"","",FALSE,"Gaussian"
"paraboloid-surface_area-rep2-n240-r16","paraboloid","surface_area",2,240,16,"geodesic",8,3,"random",125336035.119031,152593.031370161,0.000477807912034611,341,TRUE,"stress_tolerance",0.0218588177181342,"","",TRUE,"Gaussian"
"paraboloid-surface_area-rep2-n240-r2","paraboloid","surface_area",2,240,2,"ambient",128,1,"supplied",1349.60286001153,1189.32163579229,0.00501709258327039,22,TRUE,"stress_tolerance",0.0708314378173307,"","",FALSE,"classical"
"paraboloid-surface_area-rep2-n240-r2","paraboloid","surface_area",2,240,2,"ambient",128,2,"random",66066.5119467196,1189.32152711302,0.00501709212481246,68,TRUE,"stress_tolerance",0.0708314345810702,"","",TRUE,"Gaussian"
"paraboloid-surface_area-rep2-n240-r2","paraboloid","surface_area",2,240,2,"ambient",128,3,"random",67352.021534683,1189.3231356339,0.00501709891027562,72,TRUE,"stress_tolerance",0.0708314824797252,"","",FALSE,"Gaussian"
"paraboloid-surface_area-rep2-n240-r2","paraboloid","surface_area",2,240,2,"ambient",16,1,"supplied",2024.70198964462,1881.99564782203,0.00651904227582157,24,TRUE,"stress_tolerance",0.0807405862984757,"","",TRUE,"classical"
"paraboloid-surface_area-rep2-n240-r2","paraboloid","surface_area",2,240,2,"ambient",16,2,"random",83224.743731828,1881.99578269744,0.00651904274301633,69,TRUE,"stress_tolerance",0.0807405891916598,"","",FALSE,"Gaussian"
"paraboloid-surface_area-rep2-n240-r2","paraboloid","surface_area",2,240,2,"ambient",16,3,"random",84779.1426687209,1881.99617338801,0.00651904409632889,71,TRUE,"stress_tolerance",0.08074059757228,"","",FALSE,"Gaussian"
"paraboloid-surface_area-rep2-n240-r2","paraboloid","surface_area",2,240,2,"ambient",239,1,"supplied",5.76680932719089e-26,8.20356408981735e-24,3.98084286493633e-29,1,TRUE,"stress_tolerance",6.31391464934301e-15,"","",TRUE,"classical"
"paraboloid-surface_area-rep2-n240-r2","paraboloid","surface_area",2,240,2,"ambient",239,2,"random",52891.1062056252,0.0059050595971861,2.86547579894697e-08,70,TRUE,"stress_tolerance",0.000169277163236217,"","",FALSE,"Gaussian"
"paraboloid-surface_area-rep2-n240-r2","paraboloid","surface_area",2,240,2,"ambient",239,3,"random",54132.4761309367,0.00608585574432287,2.95320852638806e-08,75,TRUE,"stress_tolerance",0.000171849018815328,"","",FALSE,"Gaussian"
"paraboloid-surface_area-rep2-n240-r2","paraboloid","surface_area",2,240,2,"ambient",32,1,"supplied",1922.65021254695,1782.75976001025,0.00645121046533756,24,TRUE,"stress_tolerance",0.0803194276955299,"","",TRUE,"classical"
"paraboloid-surface_area-rep2-n240-r2","paraboloid","surface_area",2,240,2,"ambient",32,2,"random",79681.7105253377,1782.76031966697,0.00645121249054778,69,TRUE,"stress_tolerance",0.0803194403027544,"","",FALSE,"Gaussian"
"paraboloid-surface_area-rep2-n240-r2","paraboloid","surface_area",2,240,2,"ambient",32,3,"random",81288.3254712272,1782.7606417779,0.00645121365615936,72,TRUE,"stress_tolerance",0.0803194475588536,"","",FALSE,"Gaussian"
"paraboloid-surface_area-rep2-n240-r2","paraboloid","surface_area",2,240,2,"ambient",4,1,"supplied",3177.20708999299,2545.65928319709,0.00601326613747227,34,TRUE,"stress_tolerance",0.0775452521916872,"","",TRUE,"classical"
"paraboloid-surface_area-rep2-n240-r2","paraboloid","surface_area",2,240,2,"ambient",4,2,"random",122869.91009259,2545.70223698356,0.00601336760138432,98,TRUE,"stress_tolerance",0.0775459064128101,"","",FALSE,"Gaussian"
"paraboloid-surface_area-rep2-n240-r2","paraboloid","surface_area",2,240,2,"ambient",4,3,"random",126406.513483977,2545.70998617561,0.00601338590625114,120,TRUE,"stress_tolerance",0.0775460244387237,"","",FALSE,"Gaussian"
"paraboloid-surface_area-rep2-n240-r2","paraboloid","surface_area",2,240,2,"ambient",64,1,"supplied",1757.57161148103,1613.67108312296,0.00612930800157503,23,TRUE,"stress_tolerance",0.0782898971871529,"","",TRUE,"classical"
"paraboloid-surface_area-rep2-n240-r2","paraboloid","surface_area",2,240,2,"ambient",64,2,"random",75525.0534416663,1613.67197812799,0.00612931140112871,68,TRUE,"stress_tolerance",0.0782899188984678,"","",FALSE,"Gaussian"
"paraboloid-surface_area-rep2-n240-r2","paraboloid","surface_area",2,240,2,"ambient",64,3,"random",76996.8922906907,1613.67199703062,0.00612931147292777,72,TRUE,"stress_tolerance",0.078289919357014,"","",FALSE,"Gaussian"
"paraboloid-surface_area-rep2-n240-r2","paraboloid","surface_area",2,240,2,"ambient",8,1,"supplied",2352.11072185907,2117.41134942537,0.00671902469669468,24,TRUE,"stress_tolerance",0.0819696571707767,"","",FALSE,"classical"
"paraboloid-surface_area-rep2-n240-r2","paraboloid","surface_area",2,240,2,"ambient",8,2,"random",90786.12461629,2117.41050008702,0.00671902200155218,69,TRUE,"stress_tolerance",0.0819696407308962,"","",FALSE,"Gaussian"
"paraboloid-surface_area-rep2-n240-r2","paraboloid","surface_area",2,240,2,"ambient",8,3,"random",92602.500934806,2117.40996491814,0.00671902030334038,73,TRUE,"stress_tolerance",0.0819696303721103,"","",TRUE,"Gaussian"
"paraboloid-surface_area-rep2-n240-r2","paraboloid","surface_area",2,240,2,"geodesic",128,1,"supplied",1994.40429883451,1860.99581762875,0.00661115033319525,24,TRUE,"stress_tolerance",0.0813089806429478,"","",TRUE,"classical"
"paraboloid-surface_area-rep2-n240-r2","paraboloid","surface_area",2,240,2,"geodesic",128,2,"random",81331.2142188385,1860.99668798716,0.00661115342512607,69,TRUE,"stress_tolerance",0.0813089996564099,"","",FALSE,"Gaussian"
"paraboloid-surface_area-rep2-n240-r2","paraboloid","surface_area",2,240,2,"geodesic",128,3,"random",82932.0896831146,1860.99665915561,0.00661115332270255,72,TRUE,"stress_tolerance",0.081308999026568,"","",FALSE,"Gaussian"
"paraboloid-surface_area-rep2-n240-r2","paraboloid","surface_area",2,240,2,"geodesic",16,1,"supplied",2066.52637147962,1928.57400598327,0.00658156953064719,24,TRUE,"stress_tolerance",0.0811268730486223,"","",TRUE,"classical"
"paraboloid-surface_area-rep2-n240-r2","paraboloid","surface_area",2,240,2,"geodesic",16,2,"random",84564.6345033274,1928.57449937735,0.006581571214434,69,TRUE,"stress_tolerance",0.0811268834261127,"","",FALSE,"Gaussian"
"paraboloid-surface_area-rep2-n240-r2","paraboloid","surface_area",2,240,2,"geodesic",16,3,"random",86171.4387380798,1928.57517525901,0.00658157352098905,71,TRUE,"stress_tolerance",0.0811268976418357,"","",FALSE,"Gaussian"
"paraboloid-surface_area-rep2-n240-r2","paraboloid","surface_area",2,240,2,"geodesic",239,1,"supplied",1990.04270148064,1856.42785156965,0.00659782804769295,24,TRUE,"stress_tolerance",0.0812270155040356,"","",TRUE,"classical"
"paraboloid-surface_area-rep2-n240-r2","paraboloid","surface_area",2,240,2,"geodesic",239,2,"random",81281.1450041106,1856.4287379607,0.0065978311979666,69,TRUE,"stress_tolerance",0.0812270348958191,"","",FALSE,"Gaussian"
"paraboloid-surface_area-rep2-n240-r2","paraboloid","surface_area",2,240,2,"geodesic",239,3,"random",82882.62376752,1856.42875293081,0.00659783125117103,72,TRUE,"stress_tolerance",0.081227035223323,"","",FALSE,"Gaussian"
"paraboloid-surface_area-rep2-n240-r2","paraboloid","surface_area",2,240,2,"geodesic",32,1,"supplied",2017.88625354028,1881.82586896358,0.00660905750184524,24,TRUE,"stress_tolerance",0.0812961100043866,"","",TRUE,"classical"
"paraboloid-surface_area-rep2-n240-r2","paraboloid","surface_area",2,240,2,"geodesic",32,2,"random",82312.9505272498,1881.82631017252,0.00660905905139097,69,TRUE,"stress_tolerance",0.0812961195346431,"","",FALSE,"Gaussian"
"paraboloid-surface_area-rep2-n240-r2","paraboloid","surface_area",2,240,2,"geodesic",32,3,"random",83949.3920175456,1881.82595748681,0.00660905781274282,72,TRUE,"stress_tolerance",0.0812961119165177,"","",FALSE,"Gaussian"
"paraboloid-surface_area-rep2-n240-r2","paraboloid","surface_area",2,240,2,"geodesic",4,1,"supplied",3195.00915073918,2562.30409362758,0.00602831549789602,34,TRUE,"stress_tolerance",0.0776422275433667,"","",TRUE,"classical"
"paraboloid-surface_area-rep2-n240-r2","paraboloid","surface_area",2,240,2,"geodesic",4,2,"random",123350.412815318,2562.34640172389,0.00602841503586785,98,TRUE,"stress_tolerance",0.0776428685448175,"","",FALSE,"Gaussian"
"paraboloid-surface_area-rep2-n240-r2","paraboloid","surface_area",2,240,2,"geodesic",4,3,"random",126896.532660654,2562.3533422399,0.00602843136477289,120,TRUE,"stress_tolerance",0.0776429736986733,"","",FALSE,"Gaussian"
"paraboloid-surface_area-rep2-n240-r2","paraboloid","surface_area",2,240,2,"geodesic",64,1,"supplied",2001.5013867013,1867.55175217362,0.00661750966372306,24,TRUE,"stress_tolerance",0.0813480771974547,"","",TRUE,"classical"
"paraboloid-surface_area-rep2-n240-r2","paraboloid","surface_area",2,240,2,"geodesic",64,2,"random",81565.0497738741,1867.55254521587,0.00661751247380035,69,TRUE,"stress_tolerance",0.0813480944693867,"","",FALSE,"Gaussian"
"paraboloid-surface_area-rep2-n240-r2","paraboloid","surface_area",2,240,2,"geodesic",64,3,"random",83181.6674262569,1867.55228474027,0.0066175115508274,72,TRUE,"stress_tolerance",0.0813480887964025,"","",FALSE,"Gaussian"
"paraboloid-surface_area-rep2-n240-r2","paraboloid","surface_area",2,240,2,"geodesic",8,1,"supplied",2368.74242778598,2138.39693110414,0.00672851094028993,24,TRUE,"stress_tolerance",0.0820275011218181,"","",FALSE,"classical"
"paraboloid-surface_area-rep2-n240-r2","paraboloid","surface_area",2,240,2,"geodesic",8,2,"random",91628.1282922788,2138.39721044045,0.0067285118192275,69,TRUE,"stress_tolerance",0.0820275064793967,"","",FALSE,"Gaussian"
"paraboloid-surface_area-rep2-n240-r2","paraboloid","surface_area",2,240,2,"geodesic",8,3,"random",93446.245210997,2138.39602898392,0.00672850810174966,73,TRUE,"stress_tolerance",0.0820274838194477,"","",TRUE,"Gaussian"
"paraboloid-surface_area-rep2-n240-r32","paraboloid","surface_area",2,240,32,"ambient",128,1,"supplied",28414.174236252,1854.46799979897,4.24400160775516e-07,25,TRUE,"stress_tolerance",0.000651460022395578,"","",TRUE,"classical"
"paraboloid-surface_area-rep2-n240-r32","paraboloid","surface_area",2,240,32,"ambient",128,2,"random",1861445701.66156,44204.2838534554,1.01162733335958e-05,581,TRUE,"stress_tolerance",0.00318060895641101,"","",FALSE,"Gaussian"
"paraboloid-surface_area-rep2-n240-r32","paraboloid","surface_area",2,240,32,"ambient",128,3,"random",1881174978.07468,83304.7534341831,1.9064524572365e-05,414,TRUE,"stress_tolerance",0.00436629414634093,"","",FALSE,"Gaussian"
"paraboloid-surface_area-rep2-n240-r32","paraboloid","surface_area",2,240,32,"ambient",16,1,"supplied",923222.394736594,372185.216001903,8.161577777222e-05,104,TRUE,"stress_tolerance",0.00903414510466962,"","",TRUE,"classical"
"paraboloid-surface_area-rep2-n240-r32","paraboloid","surface_area",2,240,32,"ambient",16,2,"random",1918621253.06432,373515.715655257,8.19075404735993e-05,531,TRUE,"stress_tolerance",0.00905027847492027,"","",FALSE,"Gaussian"
"paraboloid-surface_area-rep2-n240-r32","paraboloid","surface_area",2,240,32,"ambient",16,3,"random",1939199710.806,453647.085256399,9.94793938755275e-05,527,TRUE,"stress_tolerance",0.0099739357264589,"","",FALSE,"Gaussian"
"paraboloid-surface_area-rep2-n240-r32","paraboloid","surface_area",2,240,32,"ambient",239,1,"supplied",2.74930872366278e-21,2.54177290805828e-19,5.82110862559486e-29,1,TRUE,"stress_tolerance",7.6347716634104e-15,"","",TRUE,"classical"
"paraboloid-surface_area-rep2-n240-r32","paraboloid","surface_area",2,240,32,"ambient",239,2,"random",1860057780.37326,42310.3284963599,9.68981207491354e-06,556,TRUE,"stress_tolerance",0.00311284629799156,"","",FALSE,"Gaussian"
"paraboloid-surface_area-rep2-n240-r32","paraboloid","surface_area",2,240,32,"ambient",239,3,"random",1879779403.25791,77959.081100192,1.78540056822956e-05,417,TRUE,"stress_tolerance",0.00422540006180503,"","",FALSE,"Gaussian"
"paraboloid-surface_area-rep2-n240-r32","paraboloid","surface_area",2,240,32,"ambient",32,1,"supplied",591196.922494805,172022.4163886,3.87957377274765e-05,59,TRUE,"stress_tolerance",0.0062286224582553,"","",TRUE,"classical"
"paraboloid-surface_area-rep2-n240-r32","paraboloid","surface_area",2,240,32,"ambient",32,2,"random",1877805289.76129,228548.95471881,5.15440108987298e-05,620,TRUE,"stress_tolerance",0.00717941577697905,"","",FALSE,"Gaussian"
"paraboloid-surface_area-rep2-n240-r32","paraboloid","surface_area",2,240,32,"ambient",32,3,"random",1898166004.4323,253214.658408689,5.71067985359788e-05,422,TRUE,"stress_tolerance",0.00755690403114825,"","",FALSE,"Gaussian"
"paraboloid-surface_area-rep2-n240-r32","paraboloid","surface_area",2,240,32,"ambient",4,1,"supplied",5154909.4554368,2181752.89533577,0.000327324862730076,235,TRUE,"stress_tolerance",0.0180921215652029,"","",FALSE,"classical"
"paraboloid-surface_area-rep2-n240-r32","paraboloid","surface_area",2,240,32,"ambient",4,2,"random",2736012805.71071,2180682.1790635,0.00032716422489726,437,TRUE,"stress_tolerance",0.0180876815788333,"","",TRUE,"Gaussian"
"paraboloid-surface_area-rep2-n240-r32","paraboloid","surface_area",2,240,32,"ambient",4,3,"random",2771518503.13312,2445370.07523517,0.00036687492241297,1000,FALSE,"iteration_limit",0.0191539792840285,"Iteration limit reached! You may want to increase the itmax argument!","",FALSE,"Gaussian"
"paraboloid-surface_area-rep2-n240-r32","paraboloid","surface_area",2,240,32,"ambient",64,1,"supplied",215149.600416795,33446.0482429493,7.62656103935683e-06,39,TRUE,"stress_tolerance",0.00276162289955774,"","",TRUE,"classical"
"paraboloid-surface_area-rep2-n240-r32","paraboloid","surface_area",2,240,32,"ambient",64,2,"random",1865240868.95206,67260.475735057,1.53371220421453e-05,788,TRUE,"stress_tolerance",0.0039162637860787,"","",FALSE,"Gaussian"
"paraboloid-surface_area-rep2-n240-r32","paraboloid","surface_area",2,240,32,"ambient",64,3,"random",1885331771.71799,128047.659881804,2.91981667592447e-05,405,TRUE,"stress_tolerance",0.00540353280356943,"","",FALSE,"Gaussian"
"paraboloid-surface_area-rep2-n240-r32","paraboloid","surface_area",2,240,32,"ambient",8,1,"supplied",1811211.88057717,815520.905005667,0.000164439432968508,357,TRUE,"stress_tolerance",0.0128233939722881,"","",TRUE,"classical"
"paraboloid-surface_area-rep2-n240-r32","paraboloid","surface_area",2,240,32,"ambient",8,2,"random",2060327293.22276,836962.464965308,0.000168762851215768,588,TRUE,"stress_tolerance",0.0129908756908753,"","",FALSE,"Gaussian"
"paraboloid-surface_area-rep2-n240-r32","paraboloid","surface_area",2,240,32,"ambient",8,3,"random",2077707584.87949,839626.439780758,0.000169300007903483,1000,FALSE,"iteration_limit",0.0130115336491702,"Iteration limit reached! You may want to increase the itmax argument!","",FALSE,"Gaussian"
"paraboloid-surface_area-rep2-n240-r32","paraboloid","surface_area",2,240,32,"geodesic",128,1,"supplied",226602.127108422,127631.391250131,2.90750843068293e-05,30,TRUE,"stress_tolerance",0.00539213170340215,"","",TRUE,"classical"
"paraboloid-surface_area-rep2-n240-r32","paraboloid","surface_area",2,240,32,"geodesic",128,2,"random",1847732265.41434,132402.248252806,3.01619099553624e-05,656,TRUE,"stress_tolerance",0.00549198597552552,"","",FALSE,"Gaussian"
"paraboloid-surface_area-rep2-n240-r32","paraboloid","surface_area",2,240,32,"geodesic",128,3,"random",1867784414.99373,315971.498083962,7.19799248081685e-05,399,TRUE,"stress_tolerance",0.00848409834974669,"","",FALSE,"Gaussian"
"paraboloid-surface_area-rep2-n240-r32","paraboloid","surface_area",2,240,32,"geodesic",16,1,"supplied",669780.00212217,326287.054205104,7.20841591479541e-05,77,TRUE,"stress_tolerance",0.00849023905128466,"","",TRUE,"classical"
"paraboloid-surface_area-rep2-n240-r32","paraboloid","surface_area",2,240,32,"geodesic",16,2,"random",1897154080.09575,331544.144266611,7.32455687465419e-05,743,TRUE,"stress_tolerance",0.00855836250380571,"","",FALSE,"Gaussian"
"paraboloid-surface_area-rep2-n240-r32","paraboloid","surface_area",2,240,32,"geodesic",16,3,"random",1917041391.83129,420282.877320615,9.28499535163763e-05,412,TRUE,"stress_tolerance",0.00963586807279865,"","",FALSE,"Gaussian"
"paraboloid-surface_area-rep2-n240-r32","paraboloid","surface_area",2,240,32,"geodesic",239,1,"supplied",226669.509641787,127586.083229135,2.90661612326775e-05,30,TRUE,"stress_tolerance",0.00539130422371826,"","",TRUE,"classical"
"paraboloid-surface_area-rep2-n240-r32","paraboloid","surface_area",2,240,32,"geodesic",239,2,"random",1847633626.4321,132347.390214815,3.01508635216844e-05,655,TRUE,"stress_tolerance",0.00549098019680372,"","",FALSE,"Gaussian"
"paraboloid-surface_area-rep2-n240-r32","paraboloid","surface_area",2,240,32,"geodesic",239,3,"random",1867684010.29936,316198.535218979,7.20351105198956e-05,399,TRUE,"stress_tolerance",0.00848735002930253,"","",FALSE,"Gaussian"
"paraboloid-surface_area-rep2-n240-r32","paraboloid","surface_area",2,240,32,"geodesic",32,1,"supplied",360173.883148645,170746.594842223,3.85486847685668e-05,50,TRUE,"stress_tolerance",0.00620875871399207,"","",TRUE,"classical"
"paraboloid-surface_area-rep2-n240-r32","paraboloid","surface_area",2,240,32,"geodesic",32,2,"random",1862426788.39672,175452.366578424,3.96110855234355e-05,800,TRUE,"stress_tolerance",0.00629373383004412,"","",FALSE,"Gaussian"
"paraboloid-surface_area-rep2-n240-r32","paraboloid","surface_area",2,240,32,"geodesic",32,3,"random",1883010895.54429,321153.896329752,7.25054594690588e-05,410,TRUE,"stress_tolerance",0.00851501376799037,"","",FALSE,"Gaussian"
"paraboloid-surface_area-rep2-n240-r32","paraboloid","surface_area",2,240,32,"geodesic",4,1,"supplied",5395033.57660259,2468996.35250778,0.000367676951143028,276,TRUE,"stress_tolerance",0.0191749042016651,"","",FALSE,"classical"
"paraboloid-surface_area-rep2-n240-r32","paraboloid","surface_area",2,240,32,"geodesic",4,2,"random",2693383276.16021,2735802.00167384,0.000407409001590763,701,TRUE,"stress_tolerance",0.0201843751845522,"","",FALSE,"Gaussian"
"paraboloid-surface_area-rep2-n240-r32","paraboloid","surface_area",2,240,32,"geodesic",4,3,"random",2725384434.26778,2441058.69872133,0.00036351654347136,434,TRUE,"stress_tolerance",0.0190661098148354,"","",TRUE,"Gaussian"
"paraboloid-surface_area-rep2-n240-r32","paraboloid","surface_area",2,240,32,"geodesic",64,1,"supplied",238146.067782696,132912.027221602,3.02305676268136e-05,34,TRUE,"stress_tolerance",0.00549823313681935,"","",TRUE,"classical"
"paraboloid-surface_area-rep2-n240-r32","paraboloid","surface_area",2,240,32,"geodesic",64,2,"random",1850320206.60232,137644.938736514,3.13070586307821e-05,714,TRUE,"stress_tolerance",0.00559527109537938,"","",FALSE,"Gaussian"
"paraboloid-surface_area-rep2-n240-r32","paraboloid","surface_area",2,240,32,"geodesic",64,3,"random",1870614348.83771,304681.270949585,6.92991293459704e-05,395,TRUE,"stress_tolerance",0.0083246098614876,"","",FALSE,"Gaussian"
"paraboloid-surface_area-rep2-n240-r32","paraboloid","surface_area",2,240,32,"geodesic",8,1,"supplied",1414269.14451278,731477.16505652,0.00015105940222917,125,TRUE,"stress_tolerance",0.0122906225322062,"","",FALSE,"classical"
"paraboloid-surface_area-rep2-n240-r32","paraboloid","surface_area",2,240,32,"geodesic",8,2,"random",2015995454.99641,727511.435894658,0.000150240428370229,828,TRUE,"stress_tolerance",0.0122572602309911,"","",TRUE,"Gaussian"
"paraboloid-surface_area-rep2-n240-r32","paraboloid","surface_area",2,240,32,"geodesic",8,3,"random",2035196692.87246,778797.932542704,0.000160831746727356,793,TRUE,"stress_tolerance",0.0126819456995906,"","",FALSE,"Gaussian"
"paraboloid-surface_area-rep2-n240-r4","paraboloid","surface_area",2,240,4,"ambient",128,1,"supplied",2939.41080543191,1881.63131708537,0.00110217902514067,20,TRUE,"stress_tolerance",0.0331990816912256,"","",TRUE,"classical"
"paraboloid-surface_area-rep2-n240-r4","paraboloid","surface_area",2,240,4,"ambient",128,2,"random",496936.171196897,1881.66374487919,0.00110219801995324,86,TRUE,"stress_tolerance",0.0331993677643601,"","",FALSE,"Gaussian"
"paraboloid-surface_area-rep2-n240-r4","paraboloid","surface_area",2,240,4,"ambient",128,3,"random",506421.926501592,1881.66067546106,0.00110219622201958,84,TRUE,"stress_tolerance",0.0331993406865193,"","",FALSE,"Gaussian"
"paraboloid-surface_area-rep2-n240-r4","paraboloid","surface_area",2,240,4,"ambient",16,1,"supplied",9388.22536606222,7743.06948045643,0.00379351205311155,21,TRUE,"stress_tolerance",0.0615914933502315,"","",TRUE,"classical"
"paraboloid-surface_area-rep2-n240-r4","paraboloid","surface_area",2,240,4,"ambient",16,2,"random",584259.163609559,7743.09369736194,0.00379352391754375,69,TRUE,"stress_tolerance",0.061591589665666,"","",FALSE,"Gaussian"
"paraboloid-surface_area-rep2-n240-r4","paraboloid","surface_area",2,240,4,"ambient",16,3,"random",596298.841600162,7743.07857579031,0.00379351650912977,69,TRUE,"stress_tolerance",0.0615915295241951,"","",FALSE,"Gaussian"
"paraboloid-surface_area-rep2-n240-r4","paraboloid","surface_area",2,240,4,"ambient",239,1,"supplied",5.56691333890696e-25,6.94570640430554e-23,4.25102743935137e-29,1,TRUE,"stress_tolerance",6.4867814395994e-15,"","",TRUE,"classical"
"paraboloid-surface_area-rep2-n240-r4","paraboloid","surface_area",2,240,4,"ambient",239,2,"random",469418.675565415,0.110247897469833,6.74757627222104e-08,94,TRUE,"stress_tolerance",0.000259760972295694,"","",FALSE,"Gaussian"
"paraboloid-surface_area-rep2-n240-r4","paraboloid","surface_area",2,240,4,"ambient",239,3,"random",478714.055047639,0.0915505064976262,5.60322726809581e-08,87,TRUE,"stress_tolerance",0.000236711369997928,"","",FALSE,"Gaussian"
"paraboloid-surface_area-rep2-n240-r4","paraboloid","surface_area",2,240,4,"ambient",32,1,"supplied",8485.88591318519,6858.92278713223,0.00352526208874566,21,TRUE,"stress_tolerance",0.0593739175795708,"","",TRUE,"classical"
"paraboloid-surface_area-rep2-n240-r4","paraboloid","surface_area",2,240,4,"ambient",32,2,"random",560020.40259209,6858.9561270252,0.00352527922436074,69,TRUE,"stress_tolerance",0.0593740618819423,"","",FALSE,"Gaussian"
"paraboloid-surface_area-rep2-n240-r4","paraboloid","surface_area",2,240,4,"ambient",32,3,"random",571018.015985397,6858.9407166569,0.00352527130393521,70,TRUE,"stress_tolerance",0.059373995182531,"","",FALSE,"Gaussian"
"paraboloid-surface_area-rep2-n240-r4","paraboloid","surface_area",2,240,4,"ambient",4,1,"supplied",22977.6173534633,17994.5150323244,0.00595573905444789,30,TRUE,"stress_tolerance",0.0771734349011878,"","",TRUE,"classical"
"paraboloid-surface_area-rep2-n240-r4","paraboloid","surface_area",2,240,4,"ambient",4,2,"random",850014.030842562,17994.5166537991,0.00595573959111587,79,TRUE,"stress_tolerance",0.0771734383782131,"","",FALSE,"Gaussian"
"paraboloid-surface_area-rep2-n240-r4","paraboloid","surface_area",2,240,4,"ambient",4,3,"random",859929.536065169,17994.5162166587,0.00595573944643321,74,TRUE,"stress_tolerance",0.0771734374408268,"","",FALSE,"Gaussian"
"paraboloid-surface_area-rep2-n240-r4","paraboloid","surface_area",2,240,4,"ambient",64,1,"supplied",7408.04115947813,5684.55116079943,0.00305303657814389,20,TRUE,"stress_tolerance",0.0552542901333815,"","",TRUE,"classical"
"paraboloid-surface_area-rep2-n240-r4","paraboloid","surface_area",2,240,4,"ambient",64,2,"random",539753.076329633,5684.5780714345,0.00305305103120288,73,TRUE,"stress_tolerance",0.055254420919985,"","",FALSE,"Gaussian"
"paraboloid-surface_area-rep2-n240-r4","paraboloid","surface_area",2,240,4,"ambient",64,3,"random",549776.388477328,5684.58524650576,0.00305305488476218,74,TRUE,"stress_tolerance",0.0552544557910234,"","",FALSE,"Gaussian"
"paraboloid-surface_area-rep2-n240-r4","paraboloid","surface_area",2,240,4,"ambient",8,1,"supplied",12190.3613106445,9797.94407849707,0.00426855809530196,23,TRUE,"stress_tolerance",0.0653342031045146,"","",TRUE,"classical"
"paraboloid-surface_area-rep2-n240-r4","paraboloid","surface_area",2,240,4,"ambient",8,2,"random",655101.697039054,9797.95814829527,0.00426856422492983,68,TRUE,"stress_tolerance",0.065334250014291,"","",FALSE,"Gaussian"
"paraboloid-surface_area-rep2-n240-r4","paraboloid","surface_area",2,240,4,"ambient",8,3,"random",667379.626855319,9797.94931393828,0.00426856037616669,71,TRUE,"stress_tolerance",0.0653342205598774,"","",FALSE,"Gaussian"
"paraboloid-surface_area-rep2-n240-r4","paraboloid","surface_area",2,240,4,"geodesic",128,1,"supplied",9021.06331927014,7507.62639978269,0.00379401975408836,21,TRUE,"stress_tolerance",0.0615956147309885,"","",TRUE,"classical"
"paraboloid-surface_area-rep2-n240-r4","paraboloid","surface_area",2,240,4,"geodesic",128,2,"random",565061.742897809,7507.66414795096,0.0037940388303301,68,TRUE,"stress_tolerance",0.061595769581442,"","",FALSE,"Gaussian"
"paraboloid-surface_area-rep2-n240-r4","paraboloid","surface_area",2,240,4,"geodesic",128,3,"random",576291.90844041,7507.64953089391,0.00379403144352098,68,TRUE,"stress_tolerance",0.061595709619429,"","",FALSE,"Gaussian"
"paraboloid-surface_area-rep2-n240-r4","paraboloid","surface_area",2,240,4,"geodesic",16,1,"supplied",9714.84140796688,8092.78440381365,0.00391821317112044,21,TRUE,"stress_tolerance",0.0625956322048147,"","",TRUE,"classical"
"paraboloid-surface_area-rep2-n240-r4","paraboloid","surface_area",2,240,4,"geodesic",16,2,"random",588702.451716075,8092.80303975664,0.00391822219392318,69,TRUE,"stress_tolerance",0.0625957042769164,"","",FALSE,"Gaussian"
"paraboloid-surface_area-rep2-n240-r4","paraboloid","surface_area",2,240,4,"geodesic",16,3,"random",600774.940705474,8092.80180178112,0.00391822159454332,68,TRUE,"stress_tolerance",0.0625956994892088,"","",FALSE,"Gaussian"
"paraboloid-surface_area-rep2-n240-r4","paraboloid","surface_area",2,240,4,"geodesic",239,1,"supplied",8986.85434499791,7477.28697201941,0.00378036762729763,21,TRUE,"stress_tolerance",0.0614846942522902,"","",TRUE,"classical"
"paraboloid-surface_area-rep2-n240-r4","paraboloid","surface_area",2,240,4,"geodesic",239,2,"random",564734.850494409,7477.32529741231,0.00378038700385429,68,TRUE,"stress_tolerance",0.0614848518242849,"","",FALSE,"Gaussian"
"paraboloid-surface_area-rep2-n240-r4","paraboloid","surface_area",2,240,4,"geodesic",239,3,"random",575945.771706008,7477.31031212392,0.00378037942759042,68,TRUE,"stress_tolerance",0.0614847902134373,"","",FALSE,"Gaussian"
"paraboloid-surface_area-rep2-n240-r4","paraboloid","surface_area",2,240,4,"geodesic",32,1,"supplied",9258.62913782842,7688.96700093767,0.00383719242585661,21,TRUE,"stress_tolerance",0.0619450758806268,"","",TRUE,"classical"
"paraboloid-surface_area-rep2-n240-r4","paraboloid","surface_area",2,240,4,"geodesic",32,2,"random",572258.874624132,7689.00386627768,0.003837210823569,68,TRUE,"stress_tolerance",0.0619452243806496,"","",FALSE,"Gaussian"
"paraboloid-surface_area-rep2-n240-r4","paraboloid","surface_area",2,240,4,"geodesic",32,3,"random",583708.520140655,7688.98866510801,0.0038372032373987,68,TRUE,"stress_tolerance",0.0619451631477284,"","",FALSE,"Gaussian"
"paraboloid-surface_area-rep2-n240-r4","paraboloid","surface_area",2,240,4,"geodesic",4,1,"supplied",23028.791057799,18055.4284023528,0.00596044450753254,30,TRUE,"stress_tolerance",0.0772039151049512,"","",FALSE,"classical"
"paraboloid-surface_area-rep2-n240-r4","paraboloid","surface_area",2,240,4,"geodesic",4,2,"random",852891.613836321,18055.4351586328,0.00596044673791065,81,TRUE,"stress_tolerance",0.0772039295496711,"","",FALSE,"Gaussian"
"paraboloid-surface_area-rep2-n240-r4","paraboloid","surface_area",2,240,4,"geodesic",4,3,"random",863198.709528534,18055.427060926,0.00596044406470175,74,TRUE,"stress_tolerance",0.0772039122370214,"","",TRUE,"Gaussian"
"paraboloid-surface_area-rep2-n240-r4","paraboloid","surface_area",2,240,4,"geodesic",64,1,"supplied",9106.18748471338,7573.40078445803,0.00381598583295495,21,TRUE,"stress_tolerance",0.0617736661770611,"","",TRUE,"classical"
"paraboloid-surface_area-rep2-n240-r4","paraboloid","surface_area",2,240,4,"geodesic",64,2,"random",566903.917466349,7573.43721504926,0.00381600418912334,68,TRUE,"stress_tolerance",0.0617738147528816,"","",FALSE,"Gaussian"
"paraboloid-surface_area-rep2-n240-r4","paraboloid","surface_area",2,240,4,"geodesic",64,3,"random",578222.419839441,7573.42309167117,0.00381599707282087,68,TRUE,"stress_tolerance",0.0617737571531867,"","",FALSE,"Gaussian"
"paraboloid-surface_area-rep2-n240-r4","paraboloid","surface_area",2,240,4,"geodesic",8,1,"supplied",12346.212704732,9963.11928023174,0.00430844284775783,23,TRUE,"stress_tolerance",0.0656387297847685,"","",TRUE,"classical"
"paraboloid-surface_area-rep2-n240-r4","paraboloid","surface_area",2,240,4,"geodesic",8,2,"random",658658.984485921,9963.13999375537,0.00430845180509641,68,TRUE,"stress_tolerance",0.0656387980168466,"","",FALSE,"Gaussian"
"paraboloid-surface_area-rep2-n240-r4","paraboloid","surface_area",2,240,4,"geodesic",8,3,"random",671335.214219297,9963.13109256217,0.00430844795587198,71,TRUE,"stress_tolerance",0.0656387686955814,"","",FALSE,"Gaussian"
"paraboloid-surface_area-rep2-n240-r64","paraboloid","surface_area",2,240,64,"ambient",128,1,"supplied",65204.5112422994,7636.89829598758,1.100037764411e-07,19,TRUE,"stress_tolerance",0.000331668172193671,"","",TRUE,"classical"
"paraboloid-surface_area-rep2-n240-r64","paraboloid","surface_area",2,240,64,"ambient",128,2,"random",30126912001.8686,376602.016322309,5.42466881254042e-06,519,TRUE,"stress_tolerance",0.00232909184287494,"","",FALSE,"Gaussian"
"paraboloid-surface_area-rep2-n240-r64","paraboloid","surface_area",2,240,64,"ambient",128,3,"random",30436414993.9078,336751.180563129,4.85064749420663e-06,379,TRUE,"stress_tolerance",0.00220241855563666,"","",FALSE,"Gaussian"
"paraboloid-surface_area-rep2-n240-r64","paraboloid","surface_area",2,240,64,"ambient",16,1,"supplied",2512713.16581061,853563.309874696,1.19129104730227e-05,127,TRUE,"stress_tolerance",0.00345150843444263,"","",TRUE,"classical"
"paraboloid-surface_area-rep2-n240-r64","paraboloid","surface_area",2,240,64,"ambient",16,2,"random",30900767971.3408,964197.539080361,1.3456997071558e-05,564,TRUE,"stress_tolerance",0.00366837798918872,"","",FALSE,"Gaussian"
"paraboloid-surface_area-rep2-n240-r64","paraboloid","surface_area",2,240,64,"ambient",16,3,"random",31204418834.37,1205804.59085192,1.68290295196586e-05,335,TRUE,"stress_tolerance",0.00410232001673015,"","",FALSE,"Gaussian"
"paraboloid-surface_area-rep2-n240-r64","paraboloid","surface_area",2,240,64,"ambient",239,1,"supplied",2.09872834559433e-20,4.14784723102409e-18,5.97574337521078e-29,1,TRUE,"stress_tolerance",7.76715192370231e-15,"","",TRUE,"classical"
"paraboloid-surface_area-rep2-n240-r64","paraboloid","surface_area",2,240,64,"ambient",239,2,"random",30121317695.2688,374163.9796744,5.39052621335275e-06,515,TRUE,"stress_tolerance",0.0023217506785525,"","",FALSE,"Gaussian"
"paraboloid-surface_area-rep2-n240-r64","paraboloid","surface_area",2,240,64,"ambient",239,3,"random",30430791089.5336,330095.868922076,4.75564333021138e-06,380,TRUE,"stress_tolerance",0.00218074375620279,"","",FALSE,"Gaussian"
"paraboloid-surface_area-rep2-n240-r64","paraboloid","surface_area",2,240,64,"ambient",32,1,"supplied",1756973.00017499,262283.785019451,3.75748962881023e-06,55,TRUE,"stress_tolerance",0.00193842452234176,"","",TRUE,"classical"
"paraboloid-surface_area-rep2-n240-r64","paraboloid","surface_area",2,240,64,"ambient",32,2,"random",30235808913.2209,635614.053883763,9.10583631854006e-06,540,TRUE,"stress_tolerance",0.00301758783112374,"","",FALSE,"Gaussian"
"paraboloid-surface_area-rep2-n240-r64","paraboloid","surface_area",2,240,64,"ambient",32,3,"random",30545913561.3595,549422.781899412,7.87105617171877e-06,447,TRUE,"stress_tolerance",0.00280554026378608,"","",FALSE,"Gaussian"
"paraboloid-surface_area-rep2-n240-r64","paraboloid","surface_area",2,240,64,"ambient",4,1,"supplied",18235261.6596732,7239179.32125687,7.55332272773249e-05,280,TRUE,"stress_tolerance",0.00869098540312497,"","",FALSE,"classical"
"paraboloid-surface_area-rep2-n240-r64","paraboloid","surface_area",2,240,64,"ambient",4,2,"random",40943719036.1005,7384546.77551802,7.70499838700498e-05,607,TRUE,"stress_tolerance",0.00877781202066071,"","",FALSE,"Gaussian"
"paraboloid-surface_area-rep2-n240-r64","paraboloid","surface_area",2,240,64,"ambient",4,3,"random",41405579786.3086,7218065.55627967,7.53129273319955e-05,426,TRUE,"stress_tolerance",0.00867830209960459,"","",TRUE,"Gaussian"
"paraboloid-surface_area-rep2-n240-r64","paraboloid","surface_area",2,240,64,"ambient",64,1,"supplied",487447.317438099,44112.594818581,6.34794128799966e-07,34,TRUE,"stress_tolerance",0.000796739686977584,"","",TRUE,"classical"
"paraboloid-surface_area-rep2-n240-r64","paraboloid","surface_area",2,240,64,"ambient",64,2,"random",30143658584.8091,396058.480182343,5.6994062334163e-06,534,TRUE,"stress_tolerance",0.00238734292329831,"","",FALSE,"Gaussian"
"paraboloid-surface_area-rep2-n240-r64","paraboloid","surface_area",2,240,64,"ambient",64,3,"random",30454839652.8236,398544.64252212,5.73518289228266e-06,362,TRUE,"stress_tolerance",0.00239482418817934,"","",FALSE,"Gaussian"
"paraboloid-surface_area-rep2-n240-r64","paraboloid","surface_area",2,240,64,"ambient",8,1,"supplied",7959721.68505953,2747242.9912797,3.53150030672964e-05,207,TRUE,"stress_tolerance",0.00594264276793602,"","",FALSE,"classical"
"paraboloid-surface_area-rep2-n240-r64","paraboloid","surface_area",2,240,64,"ambient",8,2,"random",33351543245.7052,2831134.48875362,3.63934036674673e-05,535,TRUE,"stress_tolerance",0.00603269456109568,"","",FALSE,"Gaussian"
"paraboloid-surface_area-rep2-n240-r64","paraboloid","surface_area",2,240,64,"ambient",8,3,"random",33705716099.4218,2662520.64961751,3.4225922208717e-05,543,TRUE,"stress_tolerance",0.00585029248916008,"","",TRUE,"Gaussian"
"paraboloid-surface_area-rep2-n240-r64","paraboloid","surface_area",2,240,64,"geodesic",128,1,"supplied",515522.442539245,279609.598903869,4.02290144436242e-06,25,TRUE,"stress_tolerance",0.00200571718952796,"","",TRUE,"classical"
"paraboloid-surface_area-rep2-n240-r64","paraboloid","surface_area",2,240,64,"geodesic",128,2,"random",30035079285.7559,784143.02032154,1.12819091383296e-05,548,TRUE,"stress_tolerance",0.00335885533155803,"","",FALSE,"Gaussian"
"paraboloid-surface_area-rep2-n240-r64","paraboloid","surface_area",2,240,64,"geodesic",128,3,"random",30346251501.5816,630776.534845163,9.07533876893459e-06,730,TRUE,"stress_tolerance",0.00301253029344778,"","",FALSE,"Gaussian"
"paraboloid-surface_area-rep2-n240-r64","paraboloid","surface_area",2,240,64,"geodesic",16,1,"supplied",4008436.1407653,1216640.24118941,1.70691462339812e-05,140,TRUE,"stress_tolerance",0.00413148232889689,"","",TRUE,"classical"
"paraboloid-surface_area-rep2-n240-r64","paraboloid","surface_area",2,240,64,"geodesic",16,2,"random",30679852333.0177,1332119.53280915,1.8689290668565e-05,540,TRUE,"stress_tolerance",0.00432311122556094,"","",FALSE,"Gaussian"
"paraboloid-surface_area-rep2-n240-r64","paraboloid","surface_area",2,240,64,"geodesic",16,3,"random",30986609823.2056,1450557.76369838,2.03509482517187e-05,537,TRUE,"stress_tolerance",0.0045112025283426,"","",FALSE,"Gaussian"
"paraboloid-surface_area-rep2-n240-r64","paraboloid","surface_area",2,240,64,"geodesic",239,1,"supplied",516223.466311477,279563.604933359,4.02229117812283e-06,25,TRUE,"stress_tolerance",0.00200556505208093,"","",TRUE,"classical"
"paraboloid-surface_area-rep2-n240-r64","paraboloid","surface_area",2,240,64,"geodesic",239,2,"random",30034655292.8836,783598.916044788,1.12742250835722e-05,549,TRUE,"stress_tolerance",0.00335771128651322,"","",FALSE,"Gaussian"
"paraboloid-surface_area-rep2-n240-r64","paraboloid","surface_area",2,240,64,"geodesic",239,3,"random",30345821686.569,630795.977622662,9.0757346493361e-06,730,TRUE,"stress_tolerance",0.00301259599836124,"","",FALSE,"Gaussian"
"paraboloid-surface_area-rep2-n240-r64","paraboloid","surface_area",2,240,64,"geodesic",32,1,"supplied",1165610.83319299,414272.548582387,5.93464711142813e-06,52,TRUE,"stress_tolerance",0.00243611311548413,"","",TRUE,"classical"
"paraboloid-surface_area-rep2-n240-r64","paraboloid","surface_area",2,240,64,"geodesic",32,2,"random",30142223249.9507,667455.987410531,9.56161773510216e-06,605,TRUE,"stress_tolerance",0.0030921865621447,"","",FALSE,"Gaussian"
"paraboloid-surface_area-rep2-n240-r64","paraboloid","surface_area",2,240,64,"geodesic",32,3,"random",30453937644.4517,676440.961412095,9.69033167037764e-06,694,TRUE,"stress_tolerance",0.00311292975673782,"","",FALSE,"Gaussian"
"paraboloid-surface_area-rep2-n240-r64","paraboloid","surface_area",2,240,64,"geodesic",4,1,"supplied",21536566.9694165,8727888.93795031,9.2847605828858e-05,276,TRUE,"stress_tolerance",0.00963574625178892,"","",TRUE,"classical"
"paraboloid-surface_area-rep2-n240-r64","paraboloid","surface_area",2,240,64,"geodesic",4,2,"random",40011703312.2827,9347934.04438661,9.94436686394406e-05,356,TRUE,"stress_tolerance",0.00997214463590696,"","",FALSE,"Gaussian"
"paraboloid-surface_area-rep2-n240-r64","paraboloid","surface_area",2,240,64,"geodesic",4,3,"random",40458527702.1496,8884567.81018911,9.45143614755853e-05,615,TRUE,"stress_tolerance",0.00972184969414731,"","",FALSE,"Gaussian"
"paraboloid-surface_area-rep2-n240-r64","paraboloid","surface_area",2,240,64,"geodesic",64,1,"supplied",552467.387922403,290039.567579433,4.17086014139053e-06,28,TRUE,"stress_tolerance",0.00204226838133389,"","",TRUE,"classical"
"paraboloid-surface_area-rep2-n240-r64","paraboloid","surface_area",2,240,64,"geodesic",64,2,"random",30048269305.3296,778071.798699497,1.11889170137002e-05,539,TRUE,"stress_tolerance",0.00334498385851207,"","",FALSE,"Gaussian"
"paraboloid-surface_area-rep2-n240-r64","paraboloid","surface_area",2,240,64,"geodesic",64,3,"random",30360737527.3008,613976.894602572,8.82918071766631e-06,719,TRUE,"stress_tolerance",0.00297139373319531,"","",FALSE,"Gaussian"
"paraboloid-surface_area-rep2-n240-r64","paraboloid","surface_area",2,240,64,"geodesic",8,1,"supplied",7472471.4179272,2507725.16407362,3.33292629266722e-05,219,TRUE,"stress_tolerance",0.00577315017357753,"","",TRUE,"classical"
"paraboloid-surface_area-rep2-n240-r64","paraboloid","surface_area",2,240,64,"geodesic",8,2,"random",32239591586.5899,2593671.8999285,3.44715497282861e-05,452,TRUE,"stress_tolerance",0.00587124771477854,"","",FALSE,"Gaussian"
"paraboloid-surface_area-rep2-n240-r64","paraboloid","surface_area",2,240,64,"geodesic",8,3,"random",32559866798.8502,2611318.22593157,3.47060806280322e-05,425,TRUE,"stress_tolerance",0.00589118669098497,"","",FALSE,"Gaussian"
"paraboloid-surface_area-rep2-n240-r8","paraboloid","surface_area",2,240,8,"ambient",128,1,"supplied",5653.59944830893,1761.88358813496,9.04799270120703e-05,22,TRUE,"stress_tolerance",0.00951209372389037,"","",TRUE,"classical"
"paraboloid-surface_area-rep2-n240-r8","paraboloid","surface_area",2,240,8,"ambient",128,2,"random",6941162.22792237,1764.71783695161,9.06254772787234e-05,182,TRUE,"stress_tolerance",0.00951974145020383,"","",FALSE,"Gaussian"
"paraboloid-surface_area-rep2-n240-r8","paraboloid","surface_area",2,240,8,"ambient",128,3,"random",7039292.76658756,1764.68183525406,9.06236284443346e-05,154,TRUE,"stress_tolerance",0.00951964434442489,"","",FALSE,"Gaussian"
"paraboloid-surface_area-rep2-n240-r8","paraboloid","surface_area",2,240,8,"ambient",16,1,"supplied",36319.1982950983,24113.2728627598,0.00112307561094204,35,TRUE,"stress_tolerance",0.0335123202858597,"","",TRUE,"classical"
"paraboloid-surface_area-rep2-n240-r8","paraboloid","surface_area",2,240,8,"ambient",16,2,"random",7316225.16820769,24114.4899034861,0.0011231322946102,141,TRUE,"stress_tolerance",0.0335131659890588,"","",FALSE,"Gaussian"
"paraboloid-surface_area-rep2-n240-r8","paraboloid","surface_area",2,240,8,"ambient",16,3,"random",7433589.71570441,24114.4697550714,0.00112313135619785,123,TRUE,"stress_tolerance",0.0335131519884038,"","",FALSE,"Gaussian"
"paraboloid-surface_area-rep2-n240-r8","paraboloid","surface_area",2,240,8,"ambient",239,1,"supplied",1.37259416679575e-23,9.00104850616687e-22,4.67648821119637e-29,1,TRUE,"stress_tolerance",6.8206290405535e-15,"","",TRUE,"classical"
"paraboloid-surface_area-rep2-n240-r8","paraboloid","surface_area",2,240,8,"ambient",239,2,"random",6851027.67735667,3.96634764568942,2.06071303736058e-07,193,TRUE,"stress_tolerance",0.000453950772377194,"","",FALSE,"Gaussian"
"paraboloid-surface_area-rep2-n240-r8","paraboloid","surface_area",2,240,8,"ambient",239,3,"random",6949319.53376695,3.69354599565885,1.91897913830551e-07,152,TRUE,"stress_tolerance",0.000438061541152103,"","",FALSE,"Gaussian"
"paraboloid-surface_area-rep2-n240-r8","paraboloid","surface_area",2,240,8,"ambient",32,1,"supplied",32408.7344182953,19962.3577822416,0.000963885819210134,30,TRUE,"stress_tolerance",0.0310465105802591,"","",TRUE,"classical"
"paraboloid-surface_area-rep2-n240-r8","paraboloid","surface_area",2,240,8,"ambient",32,2,"random",7124406.69211248,19963.9630463196,0.000963963329657434,141,TRUE,"stress_tolerance",0.0310477588508001,"","",FALSE,"Gaussian"
"paraboloid-surface_area-rep2-n240-r8","paraboloid","surface_area",2,240,8,"ambient",32,3,"random",7237504.38476598,19963.8644530044,0.000963958569062546,127,TRUE,"stress_tolerance",0.0310476821850288,"","",FALSE,"Gaussian"
"paraboloid-surface_area-rep2-n240-r8","paraboloid","surface_area",2,240,8,"ambient",4,1,"supplied",177386.081976025,117070.205783515,0.00351662444359305,97,TRUE,"stress_tolerance",0.0593011335776395,"","",FALSE,"classical"
"paraboloid-surface_area-rep2-n240-r8","paraboloid","surface_area",2,240,8,"ambient",4,2,"random",10995080.4897106,117069.436246519,0.00351660132778325,257,TRUE,"stress_tolerance",0.0593009386753974,"","",TRUE,"Gaussian"
"paraboloid-surface_area-rep2-n240-r8","paraboloid","surface_area",2,240,8,"ambient",4,3,"random",11140386.9929574,143582.726156049,0.00431302329314935,278,TRUE,"stress_tolerance",0.0656736118479057,"","",FALSE,"Gaussian"
"paraboloid-surface_area-rep2-n240-r8","paraboloid","surface_area",2,240,8,"ambient",64,1,"supplied",28886.1532533533,14844.5255123168,0.000737672513979142,28,TRUE,"stress_tolerance",0.0271601272820865,"","",TRUE,"classical"
"paraboloid-surface_area-rep2-n240-r8","paraboloid","surface_area",2,240,8,"ambient",64,2,"random",7053021.43023778,14846.3241874929,0.000737761895969686,160,TRUE,"stress_tolerance",0.0271617726956415,"","",FALSE,"Gaussian"
"paraboloid-surface_area-rep2-n240-r8","paraboloid","surface_area",2,240,8,"ambient",64,3,"random",7155771.94776065,14846.1549692307,0.0007377534869666,142,TRUE,"stress_tolerance",0.0271616179003867,"","",FALSE,"Gaussian"
"paraboloid-surface_area-rep2-n240-r8","paraboloid","surface_area",2,240,8,"ambient",8,1,"supplied",56893.0030288272,39552.4437786321,0.00167841033580503,52,TRUE,"stress_tolerance",0.0409684065568218,"","",TRUE,"classical"
"paraboloid-surface_area-rep2-n240-r8","paraboloid","surface_area",2,240,8,"ambient",8,2,"random",7935465.7739499,39552.6285642219,0.00167841817719267,143,TRUE,"stress_tolerance",0.0409685022571328,"","",FALSE,"Gaussian"
"paraboloid-surface_area-rep2-n240-r8","paraboloid","surface_area",2,240,8,"ambient",8,3,"random",8076856.82286529,39552.5463343082,0.00167841468776133,127,TRUE,"stress_tolerance",0.040968459670353,"","",FALSE,"Gaussian"
"paraboloid-surface_area-rep2-n240-r8","paraboloid","surface_area",2,240,8,"geodesic",128,1,"supplied",32407.3203621854,22309.1124022166,0.00107882512438167,27,TRUE,"stress_tolerance",0.0328454734230103,"","",TRUE,"classical"
"paraboloid-surface_area-rep2-n240-r8","paraboloid","surface_area",2,240,8,"geodesic",128,2,"random",6983820.54407108,22310.3028264765,0.00107888269097496,130,TRUE,"stress_tolerance",0.0328463497359289,"","",FALSE,"Gaussian"
"paraboloid-surface_area-rep2-n240-r8","paraboloid","surface_area",2,240,8,"geodesic",128,3,"random",7092723.69936614,22309.9291488055,0.00107886462065228,115,TRUE,"stress_tolerance",0.0328460746612481,"","",FALSE,"Gaussian"
"paraboloid-surface_area-rep2-n240-r8","paraboloid","surface_area",2,240,8,"geodesic",16,1,"supplied",38951.027018039,26927.213050882,0.00124711512386832,33,TRUE,"stress_tolerance",0.035314517182999,"","",TRUE,"classical"
"paraboloid-surface_area-rep2-n240-r8","paraboloid","surface_area",2,240,8,"geodesic",16,2,"random",7271952.74066044,26928.3250175419,0.00124716662382994,133,TRUE,"stress_tolerance",0.0353152463368154,"","",FALSE,"Gaussian"
"paraboloid-surface_area-rep2-n240-r8","paraboloid","surface_area",2,240,8,"geodesic",16,3,"random",7393227.21392339,26927.9963363641,0.00124715140119005,116,TRUE,"stress_tolerance",0.0353150308111157,"","",FALSE,"Gaussian"
"paraboloid-surface_area-rep2-n240-r8","paraboloid","surface_area",2,240,8,"geodesic",239,1,"supplied",32265.3973716612,22227.3967061489,0.00107527132883744,27,TRUE,"stress_tolerance",0.0327913300864336,"","",TRUE,"classical"
"paraboloid-surface_area-rep2-n240-r8","paraboloid","surface_area",2,240,8,"geodesic",239,2,"random",6980740.51422454,22228.6023673485,0.00107532965383778,130,TRUE,"stress_tolerance",0.0327922194100639,"","",FALSE,"Gaussian"
"paraboloid-surface_area-rep2-n240-r8","paraboloid","surface_area",2,240,8,"geodesic",239,3,"random",7089460.58851073,22228.2239342674,0.00107531134677972,115,TRUE,"stress_tolerance",0.0327919402716539,"","",FALSE,"Gaussian"
"paraboloid-surface_area-rep2-n240-r8","paraboloid","surface_area",2,240,8,"geodesic",32,1,"supplied",34067.9130594308,23494.0598606684,0.00112016529961611,28,TRUE,"stress_tolerance",0.0334688706056254,"","",TRUE,"classical"
"paraboloid-surface_area-rep2-n240-r8","paraboloid","surface_area",2,240,8,"geodesic",32,2,"random",7080116.06370185,23495.3805478453,0.00112022826821141,130,TRUE,"stress_tolerance",0.0334698112963221,"","",FALSE,"Gaussian"
"paraboloid-surface_area-rep2-n240-r8","paraboloid","surface_area",2,240,8,"geodesic",32,3,"random",7193956.5554221,23495.0721969026,0.00112021356645155,114,TRUE,"stress_tolerance",0.0334695916684315,"","",FALSE,"Gaussian"
"paraboloid-surface_area-rep2-n240-r8","paraboloid","surface_area",2,240,8,"geodesic",4,1,"supplied",205963.587144658,141050.467060198,0.00413117770315167,77,TRUE,"stress_tolerance",0.0642742382541533,"","",FALSE,"classical"
"paraboloid-surface_area-rep2-n240-r8","paraboloid","surface_area",2,240,8,"geodesic",4,2,"random",11041856.5339937,141050.325888902,0.00413117356843505,184,TRUE,"stress_tolerance",0.064274206089496,"","",TRUE,"Gaussian"
"paraboloid-surface_area-rep2-n240-r8","paraboloid","surface_area",2,240,8,"geodesic",4,3,"random",11167714.0169344,168385.145398088,0.00493177351843614,231,TRUE,"stress_tolerance",0.0702265869769854,"","",FALSE,"Gaussian"
"paraboloid-surface_area-rep2-n240-r8","paraboloid","surface_area",2,240,8,"geodesic",64,1,"supplied",32987.877061815,22685.7096554469,0.00109358446664838,27,TRUE,"stress_tolerance",0.0330693886645701,"","",TRUE,"classical"
"paraboloid-surface_area-rep2-n240-r8","paraboloid","surface_area",2,240,8,"geodesic",64,2,"random",7004863.69188129,22686.9226819253,0.00109364294165025,130,TRUE,"stress_tolerance",0.0330702727785886,"","",FALSE,"Gaussian"
"paraboloid-surface_area-rep2-n240-r8","paraboloid","surface_area",2,240,8,"geodesic",64,3,"random",7115124.31777788,22686.5878190885,0.00109362679929445,115,TRUE,"stress_tolerance",0.0330700287162631,"","",FALSE,"Gaussian"
"paraboloid-surface_area-rep2-n240-r8","paraboloid","surface_area",2,240,8,"geodesic",8,1,"supplied",61366.2671505567,42795.2871048032,0.00179833934559946,52,TRUE,"stress_tolerance",0.0424068313553311,"","",TRUE,"classical"
"paraboloid-surface_area-rep2-n240-r8","paraboloid","surface_area",2,240,8,"geodesic",8,2,"random",7959664.74802543,42795.654657905,0.00179835479087976,139,TRUE,"stress_tolerance",0.0424070134633384,"","",FALSE,"Gaussian"
"paraboloid-surface_area-rep2-n240-r8","paraboloid","surface_area",2,240,8,"geodesic",8,3,"random",8110776.18509625,42795.6179971417,0.00179835325032477,122,TRUE,"stress_tolerance",0.0424069952994171,"","",FALSE,"Gaussian"
"paraboloid-surface_area-rep3-n240-r1","paraboloid","surface_area",3,240,1,"ambient",128,1,"supplied",178.388165487139,161.009010277457,0.003821256021479,44,TRUE,"stress_tolerance",0.0618163087014986,"","",TRUE,"classical"
"paraboloid-surface_area-rep3-n240-r1","paraboloid","surface_area",3,240,1,"ambient",128,2,"random",12169.6074500317,161.009102951854,0.00382125822093726,151,TRUE,"stress_tolerance",0.0618163264917712,"","",FALSE,"Gaussian"
"paraboloid-surface_area-rep3-n240-r1","paraboloid","surface_area",3,240,1,"ambient",128,3,"random",12754.7724933481,161.009258243538,0.00382126190650294,122,TRUE,"stress_tolerance",0.061816356302381,"","",FALSE,"Gaussian"
"paraboloid-surface_area-rep3-n240-r1","paraboloid","surface_area",3,240,1,"ambient",16,1,"supplied",211.318538752502,192.249906489498,0.00395926352089966,47,TRUE,"stress_tolerance",0.0629226789075265,"","",TRUE,"classical"
"paraboloid-surface_area-rep3-n240-r1","paraboloid","surface_area",3,240,1,"ambient",16,2,"random",14301.6347453206,192.250271147843,0.00395927103080438,151,TRUE,"stress_tolerance",0.0629227385831578,"","",FALSE,"Gaussian"
"paraboloid-surface_area-rep3-n240-r1","paraboloid","surface_area",3,240,1,"ambient",16,3,"random",14945.802914126,192.250232863988,0.00395927024237295,126,TRUE,"stress_tolerance",0.0629227323180822,"","",FALSE,"Gaussian"
"paraboloid-surface_area-rep3-n240-r1","paraboloid","surface_area",3,240,1,"ambient",239,1,"supplied",1.57076107386806e-26,1.48519919649055e-24,4.11488220947432e-29,1,TRUE,"stress_tolerance",6.44109909101854e-15,"","",TRUE,"classical"
"paraboloid-surface_area-rep3-n240-r1","paraboloid","surface_area",3,240,1,"ambient",239,2,"random",9424.53752663569,0.00227412871468011,6.30068465711793e-08,123,TRUE,"stress_tolerance",0.00025101164629627,"","",FALSE,"Gaussian"
"paraboloid-surface_area-rep3-n240-r1","paraboloid","surface_area",3,240,1,"ambient",239,3,"random",9942.82670955766,0.00232167379791443,6.43241272269404e-08,114,TRUE,"stress_tolerance",0.000253622016457331,"","",FALSE,"Gaussian"
"paraboloid-surface_area-rep3-n240-r1","paraboloid","surface_area",3,240,1,"ambient",32,1,"supplied",214.095032492145,196.267270285445,0.00418891600757987,47,TRUE,"stress_tolerance",0.0647218356320326,"","",FALSE,"classical"
"paraboloid-surface_area-rep3-n240-r1","paraboloid","surface_area",3,240,1,"ambient",32,2,"random",13824.1404963573,196.267176375341,0.00418891400326433,151,TRUE,"stress_tolerance",0.0647218201479559,"","",TRUE,"Gaussian"
"paraboloid-surface_area-rep3-n240-r1","paraboloid","surface_area",3,240,1,"ambient",32,3,"random",14456.0210652976,196.267328969812,0.00418891726007543,123,TRUE,"stress_tolerance",0.0647218453080216,"","",FALSE,"Gaussian"
"paraboloid-surface_area-rep3-n240-r1","paraboloid","surface_area",3,240,1,"ambient",4,1,"supplied",463.767895647375,331.13477105221,0.00439104541486375,102,TRUE,"stress_tolerance",0.0662649637052924,"","",FALSE,"classical"
"paraboloid-surface_area-rep3-n240-r1","paraboloid","surface_area",3,240,1,"ambient",4,2,"random",22158.9795262508,331.55733521943,0.00439664886883827,196,TRUE,"stress_tolerance",0.0663072308940609,"","",FALSE,"Gaussian"
"paraboloid-surface_area-rep3-n240-r1","paraboloid","surface_area",3,240,1,"ambient",4,3,"random",22668.6195537981,331.130932059298,0.00439099450751816,143,TRUE,"stress_tolerance",0.0662645795845576,"","",TRUE,"Gaussian"
"paraboloid-surface_area-rep3-n240-r1","paraboloid","surface_area",3,240,1,"ambient",64,1,"supplied",206.441445473887,189.181402556822,0.00417502861165035,46,TRUE,"stress_tolerance",0.0646144613198188,"","",FALSE,"classical"
"paraboloid-surface_area-rep3-n240-r1","paraboloid","surface_area",3,240,1,"ambient",64,2,"random",13332.0300058978,189.181253385926,0.00417502531961029,151,TRUE,"stress_tolerance",0.0646144358453303,"","",TRUE,"Gaussian"
"paraboloid-surface_area-rep3-n240-r1","paraboloid","surface_area",3,240,1,"ambient",64,3,"random",13941.7962376802,189.181515329955,0.00417503110043124,122,TRUE,"stress_tolerance",0.0646144805785144,"","",FALSE,"Gaussian"
"paraboloid-surface_area-rep3-n240-r1","paraboloid","surface_area",3,240,1,"ambient",8,1,"supplied",235.552508404875,205.566582038467,0.00385317143738162,47,TRUE,"stress_tolerance",0.0620739191398581,"","",TRUE,"classical"
"paraboloid-surface_area-rep3-n240-r1","paraboloid","surface_area",3,240,1,"ambient",8,2,"random",15620.4452633312,205.566938252512,0.00385317811431214,156,TRUE,"stress_tolerance",0.0620739729219269,"","",FALSE,"Gaussian"
"paraboloid-surface_area-rep3-n240-r1","paraboloid","surface_area",3,240,1,"ambient",8,3,"random",16287.2145035685,205.566835125023,0.00385317618127471,126,TRUE,"stress_tolerance",0.062073957351491,"","",FALSE,"Gaussian"
"paraboloid-surface_area-rep3-n240-r1","paraboloid","surface_area",3,240,1,"geodesic",128,1,"supplied",212.457428022816,195.970054493049,0.00415773322053603,48,TRUE,"stress_tolerance",0.064480487130108,"","",FALSE,"classical"
"paraboloid-surface_area-rep3-n240-r1","paraboloid","surface_area",3,240,1,"geodesic",128,2,"random",13925.203398895,195.969812809685,0.00415772809294163,156,TRUE,"stress_tolerance",0.0644804473692738,"","",TRUE,"Gaussian"
"paraboloid-surface_area-rep3-n240-r1","paraboloid","surface_area",3,240,1,"geodesic",128,3,"random",14556.4092434512,195.970136025533,0.00415773495034274,125,TRUE,"stress_tolerance",0.0644805005435193,"","",FALSE,"Gaussian"
"paraboloid-surface_area-rep3-n240-r1","paraboloid","surface_area",3,240,1,"geodesic",16,1,"supplied",213.004899980611,193.806688937938,0.00395811054820588,47,TRUE,"stress_tolerance",0.0629135164190168,"","",TRUE,"classical"
"paraboloid-surface_area-rep3-n240-r1","paraboloid","surface_area",3,240,1,"geodesic",16,2,"random",14425.1561653386,193.806965657437,0.00395811619964328,151,TRUE,"stress_tolerance",0.062913561333335,"","",FALSE,"Gaussian"
"paraboloid-surface_area-rep3-n240-r1","paraboloid","surface_area",3,240,1,"geodesic",16,3,"random",15072.0501437871,193.807058655328,0.00395811809893755,126,TRUE,"stress_tolerance",0.0629135764278074,"","",FALSE,"Gaussian"
"paraboloid-surface_area-rep3-n240-r1","paraboloid","surface_area",3,240,1,"geodesic",239,1,"supplied",212.218258376489,195.719568118738,0.00415347083044299,48,TRUE,"stress_tolerance",0.0644474268721647,"","",FALSE,"classical"
"paraboloid-surface_area-rep3-n240-r1","paraboloid","surface_area",3,240,1,"geodesic",239,2,"random",13920.2428003237,195.719309936887,0.00415346535142626,156,TRUE,"stress_tolerance",0.0644473843645056,"","",TRUE,"Gaussian"
"paraboloid-surface_area-rep3-n240-r1","paraboloid","surface_area",3,240,1,"geodesic",239,3,"random",14551.3757638019,195.719649205254,0.0041534725512238,125,TRUE,"stress_tolerance",0.0644474402224309,"","",FALSE,"Gaussian"
"paraboloid-surface_area-rep3-n240-r1","paraboloid","surface_area",3,240,1,"geodesic",32,1,"supplied",216.433601204229,198.702443379562,0.00416810871101814,48,TRUE,"stress_tolerance",0.0645608914980123,"","",TRUE,"classical"
"paraboloid-surface_area-rep3-n240-r1","paraboloid","surface_area",3,240,1,"geodesic",32,2,"random",14079.169419872,198.702486720752,0.00416810962017049,153,TRUE,"stress_tolerance",0.0645608985390573,"","",FALSE,"Gaussian"
"paraboloid-surface_area-rep3-n240-r1","paraboloid","surface_area",3,240,1,"geodesic",32,3,"random",14718.8120721843,198.702787578958,0.00416811593116339,124,TRUE,"stress_tolerance",0.0645609474153174,"","",FALSE,"Gaussian"
"paraboloid-surface_area-rep3-n240-r1","paraboloid","surface_area",3,240,1,"geodesic",4,1,"supplied",465.566120362007,332.384901193339,0.00439496451405955,102,TRUE,"stress_tolerance",0.0662945285378782,"","",FALSE,"classical"
"paraboloid-surface_area-rep3-n240-r1","paraboloid","surface_area",3,240,1,"geodesic",4,2,"random",22223.7880985705,332.79756164999,0.00440042092335137,196,TRUE,"stress_tolerance",0.0663356685603707,"","",FALSE,"Gaussian"
"paraboloid-surface_area-rep3-n240-r1","paraboloid","surface_area",3,240,1,"geodesic",4,3,"random",22733.7893311128,332.381069633671,0.00439491385120237,143,TRUE,"stress_tolerance",0.066294146432414,"","",TRUE,"Gaussian"
"paraboloid-surface_area-rep3-n240-r1","paraboloid","surface_area",3,240,1,"geodesic",64,1,"supplied",213.110107641816,196.480258522732,0.00416067472089884,48,TRUE,"stress_tolerance",0.064503292326042,"","",TRUE,"classical"
"paraboloid-surface_area-rep3-n240-r1","paraboloid","surface_area",3,240,1,"geodesic",64,2,"random",13953.8146444282,196.480280383007,0.00416067518381299,155,TRUE,"stress_tolerance",0.0645032959143409,"","",FALSE,"Gaussian"
"paraboloid-surface_area-rep3-n240-r1","paraboloid","surface_area",3,240,1,"geodesic",64,3,"random",14586.0018438144,196.480306848231,0.00416067574424175,125,TRUE,"stress_tolerance",0.0645033002585276,"","",FALSE,"Gaussian"
"paraboloid-surface_area-rep3-n240-r1","paraboloid","surface_area",3,240,1,"geodesic",8,1,"supplied",236.659085012802,206.624563071134,0.00385612536589324,47,TRUE,"stress_tolerance",0.0620977082177211,"","",TRUE,"classical"
"paraboloid-surface_area-rep3-n240-r1","paraboloid","surface_area",3,240,1,"geodesic",8,2,"random",15689.9388138904,206.624918675137,0.00385613200234342,156,TRUE,"stress_tolerance",0.0620977616532468,"","",FALSE,"Gaussian"
"paraboloid-surface_area-rep3-n240-r1","paraboloid","surface_area",3,240,1,"geodesic",8,3,"random",16358.5307537176,206.62478601205,0.0038561295265221,126,TRUE,"stress_tolerance",0.0620977417183761,"","",FALSE,"Gaussian"
"paraboloid-surface_area-rep3-n240-r16","paraboloid","surface_area",3,240,16,"ambient",128,1,"supplied",13185.6731612884,1670.39026032514,5.87580494325013e-06,25,TRUE,"stress_tolerance",0.00242400597013587,"","",TRUE,"classical"
"paraboloid-surface_area-rep3-n240-r16","paraboloid","surface_area",3,240,16,"ambient",128,2,"random",112567074.47047,1833.6697701055,6.45016087281125e-06,276,TRUE,"stress_tolerance",0.00253971669144759,"","",FALSE,"Gaussian"
"paraboloid-surface_area-rep3-n240-r16","paraboloid","surface_area",3,240,16,"ambient",128,3,"random",121056814.35065,1796.19937701563,6.31835411712521e-06,295,TRUE,"stress_tolerance",0.00251363364815387,"","",FALSE,"Gaussian"
"paraboloid-surface_area-rep3-n240-r16","paraboloid","surface_area",3,240,16,"ambient",16,1,"supplied",159476.873585066,81106.37007472,0.000266955444318606,71,TRUE,"stress_tolerance",0.0163387711997755,"","",TRUE,"classical"
"paraboloid-surface_area-rep3-n240-r16","paraboloid","surface_area",3,240,16,"ambient",16,2,"random",117244082.054186,81124.5336446792,0.000267015228326748,301,TRUE,"stress_tolerance",0.0163406006109555,"","",FALSE,"Gaussian"
"paraboloid-surface_area-rep3-n240-r16","paraboloid","surface_area",3,240,16,"ambient",16,3,"random",126400477.412617,81165.2845284957,0.000267149356759392,237,TRUE,"stress_tolerance",0.016344704242029,"","",FALSE,"Gaussian"
"paraboloid-surface_area-rep3-n240-r16","paraboloid","surface_area",3,240,16,"ambient",239,1,"supplied",4.63971433075607e-23,1.66972607194472e-20,5.89101354453092e-29,1,TRUE,"stress_tolerance",7.6758543527671e-15,"","",TRUE,"classical"
"paraboloid-surface_area-rep3-n240-r16","paraboloid","surface_area",3,240,16,"ambient",239,2,"random",112219102.195136,175.285683550869,6.18430982968274e-07,278,TRUE,"stress_tolerance",0.000786403829450473,"","",FALSE,"Gaussian"
"paraboloid-surface_area-rep3-n240-r16","paraboloid","surface_area",3,240,16,"ambient",239,3,"random",120674122.050983,143.808638977843,5.07375823060801e-07,303,TRUE,"stress_tolerance",0.000712303181985632,"","",FALSE,"Gaussian"
"paraboloid-surface_area-rep3-n240-r16","paraboloid","surface_area",3,240,16,"ambient",32,1,"supplied",131687.277756826,55586.6632674964,0.000190271730016816,44,TRUE,"stress_tolerance",0.0137939019141366,"","",TRUE,"classical"
"paraboloid-surface_area-rep3-n240-r16","paraboloid","surface_area",3,240,16,"ambient",32,2,"random",113719566.436327,55677.465762194,0.000190582544639252,229,TRUE,"stress_tolerance",0.013805163694765,"","",FALSE,"Gaussian"
"paraboloid-surface_area-rep3-n240-r16","paraboloid","surface_area",3,240,16,"ambient",32,3,"random",122479532.011355,55650.7171994663,0.00019049098499155,242,TRUE,"stress_tolerance",0.0138018471586797,"","",FALSE,"Gaussian"
"paraboloid-surface_area-rep3-n240-r16","paraboloid","surface_area",3,240,16,"ambient",4,1,"supplied",924423.760166021,491965.422010377,0.00120433852596594,155,TRUE,"stress_tolerance",0.0347035808810265,"","",TRUE,"classical"
"paraboloid-surface_area-rep3-n240-r16","paraboloid","surface_area",3,240,16,"ambient",4,2,"random",152534742.820066,566508.676855332,0.00138682150067139,310,TRUE,"stress_tolerance",0.0372400523720279,"","",FALSE,"Gaussian"
"paraboloid-surface_area-rep3-n240-r16","paraboloid","surface_area",3,240,16,"ambient",4,3,"random",163787186.017724,534290.062362711,0.00130794986264417,379,TRUE,"stress_tolerance",0.0361655894828796,"","",FALSE,"Gaussian"
"paraboloid-surface_area-rep3-n240-r16","paraboloid","surface_area",3,240,16,"ambient",64,1,"supplied",90255.5478436225,24486.8137170121,8.52156756882723e-05,34,TRUE,"stress_tolerance",0.00923123370348065,"","",TRUE,"classical"
"paraboloid-surface_area-rep3-n240-r16","paraboloid","surface_area",3,240,16,"ambient",64,2,"random",113164178.515165,24630.3049749824,8.57150344306802e-05,274,TRUE,"stress_tolerance",0.00925824143294427,"","",FALSE,"Gaussian"
"paraboloid-surface_area-rep3-n240-r16","paraboloid","surface_area",3,240,16,"ambient",64,3,"random",121713567.289006,24581.68316074,8.55458274116805e-05,274,TRUE,"stress_tolerance",0.00924909873510314,"","",FALSE,"Gaussian"
"paraboloid-surface_area-rep3-n240-r16","paraboloid","surface_area",3,240,16,"ambient",8,1,"supplied",315760.830724574,176875.039469953,0.00053377756409262,115,TRUE,"stress_tolerance",0.0231036266437247,"","",TRUE,"classical"
"paraboloid-surface_area-rep3-n240-r16","paraboloid","surface_area",3,240,16,"ambient",8,2,"random",126410058.342527,176945.261464359,0.000533989481643179,412,TRUE,"stress_tolerance",0.0231082124285541,"","",FALSE,"Gaussian"
"paraboloid-surface_area-rep3-n240-r16","paraboloid","surface_area",3,240,16,"ambient",8,3,"random",136026595.208285,176882.475021415,0.000533800003270916,357,TRUE,"stress_tolerance",0.0231041122588798,"","",FALSE,"Gaussian"
"paraboloid-surface_area-rep3-n240-r16","paraboloid","surface_area",3,240,16,"geodesic",128,1,"supplied",90870.7014475786,56993.4121298382,0.000197225395474172,28,TRUE,"stress_tolerance",0.014043695933556,"","",TRUE,"classical"
"paraboloid-surface_area-rep3-n240-r16","paraboloid","surface_area",3,240,16,"geodesic",128,2,"random",111016562.720757,57069.4084510284,0.000197488380334021,212,TRUE,"stress_tolerance",0.0140530559073116,"","",FALSE,"Gaussian"
"paraboloid-surface_area-rep3-n240-r16","paraboloid","surface_area",3,240,16,"geodesic",128,3,"random",119630154.368802,57043.0151933988,0.000197397046608257,211,TRUE,"stress_tolerance",0.0140498059277792,"","",FALSE,"Gaussian"
"paraboloid-surface_area-rep3-n240-r16","paraboloid","surface_area",3,240,16,"geodesic",16,1,"supplied",155630.048795778,93758.0808521307,0.000311153101091517,59,TRUE,"stress_tolerance",0.0176395323376648,"","",FALSE,"classical"
"paraboloid-surface_area-rep3-n240-r16","paraboloid","surface_area",3,240,16,"geodesic",16,2,"random",115138012.159916,93790.6107074087,0.000311261057283194,229,TRUE,"stress_tolerance",0.0176425921361687,"","",FALSE,"Gaussian"
"paraboloid-surface_area-rep3-n240-r16","paraboloid","surface_area",3,240,16,"geodesic",16,3,"random",124137896.098995,93755.1405495982,0.000311143343167263,240,TRUE,"stress_tolerance",0.0176392557430088,"","",TRUE,"Gaussian"
"paraboloid-surface_area-rep3-n240-r16","paraboloid","surface_area",3,240,16,"geodesic",239,1,"supplied",90699.6649609252,56955.6719324893,0.000197125080365855,28,TRUE,"stress_tolerance",0.014040123944106,"","",TRUE,"classical"
"paraboloid-surface_area-rep3-n240-r16","paraboloid","surface_area",3,240,16,"geodesic",239,2,"random",110997003.047939,57032.2592748699,0.0001973901511746,212,TRUE,"stress_tolerance",0.0140495605331485,"","",FALSE,"Gaussian"
"paraboloid-surface_area-rep3-n240-r16","paraboloid","surface_area",3,240,16,"geodesic",239,3,"random",119608331.730508,57005.2161430073,0.0001972965541831,211,TRUE,"stress_tolerance",0.0140462291802143,"","",FALSE,"Gaussian"
"paraboloid-surface_area-rep3-n240-r16","paraboloid","surface_area",3,240,16,"geodesic",32,1,"supplied",107016.275647682,64159.8568131724,0.000219522025006598,45,TRUE,"stress_tolerance",0.0148162756793535,"","",TRUE,"classical"
"paraboloid-surface_area-rep3-n240-r16","paraboloid","surface_area",3,240,16,"geodesic",32,2,"random",112135510.943061,64236.5521782661,0.000219784437092445,207,TRUE,"stress_tolerance",0.0148251285691711,"","",FALSE,"Gaussian"
"paraboloid-surface_area-rep3-n240-r16","paraboloid","surface_area",3,240,16,"geodesic",32,3,"random",120870975.64449,64212.0742415792,0.000219700686185003,212,TRUE,"stress_tolerance",0.0148223036733502,"","",FALSE,"Gaussian"
"paraboloid-surface_area-rep3-n240-r16","paraboloid","surface_area",3,240,16,"geodesic",4,1,"supplied",793851.154652701,400916.262137313,0.000987324853938883,171,TRUE,"stress_tolerance",0.0314217258268685,"","",TRUE,"classical"
"paraboloid-surface_area-rep3-n240-r16","paraboloid","surface_area",3,240,16,"geodesic",4,2,"random",151741657.734819,403614.026975875,0.000993968561183372,852,TRUE,"stress_tolerance",0.0315272669475705,"","",FALSE,"Gaussian"
"paraboloid-surface_area-rep3-n240-r16","paraboloid","surface_area",3,240,16,"geodesic",4,3,"random",163245417.415356,432303.037691469,0.00106462015601622,1000,FALSE,"iteration_limit",0.0326285175270994,"Iteration limit reached! You may want to increase the itmax argument!","",FALSE,"Gaussian"
"paraboloid-surface_area-rep3-n240-r16","paraboloid","surface_area",3,240,16,"geodesic",64,1,"supplied",93657.1034311584,58370.0105495895,0.000201520767868837,31,TRUE,"stress_tolerance",0.0141958010647107,"","",TRUE,"classical"
"paraboloid-surface_area-rep3-n240-r16","paraboloid","surface_area",3,240,16,"geodesic",64,2,"random",111260985.454393,58444.8294629534,0.000201779077996422,210,TRUE,"stress_tolerance",0.0142048962684149,"","",FALSE,"Gaussian"
"paraboloid-surface_area-rep3-n240-r16","paraboloid","surface_area",3,240,16,"geodesic",64,3,"random",119888048.084102,58416.9432453846,0.000201682801639359,212,TRUE,"stress_tolerance",0.014201507020009,"","",FALSE,"Gaussian"
"paraboloid-surface_area-rep3-n240-r16","paraboloid","surface_area",3,240,16,"geodesic",8,1,"supplied",333285.914072581,186490.843555403,0.000566137398908552,136,TRUE,"stress_tolerance",0.0237936419849623,"","",FALSE,"classical"
"paraboloid-surface_area-rep3-n240-r16","paraboloid","surface_area",3,240,16,"geodesic",8,2,"random",124892612.299661,186471.400566521,0.000566078375082272,357,TRUE,"stress_tolerance",0.0237924016249364,"","",TRUE,"Gaussian"
"paraboloid-surface_area-rep3-n240-r16","paraboloid","surface_area",3,240,16,"geodesic",8,3,"random",134559486.018659,186516.556016449,0.000566215455211684,373,TRUE,"stress_tolerance",0.023795282204918,"","",FALSE,"Gaussian"
"paraboloid-surface_area-rep3-n240-r2","paraboloid","surface_area",3,240,2,"ambient",128,1,"supplied",1255.90061079722,1148.6083623089,0.00496783102327275,20,TRUE,"stress_tolerance",0.0704828420487763,"","",TRUE,"classical"
"paraboloid-surface_area-rep3-n240-r2","paraboloid","surface_area",3,240,2,"ambient",128,2,"random",61248.7011242825,1148.60863915427,0.00496783222065302,73,TRUE,"stress_tolerance",0.0704828505429023,"","",FALSE,"Gaussian"
"paraboloid-surface_area-rep3-n240-r2","paraboloid","surface_area",3,240,2,"ambient",128,3,"random",65697.5223298256,1148.60840811615,0.00496783122139308,69,TRUE,"stress_tolerance",0.0704828434542273,"","",FALSE,"Gaussian"
"paraboloid-surface_area-rep3-n240-r2","paraboloid","surface_area",3,240,2,"ambient",16,1,"supplied",1904.17968654509,1827.69725950437,0.00648557556064689,21,TRUE,"stress_tolerance",0.0805330712232365,"","",TRUE,"classical"
"paraboloid-surface_area-rep3-n240-r2","paraboloid","surface_area",3,240,2,"ambient",16,2,"random",77461.171882428,1827.69822018504,0.00648557896961793,74,TRUE,"stress_tolerance",0.0805330923882718,"","",FALSE,"Gaussian"
"paraboloid-surface_area-rep3-n240-r2","paraboloid","surface_area",3,240,2,"ambient",16,3,"random",82542.715006936,1827.69763584185,0.00648557689607875,70,TRUE,"stress_tolerance",0.080533079514438,"","",FALSE,"Gaussian"
"paraboloid-surface_area-rep3-n240-r2","paraboloid","surface_area",3,240,2,"ambient",239,1,"supplied",3.23358954870451e-25,7.83999419390654e-24,3.87421187913548e-29,1,TRUE,"stress_tolerance",6.23367413757045e-15,"","",TRUE,"classical"
"paraboloid-surface_area-rep3-n240-r2","paraboloid","surface_area",3,240,2,"ambient",239,2,"random",49558.5921255085,0.00711334403804079,3.51513040583302e-08,73,TRUE,"stress_tolerance",0.000187486810372137,"","",FALSE,"Gaussian"
"paraboloid-surface_area-rep3-n240-r2","paraboloid","surface_area",3,240,2,"ambient",239,3,"random",53606.9242846545,0.00692857167321038,3.42382328582032e-08,72,TRUE,"stress_tolerance",0.000185035761038344,"","",FALSE,"Gaussian"
"paraboloid-surface_area-rep3-n240-r2","paraboloid","surface_area",3,240,2,"ambient",32,1,"supplied",1811.19559809416,1739.55679841023,0.00645743774121314,20,TRUE,"stress_tolerance",0.0803581840338186,"","",TRUE,"classical"
"paraboloid-surface_area-rep3-n240-r2","paraboloid","surface_area",3,240,2,"ambient",32,2,"random",74002.4032437958,1739.55809649768,0.00645744255986516,73,TRUE,"stress_tolerance",0.0803582140161484,"","",FALSE,"Gaussian"
"paraboloid-surface_area-rep3-n240-r2","paraboloid","surface_area",3,240,2,"ambient",32,3,"random",78831.907947521,1739.55807710174,0.0064574424878652,69,TRUE,"stress_tolerance",0.0803582135681551,"","",FALSE,"Gaussian"
"paraboloid-surface_area-rep3-n240-r2","paraboloid","surface_area",3,240,2,"ambient",4,1,"supplied",3843.08561412738,2946.34875924654,0.00656114318482346,37,TRUE,"stress_tolerance",0.0810008838521128,"","",TRUE,"classical"
"paraboloid-surface_area-rep3-n240-r2","paraboloid","surface_area",3,240,2,"ambient",4,2,"random",124147.577885513,2946.35542178559,0.00656115802144881,110,TRUE,"stress_tolerance",0.0810009754351689,"","",FALSE,"Gaussian"
"paraboloid-surface_area-rep3-n240-r2","paraboloid","surface_area",3,240,2,"ambient",4,3,"random",130606.83804347,2946.35699923507,0.00656116153422777,88,TRUE,"stress_tolerance",0.0810009971187255,"","",FALSE,"Gaussian"
"paraboloid-surface_area-rep3-n240-r2","paraboloid","surface_area",3,240,2,"ambient",64,1,"supplied",1651.14114450019,1568.8782342381,0.00612412677418725,20,TRUE,"stress_tolerance",0.078256800178561,"","",TRUE,"classical"
"paraboloid-surface_area-rep3-n240-r2","paraboloid","surface_area",3,240,2,"ambient",64,2,"random",69944.8502061241,1568.87989049711,0.00612413323940549,73,TRUE,"stress_tolerance",0.0782568414862589,"","",FALSE,"Gaussian"
"paraboloid-surface_area-rep3-n240-r2","paraboloid","surface_area",3,240,2,"ambient",64,3,"random",74574.0175202439,1568.87957450137,0.00612413200591398,69,TRUE,"stress_tolerance",0.0782568336052124,"","",FALSE,"Gaussian"
"paraboloid-surface_area-rep3-n240-r2","paraboloid","surface_area",3,240,2,"ambient",8,1,"supplied",2140.00268895483,1973.55288984771,0.00622938145446243,24,TRUE,"stress_tolerance",0.0789264306456488,"","",FALSE,"classical"
"paraboloid-surface_area-rep3-n240-r2","paraboloid","surface_area",3,240,2,"ambient",8,2,"random",87418.2280001883,1973.55343095011,0.00622938316241428,80,TRUE,"stress_tolerance",0.078926441465546,"","",FALSE,"Gaussian"
"paraboloid-surface_area-rep3-n240-r2","paraboloid","surface_area",3,240,2,"ambient",8,3,"random",92292.8501448808,1973.55273199693,0.0062293809562175,73,TRUE,"stress_tolerance",0.0789264274892606,"","",TRUE,"Gaussian"
"paraboloid-surface_area-rep3-n240-r2","paraboloid","surface_area",3,240,2,"geodesic",128,1,"supplied",1882.47628905465,1813.9714937151,0.00661730186717326,20,TRUE,"stress_tolerance",0.0813467999811501,"","",TRUE,"classical"
"paraboloid-surface_area-rep3-n240-r2","paraboloid","surface_area",3,240,2,"geodesic",128,2,"random",75473.819618362,1813.9719553283,0.00661730355112138,74,TRUE,"stress_tolerance",0.0813468103315759,"","",FALSE,"Gaussian"
"paraboloid-surface_area-rep3-n240-r2","paraboloid","surface_area",3,240,2,"geodesic",128,3,"random",80305.1543906272,1813.9724286136,0.0066173052776489,70,TRUE,"stress_tolerance",0.0813468209437152,"","",FALSE,"Gaussian"
"paraboloid-surface_area-rep3-n240-r2","paraboloid","surface_area",3,240,2,"geodesic",16,1,"supplied",1957.41515470408,1883.75318221683,0.00658303930026194,21,TRUE,"stress_tolerance",0.0811359310063176,"","",TRUE,"classical"
"paraboloid-surface_area-rep3-n240-r2","paraboloid","surface_area",3,240,2,"geodesic",16,2,"random",78741.1362151711,1883.75458315133,0.00658304419602377,74,TRUE,"stress_tolerance",0.0811359611764332,"","",FALSE,"Gaussian"
"paraboloid-surface_area-rep3-n240-r2","paraboloid","surface_area",3,240,2,"geodesic",16,3,"random",83851.8542671009,1883.75414064856,0.00658304264963585,70,TRUE,"stress_tolerance",0.0811359516468245,"","",FALSE,"Gaussian"
"paraboloid-surface_area-rep3-n240-r2","paraboloid","surface_area",3,240,2,"geodesic",239,1,"supplied",1878.59813259003,1809.9635867983,0.00660528637819821,20,TRUE,"stress_tolerance",0.0812729129427399,"","",TRUE,"classical"
"paraboloid-surface_area-rep3-n240-r2","paraboloid","surface_area",3,240,2,"geodesic",239,2,"random",75431.8216010633,1809.96406711917,0.00660528813108261,74,TRUE,"stress_tolerance",0.0812729237266794,"","",FALSE,"Gaussian"
"paraboloid-surface_area-rep3-n240-r2","paraboloid","surface_area",3,240,2,"geodesic",239,3,"random",80262.0085777722,1809.96453391577,0.00660528983461146,70,TRUE,"stress_tolerance",0.0812729342069765,"","",FALSE,"Gaussian"
"paraboloid-surface_area-rep3-n240-r2","paraboloid","surface_area",3,240,2,"geodesic",32,1,"supplied",1905.28190015068,1836.43876748233,0.00661917854387512,20,TRUE,"stress_tolerance",0.0813583342004687,"","",FALSE,"classical"
"paraboloid-surface_area-rep3-n240-r2","paraboloid","surface_area",3,240,2,"geodesic",32,2,"random",76362.1068874931,1836.43853307176,0.00661917769897603,74,TRUE,"stress_tolerance",0.0813583290080127,"","",TRUE,"Gaussian"
"paraboloid-surface_area-rep3-n240-r2","paraboloid","surface_area",3,240,2,"geodesic",32,3,"random",81306.7909407598,1836.43892617585,0.00661917911586298,70,TRUE,"stress_tolerance",0.081358337715707,"","",FALSE,"Gaussian"
"paraboloid-surface_area-rep3-n240-r2","paraboloid","surface_area",3,240,2,"geodesic",4,1,"supplied",3862.44839230731,2962.75849971551,0.00657115798010082,36,TRUE,"stress_tolerance",0.0810626793296448,"","",TRUE,"classical"
"paraboloid-surface_area-rep3-n240-r2","paraboloid","surface_area",3,240,2,"geodesic",4,2,"random",124601.714017267,2962.76206654635,0.00657116589104225,109,TRUE,"stress_tolerance",0.0810627281248432,"","",FALSE,"Gaussian"
"paraboloid-surface_area-rep3-n240-r2","paraboloid","surface_area",3,240,2,"geodesic",4,3,"random",131103.712101443,2962.76270017719,0.00657116729638405,88,TRUE,"stress_tolerance",0.0810627367930791,"","",FALSE,"Gaussian"
"paraboloid-surface_area-rep3-n240-r2","paraboloid","surface_area",3,240,2,"geodesic",64,1,"supplied",1892.4338643085,1823.14592227312,0.00663406006819234,20,TRUE,"stress_tolerance",0.0814497395219431,"","",TRUE,"classical"
"paraboloid-surface_area-rep3-n240-r2","paraboloid","surface_area",3,240,2,"geodesic",64,2,"random",75685.385505752,1823.14610817711,0.00663406074465947,74,TRUE,"stress_tolerance",0.0814497436746085,"","",FALSE,"Gaussian"
"paraboloid-surface_area-rep3-n240-r2","paraboloid","surface_area",3,240,2,"geodesic",64,3,"random",80525.607380827,1823.1466178633,0.00663406259930465,70,TRUE,"stress_tolerance",0.08144975505982,"","",FALSE,"Gaussian"
"paraboloid-surface_area-rep3-n240-r2","paraboloid","surface_area",3,240,2,"geodesic",8,1,"supplied",2164.23280414744,1997.03432650336,0.00625555695753646,24,TRUE,"stress_tolerance",0.079092078980998,"","",FALSE,"classical"
"paraboloid-surface_area-rep3-n240-r2","paraboloid","surface_area",3,240,2,"geodesic",8,2,"random",88096.453980481,1997.03408531042,0.00625555620201806,80,TRUE,"stress_tolerance",0.079092074204803,"","",FALSE,"Gaussian"
"paraboloid-surface_area-rep3-n240-r2","paraboloid","surface_area",3,240,2,"geodesic",8,3,"random",93000.7986609494,1997.0336599587,0.00625555486963639,73,TRUE,"stress_tolerance",0.0790920657818235,"","",TRUE,"Gaussian"
"paraboloid-surface_area-rep3-n240-r32","paraboloid","surface_area",3,240,32,"ambient",128,1,"supplied",30902.0347818228,1974.47178391728,4.45801636119295e-07,27,TRUE,"stress_tolerance",0.000667683784529494,"","",TRUE,"classical"
"paraboloid-surface_area-rep3-n240-r32","paraboloid","surface_area",3,240,32,"ambient",128,2,"random",1847899647.71375,6399.46467087798,1.44488862479715e-06,442,TRUE,"stress_tolerance",0.00120203520114981,"","",FALSE,"Gaussian"
"paraboloid-surface_area-rep3-n240-r32","paraboloid","surface_area",3,240,32,"ambient",128,3,"random",1979471248.89416,12283.2990199407,2.7733568261827e-06,450,TRUE,"stress_tolerance",0.00166533985305965,"","",FALSE,"Gaussian"
"paraboloid-surface_area-rep3-n240-r32","paraboloid","surface_area",3,240,32,"ambient",16,1,"supplied",600182.330418849,298240.165926676,6.3828174984674e-05,164,TRUE,"stress_tolerance",0.0079892537188826,"","",TRUE,"classical"
"paraboloid-surface_area-rep3-n240-r32","paraboloid","surface_area",3,240,32,"ambient",16,2,"random",1929450050.82276,313836.307377941,6.71659991927044e-05,375,TRUE,"stress_tolerance",0.00819548651348474,"","",FALSE,"Gaussian"
"paraboloid-surface_area-rep3-n240-r32","paraboloid","surface_area",3,240,32,"ambient",16,3,"random",2068148869.67113,315091.658994308,6.74346645563646e-05,395,TRUE,"stress_tolerance",0.00821186121146545,"","",FALSE,"Gaussian"
"paraboloid-surface_area-rep3-n240-r32","paraboloid","surface_area",3,240,32,"ambient",239,1,"supplied",2.99844247555623e-21,2.85403715297127e-19,6.44879046198597e-29,1,TRUE,"stress_tolerance",7.95512247144008e-15,"","",TRUE,"classical"
"paraboloid-surface_area-rep3-n240-r32","paraboloid","surface_area",3,240,32,"ambient",239,2,"random",1846486023.67582,4242.61628585655,9.58633051066435e-07,475,TRUE,"stress_tolerance",0.000979098080415045,"","",FALSE,"Gaussian"
"paraboloid-surface_area-rep3-n240-r32","paraboloid","surface_area",3,240,32,"ambient",239,3,"random",1977917132.6681,9614.68562432837,2.17246972011603e-06,498,TRUE,"stress_tolerance",0.00147393002551749,"","",FALSE,"Gaussian"
"paraboloid-surface_area-rep3-n240-r32","paraboloid","surface_area",3,240,32,"ambient",32,1,"supplied",372702.197388693,131657.184332876,2.9101260685319e-05,64,TRUE,"stress_tolerance",0.00539455843283995,"","",TRUE,"classical"
"paraboloid-surface_area-rep3-n240-r32","paraboloid","surface_area",3,240,32,"ambient",32,2,"random",1876736950.46312,133454.03283426,2.9498432756982e-05,323,TRUE,"stress_tolerance",0.00543124596727012,"","",FALSE,"Gaussian"
"paraboloid-surface_area-rep3-n240-r32","paraboloid","surface_area",3,240,32,"ambient",32,3,"random",2011359392.51264,135384.957080955,2.99252406835788e-05,515,TRUE,"stress_tolerance",0.00547039675741943,"","",FALSE,"Gaussian"
"paraboloid-surface_area-rep3-n240-r32","paraboloid","surface_area",3,240,32,"ambient",4,1,"supplied",3615427.24230057,1747354.41146943,0.000250158048908098,349,TRUE,"stress_tolerance",0.0158163854564849,"","",TRUE,"classical"
"paraboloid-surface_area-rep3-n240-r32","paraboloid","surface_area",3,240,32,"ambient",4,2,"random",2805747694.98504,1755830.95642421,0.000251371584029223,525,TRUE,"stress_tolerance",0.0158547022687033,"","",FALSE,"Gaussian"
"paraboloid-surface_area-rep3-n240-r32","paraboloid","surface_area",3,240,32,"ambient",4,3,"random",2998863449.67554,1781139.98651464,0.000254994923144413,591,TRUE,"stress_tolerance",0.0159685604593658,"","",FALSE,"Gaussian"
"paraboloid-surface_area-rep3-n240-r32","paraboloid","surface_area",3,240,32,"ambient",64,1,"supplied",219455.414669856,28546.2727625514,6.42279742179564e-06,38,TRUE,"stress_tolerance",0.00253432385890215,"","",TRUE,"classical"
"paraboloid-surface_area-rep3-n240-r32","paraboloid","surface_area",3,240,32,"ambient",64,2,"random",1851665761.54713,33600.2729311959,7.5599272854011e-06,391,TRUE,"stress_tolerance",0.00274953219392087,"","",FALSE,"Gaussian"
"paraboloid-surface_area-rep3-n240-r32","paraboloid","surface_area",3,240,32,"ambient",64,3,"random",1983619576.31714,31850.437726755,7.16622134931849e-06,520,TRUE,"stress_tolerance",0.00267697989333588,"","",FALSE,"Gaussian"
"paraboloid-surface_area-rep3-n240-r32","paraboloid","surface_area",3,240,32,"ambient",8,1,"supplied",1886725.42464223,736917.35542401,0.000143327296609307,361,TRUE,"stress_tolerance",0.0119719378802813,"","",FALSE,"classical"
"paraboloid-surface_area-rep3-n240-r32","paraboloid","surface_area",3,240,32,"ambient",8,2,"random",2113791034.25537,802107.633963706,0.000156006528981201,302,TRUE,"stress_tolerance",0.0124902573624888,"","",FALSE,"Gaussian"
"paraboloid-surface_area-rep3-n240-r32","paraboloid","surface_area",3,240,32,"ambient",8,3,"random",2262382332.20189,656706.662583794,0.00012772665743406,480,TRUE,"stress_tolerance",0.0113016218939613,"","",TRUE,"Gaussian"
"paraboloid-surface_area-rep3-n240-r32","paraboloid","surface_area",3,240,32,"geodesic",128,1,"supplied",225339.609622399,133065.636145964,2.99163685851293e-05,26,TRUE,"stress_tolerance",0.00546958577820434,"","",TRUE,"classical"
"paraboloid-surface_area-rep3-n240-r32","paraboloid","surface_area",3,240,32,"geodesic",128,2,"random",1833708984.95232,137495.988851883,3.09124188679164e-05,323,TRUE,"stress_tolerance",0.00555989378207196,"","",FALSE,"Gaussian"
"paraboloid-surface_area-rep3-n240-r32","paraboloid","surface_area",3,240,32,"geodesic",128,3,"random",1965964917.42908,136680.616993149,3.07291035825703e-05,343,TRUE,"stress_tolerance",0.00554338376648928,"","",FALSE,"Gaussian"
"paraboloid-surface_area-rep3-n240-r32","paraboloid","surface_area",3,240,32,"geodesic",16,1,"supplied",587303.608266445,315471.133509177,6.82815631296243e-05,107,TRUE,"stress_tolerance",0.00826326588762759,"","",FALSE,"classical"
"paraboloid-surface_area-rep3-n240-r32","paraboloid","surface_area",3,240,32,"geodesic",16,2,"random",1898246515.69435,336218.281979059,7.27721411176884e-05,367,TRUE,"stress_tolerance",0.00853065889118155,"","",FALSE,"Gaussian"
"paraboloid-surface_area-rep3-n240-r32","paraboloid","surface_area",3,240,32,"geodesic",16,3,"random",2035415004.67223,314934.619573921,6.81654383681204e-05,749,TRUE,"stress_tolerance",0.00825623633189639,"","",TRUE,"Gaussian"
"paraboloid-surface_area-rep3-n240-r32","paraboloid","surface_area",3,240,32,"geodesic",239,1,"supplied",225074.736941178,133034.719857998,2.99107360706739e-05,26,TRUE,"stress_tolerance",0.00546907085990657,"","",TRUE,"classical"
"paraboloid-surface_area-rep3-n240-r32","paraboloid","surface_area",3,240,32,"geodesic",239,2,"random",1833620290.01585,137489.662887583,3.0912358995201e-05,323,TRUE,"stress_tolerance",0.00555988839772947,"","",FALSE,"Gaussian"
"paraboloid-surface_area-rep3-n240-r32","paraboloid","surface_area",3,240,32,"geodesic",239,3,"random",1965865446.37064,136650.706319471,3.072373298456e-05,343,TRUE,"stress_tolerance",0.00554289933018506,"","",FALSE,"Gaussian"
"paraboloid-surface_area-rep3-n240-r32","paraboloid","surface_area",3,240,32,"geodesic",32,1,"supplied",346288.51005061,173316.391382714,3.86036233823994e-05,50,TRUE,"stress_tolerance",0.00621318142197743,"","",TRUE,"classical"
"paraboloid-surface_area-rep3-n240-r32","paraboloid","surface_area",3,240,32,"geodesic",32,2,"random",1847930539.57121,176956.868815845,3.94144850593563e-05,292,TRUE,"stress_tolerance",0.00627809565548048,"","",FALSE,"Gaussian"
"paraboloid-surface_area-rep3-n240-r32","paraboloid","surface_area",3,240,32,"geodesic",32,3,"random",1981703316.32772,176569.739118532,3.93282577330431e-05,336,TRUE,"stress_tolerance",0.00627122458002019,"","",FALSE,"Gaussian"
"paraboloid-surface_area-rep3-n240-r32","paraboloid","surface_area",3,240,32,"geodesic",4,1,"supplied",3973412.4362904,1886759.30731494,0.00026504038936236,375,TRUE,"stress_tolerance",0.0162800610982381,"","",FALSE,"classical"
"paraboloid-surface_area-rep3-n240-r32","paraboloid","surface_area",3,240,32,"geodesic",4,2,"random",2851930566.85705,1886708.36301039,0.000265033233018537,660,TRUE,"stress_tolerance",0.0162798413081498,"","",TRUE,"Gaussian"
"paraboloid-surface_area-rep3-n240-r32","paraboloid","surface_area",3,240,32,"geodesic",4,3,"random",3052168600.13157,1932516.21823614,0.000271468039905572,628,TRUE,"stress_tolerance",0.0164762872002639,"","",FALSE,"Gaussian"
"paraboloid-surface_area-rep3-n240-r32","paraboloid","surface_area",3,240,32,"geodesic",64,1,"supplied",247808.75647945,137504.8064555,3.0863367087417e-05,34,TRUE,"stress_tolerance",0.00555548081514306,"","",TRUE,"classical"
"paraboloid-surface_area-rep3-n240-r32","paraboloid","surface_area",3,240,32,"geodesic",64,2,"random",1836368276.32062,141802.624787128,3.18280253292872e-05,314,TRUE,"stress_tolerance",0.00564163321470778,"","",FALSE,"Gaussian"
"paraboloid-surface_area-rep3-n240-r32","paraboloid","surface_area",3,240,32,"geodesic",64,3,"random",1968938077.35026,140961.080889214,3.16391382720926e-05,342,TRUE,"stress_tolerance",0.00562486784485633,"","",FALSE,"Gaussian"
"paraboloid-surface_area-rep3-n240-r32","paraboloid","surface_area",3,240,32,"geodesic",8,1,"supplied",1924877.68173025,823804.477798881,0.000169094989513397,335,TRUE,"stress_tolerance",0.0130036529295965,"","",FALSE,"classical"
"paraboloid-surface_area-rep3-n240-r32","paraboloid","surface_area",3,240,32,"geodesic",8,2,"random",1990037715.84684,820392.604126052,0.000168394664668757,550,TRUE,"stress_tolerance",0.0129766969860887,"","",FALSE,"Gaussian"
"paraboloid-surface_area-rep3-n240-r32","paraboloid","surface_area",3,240,32,"geodesic",8,3,"random",2131595894.94464,710711.815222095,0.00014588146845612,699,TRUE,"stress_tolerance",0.0120781401074886,"","",TRUE,"Gaussian"
"paraboloid-surface_area-rep3-n240-r4","paraboloid","surface_area",3,240,4,"ambient",128,1,"supplied",2717.06708990892,1731.56265225678,0.00101821466773213,18,TRUE,"stress_tolerance",0.0319094761431793,"","",TRUE,"classical"
"paraboloid-surface_area-rep3-n240-r4","paraboloid","surface_area",3,240,4,"ambient",128,2,"random",479301.017990284,1731.61658910872,0.00101824638434008,80,TRUE,"stress_tolerance",0.0319099731171947,"","",FALSE,"Gaussian"
"paraboloid-surface_area-rep3-n240-r4","paraboloid","surface_area",3,240,4,"ambient",128,3,"random",524303.664206214,1731.600877314,0.00101823714529822,78,TRUE,"stress_tolerance",0.0319098283495576,"","",FALSE,"Gaussian"
"paraboloid-surface_area-rep3-n240-r4","paraboloid","surface_area",3,240,4,"ambient",16,1,"supplied",9229.64375577679,7639.60269289542,0.00378114576394628,21,TRUE,"stress_tolerance",0.0614910218157598,"","",TRUE,"classical"
"paraboloid-surface_area-rep3-n240-r4","paraboloid","surface_area",3,240,4,"ambient",16,2,"random",557422.53939344,7639.61749423007,0.00378115308972041,66,TRUE,"stress_tolerance",0.0614910813835666,"","",FALSE,"Gaussian"
"paraboloid-surface_area-rep3-n240-r4","paraboloid","surface_area",3,240,4,"ambient",16,3,"random",607199.623130572,7639.60830315053,0.00378114854068654,65,TRUE,"stress_tolerance",0.0614910443941759,"","",FALSE,"Gaussian"
"paraboloid-surface_area-rep3-n240-r4","paraboloid","surface_area",3,240,4,"ambient",239,1,"supplied",2.26294498076145e-24,7.34628727159921e-23,4.50558843124107e-29,1,TRUE,"stress_tolerance",6.71255483127477e-15,"","",TRUE,"classical"
"paraboloid-surface_area-rep3-n240-r4","paraboloid","surface_area",3,240,4,"ambient",239,2,"random",454006.460322483,0.103704132675661,6.36033037071298e-08,86,TRUE,"stress_tolerance",0.000252196954208968,"","",FALSE,"Gaussian"
"paraboloid-surface_area-rep3-n240-r4","paraboloid","surface_area",3,240,4,"ambient",239,3,"random",497331.876742522,0.0769636275444871,4.72029498807362e-08,84,TRUE,"stress_tolerance",0.000217262398691023,"","",FALSE,"Gaussian"
"paraboloid-surface_area-rep3-n240-r4","paraboloid","surface_area",3,240,4,"ambient",32,1,"supplied",8201.02031793526,6779.53852549444,0.00351448528656377,20,TRUE,"stress_tolerance",0.0592830944415334,"","",TRUE,"classical"
"paraboloid-surface_area-rep3-n240-r4","paraboloid","surface_area",3,240,4,"ambient",32,2,"random",535106.846598005,6779.56657352591,0.00351449982654957,66,TRUE,"stress_tolerance",0.0592832170732117,"","",FALSE,"Gaussian"
"paraboloid-surface_area-rep3-n240-r4","paraboloid","surface_area",3,240,4,"ambient",32,3,"random",583108.036815231,6779.55710562817,0.00351449491842977,65,TRUE,"stress_tolerance",0.0592831756776723,"","",FALSE,"Gaussian"
"paraboloid-surface_area-rep3-n240-r4","paraboloid","surface_area",3,240,4,"ambient",4,1,"supplied",20487.7296339263,15727.2055378166,0.00419898010184885,58,TRUE,"stress_tolerance",0.0647995378212598,"","",TRUE,"classical"
"paraboloid-surface_area-rep3-n240-r4","paraboloid","surface_area",3,240,4,"ambient",4,2,"random",1056822.81438916,15727.2816799679,0.00419900043091351,130,TRUE,"stress_tolerance",0.0647996946822555,"","",FALSE,"Gaussian"
"paraboloid-surface_area-rep3-n240-r4","paraboloid","surface_area",3,240,4,"ambient",4,3,"random",1155608.01952347,15727.3098806077,0.00419900796015481,128,TRUE,"stress_tolerance",0.0647997527785009,"","",FALSE,"Gaussian"
"paraboloid-surface_area-rep3-n240-r4","paraboloid","surface_area",3,240,4,"ambient",64,1,"supplied",7103.64489923158,5584.31384443403,0.00302380217981333,19,TRUE,"stress_tolerance",0.0549891096473959,"","",TRUE,"classical"
"paraboloid-surface_area-rep3-n240-r4","paraboloid","surface_area",3,240,4,"ambient",64,2,"random",517000.950677768,5584.34933445975,0.00302382139700279,69,TRUE,"stress_tolerance",0.0549892843834395,"","",FALSE,"Gaussian"
"paraboloid-surface_area-rep3-n240-r4","paraboloid","surface_area",3,240,4,"ambient",64,3,"random",563456.610110687,5584.34920694464,0.00302382132795572,68,TRUE,"stress_tolerance",0.0549892837556168,"","",FALSE,"Gaussian"
"paraboloid-surface_area-rep3-n240-r4","paraboloid","surface_area",3,240,4,"ambient",8,1,"supplied",11499.9142074654,9515.3830279469,0.00421450419121141,24,TRUE,"stress_tolerance",0.0649192128049271,"","",FALSE,"classical"
"paraboloid-surface_area-rep3-n240-r4","paraboloid","surface_area",3,240,4,"ambient",8,2,"random",617476.145029919,9515.37984427222,0.0042145027811147,64,TRUE,"stress_tolerance",0.0649192019445303,"","",TRUE,"Gaussian"
"paraboloid-surface_area-rep3-n240-r4","paraboloid","surface_area",3,240,4,"ambient",8,3,"random",674119.978156667,9515.38709462325,0.00421450599240264,65,TRUE,"stress_tolerance",0.0649192266774847,"","",FALSE,"Gaussian"
"paraboloid-surface_area-rep3-n240-r4","paraboloid","surface_area",3,240,4,"geodesic",128,1,"supplied",8697.56984823246,7392.13001671703,0.00377117556050188,19,TRUE,"stress_tolerance",0.0614098979033664,"","",TRUE,"classical"
"paraboloid-surface_area-rep3-n240-r4","paraboloid","surface_area",3,240,4,"geodesic",128,2,"random",539142.065082004,7392.1640832512,0.00377119293991496,65,TRUE,"stress_tolerance",0.0614100394065576,"","",FALSE,"Gaussian"
"paraboloid-surface_area-rep3-n240-r4","paraboloid","surface_area",3,240,4,"geodesic",128,3,"random",587287.003419883,7392.15121071897,0.00377118637285258,64,TRUE,"stress_tolerance",0.0614099859375704,"","",FALSE,"Gaussian"
"paraboloid-surface_area-rep3-n240-r4","paraboloid","surface_area",3,240,4,"geodesic",16,1,"supplied",9659.44870961265,8077.16929838461,0.00394204480114194,21,TRUE,"stress_tolerance",0.0627857053885829,"","",TRUE,"classical"
"paraboloid-surface_area-rep3-n240-r4","paraboloid","surface_area",3,240,4,"geodesic",16,2,"random",562562.741825992,8077.19331057128,0.0039420565202371,66,TRUE,"stress_tolerance",0.0627857987146545,"","",FALSE,"Gaussian"
"paraboloid-surface_area-rep3-n240-r4","paraboloid","surface_area",3,240,4,"geodesic",16,3,"random",612762.569788491,8077.18317484445,0.0039420515735178,65,TRUE,"stress_tolerance",0.0627857593210258,"","",FALSE,"Gaussian"
"paraboloid-surface_area-rep3-n240-r4","paraboloid","surface_area",3,240,4,"geodesic",239,1,"supplied",8662.56886133423,7364.00342459456,0.00375869354768779,19,TRUE,"stress_tolerance",0.0613081849975011,"","",TRUE,"classical"
"paraboloid-surface_area-rep3-n240-r4","paraboloid","surface_area",3,240,4,"geodesic",239,2,"random",538776.897302749,7364.03722158927,0.0037587107981613,65,TRUE,"stress_tolerance",0.061308325683885,"","",FALSE,"Gaussian"
"paraboloid-surface_area-rep3-n240-r4","paraboloid","surface_area",3,240,4,"geodesic",239,3,"random",586896.939849336,7364.02441905093,0.00375870426356109,64,TRUE,"stress_tolerance",0.0613082723909351,"","",FALSE,"Gaussian"
"paraboloid-surface_area-rep3-n240-r4","paraboloid","surface_area",3,240,4,"geodesic",32,1,"supplied",8903.25412247109,7563.66234901152,0.00381384397046372,19,TRUE,"stress_tolerance",0.0617563273718876,"","",TRUE,"classical"
"paraboloid-surface_area-rep3-n240-r4","paraboloid","surface_area",3,240,4,"geodesic",32,2,"random",545180.087098298,7563.68215849056,0.0038138539590458,66,TRUE,"stress_tolerance",0.0617564082427546,"","",FALSE,"Gaussian"
"paraboloid-surface_area-rep3-n240-r4","paraboloid","surface_area",3,240,4,"geodesic",32,3,"random",593767.978562026,7563.68171854294,0.00381385373720993,64,TRUE,"stress_tolerance",0.0617564064466993,"","",FALSE,"Gaussian"
"paraboloid-surface_area-rep3-n240-r4","paraboloid","surface_area",3,240,4,"geodesic",4,1,"supplied",19000.7342669462,14483.6583261097,0.00389211617040025,55,TRUE,"stress_tolerance",0.0623868268979935,"","",TRUE,"classical"
"paraboloid-surface_area-rep3-n240-r4","paraboloid","surface_area",3,240,4,"geodesic",4,2,"random",1046815.76099856,14483.7122595437,0.00389213066364402,125,TRUE,"stress_tolerance",0.0623869430541681,"","",FALSE,"Gaussian"
"paraboloid-surface_area-rep3-n240-r4","paraboloid","surface_area",3,240,4,"geodesic",4,3,"random",1147789.86549757,14483.7362997821,0.00389213712384892,124,TRUE,"stress_tolerance",0.0623869948294426,"","",FALSE,"Gaussian"
"paraboloid-surface_area-rep3-n240-r4","paraboloid","surface_area",3,240,4,"geodesic",64,1,"supplied",8760.34662045192,7444.92966508292,0.00378842342831456,19,TRUE,"stress_tolerance",0.0615501700104438,"","",TRUE,"classical"
"paraboloid-surface_area-rep3-n240-r4","paraboloid","surface_area",3,240,4,"geodesic",64,2,"random",540611.867537164,7444.96358131601,0.00378844068691307,65,TRUE,"stress_tolerance",0.0615503102097224,"","",FALSE,"Gaussian"
"paraboloid-surface_area-rep3-n240-r4","paraboloid","surface_area",3,240,4,"geodesic",64,3,"random",588877.248216717,7444.95012661424,0.00378843384035982,64,TRUE,"stress_tolerance",0.0615502545921607,"","",FALSE,"Gaussian"
"paraboloid-surface_area-rep3-n240-r4","paraboloid","surface_area",3,240,4,"geodesic",8,1,"supplied",11747.2735083842,9759.80528193532,0.00429007210008511,24,TRUE,"stress_tolerance",0.0654986419713041,"","",TRUE,"classical"
"paraboloid-surface_area-rep3-n240-r4","paraboloid","surface_area",3,240,4,"geodesic",8,2,"random",620796.032166853,9759.81323261511,0.00429007559492836,64,TRUE,"stress_tolerance",0.0654986686500454,"","",FALSE,"Gaussian"
"paraboloid-surface_area-rep3-n240-r4","paraboloid","surface_area",3,240,4,"geodesic",8,3,"random",677312.28468056,9759.82135446066,0.00429007916501014,65,TRUE,"stress_tolerance",0.0654986959031259,"","",FALSE,"Gaussian"
"paraboloid-surface_area-rep3-n240-r64","paraboloid","surface_area",3,240,64,"ambient",128,1,"supplied",68851.1989075956,8575.9850359546,1.21842183068548e-07,20,TRUE,"stress_tolerance",0.000349058996551744,"","",TRUE,"classical"
"paraboloid-surface_area-rep3-n240-r64","paraboloid","surface_area",3,240,64,"ambient",128,2,"random",29917221837.1432,644012.471649175,9.14972275955852e-06,564,TRUE,"stress_tolerance",0.00302485086567334,"","",FALSE,"Gaussian"
"paraboloid-surface_area-rep3-n240-r64","paraboloid","surface_area",3,240,64,"ambient",128,3,"random",32000356873.6252,496682.181418767,7.05654697642265e-06,422,TRUE,"stress_tolerance",0.00265641619036416,"","",FALSE,"Gaussian"
"paraboloid-surface_area-rep3-n240-r64","paraboloid","surface_area",3,240,64,"ambient",16,1,"supplied",3583258.26258044,1242276.67505102,1.7061942440937e-05,158,TRUE,"stress_tolerance",0.00413061041989474,"","",FALSE,"classical"
"paraboloid-surface_area-rep3-n240-r64","paraboloid","surface_area",3,240,64,"ambient",16,2,"random",30773161206.6759,1213991.83772933,1.66734667687892e-05,466,TRUE,"stress_tolerance",0.00408331565872582,"","",FALSE,"Gaussian"
"paraboloid-surface_area-rep3-n240-r64","paraboloid","surface_area",3,240,64,"ambient",16,3,"random",32919315230.4861,1207231.7945317,1.65806215353138e-05,421,TRUE,"stress_tolerance",0.00407193093449778,"","",TRUE,"Gaussian"
"paraboloid-surface_area-rep3-n240-r64","paraboloid","surface_area",3,240,64,"ambient",239,1,"supplied",3.61866308826275e-20,4.42066848902304e-18,6.2817922600424e-29,1,TRUE,"stress_tolerance",7.93742057286055e-15,"","",TRUE,"classical"
"paraboloid-surface_area-rep3-n240-r64","paraboloid","surface_area",3,240,64,"ambient",239,2,"random",29911517415.7619,644218.511345975,9.15437759786309e-06,566,TRUE,"stress_tolerance",0.00302562020053233,"","",FALSE,"Gaussian"
"paraboloid-surface_area-rep3-n240-r64","paraboloid","surface_area",3,240,64,"ambient",239,3,"random",31994121940.1351,492347.86463786,6.99628803428782e-06,424,TRUE,"stress_tolerance",0.00264504972246158,"","",FALSE,"Gaussian"
"paraboloid-surface_area-rep3-n240-r64","paraboloid","surface_area",3,240,64,"ambient",32,1,"supplied",1048055.48681431,197813.012983896,2.79194487189944e-06,53,TRUE,"stress_tolerance",0.00167091138960305,"","",TRUE,"classical"
"paraboloid-surface_area-rep3-n240-r64","paraboloid","surface_area",3,240,64,"ambient",32,2,"random",30064827932.9155,557184.827710316,7.86414047771787e-06,519,TRUE,"stress_tolerance",0.00280430748630103,"","",FALSE,"Gaussian"
"paraboloid-surface_area-rep3-n240-r64","paraboloid","surface_area",3,240,64,"ambient",32,3,"random",32160482732.5752,619745.823815022,8.74713017400076e-06,459,TRUE,"stress_tolerance",0.00295755476263872,"","",FALSE,"Gaussian"
"paraboloid-surface_area-rep3-n240-r64","paraboloid","surface_area",3,240,64,"ambient",4,1,"supplied",16514123.4459753,4267175.8843406,4.15766791279659e-05,247,TRUE,"stress_tolerance",0.00644799807133749,"","",TRUE,"classical"
"paraboloid-surface_area-rep3-n240-r64","paraboloid","surface_area",3,240,64,"ambient",4,2,"random",43111130899.0959,4385551.29759492,4.27300547344358e-05,418,TRUE,"stress_tolerance",0.0065368229847872,"","",FALSE,"Gaussian"
"paraboloid-surface_area-rep3-n240-r64","paraboloid","surface_area",3,240,64,"ambient",4,3,"random",46067488981.8806,5329721.5802944,5.19294563878839e-05,467,TRUE,"stress_tolerance",0.00720620957146613,"","",FALSE,"Gaussian"
"paraboloid-surface_area-rep3-n240-r64","paraboloid","surface_area",3,240,64,"ambient",64,1,"supplied",499431.38675298,38750.0687905433,5.50037487293246e-07,35,TRUE,"stress_tolerance",0.000741645122210331,"","",TRUE,"classical"
"paraboloid-surface_area-rep3-n240-r64","paraboloid","surface_area",3,240,64,"ambient",64,2,"random",29932866610.3927,616123.453199604,8.74555856641607e-06,631,TRUE,"stress_tolerance",0.00295728905696116,"","",FALSE,"Gaussian"
"paraboloid-surface_area-rep3-n240-r64","paraboloid","surface_area",3,240,64,"ambient",64,3,"random",32017598614.1103,448409.668066003,6.36494681942898e-06,465,TRUE,"stress_tolerance",0.00252288462269582,"","",FALSE,"Gaussian"
"paraboloid-surface_area-rep3-n240-r64","paraboloid","surface_area",3,240,64,"ambient",8,1,"supplied",8672597.79514395,2117797.68368556,2.60380346606693e-05,152,TRUE,"stress_tolerance",0.00510274775593261,"","",TRUE,"classical"
"paraboloid-surface_area-rep3-n240-r64","paraboloid","surface_area",3,240,64,"ambient",8,2,"random",34132811310.9146,2522222.59701822,3.10103839989065e-05,531,TRUE,"stress_tolerance",0.00556869679538335,"","",FALSE,"Gaussian"
"paraboloid-surface_area-rep3-n240-r64","paraboloid","surface_area",3,240,64,"ambient",8,3,"random",36506318350.6903,2510109.48075252,3.08614548808869e-05,455,TRUE,"stress_tolerance",0.00555530871157429,"","",FALSE,"Gaussian"
"paraboloid-surface_area-rep3-n240-r64","paraboloid","surface_area",3,240,64,"geodesic",128,1,"supplied",519304.351639342,293869.775513778,4.17063189639445e-06,23,TRUE,"stress_tolerance",0.00204221250030456,"","",TRUE,"classical"
"paraboloid-surface_area-rep3-n240-r64","paraboloid","surface_area",3,240,64,"geodesic",128,2,"random",29824420381.2768,394887.222293801,5.6042825156067e-06,497,TRUE,"stress_tolerance",0.00236733658688678,"","",FALSE,"Gaussian"
"paraboloid-surface_area-rep3-n240-r64","paraboloid","surface_area",3,240,64,"geodesic",128,3,"random",31911074277.2312,897361.05036465,1.27354458711844e-05,574,TRUE,"stress_tolerance",0.00356867564667773,"","",FALSE,"Gaussian"
"paraboloid-surface_area-rep3-n240-r64","paraboloid","surface_area",3,240,64,"geodesic",16,1,"supplied",5235588.06971228,1299062.04640907,1.7937952580943e-05,156,TRUE,"stress_tolerance",0.00423532201620483,"","",FALSE,"classical"
"paraboloid-surface_area-rep3-n240-r64","paraboloid","surface_area",3,240,64,"geodesic",16,2,"random",30547061064.3376,1128160.78291739,1.55780816502118e-05,746,TRUE,"stress_tolerance",0.00394690785935241,"","",TRUE,"Gaussian"
"paraboloid-surface_area-rep3-n240-r64","paraboloid","surface_area",3,240,64,"geodesic",16,3,"random",32680666429.5099,1425817.34319766,1.96882388813259e-05,417,TRUE,"stress_tolerance",0.00443714309903703,"","",FALSE,"Gaussian"
"paraboloid-surface_area-rep3-n240-r64","paraboloid","surface_area",3,240,64,"geodesic",239,1,"supplied",518788.135062718,293869.223768461,4.17067090030215e-06,23,TRUE,"stress_tolerance",0.00204222204970665,"","",TRUE,"classical"
"paraboloid-surface_area-rep3-n240-r64","paraboloid","surface_area",3,240,64,"geodesic",239,2,"random",29824057771.2509,394518.722293682,5.59911559841005e-06,498,TRUE,"stress_tolerance",0.00236624504192106,"","",FALSE,"Gaussian"
"paraboloid-surface_area-rep3-n240-r64","paraboloid","surface_area",3,240,64,"geodesic",239,3,"random",31910668752.8149,897351.679560499,1.27354558918663e-05,574,TRUE,"stress_tolerance",0.00356867705065512,"","",FALSE,"Gaussian"
"paraboloid-surface_area-rep3-n240-r64","paraboloid","surface_area",3,240,64,"geodesic",32,1,"supplied",988727.464543517,414617.95908721,5.8488255349513e-06,54,TRUE,"stress_tolerance",0.00241843452153597,"","",TRUE,"classical"
"paraboloid-surface_area-rep3-n240-r64","paraboloid","surface_area",3,240,64,"geodesic",32,2,"random",29984955392.2995,505683.087663297,7.13343956983783e-06,445,TRUE,"stress_tolerance",0.00267084997142182,"","",FALSE,"Gaussian"
"paraboloid-surface_area-rep3-n240-r64","paraboloid","surface_area",3,240,64,"geodesic",32,3,"random",32082409564.412,992120.348110873,1.39953870752499e-05,557,TRUE,"stress_tolerance",0.0037410409079902,"","",FALSE,"Gaussian"
"paraboloid-surface_area-rep3-n240-r64","paraboloid","surface_area",3,240,64,"geodesic",4,1,"supplied",20850723.678759,5948640.54055771,6.11453110789958e-05,341,TRUE,"stress_tolerance",0.00781954673104531,"","",TRUE,"classical"
"paraboloid-surface_area-rep3-n240-r64","paraboloid","surface_area",3,240,64,"geodesic",4,2,"random",40452139582.2409,6256577.75608741,6.43105581145139e-05,440,TRUE,"stress_tolerance",0.00801938639264378,"","",FALSE,"Gaussian"
"paraboloid-surface_area-rep3-n240-r64","paraboloid","surface_area",3,240,64,"geodesic",4,3,"random",43298307707.7652,6758850.8380942,6.94733585285783e-05,348,TRUE,"stress_tolerance",0.00833506799783811,"","",FALSE,"Gaussian"
"paraboloid-surface_area-rep3-n240-r64","paraboloid","surface_area",3,240,64,"geodesic",64,1,"supplied",565381.614992574,302058.418263057,4.284702952562e-06,27,TRUE,"stress_tolerance",0.00206995240345465,"","",TRUE,"classical"
"paraboloid-surface_area-rep3-n240-r64","paraboloid","surface_area",3,240,64,"geodesic",64,2,"random",29837531032.0685,401564.238632684,5.69619442757708e-06,483,TRUE,"stress_tolerance",0.00238667015475179,"","",FALSE,"Gaussian"
"paraboloid-surface_area-rep3-n240-r64","paraboloid","surface_area",3,240,64,"geodesic",64,3,"random",31925561965.0471,808051.427059661,1.14622209678965e-05,649,TRUE,"stress_tolerance",0.00338559019491467,"","",FALSE,"Gaussian"
"paraboloid-surface_area-rep3-n240-r64","paraboloid","surface_area",3,240,64,"geodesic",8,1,"supplied",10648216.020733,2379698.30153354,3.00695979307292e-05,205,TRUE,"stress_tolerance",0.00548357528723142,"","",TRUE,"classical"
"paraboloid-surface_area-rep3-n240-r64","paraboloid","surface_area",3,240,64,"geodesic",8,2,"random",33130277025.9199,2609568.88577538,3.29742165707473e-05,456,TRUE,"stress_tolerance",0.00574231804855437,"","",FALSE,"Gaussian"
"paraboloid-surface_area-rep3-n240-r64","paraboloid","surface_area",3,240,64,"geodesic",8,3,"random",35447363365.3088,2440852.76596325,3.08423388096404e-05,516,TRUE,"stress_tolerance",0.00555358792220368,"","",FALSE,"Gaussian"
"paraboloid-surface_area-rep3-n240-r8","paraboloid","surface_area",3,240,8,"ambient",128,1,"supplied",5672.74458826327,1655.21472599801,8.42898195859962e-05,21,TRUE,"stress_tolerance",0.00918094873016941,"","",TRUE,"classical"
"paraboloid-surface_area-rep3-n240-r8","paraboloid","surface_area",3,240,8,"ambient",128,2,"random",6840303.9787527,1658.20155344381,8.44419201821223e-05,156,TRUE,"stress_tolerance",0.00918922848677347,"","",FALSE,"Gaussian"
"paraboloid-surface_area-rep3-n240-r8","paraboloid","surface_area",3,240,8,"ambient",128,3,"random",7419851.37557684,1657.20896383431,8.43913737498116e-05,152,TRUE,"stress_tolerance",0.0091864777662506,"","",FALSE,"Gaussian"
"paraboloid-surface_area-rep3-n240-r8","paraboloid","surface_area",3,240,8,"ambient",16,1,"supplied",37125.1807438789,25199.150984584,0.00116861327758987,37,TRUE,"stress_tolerance",0.0341849861428943,"","",TRUE,"classical"
"paraboloid-surface_area-rep3-n240-r8","paraboloid","surface_area",3,240,8,"ambient",16,2,"random",7137220.1917542,25200.1794495323,0.00116866097276003,119,TRUE,"stress_tolerance",0.0341856837398351,"","",FALSE,"Gaussian"
"paraboloid-surface_area-rep3-n240-r8","paraboloid","surface_area",3,240,8,"ambient",16,3,"random",7760467.69628995,25199.8114643629,0.00116864390740909,119,TRUE,"stress_tolerance",0.0341854341410066,"","",FALSE,"Gaussian"
"paraboloid-surface_area-rep3-n240-r8","paraboloid","surface_area",3,240,8,"ambient",239,1,"supplied",1.5893465542965e-23,1.09678561845077e-21,5.65030266794775e-29,1,TRUE,"stress_tolerance",7.3773820903196e-15,"","",TRUE,"classical"
"paraboloid-surface_area-rep3-n240-r8","paraboloid","surface_area",3,240,8,"ambient",239,2,"random",6753919.78269494,3.87245500613524,1.99496989061364e-07,161,TRUE,"stress_tolerance",0.000446650858128535,"","",FALSE,"Gaussian"
"paraboloid-surface_area-rep3-n240-r8","paraboloid","surface_area",3,240,8,"ambient",239,3,"random",7325805.76370579,2.74100307367001,1.41208060348995e-07,159,TRUE,"stress_tolerance",0.000375776609642459,"","",FALSE,"Gaussian"
"paraboloid-surface_area-rep3-n240-r8","paraboloid","surface_area",3,240,8,"ambient",32,1,"supplied",32301.8558649958,19883.393502531,0.000956526967221743,31,TRUE,"stress_tolerance",0.0309277701624567,"","",TRUE,"classical"
"paraboloid-surface_area-rep3-n240-r8","paraboloid","surface_area",3,240,8,"ambient",32,2,"random",6981160.4542721,19884.8457354568,0.000956596829539563,124,TRUE,"stress_tolerance",0.0309288995850089,"","",FALSE,"Gaussian"
"paraboloid-surface_area-rep3-n240-r8","paraboloid","surface_area",3,240,8,"ambient",32,3,"random",7584277.24191731,19884.5367934958,0.000956581967322159,121,TRUE,"stress_tolerance",0.0309286593198309,"","",FALSE,"Gaussian"
"paraboloid-surface_area-rep3-n240-r8","paraboloid","surface_area",3,240,8,"ambient",4,1,"supplied",145986.7459199,84120.7164669984,0.00209716026315137,217,TRUE,"stress_tolerance",0.0457947623986782,"","",TRUE,"classical"
"paraboloid-surface_area-rep3-n240-r8","paraboloid","surface_area",3,240,8,"ambient",4,2,"random",12943433.7590113,92836.9759042674,0.00231445980246676,378,TRUE,"stress_tolerance",0.0481088328944565,"","",FALSE,"Gaussian"
"paraboloid-surface_area-rep3-n240-r8","paraboloid","surface_area",3,240,8,"ambient",4,3,"random",14261889.9307745,95541.9669701961,0.00238189622019949,299,TRUE,"stress_tolerance",0.0488046741634396,"","",FALSE,"Gaussian"
"paraboloid-surface_area-rep3-n240-r8","paraboloid","surface_area",3,240,8,"ambient",64,1,"supplied",28443.7230588487,14656.6702687242,0.00072401853710681,25,TRUE,"stress_tolerance",0.0269075925550171,"","",TRUE,"classical"
"paraboloid-surface_area-rep3-n240-r8","paraboloid","surface_area",3,240,8,"ambient",64,2,"random",6932758.90699339,14658.9266003095,0.000724129996658242,139,TRUE,"stress_tolerance",0.0269096636296005,"","",FALSE,"Gaussian"
"paraboloid-surface_area-rep3-n240-r8","paraboloid","surface_area",3,240,8,"ambient",64,3,"random",7524520.48542026,14658.0470159284,0.000724086546448529,135,TRUE,"stress_tolerance",0.0269088562828028,"","",FALSE,"Gaussian"
"paraboloid-surface_area-rep3-n240-r8","paraboloid","surface_area",3,240,8,"ambient",8,1,"supplied",52508.4730031363,35899.7808658388,0.00149012633989821,72,TRUE,"stress_tolerance",0.0386021546017604,"","",FALSE,"classical"
"paraboloid-surface_area-rep3-n240-r8","paraboloid","surface_area",3,240,8,"ambient",8,2,"random",7956174.72201756,35898.9749528449,0.00149009288810126,125,TRUE,"stress_tolerance",0.0386017213100824,"","",TRUE,"Gaussian"
"paraboloid-surface_area-rep3-n240-r8","paraboloid","surface_area",3,240,8,"ambient",8,3,"random",8666717.19031981,35900.2842936118,0.00149014723615347,144,TRUE,"stress_tolerance",0.0386024252625851,"","",FALSE,"Gaussian"
"paraboloid-surface_area-rep3-n240-r8","paraboloid","surface_area",3,240,8,"geodesic",128,1,"supplied",31595.6292901164,22220.9506632229,0.00106928080746977,25,TRUE,"stress_tolerance",0.0326998594411317,"","",TRUE,"classical"
"paraboloid-surface_area-rep3-n240-r8","paraboloid","surface_area",3,240,8,"geodesic",128,2,"random",6846530.15055406,22222.2052202299,0.00106934117724196,115,TRUE,"stress_tolerance",0.0327007825172728,"","",FALSE,"Gaussian"
"paraboloid-surface_area-rep3-n240-r8","paraboloid","surface_area",3,240,8,"geodesic",128,3,"random",7446802.96856209,22221.7049952316,0.00106931710622006,112,TRUE,"stress_tolerance",0.0327004144655701,"","",FALSE,"Gaussian"
"paraboloid-surface_area-rep3-n240-r8","paraboloid","surface_area",3,240,8,"geodesic",16,1,"supplied",38117.2699501359,27109.2756955567,0.00125058177857552,36,TRUE,"stress_tolerance",0.0353635656937405,"","",TRUE,"classical"
"paraboloid-surface_area-rep3-n240-r8","paraboloid","surface_area",3,240,8,"geodesic",16,2,"random",7102203.15249281,27109.8913329025,0.0012506101786278,116,TRUE,"stress_tolerance",0.0353639672354192,"","",FALSE,"Gaussian"
"paraboloid-surface_area-rep3-n240-r8","paraboloid","surface_area",3,240,8,"geodesic",16,3,"random",7730327.27086368,27109.5010634543,0.00125059217505344,114,TRUE,"stress_tolerance",0.0353637126876327,"","",FALSE,"Gaussian"
"paraboloid-surface_area-rep3-n240-r8","paraboloid","surface_area",3,240,8,"geodesic",239,1,"supplied",31478.5266990707,22160.5897606601,0.0010668040968687,25,TRUE,"stress_tolerance",0.0326619671310334,"","",TRUE,"classical"
"paraboloid-surface_area-rep3-n240-r8","paraboloid","surface_area",3,240,8,"geodesic",239,2,"random",6843201.77391873,22161.8432013693,0.0010668644371258,115,TRUE,"stress_tolerance",0.0326628908262237,"","",FALSE,"Gaussian"
"paraboloid-surface_area-rep3-n240-r8","paraboloid","surface_area",3,240,8,"geodesic",239,3,"random",7443104.54375228,22161.3367182,0.00106684005517903,112,TRUE,"stress_tolerance",0.0326625175878871,"","",FALSE,"Gaussian"
"paraboloid-surface_area-rep3-n240-r8","paraboloid","surface_area",3,240,8,"geodesic",32,1,"supplied",34087.2001534269,23780.7623146743,0.00112893687124897,31,TRUE,"stress_tolerance",0.0335996558203948,"","",TRUE,"classical"
"paraboloid-surface_area-rep3-n240-r8","paraboloid","surface_area",3,240,8,"geodesic",32,2,"random",6934889.23778193,23782.0086222033,0.00112899603682591,117,TRUE,"stress_tolerance",0.0336005362580111,"","",FALSE,"Gaussian"
"paraboloid-surface_area-rep3-n240-r8","paraboloid","surface_area",3,240,8,"geodesic",32,3,"random",7540560.88904867,23781.7342007415,0.00112898300929961,113,TRUE,"stress_tolerance",0.0336003423985473,"","",FALSE,"Gaussian"
"paraboloid-surface_area-rep3-n240-r8","paraboloid","surface_area",3,240,8,"geodesic",4,1,"supplied",138077.823741094,80807.0526486825,0.00200401872846912,193,TRUE,"stress_tolerance",0.0447662677522836,"","",TRUE,"classical"
"paraboloid-surface_area-rep3-n240-r8","paraboloid","surface_area",3,240,8,"geodesic",4,2,"random",13010845.1622383,84826.1711776997,0.0021036930581233,790,TRUE,"stress_tolerance",0.0458660338172301,"","",FALSE,"Gaussian"
"paraboloid-surface_area-rep3-n240-r8","paraboloid","surface_area",3,240,8,"geodesic",4,3,"random",14355071.4189123,88073.9880886981,0.00218423907116225,835,TRUE,"stress_tolerance",0.0467358435375061,"","",FALSE,"Gaussian"
"paraboloid-surface_area-rep3-n240-r8","paraboloid","surface_area",3,240,8,"geodesic",64,1,"supplied",32101.9671676437,22554.2121486898,0.00108239651529633,25,TRUE,"stress_tolerance",0.0328997950646558,"","",TRUE,"classical"
"paraboloid-surface_area-rep3-n240-r8","paraboloid","surface_area",3,240,8,"geodesic",64,2,"random",6864621.37023366,22555.5188083093,0.00108245922304287,115,TRUE,"stress_tolerance",0.0329007480620561,"","",FALSE,"Gaussian"
"paraboloid-surface_area-rep3-n240-r8","paraboloid","surface_area",3,240,8,"geodesic",64,3,"random",7466553.27574601,22555.049033298,0.00108243667812612,112,TRUE,"stress_tolerance",0.0329004054401482,"","",FALSE,"Gaussian"
"paraboloid-surface_area-rep3-n240-r8","paraboloid","surface_area",3,240,8,"geodesic",8,1,"supplied",53790.2373410566,37464.0091645888,0.0015491872473434,70,TRUE,"stress_tolerance",0.0393597160475454,"","",FALSE,"classical"
"paraboloid-surface_area-rep3-n240-r8","paraboloid","surface_area",3,240,8,"geodesic",8,2,"random",7934600.05801083,37463.360349524,0.00154916041796644,123,TRUE,"stress_tolerance",0.0393593752232736,"","",FALSE,"Gaussian"
"paraboloid-surface_area-rep3-n240-r8","paraboloid","surface_area",3,240,8,"geodesic",8,3,"random",8646393.17029533,37463.2661757595,0.00154915652375442,131,TRUE,"stress_tolerance",0.0393593257533003,"","",TRUE,"Gaussian"
"saddle-disk-rep1-n240-r1","saddle","disk",1,240,1,"ambient",128,1,"supplied",22.1407006550269,17.0113344559317,0.000421379556690592,35,TRUE,"stress_tolerance",0.0205275316755474,"","",TRUE,"classical"
"saddle-disk-rep1-n240-r1","saddle","disk",1,240,1,"ambient",128,2,"random",11837.2879714953,17.0120159582766,0.000421396437856306,156,TRUE,"stress_tolerance",0.0205279428549553,"","",FALSE,"Gaussian"
"saddle-disk-rep1-n240-r1","saddle","disk",1,240,1,"ambient",128,3,"random",11781.3753241335,17.0118336274631,0.000421391921427711,133,TRUE,"stress_tolerance",0.0205278328478121,"","",FALSE,"Gaussian"
"saddle-disk-rep1-n240-r1","saddle","disk",1,240,1,"ambient",16,1,"supplied",48.5273450499575,30.5358121186509,0.000670355457608247,62,TRUE,"stress_tolerance",0.0258912235633671,"","",FALSE,"classical"
"saddle-disk-rep1-n240-r1","saddle","disk",1,240,1,"ambient",16,2,"random",13764.0818370636,30.5356635316636,0.000670352195664615,241,TRUE,"stress_tolerance",0.0258911605700597,"","",FALSE,"Gaussian"
"saddle-disk-rep1-n240-r1","saddle","disk",1,240,1,"ambient",16,3,"random",13679.5560098346,30.5337234114948,0.00067030960403029,233,TRUE,"stress_tolerance",0.0258903380439555,"","",TRUE,"Gaussian"
"saddle-disk-rep1-n240-r1","saddle","disk",1,240,1,"ambient",239,1,"supplied",5.4704298097284e-26,1.80496132296776e-24,4.71989063555193e-29,1,TRUE,"stress_tolerance",6.76458712640218e-15,"","",TRUE,"classical"
"saddle-disk-rep1-n240-r1","saddle","disk",1,240,1,"ambient",239,2,"random",10879.6406193585,0.00205286593201165,5.36814975769898e-08,125,TRUE,"stress_tolerance",0.000231692679171239,"","",FALSE,"Gaussian"
"saddle-disk-rep1-n240-r1","saddle","disk",1,240,1,"ambient",239,3,"random",10805.0843286589,0.00199869055064535,5.22648363337016e-08,110,TRUE,"stress_tolerance",0.000228615039615256,"","",FALSE,"Gaussian"
"saddle-disk-rep1-n240-r1","saddle","disk",1,240,1,"ambient",32,1,"supplied",42.2751722024401,26.5818286404331,0.00060106279778054,47,TRUE,"stress_tolerance",0.0245165820982563,"","",TRUE,"classical"
"saddle-disk-rep1-n240-r1","saddle","disk",1,240,1,"ambient",32,2,"random",13352.2962262555,26.5865502804444,0.000601169562525499,240,TRUE,"stress_tolerance",0.0245187594002124,"","",FALSE,"Gaussian"
"saddle-disk-rep1-n240-r1","saddle","disk",1,240,1,"ambient",32,3,"random",13274.617563424,26.5845034066714,0.000601123279040141,221,TRUE,"stress_tolerance",0.0245178155438069,"","",FALSE,"Gaussian"
"saddle-disk-rep1-n240-r1","saddle","disk",1,240,1,"ambient",4,1,"supplied",361.040405504108,210.047365364413,0.00291193582881333,202,TRUE,"stress_tolerance",0.0539623556640493,"","",FALSE,"classical"
"saddle-disk-rep1-n240-r1","saddle","disk",1,240,1,"ambient",4,2,"random",22025.5576290324,209.975810259535,0.00291094384363291,512,TRUE,"stress_tolerance",0.0539531634256316,"","",TRUE,"Gaussian"
"saddle-disk-rep1-n240-r1","saddle","disk",1,240,1,"ambient",4,3,"random",21706.9315911522,211.761117015912,0.00293569396939762,638,TRUE,"stress_tolerance",0.0541820447140714,"","",FALSE,"Gaussian"
"saddle-disk-rep1-n240-r1","saddle","disk",1,240,1,"ambient",64,1,"supplied",36.6848754184979,23.9014610201311,0.00055194813299345,41,TRUE,"stress_tolerance",0.0234935764198102,"","",TRUE,"classical"
"saddle-disk-rep1-n240-r1","saddle","disk",1,240,1,"ambient",64,2,"random",13037.9078342905,23.9042011412084,0.000552011409657228,218,TRUE,"stress_tolerance",0.0234949230613178,"","",FALSE,"Gaussian"
"saddle-disk-rep1-n240-r1","saddle","disk",1,240,1,"ambient",64,3,"random",12967.5701561746,23.9038546481526,0.000552003408213505,200,TRUE,"stress_tolerance",0.0234947527804299,"","",FALSE,"Gaussian"
"saddle-disk-rep1-n240-r1","saddle","disk",1,240,1,"ambient",8,1,"supplied",73.8913511796103,47.7752894479719,0.000971506440887287,108,TRUE,"stress_tolerance",0.0311689980732023,"","",FALSE,"classical"
"saddle-disk-rep1-n240-r1","saddle","disk",1,240,1,"ambient",8,2,"random",14782.5596156163,47.7729235051977,0.000971458329642531,236,TRUE,"stress_tolerance",0.0311682262832286,"","",TRUE,"Gaussian"
"saddle-disk-rep1-n240-r1","saddle","disk",1,240,1,"ambient",8,3,"random",14697.3142507764,47.7755841396233,0.000971512433416914,365,TRUE,"stress_tolerance",0.0311690942027023,"","",FALSE,"Gaussian"
"saddle-disk-rep1-n240-r1","saddle","disk",1,240,1,"geodesic",128,1,"supplied",45.0239962698809,27.6948843845976,0.000626738770729494,50,TRUE,"stress_tolerance",0.0250347512615863,"","",TRUE,"classical"
"saddle-disk-rep1-n240-r1","saddle","disk",1,240,1,"geodesic",128,2,"random",13342.9178957609,27.7027510351915,0.000626916794037138,257,TRUE,"stress_tolerance",0.0250383065329334,"","",FALSE,"Gaussian"
"saddle-disk-rep1-n240-r1","saddle","disk",1,240,1,"geodesic",128,3,"random",13263.1471956764,27.7011710472472,0.000626881038708167,239,TRUE,"stress_tolerance",0.025037592510227,"","",FALSE,"Gaussian"
"saddle-disk-rep1-n240-r1","saddle","disk",1,240,1,"geodesic",16,1,"supplied",49.9679707941173,31.2515684527268,0.000683783550953325,67,TRUE,"stress_tolerance",0.0261492552657496,"","",FALSE,"classical"
"saddle-disk-rep1-n240-r1","saddle","disk",1,240,1,"geodesic",16,2,"random",13810.2717897878,31.2503522543046,0.00068375694056169,245,TRUE,"stress_tolerance",0.0261487464434092,"","",FALSE,"Gaussian"
"saddle-disk-rep1-n240-r1","saddle","disk",1,240,1,"geodesic",16,3,"random",13724.0942345737,31.2470287064186,0.000683684221415491,239,TRUE,"stress_tolerance",0.0261473559163351,"","",TRUE,"Gaussian"
"saddle-disk-rep1-n240-r1","saddle","disk",1,240,1,"geodesic",239,1,"supplied",44.9917675310682,27.6576227951789,0.00062599806859766,50,TRUE,"stress_tolerance",0.0250199534091826,"","",TRUE,"classical"
"saddle-disk-rep1-n240-r1","saddle","disk",1,240,1,"geodesic",239,2,"random",13339.8049556167,27.6658396773057,0.000626184048151267,256,TRUE,"stress_tolerance",0.0250236697578767,"","",FALSE,"Gaussian"
"saddle-disk-rep1-n240-r1","saddle","disk",1,240,1,"geodesic",239,3,"random",13260.1125876232,27.6639818751918,0.000626141998964909,239,TRUE,"stress_tolerance",0.0250228295555262,"","",FALSE,"Gaussian"
"saddle-disk-rep1-n240-r1","saddle","disk",1,240,1,"geodesic",32,1,"supplied",45.7182982731735,28.3059121491062,0.000635371683510887,52,TRUE,"stress_tolerance",0.0252065801629434,"","",TRUE,"classical"
"saddle-disk-rep1-n240-r1","saddle","disk",1,240,1,"geodesic",32,2,"random",13453.5837609806,28.313622635037,0.000635544757757734,255,TRUE,"stress_tolerance",0.0252100130455686,"","",FALSE,"Gaussian"
"saddle-disk-rep1-n240-r1","saddle","disk",1,240,1,"geodesic",32,3,"random",13373.6440482709,28.3096350673114,0.000635455250392433,235,TRUE,"stress_tolerance",0.0252082377486495,"","",FALSE,"Gaussian"
"saddle-disk-rep1-n240-r1","saddle","disk",1,240,1,"geodesic",4,1,"supplied",361.279243048479,210.172084759234,0.00291051922913008,201,TRUE,"stress_tolerance",0.0539492282533317,"","",FALSE,"classical"
"saddle-disk-rep1-n240-r1","saddle","disk",1,240,1,"geodesic",4,2,"random",22049.4464514005,210.099540165072,0.00290951461219191,512,TRUE,"stress_tolerance",0.0539399166869207,"","",TRUE,"Gaussian"
"saddle-disk-rep1-n240-r1","saddle","disk",1,240,1,"geodesic",4,3,"random",21730.2498942519,211.891016937331,0.00293432346156967,648,TRUE,"stress_tolerance",0.0541693959867533,"","",FALSE,"Gaussian"
"saddle-disk-rep1-n240-r1","saddle","disk",1,240,1,"geodesic",64,1,"supplied",45.1206761989167,27.7876165612331,0.000627989934296307,50,TRUE,"stress_tolerance",0.0250597273388262,"","",TRUE,"classical"
"saddle-disk-rep1-n240-r1","saddle","disk",1,240,1,"geodesic",64,2,"random",13362.9343250341,27.7957139201482,0.000628172931635494,255,TRUE,"stress_tolerance",0.0250633782965407,"","",FALSE,"Gaussian"
"saddle-disk-rep1-n240-r1","saddle","disk",1,240,1,"geodesic",64,3,"random",13282.9005492926,27.7936243330991,0.000628125707735208,238,TRUE,"stress_tolerance",0.02506243618915,"","",FALSE,"Gaussian"
"saddle-disk-rep1-n240-r1","saddle","disk",1,240,1,"geodesic",8,1,"supplied",76.5015023938852,49.3063461900717,0.00100109267515732,98,TRUE,"stress_tolerance",0.0316400485960013,"","",FALSE,"classical"
"saddle-disk-rep1-n240-r1","saddle","disk",1,240,1,"geodesic",8,2,"random",14796.0834225387,49.3065754681075,0.00100109733030985,254,TRUE,"stress_tolerance",0.0316401221601603,"","",FALSE,"Gaussian"
"saddle-disk-rep1-n240-r1","saddle","disk",1,240,1,"geodesic",8,3,"random",14721.2221661859,49.3056338928642,0.00100107821301254,372,TRUE,"stress_tolerance",0.0316398200534161,"","",TRUE,"Gaussian"
"saddle-disk-rep1-n240-r16","saddle","disk",1,240,16,"ambient",128,1,"supplied",647.409234921648,147.919020906194,2.24711918544817e-07,19,TRUE,"stress_tolerance",0.000474037887251525,"","",TRUE,"classical"
"saddle-disk-rep1-n240-r16","saddle","disk",1,240,16,"ambient",128,2,"random",281634562.311195,11405.9901060154,1.73274667715071e-05,595,TRUE,"stress_tolerance",0.00416262738802227,"","",FALSE,"Gaussian"
"saddle-disk-rep1-n240-r16","saddle","disk",1,240,16,"ambient",128,3,"random",285777989.259731,1685.11891010343,2.55995679896795e-06,976,TRUE,"stress_tolerance",0.00159998649962244,"","",FALSE,"Gaussian"
"saddle-disk-rep1-n240-r16","saddle","disk",1,240,16,"ambient",16,1,"supplied",292557.562683218,86682.8845527933,0.000127529719223321,425,TRUE,"stress_tolerance",0.0112929057032867,"","",TRUE,"classical"
"saddle-disk-rep1-n240-r16","saddle","disk",1,240,16,"ambient",16,2,"random",287234796.33095,89468.5555189619,0.000131628058105291,565,TRUE,"stress_tolerance",0.0114729271812079,"","",FALSE,"Gaussian"
"saddle-disk-rep1-n240-r16","saddle","disk",1,240,16,"ambient",16,3,"random",291426551.481118,89186.1172562532,0.000131212528874497,628,TRUE,"stress_tolerance",0.0114548037466604,"","",FALSE,"Gaussian"
"saddle-disk-rep1-n240-r16","saddle","disk",1,240,16,"ambient",239,1,"supplied",3.23928298271237e-22,5.07913612798377e-20,7.71942091688319e-29,1,TRUE,"stress_tolerance",8.79875070510492e-15,"","",TRUE,"classical"
"saddle-disk-rep1-n240-r16","saddle","disk",1,240,16,"ambient",239,2,"random",281492245.726893,11239.083609844,1.70814908122711e-05,595,TRUE,"stress_tolerance",0.00413297602367559,"","",FALSE,"Gaussian"
"saddle-disk-rep1-n240-r16","saddle","disk",1,240,16,"ambient",239,3,"random",285637792.171065,5414.16165566953,8.22860259678706e-06,654,TRUE,"stress_tolerance",0.0028685540951485,"","",FALSE,"Gaussian"
"saddle-disk-rep1-n240-r16","saddle","disk",1,240,16,"ambient",32,1,"supplied",123993.810260319,23077.1363641025,3.4703368755223e-05,79,TRUE,"stress_tolerance",0.0058909565229451,"","",TRUE,"classical"
"saddle-disk-rep1-n240-r16","saddle","disk",1,240,16,"ambient",32,2,"random",283250408.137055,25619.874888121,3.85271357623111e-05,833,TRUE,"stress_tolerance",0.0062070230998698,"","",FALSE,"Gaussian"
"saddle-disk-rep1-n240-r16","saddle","disk",1,240,16,"ambient",32,3,"random",287389699.78175,28379.7587662015,4.26774456808159e-05,522,TRUE,"stress_tolerance",0.00653279769171081,"","",FALSE,"Gaussian"
"saddle-disk-rep1-n240-r16","saddle","disk",1,240,16,"ambient",4,1,"supplied",3434874.97051174,2148464.27218838,0.00254430762666734,126,TRUE,"stress_tolerance",0.0504411303071941,"","",TRUE,"classical"
"saddle-disk-rep1-n240-r16","saddle","disk",1,240,16,"ambient",4,2,"random",329303485.185523,2150146.98662138,0.00254630037247224,477,TRUE,"stress_tolerance",0.0504608796244403,"","",FALSE,"Gaussian"
"saddle-disk-rep1-n240-r16","saddle","disk",1,240,16,"ambient",4,3,"random",332875052.221376,2207673.09022032,0.00261442536110431,374,TRUE,"stress_tolerance",0.051131451779744,"","",FALSE,"Gaussian"
"saddle-disk-rep1-n240-r16","saddle","disk",1,240,16,"ambient",64,1,"supplied",21527.8466677311,2210.73884663812,3.35133554144251e-06,41,TRUE,"stress_tolerance",0.00183066532753752,"","",TRUE,"classical"
"saddle-disk-rep1-n240-r16","saddle","disk",1,240,16,"ambient",64,2,"random",282051645.396275,5794.53788564776,8.78414055641972e-06,718,TRUE,"stress_tolerance",0.00296380508070721,"","",FALSE,"Gaussian"
"saddle-disk-rep1-n240-r16","saddle","disk",1,240,16,"ambient",64,3,"random",286189327.434697,4531.34854152,6.86922810487235e-06,857,TRUE,"stress_tolerance",0.00262092123210114,"","",FALSE,"Gaussian"
"saddle-disk-rep1-n240-r16","saddle","disk",1,240,16,"ambient",8,1,"supplied",464810.527134669,187646.229137,0.000264264269368764,574,TRUE,"stress_tolerance",0.0162562071027891,"","",FALSE,"classical"
"saddle-disk-rep1-n240-r16","saddle","disk",1,240,16,"ambient",8,2,"random",294616710.924822,189830.434294345,0.000267340309759834,370,TRUE,"stress_tolerance",0.0163505446319027,"","",FALSE,"Gaussian"
"saddle-disk-rep1-n240-r16","saddle","disk",1,240,16,"ambient",8,3,"random",298984115.555368,186232.64046546,0.000262273496736719,314,TRUE,"stress_tolerance",0.0161948601950349,"","",TRUE,"Gaussian"
"saddle-disk-rep1-n240-r16","saddle","disk",1,240,16,"geodesic",128,1,"supplied",4061846.97609025,3532107.09819214,0.00408951537305889,16,TRUE,"stress_tolerance",0.0639493187849478,"","",TRUE,"classical"
"saddle-disk-rep1-n240-r16","saddle","disk",1,240,16,"geodesic",128,2,"random",333883356.345716,3532147.86637013,0.00408956257493753,130,TRUE,"stress_tolerance",0.0639496878408139,"","",FALSE,"Gaussian"
"saddle-disk-rep1-n240-r16","saddle","disk",1,240,16,"geodesic",128,3,"random",338921109.39877,3532155.83997352,0.00408957180686985,152,TRUE,"stress_tolerance",0.063949760021988,"","",FALSE,"Gaussian"
"saddle-disk-rep1-n240-r16","saddle","disk",1,240,16,"geodesic",16,1,"supplied",4075765.76879919,3538586.52119969,0.00406364552105076,16,TRUE,"stress_tolerance",0.0637467294929767,"","",TRUE,"classical"
"saddle-disk-rep1-n240-r16","saddle","disk",1,240,16,"geodesic",16,2,"random",335990186.092702,3538630.33067225,0.00406369583101658,129,TRUE,"stress_tolerance",0.063747124099967,"","",FALSE,"Gaussian"
"saddle-disk-rep1-n240-r16","saddle","disk",1,240,16,"geodesic",16,3,"random",341043628.412243,3538637.49490554,0.00406370405828597,152,TRUE,"stress_tolerance",0.0637471886304484,"","",FALSE,"Gaussian"
"saddle-disk-rep1-n240-r16","saddle","disk",1,240,16,"geodesic",239,1,"supplied",4061622.12124595,3531863.73992688,0.00408926150354845,16,TRUE,"stress_tolerance",0.0639473338267393,"","",TRUE,"classical"
"saddle-disk-rep1-n240-r16","saddle","disk",1,240,16,"geodesic",239,2,"random",333880554.102318,3531904.49833177,0.00408930869443359,130,TRUE,"stress_tolerance",0.063947702808104,"","",FALSE,"Gaussian"
"saddle-disk-rep1-n240-r16","saddle","disk",1,240,16,"geodesic",239,3,"random",338918227.618895,3531912.46771845,0.00408931792154668,152,TRUE,"stress_tolerance",0.0639477749538377,"","",FALSE,"Gaussian"
"saddle-disk-rep1-n240-r16","saddle","disk",1,240,16,"geodesic",32,1,"supplied",4062143.29223567,3531828.36993066,0.0040866024829613,16,TRUE,"stress_tolerance",0.0639265397386825,"","",TRUE,"classical"
"saddle-disk-rep1-n240-r16","saddle","disk",1,240,16,"geodesic",32,2,"random",334044269.128514,3531869.72751336,0.00408665033692883,130,TRUE,"stress_tolerance",0.0639269140263231,"","",FALSE,"Gaussian"
"saddle-disk-rep1-n240-r16","saddle","disk",1,240,16,"geodesic",32,3,"random",339075968.967924,3531878.13747408,0.00408666006791312,152,TRUE,"stress_tolerance",0.0639269901365077,"","",FALSE,"Gaussian"
"saddle-disk-rep1-n240-r16","saddle","disk",1,240,16,"geodesic",4,1,"supplied",4590206.9488445,3944565.25054083,0.00392231616175461,16,TRUE,"stress_tolerance",0.0626283974068843,"","",FALSE,"classical"
"saddle-disk-rep1-n240-r16","saddle","disk",1,240,16,"geodesic",4,2,"random",384661483.05749,3944554.98474913,0.00392230595386651,128,TRUE,"stress_tolerance",0.0626283159111479,"","",TRUE,"Gaussian"
"saddle-disk-rep1-n240-r16","saddle","disk",1,240,16,"geodesic",4,3,"random",389058004.546519,3944562.70404943,0.00392231362962656,148,TRUE,"stress_tolerance",0.0626283771913866,"","",FALSE,"Gaussian"
"saddle-disk-rep1-n240-r16","saddle","disk",1,240,16,"geodesic",64,1,"supplied",4061622.14223729,3532140.01525877,0.00408928057379803,16,TRUE,"stress_tolerance",0.0639474829355934,"","",TRUE,"classical"
"saddle-disk-rep1-n240-r16","saddle","disk",1,240,16,"geodesic",64,2,"random",333902005.088814,3532180.86564654,0.00408932786770383,130,TRUE,"stress_tolerance",0.063947852721603,"","",FALSE,"Gaussian"
"saddle-disk-rep1-n240-r16","saddle","disk",1,240,16,"geodesic",64,3,"random",338938722.376666,3532188.82596282,0.00408933708363712,152,TRUE,"stress_tolerance",0.0639479247797544,"","",FALSE,"Gaussian"
"saddle-disk-rep1-n240-r16","saddle","disk",1,240,16,"geodesic",8,1,"supplied",4127071.66896172,3568852.85578607,0.00397988400255709,16,TRUE,"stress_tolerance",0.0630863218341116,"","",TRUE,"classical"
"saddle-disk-rep1-n240-r16","saddle","disk",1,240,16,"geodesic",8,2,"random",344507204.733369,3568896.54767413,0.0039799327265178,129,TRUE,"stress_tolerance",0.0630867080019066,"","",FALSE,"Gaussian"
"saddle-disk-rep1-n240-r16","saddle","disk",1,240,16,"geodesic",8,3,"random",349577501.427511,3568901.41501503,0.00397993815443903,151,TRUE,"stress_tolerance",0.0630867510214235,"","",FALSE,"Gaussian"
"saddle-disk-rep1-n240-r2","saddle","disk",1,240,2,"ambient",128,1,"supplied",73.415766808584,42.7232936001071,0.000154594119143023,24,TRUE,"stress_tolerance",0.0124335883454064,"","",TRUE,"classical"
"saddle-disk-rep1-n240-r2","saddle","disk",1,240,2,"ambient",128,2,"random",84730.3392165219,42.7321862544475,0.000154626297188037,137,TRUE,"stress_tolerance",0.0124348822747962,"","",FALSE,"Gaussian"
"saddle-disk-rep1-n240-r2","saddle","disk",1,240,2,"ambient",128,3,"random",85152.8251724772,42.7361924130693,0.000154640793461875,137,TRUE,"stress_tolerance",0.0124354651485933,"","",FALSE,"Gaussian"
"saddle-disk-rep1-n240-r2","saddle","disk",1,240,2,"ambient",16,1,"supplied",1007.80995512235,610.147903577152,0.00171360991538503,51,TRUE,"stress_tolerance",0.0413957717090166,"","",FALSE,"classical"
"saddle-disk-rep1-n240-r2","saddle","disk",1,240,2,"ambient",16,2,"random",114250.380485399,610.149627481037,0.00171361475699601,164,TRUE,"stress_tolerance",0.0413958301885105,"","",FALSE,"Gaussian"
"saddle-disk-rep1-n240-r2","saddle","disk",1,240,2,"ambient",16,3,"random",114940.704267359,610.145449974734,0.00171360302440432,199,TRUE,"stress_tolerance",0.0413956884760275,"","",TRUE,"Gaussian"
"saddle-disk-rep1-n240-r2","saddle","disk",1,240,2,"ambient",239,1,"supplied",1.75316219780199e-25,1.50866170208285e-23,5.5441683472236e-29,1,TRUE,"stress_tolerance",7.4427061084289e-15,"","",TRUE,"classical"
"saddle-disk-rep1-n240-r2","saddle","disk",1,240,2,"ambient",239,2,"random",82912.4027818363,0.024572987844046,9.03030687486678e-08,141,TRUE,"stress_tolerance",0.000300504690070685,"","",FALSE,"Gaussian"
"saddle-disk-rep1-n240-r2","saddle","disk",1,240,2,"ambient",239,3,"random",83361.3103073892,0.0268664863595246,9.87314273769581e-08,142,TRUE,"stress_tolerance",0.000314215574696737,"","",FALSE,"Gaussian"
"saddle-disk-rep1-n240-r2","saddle","disk",1,240,2,"ambient",32,1,"supplied",897.337397687207,549.803438962008,0.00159780136131078,35,TRUE,"stress_tolerance",0.0399725075684625,"","",TRUE,"classical"
"saddle-disk-rep1-n240-r2","saddle","disk",1,240,2,"ambient",32,2,"random",110475.927177076,549.811940160047,0.00159782606691434,161,TRUE,"stress_tolerance",0.039972816599714,"","",FALSE,"Gaussian"
"saddle-disk-rep1-n240-r2","saddle","disk",1,240,2,"ambient",32,3,"random",111065.592202991,549.815483940471,0.00159783636560799,182,TRUE,"stress_tolerance",0.0399729454207219,"","",FALSE,"Gaussian"
"saddle-disk-rep1-n240-r2","saddle","disk",1,240,2,"ambient",4,1,"supplied",2238.81385662055,1308.03397992146,0.00243152308236493,311,TRUE,"stress_tolerance",0.0493104763956397,"","",FALSE,"classical"
"saddle-disk-rep1-n240-r2","saddle","disk",1,240,2,"ambient",4,2,"random",177334.537415533,1308.3745821223,0.00243215623266987,291,TRUE,"stress_tolerance",0.0493168960161715,"","",FALSE,"Gaussian"
"saddle-disk-rep1-n240-r2","saddle","disk",1,240,2,"ambient",4,3,"random",176116.986201132,1307.8388899158,0.00243116042676181,213,TRUE,"stress_tolerance",0.0493067989912328,"","",TRUE,"Gaussian"
"saddle-disk-rep1-n240-r2","saddle","disk",1,240,2,"ambient",64,1,"supplied",635.231316127071,565.212976360408,0.00185988555372467,27,TRUE,"stress_tolerance",0.0431263904555517,"","",TRUE,"classical"
"saddle-disk-rep1-n240-r2","saddle","disk",1,240,2,"ambient",64,2,"random",93256.7806933048,565.220626606569,0.00185991072756695,120,TRUE,"stress_tolerance",0.0431266823157888,"","",FALSE,"Gaussian"
"saddle-disk-rep1-n240-r2","saddle","disk",1,240,2,"ambient",64,3,"random",93515.1364342154,565.221245284806,0.00185991276338488,137,TRUE,"stress_tolerance",0.0431267059185476,"","",FALSE,"Gaussian"
"saddle-disk-rep1-n240-r2","saddle","disk",1,240,2,"ambient",8,1,"supplied",1232.57816112605,757.454859906543,0.00192172249342846,116,TRUE,"stress_tolerance",0.0438374553712746,"","",TRUE,"classical"
"saddle-disk-rep1-n240-r2","saddle","disk",1,240,2,"ambient",8,2,"random",126488.841588019,757.458795401544,0.00192173247808849,221,TRUE,"stress_tolerance",0.0438375692538777,"","",FALSE,"Gaussian"
"saddle-disk-rep1-n240-r2","saddle","disk",1,240,2,"ambient",8,3,"random",127028.272776486,757.502434519086,0.00192184319395846,243,TRUE,"stress_tolerance",0.0438388320323257,"","",FALSE,"Gaussian"
"saddle-disk-rep1-n240-r2","saddle","disk",1,240,2,"geodesic",128,1,"supplied",914.080412798335,555.073022836608,0.00160283676410724,38,TRUE,"stress_tolerance",0.0400354438480111,"","",TRUE,"classical"
"saddle-disk-rep1-n240-r2","saddle","disk",1,240,2,"geodesic",128,2,"random",111035.406823598,555.079487173634,0.00160285543061888,166,TRUE,"stress_tolerance",0.0400356769721567,"","",FALSE,"Gaussian"
"saddle-disk-rep1-n240-r2","saddle","disk",1,240,2,"geodesic",128,3,"random",111592.206965048,555.082079344669,0.00160286291580887,203,TRUE,"stress_tolerance",0.0400357704535441,"","",FALSE,"Gaussian"
"saddle-disk-rep1-n240-r2","saddle","disk",1,240,2,"geodesic",16,1,"supplied",1022.48150053514,617.271215129678,0.00172493027190675,53,TRUE,"stress_tolerance",0.0415322798785083,"","",FALSE,"classical"
"saddle-disk-rep1-n240-r2","saddle","disk",1,240,2,"geodesic",16,2,"random",114719.218473225,617.270399096616,0.00172492799154748,167,TRUE,"stress_tolerance",0.0415322524256451,"","",TRUE,"Gaussian"
"saddle-disk-rep1-n240-r2","saddle","disk",1,240,2,"geodesic",16,3,"random",115398.536961026,617.270472648489,0.00172492819708413,207,TRUE,"stress_tolerance",0.0415322549000672,"","",FALSE,"Gaussian"
"saddle-disk-rep1-n240-r2","saddle","disk",1,240,2,"geodesic",239,1,"supplied",913.211359874562,554.236930455323,0.00160063807858942,38,TRUE,"stress_tolerance",0.0400079751873226,"","",TRUE,"classical"
"saddle-disk-rep1-n240-r2","saddle","disk",1,240,2,"geodesic",239,2,"random",111014.470212258,554.243379776134,0.00160065670424914,166,TRUE,"stress_tolerance",0.0400082079609815,"","",FALSE,"Gaussian"
"saddle-disk-rep1-n240-r2","saddle","disk",1,240,2,"geodesic",239,3,"random",111570.591728133,554.248940848676,0.00160067276464494,202,TRUE,"stress_tolerance",0.0400084086742393,"","",FALSE,"Gaussian"
"saddle-disk-rep1-n240-r2","saddle","disk",1,240,2,"geodesic",32,1,"supplied",931.460080411088,566.541529576282,0.00162540880124587,39,TRUE,"stress_tolerance",0.040316358978036,"","",TRUE,"classical"
"saddle-disk-rep1-n240-r2","saddle","disk",1,240,2,"geodesic",32,2,"random",111781.925765205,566.548722419442,0.00162542943752754,166,TRUE,"stress_tolerance",0.0403166149066055,"","",FALSE,"Gaussian"
"saddle-disk-rep1-n240-r2","saddle","disk",1,240,2,"geodesic",32,3,"random",112349.546229446,566.55188652851,0.00162543851536289,206,TRUE,"stress_tolerance",0.0403167274882633,"","",FALSE,"Gaussian"
"saddle-disk-rep1-n240-r2","saddle","disk",1,240,2,"geodesic",4,1,"supplied",2253.66862971563,1317.69172596971,0.00244516783615903,306,TRUE,"stress_tolerance",0.0494486383650652,"","",FALSE,"classical"
"saddle-disk-rep1-n240-r2","saddle","disk",1,240,2,"geodesic",4,2,"random",177603.744110654,1318.05204801294,0.00244583646589495,294,TRUE,"stress_tolerance",0.0494553987537756,"","",FALSE,"Gaussian"
"saddle-disk-rep1-n240-r2","saddle","disk",1,240,2,"geodesic",4,3,"random",176370.305428198,1317.49472811054,0.00244480227810054,213,TRUE,"stress_tolerance",0.0494449418859052,"","",TRUE,"Gaussian"
"saddle-disk-rep1-n240-r2","saddle","disk",1,240,2,"geodesic",64,1,"supplied",917.987300193353,558.035907378647,0.00160985890385174,39,TRUE,"stress_tolerance",0.0401230470409683,"","",TRUE,"classical"
"saddle-disk-rep1-n240-r2","saddle","disk",1,240,2,"geodesic",64,2,"random",111150.938405406,558.044913488426,0.00160988488527306,166,TRUE,"stress_tolerance",0.0401233708114491,"","",FALSE,"Gaussian"
"saddle-disk-rep1-n240-r2","saddle","disk",1,240,2,"geodesic",64,3,"random",111703.39110232,558.04765339501,0.00160989278953684,204,TRUE,"stress_tolerance",0.0401234693108265,"","",FALSE,"Gaussian"
"saddle-disk-rep1-n240-r2","saddle","disk",1,240,2,"geodesic",8,1,"supplied",1260.8838693569,770.289559789954,0.00195806603391512,108,TRUE,"stress_tolerance",0.0442500399312266,"","",TRUE,"classical"
"saddle-disk-rep1-n240-r2","saddle","disk",1,240,2,"geodesic",8,2,"random",125859.046999078,770.290346116058,0.00195806803274584,214,TRUE,"stress_tolerance",0.0442500625168582,"","",FALSE,"Gaussian"
"saddle-disk-rep1-n240-r2","saddle","disk",1,240,2,"geodesic",8,3,"random",126403.410425756,770.318623683628,0.0019581399139545,240,TRUE,"stress_tolerance",0.0442508747253037,"","",FALSE,"Gaussian"
"saddle-disk-rep1-n240-r32","saddle","disk",1,240,32,"ambient",128,1,"supplied",1169.94486142859,974.714778517237,9.33485608496664e-08,2,TRUE,"stress_tolerance",0.000305529967192088,"","",TRUE,"classical"
"saddle-disk-rep1-n240-r32","saddle","disk",1,240,32,"ambient",128,2,"random",4547388212.59908,61065.768682293,5.84827659260722e-06,466,TRUE,"stress_tolerance",0.00241832102761676,"","",FALSE,"Gaussian"
"saddle-disk-rep1-n240-r32","saddle","disk",1,240,32,"ambient",128,3,"random",4614932075.28549,82522.2971067625,7.90317110472399e-06,448,TRUE,"stress_tolerance",0.00281125792212846,"","",FALSE,"Gaussian"
"saddle-disk-rep1-n240-r32","saddle","disk",1,240,32,"ambient",16,1,"supplied",698519.235862482,147097.503676648,1.38288617506132e-05,102,TRUE,"stress_tolerance",0.00371871775624601,"","",TRUE,"classical"
"saddle-disk-rep1-n240-r32","saddle","disk",1,240,32,"ambient",16,2,"random",4613468382.797,171603.560757793,1.61327137328517e-05,630,TRUE,"stress_tolerance",0.00401655495827677,"","",FALSE,"Gaussian"
"saddle-disk-rep1-n240-r32","saddle","disk",1,240,32,"ambient",16,3,"random",4680516304.16814,155721.47506465,1.46396145172141e-05,436,TRUE,"stress_tolerance",0.00382617491984097,"","",FALSE,"Gaussian"
"saddle-disk-rep1-n240-r32","saddle","disk",1,240,32,"ambient",239,1,"supplied",6.38671698117415e-20,8.24434238248576e-19,7.89648558416467e-29,1,TRUE,"stress_tolerance",8.8890446453356e-15,"","",TRUE,"classical"
"saddle-disk-rep1-n240-r32","saddle","disk",1,240,32,"ambient",239,2,"random",4546825242.57131,60538.396950875,5.79840764287726e-06,469,TRUE,"stress_tolerance",0.00240798829791247,"","",FALSE,"Gaussian"
"saddle-disk-rep1-n240-r32","saddle","disk",1,240,32,"ambient",239,3,"random",4614375856.24473,82418.1581392665,7.89406562011189e-06,448,TRUE,"stress_tolerance",0.0028096379873781,"","",FALSE,"Gaussian"
"saddle-disk-rep1-n240-r32","saddle","disk",1,240,32,"ambient",32,1,"supplied",288970.73662832,34581.6435491005,3.30156998090341e-06,54,TRUE,"stress_tolerance",0.00181702228409813,"","",TRUE,"classical"
"saddle-disk-rep1-n240-r32","saddle","disk",1,240,32,"ambient",32,2,"random",4555548145.07963,94184.9465272984,8.99200154168524e-06,505,TRUE,"stress_tolerance",0.00299866662730145,"","",FALSE,"Gaussian"
"saddle-disk-rep1-n240-r32","saddle","disk",1,240,32,"ambient",32,3,"random",4623161326.47142,67342.1693125891,6.42927466231263e-06,529,TRUE,"stress_tolerance",0.00253560143995834,"","",FALSE,"Gaussian"
"saddle-disk-rep1-n240-r32","saddle","disk",1,240,32,"ambient",4,1,"supplied",4368169.40437409,1239260.98924378,9.04754817077085e-05,290,TRUE,"stress_tolerance",0.0095118600550951,"","",FALSE,"classical"
"saddle-disk-rep1-n240-r32","saddle","disk",1,240,32,"ambient",4,2,"random",5876911190.60146,1259426.48206467,9.19477161221529e-05,461,TRUE,"stress_tolerance",0.00958893717375174,"","",FALSE,"Gaussian"
"saddle-disk-rep1-n240-r32","saddle","disk",1,240,32,"ambient",4,3,"random",5934496621.75899,1230522.21256744,8.98374845172943e-05,485,TRUE,"stress_tolerance",0.00947826379234613,"","",TRUE,"Gaussian"
"saddle-disk-rep1-n240-r32","saddle","disk",1,240,32,"ambient",64,1,"supplied",48566.8921354889,3836.96591200647,3.67262385646155e-07,29,TRUE,"stress_tolerance",0.000606021769948651,"","",TRUE,"classical"
"saddle-disk-rep1-n240-r32","saddle","disk",1,240,32,"ambient",64,2,"random",4549135574.96567,66946.9255296533,6.40795048628373e-06,461,TRUE,"stress_tolerance",0.0025313929932529,"","",FALSE,"Gaussian"
"saddle-disk-rep1-n240-r32","saddle","disk",1,240,32,"ambient",64,3,"random",4616654308.14386,87083.4644850321,8.3353570635139e-06,451,TRUE,"stress_tolerance",0.00288710184502037,"","",FALSE,"Gaussian"
"saddle-disk-rep1-n240-r32","saddle","disk",1,240,32,"ambient",8,1,"supplied",2224263.83248243,418966.549239881,3.58252114625014e-05,275,TRUE,"stress_tolerance",0.00598541656549547,"","",TRUE,"classical"
"saddle-disk-rep1-n240-r32","saddle","disk",1,240,32,"ambient",8,2,"random",5070449323.39417,451407.097980839,3.85991549210256e-05,601,TRUE,"stress_tolerance",0.00621282181629507,"","",FALSE,"Gaussian"
"saddle-disk-rep1-n240-r32","saddle","disk",1,240,32,"ambient",8,3,"random",5131155321.84987,443974.926803463,3.7963640929424e-05,465,TRUE,"stress_tolerance",0.00616146418714169,"","",FALSE,"Gaussian"
"saddle-disk-rep1-n240-r32","saddle","disk",1,240,32,"geodesic",128,1,"supplied",67294076.4064142,59473300.2183136,0.00435116865901767,16,TRUE,"stress_tolerance",0.0659633887775456,"","",TRUE,"classical"
"saddle-disk-rep1-n240-r32","saddle","disk",1,240,32,"geodesic",128,2,"random",5334711846.11562,59474018.1898527,0.00435122118704702,130,TRUE,"stress_tolerance",0.0659637869368263,"","",FALSE,"Gaussian"
"saddle-disk-rep1-n240-r32","saddle","disk",1,240,32,"geodesic",128,3,"random",5415449665.05092,59474164.5395774,0.00435123189424391,153,TRUE,"stress_tolerance",0.0659638680964354,"","",FALSE,"Gaussian"
"saddle-disk-rep1-n240-r32","saddle","disk",1,240,32,"geodesic",16,1,"supplied",67316027.7095704,59459410.2933224,0.00433817312077745,16,TRUE,"stress_tolerance",0.065864809426411,"","",TRUE,"classical"
"saddle-disk-rep1-n240-r32","saddle","disk",1,240,32,"geodesic",16,2,"random",5345662037.65459,59460102.5551623,0.00433822362837064,130,TRUE,"stress_tolerance",0.065865192843949,"","",FALSE,"Gaussian"
"saddle-disk-rep1-n240-r32","saddle","disk",1,240,32,"geodesic",16,3,"random",5426560849.57439,59460279.9846435,0.00433823657366899,153,TRUE,"stress_tolerance",0.0658652911150399,"","",FALSE,"Gaussian"
"saddle-disk-rep1-n240-r32","saddle","disk",1,240,32,"geodesic",239,1,"supplied",67293124.0513691,59472263.1687995,0.00435110058302023,16,TRUE,"stress_tolerance",0.0659628727620337,"","",TRUE,"classical"
"saddle-disk-rep1-n240-r32","saddle","disk",1,240,32,"geodesic",239,2,"random",5334700164.61368,59472981.1446322,0.00435115311145782,130,TRUE,"stress_tolerance",0.0659632709275234,"","",FALSE,"Gaussian"
"saddle-disk-rep1-n240-r32","saddle","disk",1,240,32,"geodesic",239,3,"random",5415437582.10822,59473127.4158737,0.00435116381293193,153,TRUE,"stress_tolerance",0.0659633520443885,"","",FALSE,"Gaussian"
"saddle-disk-rep1-n240-r32","saddle","disk",1,240,32,"geodesic",32,1,"supplied",67281388.2348869,59457610.8953003,0.00434910892451183,16,TRUE,"stress_tolerance",0.0659477742195435,"","",TRUE,"classical"
"saddle-disk-rep1-n240-r32","saddle","disk",1,240,32,"geodesic",32,2,"random",5335482146.52785,59458329.0888415,0.0043491614577686,130,TRUE,"stress_tolerance",0.0659481725127288,"","",FALSE,"Gaussian"
"saddle-disk-rep1-n240-r32","saddle","disk",1,240,32,"geodesic",32,3,"random",5416235037.60098,59458481.498239,0.00434917260596411,153,TRUE,"stress_tolerance",0.0659482570350738,"","",FALSE,"Gaussian"
"saddle-disk-rep1-n240-r32","saddle","disk",1,240,32,"geodesic",4,1,"supplied",71943726.7588712,63119228.9092249,0.00411649495590865,14,TRUE,"stress_tolerance",0.0641599170503564,"","",TRUE,"classical"
"saddle-disk-rep1-n240-r32","saddle","disk",1,240,32,"geodesic",4,2,"random",5879509468.20804,63119956.6778416,0.00411654241935033,126,TRUE,"stress_tolerance",0.064160286933198,"","",FALSE,"Gaussian"
"saddle-disk-rep1-n240-r32","saddle","disk",1,240,32,"geodesic",4,3,"random",5955279065.91547,63120095.5758488,0.00411655147796774,148,TRUE,"stress_tolerance",0.0641603575268076,"","",FALSE,"Gaussian"
"saddle-disk-rep1-n240-r32","saddle","disk",1,240,32,"geodesic",64,1,"supplied",67293523.4326639,59473841.0635798,0.00435112669067903,16,TRUE,"stress_tolerance",0.0659630706583545,"","",TRUE,"classical"
"saddle-disk-rep1-n240-r32","saddle","disk",1,240,32,"geodesic",64,2,"random",5334796319.17575,59474558.9309225,0.004351179210101,130,TRUE,"stress_tolerance",0.0659634687543118,"","",FALSE,"Gaussian"
"saddle-disk-rep1-n240-r32","saddle","disk",1,240,32,"geodesic",64,3,"random",5415530191.47783,59474706.3903392,0.00435118999828269,153,TRUE,"stress_tolerance",0.065963550528172,"","",FALSE,"Gaussian"
"saddle-disk-rep1-n240-r32","saddle","disk",1,240,32,"geodesic",8,1,"supplied",67775693.7516484,59837920.990261,0.00431031433187374,16,TRUE,"stress_tolerance",0.0656529841810238,"","",TRUE,"classical"
"saddle-disk-rep1-n240-r32","saddle","disk",1,240,32,"geodesic",8,2,"random",5403780920.44421,59838694.589254,0.00431037005665113,129,TRUE,"stress_tolerance",0.0656534085684141,"","",FALSE,"Gaussian"
"saddle-disk-rep1-n240-r32","saddle","disk",1,240,32,"geodesic",8,3,"random",5484578975.0622,59838720.0122801,0.00431037188795195,153,TRUE,"stress_tolerance",0.065653422515144,"","",FALSE,"Gaussian"
"saddle-disk-rep1-n240-r4","saddle","disk",1,240,4,"ambient",128,1,"supplied",155.674676546383,57.0440945926525,1.8935934515957e-05,29,TRUE,"stress_tolerance",0.00435154392324872,"","",TRUE,"classical"
"saddle-disk-rep1-n240-r4","saddle","disk",1,240,4,"ambient",128,2,"random",1091770.68515476,57.6400738652362,1.9133771374603e-05,260,TRUE,"stress_tolerance",0.0043742166583983,"","",FALSE,"Gaussian"
"saddle-disk-rep1-n240-r4","saddle","disk",1,240,4,"ambient",128,3,"random",1105153.71780908,57.7168351419712,1.91592524786506e-05,405,TRUE,"stress_tolerance",0.00437712833701007,"","",FALSE,"Gaussian"
"saddle-disk-rep1-n240-r4","saddle","disk",1,240,4,"ambient",16,1,"supplied",16193.9487261601,11461.6037607523,0.00289907918818104,43,TRUE,"stress_tolerance",0.0538430978694674,"","",TRUE,"classical"
"saddle-disk-rep1-n240-r4","saddle","disk",1,240,4,"ambient",16,2,"random",1389608.78633536,11461.9370611192,0.0028991634926272,151,TRUE,"stress_tolerance",0.0538438807352067,"","",FALSE,"Gaussian"
"saddle-disk-rep1-n240-r4","saddle","disk",1,240,4,"ambient",16,3,"random",1401595.78865595,11462.1148909727,0.0028992084726176,165,TRUE,"stress_tolerance",0.0538442984225589,"","",FALSE,"Gaussian"
"saddle-disk-rep1-n240-r4","saddle","disk",1,240,4,"ambient",239,1,"supplied",1.97010131065125e-24,1.8822262851895e-22,6.28482339418476e-29,1,TRUE,"stress_tolerance",7.88599624563068e-15,"","",TRUE,"classical"
"saddle-disk-rep1-n240-r4","saddle","disk",1,240,4,"ambient",239,2,"random",1083718.29094959,0.872060673620713,2.91184294143899e-07,263,TRUE,"stress_tolerance",0.000539614949894701,"","",FALSE,"Gaussian"
"saddle-disk-rep1-n240-r4","saddle","disk",1,240,4,"ambient",239,3,"random",1097242.70348315,0.922053598865173,3.07877117349716e-07,314,TRUE,"stress_tolerance",0.000554866756398157,"","",FALSE,"Gaussian"
"saddle-disk-rep1-n240-r4","saddle","disk",1,240,4,"ambient",32,1,"supplied",11646.3032613008,9293.73538416764,0.00276867147239122,40,TRUE,"stress_tolerance",0.0526181667524744,"","",TRUE,"classical"
"saddle-disk-rep1-n240-r4","saddle","disk",1,240,4,"ambient",32,2,"random",1155909.55265537,9293.97398650302,0.00276874255376506,161,TRUE,"stress_tolerance",0.0526188421933158,"","",FALSE,"Gaussian"
"saddle-disk-rep1-n240-r4","saddle","disk",1,240,4,"ambient",32,3,"random",1168117.22409759,9293.96629173781,0.00276874026143845,166,TRUE,"stress_tolerance",0.0526188204109369,"","",FALSE,"Gaussian"
"saddle-disk-rep1-n240-r4","saddle","disk",1,240,4,"ambient",4,1,"supplied",23157.4489663454,15982.8808030194,0.00284316159632257,71,TRUE,"stress_tolerance",0.0533213052758704,"","",TRUE,"classical"
"saddle-disk-rep1-n240-r4","saddle","disk",1,240,4,"ambient",4,2,"random",2009409.54272887,15983.8565426878,0.00284333516863331,146,TRUE,"stress_tolerance",0.0533229328585112,"","",FALSE,"Gaussian"
"saddle-disk-rep1-n240-r4","saddle","disk",1,240,4,"ambient",4,3,"random",2011893.77680957,15988.6196116564,0.002844182461117,153,TRUE,"stress_tolerance",0.0533308771830826,"","",FALSE,"Gaussian"
"saddle-disk-rep1-n240-r4","saddle","disk",1,240,4,"ambient",64,1,"supplied",2306.79217601507,994.614247556268,0.000323498793176237,45,TRUE,"stress_tolerance",0.0179860721997949,"","",TRUE,"classical"
"saddle-disk-rep1-n240-r4","saddle","disk",1,240,4,"ambient",64,2,"random",1108356.58550638,995.007768159812,0.000323626785953989,235,TRUE,"stress_tolerance",0.017989629956005,"","",FALSE,"Gaussian"
"saddle-disk-rep1-n240-r4","saddle","disk",1,240,4,"ambient",64,3,"random",1121323.31104476,995.141113535961,0.000323670156605843,275,TRUE,"stress_tolerance",0.0179908353504179,"","",FALSE,"Gaussian"
"saddle-disk-rep1-n240-r4","saddle","disk",1,240,4,"ambient",8,1,"supplied",17299.3488066382,12056.0031815655,0.00279104543159279,61,TRUE,"stress_tolerance",0.0528303457455352,"","",TRUE,"classical"
"saddle-disk-rep1-n240-r4","saddle","disk",1,240,4,"ambient",8,2,"random",1517715.58837456,12056.8986810716,0.00279125274572233,141,TRUE,"stress_tolerance",0.052832307783423,"","",FALSE,"Gaussian"
"saddle-disk-rep1-n240-r4","saddle","disk",1,240,4,"ambient",8,3,"random",1534445.51654933,12060.9845720635,0.00279219865683527,184,TRUE,"stress_tolerance",0.052841259039081,"","",FALSE,"Gaussian"
"saddle-disk-rep1-n240-r4","saddle","disk",1,240,4,"geodesic",128,1,"supplied",14620.3173684137,10408.2665380977,0.00263196200725526,32,TRUE,"stress_tolerance",0.0513026510743381,"","",TRUE,"classical"
"saddle-disk-rep1-n240-r4","saddle","disk",1,240,4,"geodesic",128,2,"random",1395778.73844416,10408.4438507737,0.0026320068447145,130,TRUE,"stress_tolerance",0.0513030880621673,"","",FALSE,"Gaussian"
"saddle-disk-rep1-n240-r4","saddle","disk",1,240,4,"geodesic",128,3,"random",1412713.75325358,10408.4643350958,0.00263201202463158,158,TRUE,"stress_tolerance",0.0513031385456252,"","",FALSE,"Gaussian"
"saddle-disk-rep1-n240-r4","saddle","disk",1,240,4,"geodesic",16,1,"supplied",15318.4405983846,10848.2088558818,0.00267657303596791,38,TRUE,"stress_tolerance",0.051735607041649,"","",TRUE,"classical"
"saddle-disk-rep1-n240-r4","saddle","disk",1,240,4,"geodesic",16,2,"random",1428486.55704806,10848.6496367371,0.00267668178960343,134,TRUE,"stress_tolerance",0.0517366580830599,"","",FALSE,"Gaussian"
"saddle-disk-rep1-n240-r4","saddle","disk",1,240,4,"geodesic",16,3,"random",1445328.7338845,10848.4628702226,0.00267663570879661,178,TRUE,"stress_tolerance",0.0517362127411414,"","",FALSE,"Gaussian"
"saddle-disk-rep1-n240-r4","saddle","disk",1,240,4,"geodesic",239,1,"supplied",14612.6877528308,10399.1678533794,0.00262987385388626,32,TRUE,"stress_tolerance",0.0512822957158342,"","",TRUE,"classical"
"saddle-disk-rep1-n240-r4","saddle","disk",1,240,4,"geodesic",239,2,"random",1395632.89333762,10399.3463810597,0.0026299190022371,130,TRUE,"stress_tolerance",0.0512827359082676,"","",FALSE,"Gaussian"
"saddle-disk-rep1-n240-r4","saddle","disk",1,240,4,"geodesic",239,3,"random",1412566.40669087,10399.3586340135,0.00262992210091991,158,TRUE,"stress_tolerance",0.0512827661200123,"","",FALSE,"Gaussian"
"saddle-disk-rep1-n240-r4","saddle","disk",1,240,4,"geodesic",32,1,"supplied",14756.1907705056,10520.2904102143,0.00264899944495429,32,TRUE,"stress_tolerance",0.0514684315377327,"","",TRUE,"classical"
"saddle-disk-rep1-n240-r4","saddle","disk",1,240,4,"geodesic",32,2,"random",1401566.01778751,10520.4866949976,0.00264904886928212,130,TRUE,"stress_tolerance",0.0514689116776536,"","",FALSE,"Gaussian"
"saddle-disk-rep1-n240-r4","saddle","disk",1,240,4,"geodesic",32,3,"random",1418555.20012262,10520.489465702,0.00264904956694294,163,TRUE,"stress_tolerance",0.0514689184551506,"","",FALSE,"Gaussian"
"saddle-disk-rep1-n240-r4","saddle","disk",1,240,4,"geodesic",4,1,"supplied",23351.441416238,16074.414745658,0.00285200798968336,73,TRUE,"stress_tolerance",0.0534041944952206,"","",TRUE,"classical"
"saddle-disk-rep1-n240-r4","saddle","disk",1,240,4,"geodesic",4,2,"random",2012744.06721054,16075.4462933915,0.00285219101235785,148,TRUE,"stress_tolerance",0.0534059080285869,"","",FALSE,"Gaussian"
"saddle-disk-rep1-n240-r4","saddle","disk",1,240,4,"geodesic",4,3,"random",2015170.33071648,16080.4324860684,0.00285307568913008,154,TRUE,"stress_tolerance",0.053414189960441,"","",FALSE,"Gaussian"
"saddle-disk-rep1-n240-r4","saddle","disk",1,240,4,"geodesic",64,1,"supplied",14626.552063986,10417.4937210755,0.0026331858064946,32,TRUE,"stress_tolerance",0.0513145769396437,"","",TRUE,"classical"
"saddle-disk-rep1-n240-r4","saddle","disk",1,240,4,"geodesic",64,2,"random",1396296.66292589,10417.664696759,0.00263322902329464,130,TRUE,"stress_tolerance",0.051314998034636,"","",FALSE,"Gaussian"
"saddle-disk-rep1-n240-r4","saddle","disk",1,240,4,"geodesic",64,3,"random",1413205.47177101,10417.6971415136,0.00263323722421797,158,TRUE,"stress_tolerance",0.0513150779422381,"","",FALSE,"Gaussian"
"saddle-disk-rep1-n240-r4","saddle","disk",1,240,4,"geodesic",8,1,"supplied",17247.8839656145,12013.2217693355,0.00277123927949071,62,TRUE,"stress_tolerance",0.0526425614829931,"","",TRUE,"classical"
"saddle-disk-rep1-n240-r4","saddle","disk",1,240,4,"geodesic",8,2,"random",1520842.98839083,12014.9598386834,0.00277164022156436,141,TRUE,"stress_tolerance",0.0526463695003211,"","",FALSE,"Gaussian"
"saddle-disk-rep1-n240-r4","saddle","disk",1,240,4,"geodesic",8,3,"random",1537656.77952747,12019.137852297,0.00277260401592848,195,TRUE,"stress_tolerance",0.0526555221788604,"","",FALSE,"Gaussian"
"saddle-disk-rep1-n240-r64","saddle","disk",1,240,64,"ambient",128,1,"supplied",2354.36095247513,2205.40633491889,1.32293928099054e-08,1,TRUE,"stress_tolerance",0.000115019097587864,"","",TRUE,"classical"
"saddle-disk-rep1-n240-r64","saddle","disk",1,240,64,"ambient",128,2,"random",73022960233.5032,402800.269522583,2.41624543517327e-06,257,TRUE,"stress_tolerance",0.00155442768734331,"","",FALSE,"Gaussian"
"saddle-disk-rep1-n240-r64","saddle","disk",1,240,64,"ambient",128,3,"random",74111456065.3539,426553.031518165,2.55872920960721e-06,306,TRUE,"stress_tolerance",0.00159960282870886,"","",FALSE,"Gaussian"
"saddle-disk-rep1-n240-r64","saddle","disk",1,240,64,"ambient",16,1,"supplied",1516920.17864685,284842.396085279,1.69716405247417e-06,57,TRUE,"stress_tolerance",0.0013027524908747,"","",TRUE,"classical"
"saddle-disk-rep1-n240-r64","saddle","disk",1,240,64,"ambient",16,2,"random",73417748525.2049,603767.957798018,3.59740434743342e-06,259,TRUE,"stress_tolerance",0.00189668245825165,"","",FALSE,"Gaussian"
"saddle-disk-rep1-n240-r64","saddle","disk",1,240,64,"ambient",16,3,"random",74499207863.5164,563915.026400174,3.35995036065439e-06,290,TRUE,"stress_tolerance",0.00183301673769242,"","",FALSE,"Gaussian"
"saddle-disk-rep1-n240-r64","saddle","disk",1,240,64,"ambient",239,1,"supplied",2.57218847411899e-19,1.37549579133914e-17,8.2513030037633e-29,1,TRUE,"stress_tolerance",9.0866368473714e-15,"","",TRUE,"classical"
"saddle-disk-rep1-n240-r64","saddle","disk",1,240,64,"ambient",239,2,"random",73020701212.412,402111.963366133,2.41218306305531e-06,257,TRUE,"stress_tolerance",0.00155312042773942,"","",FALSE,"Gaussian"
"saddle-disk-rep1-n240-r64","saddle","disk",1,240,64,"ambient",239,3,"random",74109222511.6278,427320.255029905,2.56340217549078e-06,305,TRUE,"stress_tolerance",0.00160106282684251,"","",FALSE,"Gaussian"
"saddle-disk-rep1-n240-r64","saddle","disk",1,240,64,"ambient",32,1,"supplied",650833.549712202,71072.7086214618,4.2596550619949e-07,38,TRUE,"stress_tolerance",0.000652660329884621,"","",TRUE,"classical"
"saddle-disk-rep1-n240-r64","saddle","disk",1,240,64,"ambient",32,2,"random",73061607577.4038,444187.199440043,2.66218115120037e-06,253,TRUE,"stress_tolerance",0.00163161918081595,"","",FALSE,"Gaussian"
"saddle-disk-rep1-n240-r64","saddle","disk",1,240,64,"ambient",32,3,"random",74150143228.6342,484777.564719365,2.90545449519401e-06,283,TRUE,"stress_tolerance",0.0017045393791873,"","",FALSE,"Gaussian"
"saddle-disk-rep1-n240-r64","saddle","disk",1,240,64,"ambient",4,1,"supplied",14731098.6982948,4307771.92704912,1.98030638463385e-05,234,TRUE,"stress_tolerance",0.00445006335307092,"","",FALSE,"classical"
"saddle-disk-rep1-n240-r64","saddle","disk",1,240,64,"ambient",4,2,"random",94228898154.7643,4082738.02055074,1.87685706341988e-05,353,TRUE,"stress_tolerance",0.00433227084035671,"","",TRUE,"Gaussian"
"saddle-disk-rep1-n240-r64","saddle","disk",1,240,64,"ambient",4,3,"random",95271387532.5198,4357688.18919977,2.00325316415421e-05,343,TRUE,"stress_tolerance",0.00447577162526735,"","",FALSE,"Gaussian"
"saddle-disk-rep1-n240-r64","saddle","disk",1,240,64,"ambient",64,1,"supplied",100588.902862662,23187.2432577368,1.39072068766239e-07,17,TRUE,"stress_tolerance",0.000372923676872163,"","",TRUE,"classical"
"saddle-disk-rep1-n240-r64","saddle","disk",1,240,64,"ambient",64,2,"random",73029946749.285,404392.728745804,2.42546010129678e-06,257,TRUE,"stress_tolerance",0.00155738887285831,"","",FALSE,"Gaussian"
"saddle-disk-rep1-n240-r64","saddle","disk",1,240,64,"ambient",64,3,"random",74118353973.6866,427248.742109008,2.5625455248134e-06,306,TRUE,"stress_tolerance",0.00160079527885974,"","",FALSE,"Gaussian"
"saddle-disk-rep1-n240-r64","saddle","disk",1,240,64,"ambient",8,1,"supplied",4773771.67203985,1178503.61250912,6.53035053882381e-06,182,TRUE,"stress_tolerance",0.00255545505513793,"","",TRUE,"classical"
"saddle-disk-rep1-n240-r64","saddle","disk",1,240,64,"ambient",8,2,"random",78638747162.9322,1329809.98105003,7.36877276752188e-06,286,TRUE,"stress_tolerance",0.00271454835424387,"","",FALSE,"Gaussian"
"saddle-disk-rep1-n240-r64","saddle","disk",1,240,64,"ambient",8,3,"random",79695566005.0703,1378829.26230069,7.64039950360499e-06,279,TRUE,"stress_tolerance",0.00276412725893929,"","",FALSE,"Gaussian"
"saddle-disk-rep1-n240-r64","saddle","disk",1,240,64,"geodesic",128,1,"supplied",1092083807.87875,969996544.124004,0.00444924964407974,16,TRUE,"stress_tolerance",0.0667026959281238,"","",TRUE,"classical"
"saddle-disk-rep1-n240-r64","saddle","disk",1,240,64,"geodesic",128,2,"random",85350937817.3775,970007964.555066,0.00444930202813115,130,TRUE,"stress_tolerance",0.0667030885951404,"","",FALSE,"Gaussian"
"saddle-disk-rep1-n240-r64","saddle","disk",1,240,64,"geodesic",128,3,"random",86641668247.8173,970009124.946634,0.00444930735069833,154,TRUE,"stress_tolerance",0.0667031284925854,"","",FALSE,"Gaussian"
"saddle-disk-rep1-n240-r64","saddle","disk",1,240,64,"geodesic",16,1,"supplied",1092200743.60006,969922802.194897,0.00444537485419347,16,TRUE,"stress_tolerance",0.0666736443746212,"","",TRUE,"classical"
"saddle-disk-rep1-n240-r64","saddle","disk",1,240,64,"geodesic",16,2,"random",85401250807.7362,969934129.11164,0.00444542676800636,130,TRUE,"stress_tolerance",0.0666740336863335,"","",FALSE,"Gaussian"
"saddle-disk-rep1-n240-r64","saddle","disk",1,240,64,"geodesic",16,3,"random",86692736527.4643,969935384.315142,0.00444543252088697,154,TRUE,"stress_tolerance",0.0666740768281568,"","",FALSE,"Gaussian"
"saddle-disk-rep1-n240-r64","saddle","disk",1,240,64,"geodesic",239,1,"supplied",1092079798.17183,969992136.310105,0.00444923157933612,16,TRUE,"stress_tolerance",0.0667025605155913,"","",TRUE,"classical"
"saddle-disk-rep1-n240-r64","saddle","disk",1,240,64,"geodesic",239,2,"random",85350887255.53,970003556.793109,0.00444928396365114,130,TRUE,"stress_tolerance",0.0667029531853813,"","",FALSE,"Gaussian"
"saddle-disk-rep1-n240-r64","saddle","disk",1,240,64,"geodesic",239,3,"random",86641616811.4333,970004716.866281,0.00444928928476045,154,TRUE,"stress_tolerance",0.0667029930719789,"","",FALSE,"Gaussian"
"saddle-disk-rep1-n240-r64","saddle","disk",1,240,64,"geodesic",32,1,"supplied",1092037213.93816,969932441.034409,0.00444861786538804,16,TRUE,"stress_tolerance",0.0666979599792081,"","",TRUE,"classical"
"saddle-disk-rep1-n240-r64","saddle","disk",1,240,64,"geodesic",32,2,"random",85355586612.4098,969943861.815838,0.00444867024706964,130,TRUE,"stress_tolerance",0.0666983526563412,"","",FALSE,"Gaussian"
"saddle-disk-rep1-n240-r64","saddle","disk",1,240,64,"geodesic",32,3,"random",86646324766.7722,969945060.335007,0.00444867574410589,154,TRUE,"stress_tolerance",0.0666983938645141,"","",FALSE,"Gaussian"
"saddle-disk-rep1-n240-r64","saddle","disk",1,240,64,"geodesic",4,1,"supplied",1109238754.80516,981683945.537124,0.00430999799647862,15,TRUE,"stress_tolerance",0.0656505749897029,"","",TRUE,"classical"
"saddle-disk-rep1-n240-r64","saddle","disk",1,240,64,"geodesic",4,2,"random",88372066316.4042,981695441.382912,0.00431004846798988,128,TRUE,"stress_tolerance",0.065650959383621,"","",FALSE,"Gaussian"
"saddle-disk-rep1-n240-r64","saddle","disk",1,240,64,"geodesic",4,3,"random",89600699509.1178,981697325.753708,0.004310056741156,152,TRUE,"stress_tolerance",0.065651022392313,"","",FALSE,"Gaussian"
"saddle-disk-rep1-n240-r64","saddle","disk",1,240,64,"geodesic",64,1,"supplied",1092081647.09866,969998568.392674,0.00444923781042129,16,TRUE,"stress_tolerance",0.066702607223566,"","",TRUE,"classical"
"saddle-disk-rep1-n240-r64","saddle","disk",1,240,64,"geodesic",64,2,"random",85351275475.4529,970009988.536464,0.00444929019290639,130,TRUE,"stress_tolerance",0.0667029998793641,"","",FALSE,"Gaussian"
"saddle-disk-rep1-n240-r64","saddle","disk",1,240,64,"geodesic",64,3,"random",86641992792.4299,970011151.32511,0.00444929552644334,154,TRUE,"stress_tolerance",0.0667030398590904,"","",FALSE,"Gaussian"
"saddle-disk-rep1-n240-r64","saddle","disk",1,240,64,"geodesic",8,1,"supplied",1091778153.81968,968749485.543412,0.00442272446964392,16,TRUE,"stress_tolerance",0.0665035673452475,"","",TRUE,"classical"
"saddle-disk-rep1-n240-r64","saddle","disk",1,240,64,"geodesic",8,2,"random",85655179470.9173,968760429.884231,0.00442277443488743,130,TRUE,"stress_tolerance",0.0665039430025574,"","",FALSE,"Gaussian"
"saddle-disk-rep1-n240-r64","saddle","disk",1,240,64,"geodesic",8,3,"random",86950632278.5604,968762051.961829,0.00442278184031307,154,TRUE,"stress_tolerance",0.0665039986791246,"","",FALSE,"Gaussian"
"saddle-disk-rep1-n240-r8","saddle","disk",1,240,8,"ambient",128,1,"supplied",325.361122860621,73.566981531389,1.72877860822946e-06,28,TRUE,"stress_tolerance",0.00131483025833572,"","",TRUE,"classical"
"saddle-disk-rep1-n240-r8","saddle","disk",1,240,8,"ambient",128,2,"random",17323062.901655,102.803048386823,2.4158081140802e-06,552,TRUE,"stress_tolerance",0.00155428701148992,"","",FALSE,"Gaussian"
"saddle-disk-rep1-n240-r8","saddle","disk",1,240,8,"ambient",128,3,"random",17569791.3765805,104.449477590425,2.45449818302012e-06,503,TRUE,"stress_tolerance",0.00156668381718397,"","",FALSE,"Gaussian"
"saddle-disk-rep1-n240-r8","saddle","disk",1,240,8,"ambient",16,1,"supplied",71252.6033887862,35168.1994388243,0.000781860943459477,95,TRUE,"stress_tolerance",0.0279617764718103,"","",TRUE,"classical"
"saddle-disk-rep1-n240-r8","saddle","disk",1,240,8,"ambient",16,2,"random",17592466.0274517,35239.0431149621,0.000783435943156562,369,TRUE,"stress_tolerance",0.0279899257440347,"","",FALSE,"Gaussian"
"saddle-disk-rep1-n240-r8","saddle","disk",1,240,8,"ambient",16,3,"random",17832479.1228453,35243.5845063163,0.000783536907567179,454,TRUE,"stress_tolerance",0.0279917292707541,"","",FALSE,"Gaussian"
"saddle-disk-rep1-n240-r8","saddle","disk",1,240,8,"ambient",239,1,"supplied",1.03699047691622e-23,2.99356270121875e-21,7.04665671305298e-29,1,TRUE,"stress_tolerance",8.40149303488468e-15,"","",TRUE,"classical"
"saddle-disk-rep1-n240-r8","saddle","disk",1,240,8,"ambient",239,2,"random",17288583.8311233,39.943438380019,9.40243202817789e-07,532,TRUE,"stress_tolerance",0.000969661385651654,"","",FALSE,"Gaussian"
"saddle-disk-rep1-n240-r8","saddle","disk",1,240,8,"ambient",239,3,"random",17535866.9021732,40.2616011459292,9.47732552512494e-07,486,TRUE,"stress_tolerance",0.000973515563572885,"","",FALSE,"Gaussian"
"saddle-disk-rep1-n240-r8","saddle","disk",1,240,8,"ambient",32,1,"supplied",36412.9440890818,12630.7932806159,0.000289856509150559,81,TRUE,"stress_tolerance",0.0170251728082438,"","",TRUE,"classical"
"saddle-disk-rep1-n240-r8","saddle","disk",1,240,8,"ambient",32,2,"random",17517376.1970933,12663.3818127573,0.000290604363854139,353,TRUE,"stress_tolerance",0.0170471218642369,"","",FALSE,"Gaussian"
"saddle-disk-rep1-n240-r8","saddle","disk",1,240,8,"ambient",32,3,"random",17763847.8712881,12749.6646651901,0.000292584417351182,611,TRUE,"stress_tolerance",0.0171050991622729,"","",FALSE,"Gaussian"
"saddle-disk-rep1-n240-r8","saddle","disk",1,240,8,"ambient",4,1,"supplied",313998.888436529,251000.773236649,0.0035820060607349,40,TRUE,"stress_tolerance",0.0598498626626236,"","",TRUE,"classical"
"saddle-disk-rep1-n240-r8","saddle","disk",1,240,8,"ambient",4,2,"random",26177943.0759126,251020.342157798,0.00358228532678359,148,TRUE,"stress_tolerance",0.0598521956722027,"","",FALSE,"Gaussian"
"saddle-disk-rep1-n240-r8","saddle","disk",1,240,8,"ambient",4,3,"random",26347249.6434952,251003.247965355,0.00358204137733217,153,TRUE,"stress_tolerance",0.0598501577051573,"","",FALSE,"Gaussian"
"saddle-disk-rep1-n240-r8","saddle","disk",1,240,8,"ambient",64,1,"supplied",8232.30558274667,1722.76110666864,4.020069782425e-05,46,TRUE,"stress_tolerance",0.00634040202386692,"","",TRUE,"classical"
"saddle-disk-rep1-n240-r8","saddle","disk",1,240,8,"ambient",64,2,"random",17407984.4794844,1746.61653174069,4.07573651016098e-05,501,TRUE,"stress_tolerance",0.00638414952061866,"","",FALSE,"Gaussian"
"saddle-disk-rep1-n240-r8","saddle","disk",1,240,8,"ambient",64,3,"random",17652836.9608566,1734.671211002,4.0478620574832e-05,579,TRUE,"stress_tolerance",0.00636228108266505,"","",FALSE,"Gaussian"
"saddle-disk-rep1-n240-r8","saddle","disk",1,240,8,"ambient",8,1,"supplied",247264.64314269,195034.904124002,0.00336713817987087,38,TRUE,"stress_tolerance",0.0580270469683827,"","",FALSE,"classical"
"saddle-disk-rep1-n240-r8","saddle","disk",1,240,8,"ambient",8,2,"random",21668856.8140492,195037.952458198,0.00336719080718136,154,TRUE,"stress_tolerance",0.0580275004388554,"","",FALSE,"Gaussian"
"saddle-disk-rep1-n240-r8","saddle","disk",1,240,8,"ambient",8,3,"random",21880679.6502574,195030.595349839,0.0033670637919655,160,TRUE,"stress_tolerance",0.0580264059887001,"","",TRUE,"Gaussian"
"saddle-disk-rep1-n240-r8","saddle","disk",1,240,8,"geodesic",128,1,"supplied",239354.894972091,197306.786965016,0.00352006756606313,23,TRUE,"stress_tolerance",0.0593301573069141,"","",TRUE,"classical"
"saddle-disk-rep1-n240-r8","saddle","disk",1,240,8,"geodesic",128,2,"random",21084251.5648594,197309.07400058,0.00352010836810465,129,TRUE,"stress_tolerance",0.0593305011617521,"","",FALSE,"Gaussian"
"saddle-disk-rep1-n240-r8","saddle","disk",1,240,8,"geodesic",128,3,"random",21391584.701315,197309.211963903,0.00352011082945037,149,TRUE,"stress_tolerance",0.0593305219044161,"","",FALSE,"Gaussian"
"saddle-disk-rep1-n240-r8","saddle","disk",1,240,8,"geodesic",16,1,"supplied",241380.439510817,198337.385064827,0.00348418895256026,22,TRUE,"stress_tolerance",0.0590270188351084,"","",TRUE,"classical"
"saddle-disk-rep1-n240-r8","saddle","disk",1,240,8,"geodesic",16,2,"random",21356886.2860417,198338.804514176,0.00348421388799913,129,TRUE,"stress_tolerance",0.0590272300552818,"","",FALSE,"Gaussian"
"saddle-disk-rep1-n240-r8","saddle","disk",1,240,8,"geodesic",16,3,"random",21665168.4886444,198338.919708168,0.00348421591160972,153,TRUE,"stress_tolerance",0.05902724719661,"","",FALSE,"Gaussian"
"saddle-disk-rep1-n240-r8","saddle","disk",1,240,8,"geodesic",239,1,"supplied",239308.37373434,197254.327821931,0.0035192226432496,23,TRUE,"stress_tolerance",0.0593230363623579,"","",TRUE,"classical"
"saddle-disk-rep1-n240-r8","saddle","disk",1,240,8,"geodesic",239,2,"random",21083580.7665544,197256.616747113,0.00351926348005871,129,TRUE,"stress_tolerance",0.0593233805515052,"","",FALSE,"Gaussian"
"saddle-disk-rep1-n240-r8","saddle","disk",1,240,8,"geodesic",239,3,"random",21390898.0881631,197256.752884317,0.00351926590888821,149,TRUE,"stress_tolerance",0.0593234010226001,"","",FALSE,"Gaussian"
"saddle-disk-rep1-n240-r8","saddle","disk",1,240,8,"geodesic",32,1,"supplied",239592.10519971,197503.763127475,0.0035167001867465,23,TRUE,"stress_tolerance",0.0593017722057829,"","",TRUE,"classical"
"saddle-disk-rep1-n240-r8","saddle","disk",1,240,8,"geodesic",32,2,"random",21119245.5050393,197505.605081935,0.00351673298410434,130,TRUE,"stress_tolerance",0.0593020487344611,"","",FALSE,"Gaussian"
"saddle-disk-rep1-n240-r8","saddle","disk",1,240,8,"geodesic",32,3,"random",21426175.3534366,197505.645339667,0.00351673370092297,150,TRUE,"stress_tolerance",0.0593020547782538,"","",FALSE,"Gaussian"
"saddle-disk-rep1-n240-r8","saddle","disk",1,240,8,"geodesic",4,1,"supplied",317470.777124358,259899.469816237,0.00360706079595497,116,TRUE,"stress_tolerance",0.0600588111433699,"","",FALSE,"classical"
"saddle-disk-rep1-n240-r8","saddle","disk",1,240,8,"geodesic",4,2,"random",26993783.8599376,259895.926521147,0.00360701161970688,131,TRUE,"stress_tolerance",0.060058401741196,"","",FALSE,"Gaussian"
"saddle-disk-rep1-n240-r8","saddle","disk",1,240,8,"geodesic",4,3,"random",27269379.491359,259886.319699366,0.00360687828973031,153,TRUE,"stress_tolerance",0.0600572917282347,"","",TRUE,"Gaussian"
"saddle-disk-rep1-n240-r8","saddle","disk",1,240,8,"geodesic",64,1,"supplied",239351.709737998,197345.753589388,0.00352007576595638,23,TRUE,"stress_tolerance",0.0593302264107964,"","",TRUE,"classical"
"saddle-disk-rep1-n240-r8","saddle","disk",1,240,8,"geodesic",64,2,"random",21087571.0704465,197348.056780634,0.0035201168482069,129,TRUE,"stress_tolerance",0.0593305726266561,"","",FALSE,"Gaussian"
"saddle-disk-rep1-n240-r8","saddle","disk",1,240,8,"geodesic",64,3,"random",21394789.3478257,197348.216111499,0.00352011969020733,149,TRUE,"stress_tolerance",0.0593305965772074,"","",FALSE,"Gaussian"
"saddle-disk-rep1-n240-r8","saddle","disk",1,240,8,"geodesic",8,1,"supplied",260103.422588813,213683.451175078,0.00351669819987936,24,TRUE,"stress_tolerance",0.0593017554536067,"","",FALSE,"classical"
"saddle-disk-rep1-n240-r8","saddle","disk",1,240,8,"geodesic",8,2,"random",22751047.0581417,213681.521072038,0.00351666643518328,129,TRUE,"stress_tolerance",0.0593014876304406,"","",FALSE,"Gaussian"
"saddle-disk-rep1-n240-r8","saddle","disk",1,240,8,"geodesic",8,3,"random",23061391.771968,213681.051415476,0.00351665870580426,149,TRUE,"stress_tolerance",0.0593014224602096,"","",TRUE,"Gaussian"
"saddle-disk-rep1-n480-r64","saddle","disk",1,480,64,"ambient",128,1,"supplied",370143.041700823,95626.6668103921,1.39630831396791e-07,16,TRUE,"stress_tolerance",0.000373672090746155,"","",TRUE,"classical"
"saddle-disk-rep1-n480-r64","saddle","disk",1,480,64,"ambient",128,2,"random",308018645947.944,1855548.18023673,2.70940882648333e-06,315,TRUE,"stress_tolerance",0.00164602819735556,"","",FALSE,"Gaussian"
"saddle-disk-rep1-n480-r64","saddle","disk",1,480,64,"ambient",128,3,"random",314661519212.055,1885065.69360505,2.75250930326305e-06,241,TRUE,"stress_tolerance",0.00165906880606843,"","",FALSE,"Gaussian"
"saddle-disk-rep1-n480-r64","saddle","disk",1,480,64,"ambient",16,1,"supplied",13544342.3728867,3591625.63336777,5.14113849785063e-06,62,TRUE,"stress_tolerance",0.00226740788078738,"","",TRUE,"classical"
"saddle-disk-rep1-n480-r64","saddle","disk",1,480,64,"ambient",16,2,"random",312985818875.29,4502400.58922952,6.44484346781112e-06,373,TRUE,"stress_tolerance",0.00253866962557506,"","",FALSE,"Gaussian"
"saddle-disk-rep1-n480-r64","saddle","disk",1,480,64,"ambient",16,3,"random",319717807900.438,4851701.20268017,6.94484068757985e-06,343,TRUE,"stress_tolerance",0.00263530656425128,"","",FALSE,"Gaussian"
"saddle-disk-rep1-n480-r64","saddle","disk",1,480,64,"ambient",479,1,"supplied",4.2959816576649e-19,1.87702932362956e-16,2.74114202748764e-28,1,TRUE,"stress_tolerance",1.70376084826347e-14,"","",TRUE,"classical"
"saddle-disk-rep1-n480-r64","saddle","disk",1,480,64,"ambient",479,2,"random",307989100119.289,1870271.58315698,2.73127328106634e-06,312,TRUE,"stress_tolerance",0.00165265643164953,"","",FALSE,"Gaussian"
"saddle-disk-rep1-n480-r64","saddle","disk",1,480,64,"ambient",479,3,"random",314631839232.306,1859694.10002218,2.71582632816004e-06,241,TRUE,"stress_tolerance",0.00164797643434796,"","",FALSE,"Gaussian"
"saddle-disk-rep1-n480-r64","saddle","disk",1,480,64,"ambient",64,1,"supplied",2458742.91138458,242785.003646084,3.54372521198041e-07,37,TRUE,"stress_tolerance",0.000595291962992651,"","",TRUE,"classical"
"saddle-disk-rep1-n480-r64","saddle","disk",1,480,64,"ambient",64,2,"random",308063051486.539,1886841.68469282,2.75406155596357e-06,323,TRUE,"stress_tolerance",0.00165953654854895,"","",FALSE,"Gaussian"
"saddle-disk-rep1-n480-r64","saddle","disk",1,480,64,"ambient",64,3,"random",314706351659.723,2071515.27638321,3.02361381538327e-06,239,TRUE,"stress_tolerance",0.00173885416737273,"","",FALSE,"Gaussian"
"saddle-disk-rep1-n480-r64","saddle","disk",1,480,64,"ambient",8,1,"supplied",30826166.6128958,10306259.4380547,1.34934697375979e-05,249,TRUE,"stress_tolerance",0.00367334585052976,"","",FALSE,"classical"
"saddle-disk-rep1-n480-r64","saddle","disk",1,480,64,"ambient",8,2,"random",340491626967.053,10263824.9194688,1.34379123459166e-05,363,TRUE,"stress_tolerance",0.00366577581773935,"","",TRUE,"Gaussian"
"saddle-disk-rep1-n480-r64","saddle","disk",1,480,64,"ambient",8,3,"random",347561493211.194,11490453.8572149,1.50438762312837e-05,516,TRUE,"stress_tolerance",0.00387864360715051,"","",FALSE,"Gaussian"
"saddle-disk-rep1-n480-r64","saddle","disk",1,480,64,"geodesic",128,1,"supplied",4346013932.76403,3896585258.41921,0.00434716387032035,15,TRUE,"stress_tolerance",0.065933025642088,"","",TRUE,"classical"
"saddle-disk-rep1-n480-r64","saddle","disk",1,480,64,"geodesic",128,2,"random",359871368699.229,3896628924.61986,0.00434721258582822,131,TRUE,"stress_tolerance",0.0659333950728171,"","",FALSE,"Gaussian"
"saddle-disk-rep1-n480-r64","saddle","disk",1,480,64,"geodesic",128,3,"random",369090296569.11,3896631006.21818,0.00434721490813054,126,TRUE,"stress_tolerance",0.0659334126837865,"","",FALSE,"Gaussian"
"saddle-disk-rep1-n480-r64","saddle","disk",1,480,64,"geodesic",16,1,"supplied",4343337752.2208,3891734792.69112,0.00433282362939372,15,TRUE,"stress_tolerance",0.0658241872672477,"","",TRUE,"classical"
"saddle-disk-rep1-n480-r64","saddle","disk",1,480,64,"geodesic",16,2,"random",360409921813.367,3891778260.9463,0.00433287202433664,131,TRUE,"stress_tolerance",0.0658245548738211,"","",FALSE,"Gaussian"
"saddle-disk-rep1-n480-r64","saddle","disk",1,480,64,"geodesic",16,3,"random",369646198751.073,3891780011.82125,0.00433287397365559,126,TRUE,"stress_tolerance",0.0658245696807482,"","",FALSE,"Gaussian"
"saddle-disk-rep1-n480-r64","saddle","disk",1,480,64,"geodesic",479,1,"supplied",4345997701.39816,3896562168.13817,0.00434714918717547,15,TRUE,"stress_tolerance",0.0659329142930559,"","",TRUE,"classical"
"saddle-disk-rep1-n480-r64","saddle","disk",1,480,64,"geodesic",479,2,"random",359870613215.923,3896605831.39911,0.00434719789952782,131,TRUE,"stress_tolerance",0.0659332837004785,"","",FALSE,"Gaussian"
"saddle-disk-rep1-n480-r64","saddle","disk",1,480,64,"geodesic",479,3,"random",369089518487.393,3896607909.69554,0.00434720021815236,126,TRUE,"stress_tolerance",0.0659333012835876,"","",FALSE,"Gaussian"
"saddle-disk-rep1-n480-r64","saddle","disk",1,480,64,"geodesic",64,1,"supplied",4346030977.40824,3896612303.56925,0.00434709220624345,15,TRUE,"stress_tolerance",0.0659324821786907,"","",TRUE,"classical"
"saddle-disk-rep1-n480-r64","saddle","disk",1,480,64,"geodesic",64,2,"random",359877971610.937,3896655918.88755,0.00434714086384536,131,TRUE,"stress_tolerance",0.0659328511733363,"","",FALSE,"Gaussian"
"saddle-disk-rep1-n480-r64","saddle","disk",1,480,64,"geodesic",64,3,"random",369096837838.089,3896658061.52825,0.00434714325419266,126,TRUE,"stress_tolerance",0.065932869300468,"","",FALSE,"Gaussian"
"saddle-disk-rep1-n480-r64","saddle","disk",1,480,64,"geodesic",8,1,"supplied",4380514516.00575,3916531091.37067,0.0042845016619861,15,TRUE,"stress_tolerance",0.0654561048488689,"","",TRUE,"classical"
"saddle-disk-rep1-n480-r64","saddle","disk",1,480,64,"geodesic",8,2,"random",365693210208.856,3916584288.37662,0.0042845598570202,130,TRUE,"stress_tolerance",0.0654565493821684,"","",FALSE,"Gaussian"
"saddle-disk-rep1-n480-r64","saddle","disk",1,480,64,"geodesic",8,3,"random",375067911330.194,3916578356.16334,0.00428455336745659,126,TRUE,"stress_tolerance",0.0654564998106118,"","",FALSE,"Gaussian"
"saddle-disk-rep2-n240-r1","saddle","disk",2,240,1,"ambient",128,1,"supplied",18.3228803523006,14.7791799862405,0.000370349331497141,38,TRUE,"stress_tolerance",0.0192444623592644,"","",TRUE,"classical"
"saddle-disk-rep2-n240-r1","saddle","disk",2,240,1,"ambient",128,2,"random",11841.5807622266,14.7797260898955,0.000370363016229568,209,TRUE,"stress_tolerance",0.0192448179058563,"","",FALSE,"Gaussian"
"saddle-disk-rep2-n240-r1","saddle","disk",2,240,1,"ambient",128,3,"random",12114.4829368523,14.7798320031887,0.000370365670295446,184,TRUE,"stress_tolerance",0.0192448868610716,"","",FALSE,"Gaussian"
"saddle-disk-rep2-n240-r1","saddle","disk",2,240,1,"ambient",16,1,"supplied",55.3998211277179,36.1845010757805,0.000802638521822833,53,TRUE,"stress_tolerance",0.0283308757687236,"","",TRUE,"classical"
"saddle-disk-rep2-n240-r1","saddle","disk",2,240,1,"ambient",16,2,"random",13708.5662848827,36.2002320121418,0.000802987462809514,637,TRUE,"stress_tolerance",0.0283370334158239,"","",FALSE,"Gaussian"
"saddle-disk-rep2-n240-r1","saddle","disk",2,240,1,"ambient",16,3,"random",14014.005336451,36.2005747953186,0.000802995066368335,610,TRUE,"stress_tolerance",0.0283371675784357,"","",FALSE,"Gaussian"
"saddle-disk-rep2-n240-r1","saddle","disk",2,240,1,"ambient",239,1,"supplied",5.7727399471686e-27,1.91608497277073e-24,5.06042696173464e-29,1,TRUE,"stress_tolerance",7.10241743406737e-15,"","",TRUE,"classical"
"saddle-disk-rep2-n240-r1","saddle","disk",2,240,1,"ambient",239,2,"random",10890.1147940872,0.00207987563124121,5.49300206982378e-08,146,TRUE,"stress_tolerance",0.000234371544140969,"","",FALSE,"Gaussian"
"saddle-disk-rep2-n240-r1","saddle","disk",2,240,1,"ambient",239,3,"random",11158.496236232,0.00224137146698135,5.91951649533255e-08,126,TRUE,"stress_tolerance",0.000243300565058796,"","",FALSE,"Gaussian"
"saddle-disk-rep2-n240-r1","saddle","disk",2,240,1,"ambient",32,1,"supplied",46.5693264875561,29.5360934162966,0.00067752771849303,46,TRUE,"stress_tolerance",0.0260293626217207,"","",TRUE,"classical"
"saddle-disk-rep2-n240-r1","saddle","disk",2,240,1,"ambient",32,2,"random",13275.6796624422,29.55100920577,0.000677869871419927,552,TRUE,"stress_tolerance",0.0260359342336692,"","",FALSE,"Gaussian"
"saddle-disk-rep2-n240-r1","saddle","disk",2,240,1,"ambient",32,3,"random",13576.7269346866,29.5511720382423,0.000677873606629991,598,TRUE,"stress_tolerance",0.0260360059653936,"","",FALSE,"Gaussian"
"saddle-disk-rep2-n240-r1","saddle","disk",2,240,1,"ambient",4,1,"supplied",216.337402337224,136.934491661331,0.00220719436450211,243,TRUE,"stress_tolerance",0.0469807871847858,"","",TRUE,"classical"
"saddle-disk-rep2-n240-r1","saddle","disk",2,240,1,"ambient",4,2,"random",18884.6999758578,137.019983458841,0.00220857237388007,491,TRUE,"stress_tolerance",0.0469954505657736,"","",FALSE,"Gaussian"
"saddle-disk-rep2-n240-r1","saddle","disk",2,240,1,"ambient",4,3,"random",19233.1926372144,136.93591552872,0.0022072173152725,553,TRUE,"stress_tolerance",0.0469810314411308,"","",FALSE,"Gaussian"
"saddle-disk-rep2-n240-r1","saddle","disk",2,240,1,"ambient",64,1,"supplied",37.8159843466398,24.6495718531769,0.000577660730013776,44,TRUE,"stress_tolerance",0.0240345736391097,"","",TRUE,"classical"
"saddle-disk-rep2-n240-r1","saddle","disk",2,240,1,"ambient",64,2,"random",12977.585444587,24.6579361236924,0.000577856746019279,421,TRUE,"stress_tolerance",0.0240386510856845,"","",FALSE,"Gaussian"
"saddle-disk-rep2-n240-r1","saddle","disk",2,240,1,"ambient",64,3,"random",13271.4412872638,24.6578560366499,0.000577854869185892,498,TRUE,"stress_tolerance",0.0240386120478262,"","",FALSE,"Gaussian"
"saddle-disk-rep2-n240-r1","saddle","disk",2,240,1,"ambient",8,1,"supplied",76.0065118326186,49.919060376832,0.00101414363202126,118,TRUE,"stress_tolerance",0.0318456218658277,"","",TRUE,"classical"
"saddle-disk-rep2-n240-r1","saddle","disk",2,240,1,"ambient",8,2,"random",14981.6322567017,49.9196338783133,0.00101415528313951,921,TRUE,"stress_tolerance",0.0318458047965429,"","",FALSE,"Gaussian"
"saddle-disk-rep2-n240-r1","saddle","disk",2,240,1,"ambient",8,3,"random",15295.068313495,51.217937723166,0.00104053131198995,1000,FALSE,"iteration_limit",0.0322572675841938,"Iteration limit reached! You may want to increase the itmax argument!","",FALSE,"Gaussian"
"saddle-disk-rep2-n240-r1","saddle","disk",2,240,1,"geodesic",128,1,"supplied",50.196600210736,31.1520585326508,0.00071584751537527,49,TRUE,"stress_tolerance",0.02675532685981,"","",TRUE,"classical"
"saddle-disk-rep2-n240-r1","saddle","disk",2,240,1,"geodesic",128,2,"random",13257.1969298435,31.1747011867461,0.000716367824094473,657,TRUE,"stress_tolerance",0.0267650485539347,"","",FALSE,"Gaussian"
"saddle-disk-rep2-n240-r1","saddle","disk",2,240,1,"geodesic",128,3,"random",13557.4072583492,31.1747809241225,0.000716369656390811,727,TRUE,"stress_tolerance",0.0267650827831863,"","",FALSE,"Gaussian"
"saddle-disk-rep2-n240-r1","saddle","disk",2,240,1,"geodesic",16,1,"supplied",57.8756502734848,37.4706438403402,0.000828402465040273,57,TRUE,"stress_tolerance",0.0287819816037789,"","",TRUE,"classical"
"saddle-disk-rep2-n240-r1","saddle","disk",2,240,1,"geodesic",16,2,"random",13754.1711185247,37.4859310961279,0.000828740436291373,674,TRUE,"stress_tolerance",0.0287878522347771,"","",FALSE,"Gaussian"
"saddle-disk-rep2-n240-r1","saddle","disk",2,240,1,"geodesic",16,3,"random",14062.89371431,37.4861740200047,0.000828745806861977,652,TRUE,"stress_tolerance",0.0287879455130438,"","",FALSE,"Gaussian"
"saddle-disk-rep2-n240-r1","saddle","disk",2,240,1,"geodesic",239,1,"supplied",50.2315145511484,31.1463734421749,0.00071587047613103,49,TRUE,"stress_tolerance",0.0267557559439279,"","",TRUE,"classical"
"saddle-disk-rep2-n240-r1","saddle","disk",2,240,1,"geodesic",239,2,"random",13253.2627139363,31.1692146045708,0.000716395459042126,658,TRUE,"stress_tolerance",0.0267655647996101,"","",FALSE,"Gaussian"
"saddle-disk-rep2-n240-r1","saddle","disk",2,240,1,"geodesic",239,3,"random",13553.4689136045,31.1693658207324,0.000716398934605206,727,TRUE,"stress_tolerance",0.0267656297255495,"","",FALSE,"Gaussian"
"saddle-disk-rep2-n240-r1","saddle","disk",2,240,1,"geodesic",32,1,"supplied",51.5686426223092,32.2489089743152,0.000734168966109284,49,TRUE,"stress_tolerance",0.0270955525152983,"","",TRUE,"classical"
"saddle-disk-rep2-n240-r1","saddle","disk",2,240,1,"geodesic",32,2,"random",13379.7319278302,32.2725524397704,0.000734707226135456,669,TRUE,"stress_tolerance",0.0271054833222996,"","",FALSE,"Gaussian"
"saddle-disk-rep2-n240-r1","saddle","disk",2,240,1,"geodesic",32,3,"random",13681.0627323539,32.2722211343606,0.000734699683736103,716,TRUE,"stress_tolerance",0.027105344191434,"","",FALSE,"Gaussian"
"saddle-disk-rep2-n240-r1","saddle","disk",2,240,1,"geodesic",4,1,"supplied",216.669498749566,137.128343483713,0.00220779329706253,243,TRUE,"stress_tolerance",0.0469871609810866,"","",TRUE,"classical"
"saddle-disk-rep2-n240-r1","saddle","disk",2,240,1,"geodesic",4,2,"random",18905.6024611257,137.181106000681,0.00220864278396174,487,TRUE,"stress_tolerance",0.0469961996757372,"","",FALSE,"Gaussian"
"saddle-disk-rep2-n240-r1","saddle","disk",2,240,1,"geodesic",4,3,"random",19254.413755744,137.130167090892,0.00220782265749675,552,TRUE,"stress_tolerance",0.0469874734104393,"","",FALSE,"Gaussian"
"saddle-disk-rep2-n240-r1","saddle","disk",2,240,1,"geodesic",64,1,"supplied",50.2278997069571,31.2253422630958,0.000716395625338638,49,TRUE,"stress_tolerance",0.0267655679061483,"","",TRUE,"classical"
"saddle-disk-rep2-n240-r1","saddle","disk",2,240,1,"geodesic",64,2,"random",13279.2741267718,31.2489424174968,0.000716937078086464,665,TRUE,"stress_tolerance",0.0267756807212529,"","",FALSE,"Gaussian"
"saddle-disk-rep2-n240-r1","saddle","disk",2,240,1,"geodesic",64,3,"random",13579.8208056638,31.2491052885762,0.00071694081479903,734,TRUE,"stress_tolerance",0.0267757504992676,"","",FALSE,"Gaussian"
"saddle-disk-rep2-n240-r1","saddle","disk",2,240,1,"geodesic",8,1,"supplied",76.5480481132064,50.2294775574192,0.0010186274446849,128,TRUE,"stress_tolerance",0.0319159434246413,"","",TRUE,"classical"
"saddle-disk-rep2-n240-r1","saddle","disk",2,240,1,"geodesic",8,2,"random",15007.1791001947,50.229934463656,0.0010186367105036,929,TRUE,"stress_tolerance",0.0319160885840293,"","",FALSE,"Gaussian"
"saddle-disk-rep2-n240-r1","saddle","disk",2,240,1,"geodesic",8,3,"random",15321.1221561272,50.6875598461817,0.0010279171131017,1000,FALSE,"iteration_limit",0.0320611464720595,"Iteration limit reached! You may want to increase the itmax argument!","",FALSE,"Gaussian"
"saddle-disk-rep2-n240-r16","saddle","disk",2,240,16,"ambient",128,1,"supplied",743.381209108844,156.848786619462,2.74003791818841e-07,20,TRUE,"stress_tolerance",0.000523453715073059,"","",TRUE,"classical"
"saddle-disk-rep2-n240-r16","saddle","disk",2,240,16,"ambient",128,2,"random",256019309.621528,5025.35333766912,8.77893861615598e-06,1000,FALSE,"iteration_limit",0.00296292737275321,"Iteration limit reached! You may want to increase the itmax argument!","",FALSE,"Gaussian"
"saddle-disk-rep2-n240-r16","saddle","disk",2,240,16,"ambient",128,3,"random",263087508.500066,3134.58182959283,5.47589385666502e-06,726,TRUE,"stress_tolerance",0.00234006278904461,"","",FALSE,"Gaussian"
"saddle-disk-rep2-n240-r16","saddle","disk",2,240,16,"ambient",16,1,"supplied",266463.460194788,90473.2270451566,0.000150653013421738,258,TRUE,"stress_tolerance",0.0122740789235586,"","",TRUE,"classical"
"saddle-disk-rep2-n240-r16","saddle","disk",2,240,16,"ambient",16,2,"random",264802736.989724,93898.4812004828,0.000156356632902203,824,TRUE,"stress_tolerance",0.0125042645886198,"","",FALSE,"Gaussian"
"saddle-disk-rep2-n240-r16","saddle","disk",2,240,16,"ambient",16,3,"random",272041339.945753,90479.0683353975,0.000150662740144282,535,TRUE,"stress_tolerance",0.012274475147406,"","",FALSE,"Gaussian"
"saddle-disk-rep2-n240-r16","saddle","disk",2,240,16,"ambient",239,1,"supplied",8.72032215686399e-22,4.15456988861402e-20,7.26159282089252e-29,1,TRUE,"stress_tolerance",8.51828688085839e-15,"","",TRUE,"classical"
"saddle-disk-rep2-n240-r16","saddle","disk",2,240,16,"ambient",239,2,"random",255874700.110261,4791.49418431234,8.3748452193587e-06,1000,FALSE,"iteration_limit",0.00289393248355622,"Iteration limit reached! You may want to increase the itmax argument!","",FALSE,"Gaussian"
"saddle-disk-rep2-n240-r16","saddle","disk",2,240,16,"ambient",239,3,"random",262939944.145754,3126.61082934045,5.46486769046448e-06,721,TRUE,"stress_tolerance",0.00233770564666957,"","",FALSE,"Gaussian"
"saddle-disk-rep2-n240-r16","saddle","disk",2,240,16,"ambient",32,1,"supplied",120850.8836104,27689.842607255,4.77583137884948e-05,72,TRUE,"stress_tolerance",0.0069107390189835,"","",TRUE,"classical"
"saddle-disk-rep2-n240-r16","saddle","disk",2,240,16,"ambient",32,2,"random",257901538.53052,32711.0029737122,5.64186068701458e-05,1000,FALSE,"iteration_limit",0.00751123204741922,"Iteration limit reached! You may want to increase the itmax argument!","",FALSE,"Gaussian"
"saddle-disk-rep2-n240-r16","saddle","disk",2,240,16,"ambient",32,3,"random",264965186.869287,30388.1998181655,5.2412330505742e-05,857,TRUE,"stress_tolerance",0.00723963607550466,"","",FALSE,"Gaussian"
"saddle-disk-rep2-n240-r16","saddle","disk",2,240,16,"ambient",4,1,"supplied",5781514.95168283,2345612.34084081,0.00288067443919353,291,TRUE,"stress_tolerance",0.0536719148083381,"","",TRUE,"classical"
"saddle-disk-rep2-n240-r16","saddle","disk",2,240,16,"ambient",4,2,"random",332225735.409948,2347407.72903981,0.00288287937681398,236,TRUE,"stress_tolerance",0.0536924517675805,"","",FALSE,"Gaussian"
"saddle-disk-rep2-n240-r16","saddle","disk",2,240,16,"ambient",4,3,"random",338649590.1654,2345777.86505923,0.00288087772145666,185,TRUE,"stress_tolerance",0.0536738085238662,"","",FALSE,"Gaussian"
"saddle-disk-rep2-n240-r16","saddle","disk",2,240,16,"ambient",64,1,"supplied",22361.2137488513,3029.87907539079,5.2787478356255e-06,41,TRUE,"stress_tolerance",0.00229755257516156,"","",TRUE,"classical"
"saddle-disk-rep2-n240-r16","saddle","disk",2,240,16,"ambient",64,2,"random",256446971.459487,8123.78301905276,1.4153502817067e-05,1000,FALSE,"iteration_limit",0.00376211414195294,"Iteration limit reached! You may want to increase the itmax argument!","",FALSE,"Gaussian"
"saddle-disk-rep2-n240-r16","saddle","disk",2,240,16,"ambient",64,3,"random",263525947.046707,5651.65508352283,9.84648604697205e-06,755,TRUE,"stress_tolerance",0.00313791109609218,"","",FALSE,"Gaussian"
"saddle-disk-rep2-n240-r16","saddle","disk",2,240,16,"ambient",8,1,"supplied",451419.503343598,186336.508602609,0.000287795415089499,361,TRUE,"stress_tolerance",0.0169645340369107,"","",TRUE,"classical"
"saddle-disk-rep2-n240-r16","saddle","disk",2,240,16,"ambient",8,2,"random",280133732.333393,199237.477334563,0.000307720869736647,1000,FALSE,"iteration_limit",0.0175419745107753,"Iteration limit reached! You may want to increase the itmax argument!","",FALSE,"Gaussian"
"saddle-disk-rep2-n240-r16","saddle","disk",2,240,16,"ambient",8,3,"random",287859954.463029,188369.318484051,0.000290935075524349,699,TRUE,"stress_tolerance",0.0170568190329954,"","",FALSE,"Gaussian"
"saddle-disk-rep2-n240-r16","saddle","disk",2,240,16,"geodesic",128,1,"supplied",3497853.07328386,2999452.64592109,0.00399440142159602,28,TRUE,"stress_tolerance",0.0632012770566866,"","",TRUE,"classical"
"saddle-disk-rep2-n240-r16","saddle","disk",2,240,16,"geodesic",128,2,"random",308250193.215869,2999485.1742806,0.00399444473994133,159,TRUE,"stress_tolerance",0.0632016197572604,"","",FALSE,"Gaussian"
"saddle-disk-rep2-n240-r16","saddle","disk",2,240,16,"geodesic",128,3,"random",318272817.336719,2999480.14247224,0.00399443803903126,134,TRUE,"stress_tolerance",0.0632015667450679,"","",FALSE,"Gaussian"
"saddle-disk-rep2-n240-r16","saddle","disk",2,240,16,"geodesic",16,1,"supplied",3531364.33236508,3021408.87120581,0.00396141728486502,32,TRUE,"stress_tolerance",0.0629397909502805,"","",TRUE,"classical"
"saddle-disk-rep2-n240-r16","saddle","disk",2,240,16,"geodesic",16,2,"random",312359442.135236,3021428.61611001,0.00396144317272334,159,TRUE,"stress_tolerance",0.0629399966056827,"","",FALSE,"Gaussian"
"saddle-disk-rep2-n240-r16","saddle","disk",2,240,16,"geodesic",16,3,"random",322398257.701074,3021576.67990505,0.00396163730152283,135,TRUE,"stress_tolerance",0.0629415387603674,"","",FALSE,"Gaussian"
"saddle-disk-rep2-n240-r16","saddle","disk",2,240,16,"geodesic",239,1,"supplied",3497652.51956193,2999210.17108968,0.00399411804649151,28,TRUE,"stress_tolerance",0.0631990351705741,"","",TRUE,"classical"
"saddle-disk-rep2-n240-r16","saddle","disk",2,240,16,"geodesic",239,2,"random",308246638.483547,2999242.79243832,0.00399416148910135,159,TRUE,"stress_tolerance",0.0631993788664199,"","",FALSE,"Gaussian"
"saddle-disk-rep2-n240-r16","saddle","disk",2,240,16,"geodesic",239,3,"random",318269262.964999,2999237.68164392,0.0039941546829374,134,TRUE,"stress_tolerance",0.063199325019634,"","",FALSE,"Gaussian"
"saddle-disk-rep2-n240-r16","saddle","disk",2,240,16,"geodesic",32,1,"supplied",3500522.00526777,3000727.22524808,0.00398933757448802,28,TRUE,"stress_tolerance",0.0631612030798022,"","",TRUE,"classical"
"saddle-disk-rep2-n240-r16","saddle","disk",2,240,16,"geodesic",32,2,"random",308627280.589312,3000766.833487,0.00398939023193534,159,TRUE,"stress_tolerance",0.0631616199280489,"","",FALSE,"Gaussian"
"saddle-disk-rep2-n240-r16","saddle","disk",2,240,16,"geodesic",32,3,"random",318642178.029973,3000760.80577377,0.00398938221835027,133,TRUE,"stress_tolerance",0.063161556490877,"","",FALSE,"Gaussian"
"saddle-disk-rep2-n240-r16","saddle","disk",2,240,16,"geodesic",4,1,"supplied",4310024.72468823,3592799.08158204,0.00377516974265481,30,TRUE,"stress_tolerance",0.0614424099678294,"","",TRUE,"classical"
"saddle-disk-rep2-n240-r16","saddle","disk",2,240,16,"geodesic",4,2,"random",380607616.051439,3592865.05187112,0.00377523906159906,155,TRUE,"stress_tolerance",0.0614429740621256,"","",FALSE,"Gaussian"
"saddle-disk-rep2-n240-r16","saddle","disk",2,240,16,"geodesic",4,3,"random",392576551.265532,3593163.09787432,0.00377555223643229,131,TRUE,"stress_tolerance",0.0614455225092302,"","",FALSE,"Gaussian"
"saddle-disk-rep2-n240-r16","saddle","disk",2,240,16,"geodesic",64,1,"supplied",3498697.05339931,3000148.20373155,0.00399465911721878,28,TRUE,"stress_tolerance",0.063203315713804,"","",TRUE,"classical"
"saddle-disk-rep2-n240-r16","saddle","disk",2,240,16,"geodesic",64,2,"random",308291558.700905,3000180.99057447,0.00399470277248249,159,TRUE,"stress_tolerance",0.0632036610686635,"","",FALSE,"Gaussian"
"saddle-disk-rep2-n240-r16","saddle","disk",2,240,16,"geodesic",64,3,"random",318312460.760458,3000175.58250533,0.00399469557170731,134,TRUE,"stress_tolerance",0.0632036041037795,"","",FALSE,"Gaussian"
"saddle-disk-rep2-n240-r16","saddle","disk",2,240,16,"geodesic",8,1,"supplied",3671463.04419887,3105447.23835773,0.00384546013760166,34,TRUE,"stress_tolerance",0.062011774185244,"","",TRUE,"classical"
"saddle-disk-rep2-n240-r16","saddle","disk",2,240,16,"geodesic",8,2,"random",327449948.798897,3105714.65196993,0.00384579127457069,161,TRUE,"stress_tolerance",0.062014444080155,"","",FALSE,"Gaussian"
"saddle-disk-rep2-n240-r16","saddle","disk",2,240,16,"geodesic",8,3,"random",337664251.281653,3105510.20300919,0.00384553810642183,132,TRUE,"stress_tolerance",0.062012402843478,"","",FALSE,"Gaussian"
"saddle-disk-rep2-n240-r2","saddle","disk",2,240,2,"ambient",128,1,"supplied",66.3418125764451,48.0991487934622,0.000185297658970642,25,TRUE,"stress_tolerance",0.0136124082722583,"","",TRUE,"classical"
"saddle-disk-rep2-n240-r2","saddle","disk",2,240,2,"ambient",128,2,"random",80453.6087144574,48.1062694453247,0.000185325090643625,127,TRUE,"stress_tolerance",0.0136134158330534,"","",FALSE,"Gaussian"
"saddle-disk-rep2-n240-r2","saddle","disk",2,240,2,"ambient",128,3,"random",82811.3265791191,48.1096377085074,0.000185338066575595,144,TRUE,"stress_tolerance",0.0136138924109015,"","",FALSE,"Gaussian"
"saddle-disk-rep2-n240-r2","saddle","disk",2,240,2,"ambient",16,1,"supplied",985.806190136119,572.239723821206,0.00170953992698202,40,TRUE,"stress_tolerance",0.0413465830145856,"","",TRUE,"classical"
"saddle-disk-rep2-n240-r2","saddle","disk",2,240,2,"ambient",16,2,"random",109148.325411032,572.25483719771,0.00170958507750109,188,TRUE,"stress_tolerance",0.0413471290115904,"","",FALSE,"Gaussian"
"saddle-disk-rep2-n240-r2","saddle","disk",2,240,2,"ambient",16,3,"random",112120.430461588,572.260238556241,0.00170960121381195,192,TRUE,"stress_tolerance",0.04134732414331,"","",FALSE,"Gaussian"
"saddle-disk-rep2-n240-r2","saddle","disk",2,240,2,"ambient",239,1,"supplied",1.17289288139127e-25,1.36687063211228e-23,5.36352934800764e-29,1,TRUE,"stress_tolerance",7.32577805897763e-15,"","",TRUE,"classical"
"saddle-disk-rep2-n240-r2","saddle","disk",2,240,2,"ambient",239,2,"random",78410.0434533309,0.0204891257407837,8.03982649447143e-08,130,TRUE,"stress_tolerance",0.000283545878033179,"","",FALSE,"Gaussian"
"saddle-disk-rep2-n240-r2","saddle","disk",2,240,2,"ambient",239,3,"random",80781.4996772256,0.0252364369718326,9.90264675804743e-08,148,TRUE,"stress_tolerance",0.000314684711395845,"","",FALSE,"Gaussian"
"saddle-disk-rep2-n240-r2","saddle","disk",2,240,2,"ambient",32,1,"supplied",905.348636832223,517.051426864585,0.00160846480080807,37,TRUE,"stress_tolerance",0.0401056704320983,"","",TRUE,"classical"
"saddle-disk-rep2-n240-r2","saddle","disk",2,240,2,"ambient",32,2,"random",105010.205622215,517.067748250955,0.00160851557404669,183,TRUE,"stress_tolerance",0.040106303420369,"","",FALSE,"Gaussian"
"saddle-disk-rep2-n240-r2","saddle","disk",2,240,2,"ambient",32,3,"random",107929.531338741,517.070916165652,0.00160852542892576,179,TRUE,"stress_tolerance",0.0401064262796595,"","",FALSE,"Gaussian"
"saddle-disk-rep2-n240-r2","saddle","disk",2,240,2,"ambient",4,1,"supplied",3145.96684911063,1594.61946469284,0.00307718339628175,172,TRUE,"stress_tolerance",0.0554723660598839,"","",FALSE,"classical"
"saddle-disk-rep2-n240-r2","saddle","disk",2,240,2,"ambient",4,2,"random",171707.847808497,1601.45473951997,0.00309037362421562,524,TRUE,"stress_tolerance",0.0555911290064844,"","",FALSE,"Gaussian"
"saddle-disk-rep2-n240-r2","saddle","disk",2,240,2,"ambient",4,3,"random",174107.427989564,1594.5902847907,0.00307712708697891,362,TRUE,"stress_tolerance",0.0554718585138347,"","",TRUE,"Gaussian"
"saddle-disk-rep2-n240-r2","saddle","disk",2,240,2,"ambient",64,1,"supplied",633.13950179921,570.263544404785,0.00196477211704081,28,TRUE,"stress_tolerance",0.0443257500448758,"","",TRUE,"classical"
"saddle-disk-rep2-n240-r2","saddle","disk",2,240,2,"ambient",64,2,"random",91285.1949546238,570.267075145603,0.00196478428176917,121,TRUE,"stress_tolerance",0.0443258872643197,"","",FALSE,"Gaussian"
"saddle-disk-rep2-n240-r2","saddle","disk",2,240,2,"ambient",64,3,"random",93793.4829388824,570.269025476171,0.00196479100139057,115,TRUE,"stress_tolerance",0.0443259630621896,"","",FALSE,"Gaussian"
"saddle-disk-rep2-n240-r2","saddle","disk",2,240,2,"ambient",8,1,"supplied",1076.9117582374,641.015771901203,0.00176938776496473,50,TRUE,"stress_tolerance",0.0420640911581927,"","",TRUE,"classical"
"saddle-disk-rep2-n240-r2","saddle","disk",2,240,2,"ambient",8,2,"random",117304.508041682,641.026434044817,0.00176941719554552,182,TRUE,"stress_tolerance",0.042064440986961,"","",FALSE,"Gaussian"
"saddle-disk-rep2-n240-r2","saddle","disk",2,240,2,"ambient",8,3,"random",120498.403455882,641.029480456547,0.00176942560451746,190,TRUE,"stress_tolerance",0.0420645409402914,"","",FALSE,"Gaussian"
"saddle-disk-rep2-n240-r2","saddle","disk",2,240,2,"geodesic",128,1,"supplied",985.140369629545,550.789102149979,0.00170376821987294,39,TRUE,"stress_tolerance",0.0412767273396636,"","",TRUE,"classical"
"saddle-disk-rep2-n240-r2","saddle","disk",2,240,2,"geodesic",128,2,"random",105486.454223151,550.806268702301,0.00170382132155229,188,TRUE,"stress_tolerance",0.0412773705745933,"","",FALSE,"Gaussian"
"saddle-disk-rep2-n240-r2","saddle","disk",2,240,2,"geodesic",128,3,"random",108420.946959461,550.820127039836,0.00170386418985702,204,TRUE,"stress_tolerance",0.0412778898425905,"","",FALSE,"Gaussian"
"saddle-disk-rep2-n240-r2","saddle","disk",2,240,2,"geodesic",16,1,"supplied",1032.05286538108,594.162733894937,0.0017723894031834,40,TRUE,"stress_tolerance",0.0420997553815151,"","",TRUE,"classical"
"saddle-disk-rep2-n240-r2","saddle","disk",2,240,2,"geodesic",16,2,"random",109055.715202887,594.176682193379,0.00177243101100386,188,TRUE,"stress_tolerance",0.0421002495361234,"","",FALSE,"Gaussian"
"saddle-disk-rep2-n240-r2","saddle","disk",2,240,2,"geodesic",16,3,"random",112060.845830698,594.189528814773,0.00177246933251803,202,TRUE,"stress_tolerance",0.0421007046558371,"","",FALSE,"Gaussian"
"saddle-disk-rep2-n240-r2","saddle","disk",2,240,2,"geodesic",239,1,"supplied",985.546809582064,550.541869946156,0.001703282584042,39,TRUE,"stress_tolerance",0.0412708442370882,"","",TRUE,"classical"
"saddle-disk-rep2-n240-r2","saddle","disk",2,240,2,"geodesic",239,2,"random",105462.65230405,550.559007053743,0.00170333560332807,188,TRUE,"stress_tolerance",0.041271486565522,"","",FALSE,"Gaussian"
"saddle-disk-rep2-n240-r2","saddle","disk",2,240,2,"geodesic",239,3,"random",108397.623774172,550.573282160129,0.00170337976807088,204,TRUE,"stress_tolerance",0.0412720216135685,"","",FALSE,"Gaussian"
"saddle-disk-rep2-n240-r2","saddle","disk",2,240,2,"geodesic",32,1,"supplied",976.319385473921,550.934559376783,0.00169055587777248,39,TRUE,"stress_tolerance",0.0411163699488718,"","",TRUE,"classical"
"saddle-disk-rep2-n240-r2","saddle","disk",2,240,2,"geodesic",32,2,"random",106342.796319279,550.949463944789,0.00169060161279603,188,TRUE,"stress_tolerance",0.0411169261107399,"","",FALSE,"Gaussian"
"saddle-disk-rep2-n240-r2","saddle","disk",2,240,2,"geodesic",32,3,"random",109290.589454867,550.963701018322,0.00169064529959682,199,TRUE,"stress_tolerance",0.04111745735812,"","",FALSE,"Gaussian"
"saddle-disk-rep2-n240-r2","saddle","disk",2,240,2,"geodesic",4,1,"supplied",3178.85828699861,1607.28917342655,0.00309921431498375,169,TRUE,"stress_tolerance",0.0556705875214533,"","",FALSE,"classical"
"saddle-disk-rep2-n240-r2","saddle","disk",2,240,2,"geodesic",4,2,"random",171838.570641607,1614.07745721565,0.00311230364989696,517,TRUE,"stress_tolerance",0.0557880242515986,"","",FALSE,"Gaussian"
"saddle-disk-rep2-n240-r2","saddle","disk",2,240,2,"geodesic",4,3,"random",174310.352012217,1607.25843101413,0.00309915503671185,361,TRUE,"stress_tolerance",0.0556700551168386,"","",TRUE,"Gaussian"
"saddle-disk-rep2-n240-r2","saddle","disk",2,240,2,"geodesic",64,1,"supplied",986.174368013512,551.782632341903,0.00170495416855691,39,TRUE,"stress_tolerance",0.0412910906680475,"","",TRUE,"classical"
"saddle-disk-rep2-n240-r2","saddle","disk",2,240,2,"geodesic",64,2,"random",105606.575292475,551.797321723303,0.00170499955730346,189,TRUE,"stress_tolerance",0.0412916402835182,"","",FALSE,"Gaussian"
"saddle-disk-rep2-n240-r2","saddle","disk",2,240,2,"geodesic",64,3,"random",108548.718801905,551.81081557589,0.00170504125198333,205,TRUE,"stress_tolerance",0.0412921451608336,"","",FALSE,"Gaussian"
"saddle-disk-rep2-n240-r2","saddle","disk",2,240,2,"geodesic",8,1,"supplied",1080.82817850562,642.867824686576,0.00177097292496297,50,TRUE,"stress_tolerance",0.0420829291395334,"","",TRUE,"classical"
"saddle-disk-rep2-n240-r2","saddle","disk",2,240,2,"geodesic",8,2,"random",117492.646648693,642.876679644214,0.00177099731860911,183,TRUE,"stress_tolerance",0.0420832189668174,"","",FALSE,"Gaussian"
"saddle-disk-rep2-n240-r2","saddle","disk",2,240,2,"geodesic",8,3,"random",120620.368268695,642.879320614614,0.00177100459395701,193,TRUE,"stress_tolerance",0.0420833054067408,"","",FALSE,"Gaussian"
"saddle-disk-rep2-n240-r32","saddle","disk",2,240,32,"ambient",128,1,"supplied",1564.51005982472,976.79091884766,1.07748879909874e-07,5,TRUE,"stress_tolerance",0.000328251245107362,"","",TRUE,"classical"
"saddle-disk-rep2-n240-r32","saddle","disk",2,240,32,"ambient",128,2,"random",4138896109.35662,53008.7127208371,5.84734082895918e-06,606,TRUE,"stress_tolerance",0.00241812754604992,"","",FALSE,"Gaussian"
"saddle-disk-rep2-n240-r32","saddle","disk",2,240,32,"ambient",128,3,"random",4251711990.59802,44207.7063643551,4.87651016428701e-06,490,TRUE,"stress_tolerance",0.00220828217497067,"","",FALSE,"Gaussian"
"saddle-disk-rep2-n240-r32","saddle","disk",2,240,32,"ambient",16,1,"supplied",795572.762932831,180363.843504742,1.94012224928804e-05,111,TRUE,"stress_tolerance",0.00440468188327902,"","",TRUE,"classical"
"saddle-disk-rep2-n240-r32","saddle","disk",2,240,32,"ambient",16,2,"random",4216844836.32469,232225.257993347,2.49798064359668e-05,533,TRUE,"stress_tolerance",0.0049979802356525,"","",FALSE,"Gaussian"
"saddle-disk-rep2-n240-r32","saddle","disk",2,240,32,"ambient",16,3,"random",4333314817.10761,218813.77190842,2.35371712578858e-05,442,TRUE,"stress_tolerance",0.00485151226504603,"","",FALSE,"Gaussian"
"saddle-disk-rep2-n240-r32","saddle","disk",2,240,32,"ambient",239,1,"supplied",2.56270879409708e-21,6.7173905865957e-19,7.41088849633639e-29,1,TRUE,"stress_tolerance",8.59563396584257e-15,"","",TRUE,"classical"
"saddle-disk-rep2-n240-r32","saddle","disk",2,240,32,"ambient",239,2,"random",4138308551.24334,52749.6154436165,5.81954425960187e-06,603,TRUE,"stress_tolerance",0.00241237315927866,"","",FALSE,"Gaussian"
"saddle-disk-rep2-n240-r32","saddle","disk",2,240,32,"ambient",239,3,"random",4251112602.36796,44443.830156776,4.9032174829795e-06,485,TRUE,"stress_tolerance",0.00221432099818108,"","",FALSE,"Gaussian"
"saddle-disk-rep2-n240-r32","saddle","disk",2,240,32,"ambient",32,1,"supplied",409924.983566432,63615.6377635145,6.98495976610737e-06,165,TRUE,"stress_tolerance",0.00264290744561997,"","",TRUE,"classical"
"saddle-disk-rep2-n240-r32","saddle","disk",2,240,32,"ambient",32,2,"random",4150659949.9891,104509.521257048,1.14750842217335e-05,540,TRUE,"stress_tolerance",0.0033874893685058,"","",FALSE,"Gaussian"
"saddle-disk-rep2-n240-r32","saddle","disk",2,240,32,"ambient",32,3,"random",4263405816.57602,75533.1461666406,8.29349520856464e-06,451,TRUE,"stress_tolerance",0.00287984291387062,"","",FALSE,"Gaussian"
"saddle-disk-rep2-n240-r32","saddle","disk",2,240,32,"ambient",4,1,"supplied",5896033.88843032,1760630.61012654,0.000123041520956357,315,TRUE,"stress_tolerance",0.0110924082577394,"","",FALSE,"classical"
"saddle-disk-rep2-n240-r32","saddle","disk",2,240,32,"ambient",4,2,"random",6379115692.92323,1759290.74618334,0.000122947884678255,552,TRUE,"stress_tolerance",0.0110881867173249,"","",FALSE,"Gaussian"
"saddle-disk-rep2-n240-r32","saddle","disk",2,240,32,"ambient",4,3,"random",6535278434.11491,1745224.21043152,0.000121964846019529,646,TRUE,"stress_tolerance",0.0110437695566114,"","",TRUE,"Gaussian"
"saddle-disk-rep2-n240-r32","saddle","disk",2,240,32,"ambient",64,1,"supplied",48962.0728946322,4700.87302263859,5.18167372417141e-07,31,TRUE,"stress_tolerance",0.000719838434944285,"","",TRUE,"classical"
"saddle-disk-rep2-n240-r32","saddle","disk",2,240,32,"ambient",64,2,"random",4140768963.77012,62375.632952573,6.87553517702739e-06,554,TRUE,"stress_tolerance",0.0026221241726954,"","",FALSE,"Gaussian"
"saddle-disk-rep2-n240-r32","saddle","disk",2,240,32,"ambient",64,3,"random",4253625325.5072,46633.7761583381,5.14034332377943e-06,472,TRUE,"stress_tolerance",0.00226723252530163,"","",FALSE,"Gaussian"
"saddle-disk-rep2-n240-r32","saddle","disk",2,240,32,"ambient",8,1,"supplied",1614123.77669758,406233.133640352,3.92594692669245e-05,284,TRUE,"stress_tolerance",0.00626573772726964,"","",FALSE,"classical"
"saddle-disk-rep2-n240-r32","saddle","disk",2,240,32,"ambient",8,2,"random",4681438767.62348,402014.16342967,3.88517365695937e-05,546,TRUE,"stress_tolerance",0.00623311612033658,"","",TRUE,"Gaussian"
"saddle-disk-rep2-n240-r32","saddle","disk",2,240,32,"ambient",8,3,"random",4812555661.66127,420180.664222433,4.0607396363195e-05,541,TRUE,"stress_tolerance",0.00637239329947558,"","",FALSE,"Gaussian"
"saddle-disk-rep2-n240-r32","saddle","disk",2,240,32,"geodesic",128,1,"supplied",57915184.643795,50930516.4364773,0.00429514326822166,28,TRUE,"stress_tolerance",0.0655373425477544,"","",TRUE,"classical"
"saddle-disk-rep2-n240-r32","saddle","disk",2,240,32,"geodesic",128,2,"random",4928849461.26868,50931049.4620742,0.00429518822007891,159,TRUE,"stress_tolerance",0.0655376854952851,"","",FALSE,"Gaussian"
"saddle-disk-rep2-n240-r32","saddle","disk",2,240,32,"geodesic",128,3,"random",5090004072.21082,50931070.3325499,0.00429518998015694,133,TRUE,"stress_tolerance",0.065537698923268,"","",FALSE,"Gaussian"
"saddle-disk-rep2-n240-r32","saddle","disk",2,240,32,"geodesic",16,1,"supplied",57925104.9908439,50830406.1571496,0.00426361558938908,28,TRUE,"stress_tolerance",0.0652963673521669,"","",TRUE,"classical"
"saddle-disk-rep2-n240-r32","saddle","disk",2,240,32,"geodesic",16,2,"random",4948895517.72379,50830897.7719781,0.00426365682566488,159,TRUE,"stress_tolerance",0.0652966831138063,"","",FALSE,"Gaussian"
"saddle-disk-rep2-n240-r32","saddle","disk",2,240,32,"geodesic",16,3,"random",5109917563.62571,50830942.5791679,0.00426366058405768,133,TRUE,"stress_tolerance",0.0652967118931549,"","",FALSE,"Gaussian"
"saddle-disk-rep2-n240-r32","saddle","disk",2,240,32,"geodesic",239,1,"supplied",57914302.1388909,50929464.4435916,0.00429506553238511,28,TRUE,"stress_tolerance",0.0655367494798539,"","",TRUE,"classical"
"saddle-disk-rep2-n240-r32","saddle","disk",2,240,32,"geodesic",239,2,"random",4928834888.79928,50929997.4376181,0.00429511048169485,159,TRUE,"stress_tolerance",0.065537092411053,"","",FALSE,"Gaussian"
"saddle-disk-rep2-n240-r32","saddle","disk",2,240,32,"geodesic",239,3,"random",5089989412.34649,50930018.358943,0.00429511224606569,133,TRUE,"stress_tolerance",0.0655371058719081,"","",FALSE,"Gaussian"
"saddle-disk-rep2-n240-r32","saddle","disk",2,240,32,"geodesic",32,1,"supplied",57910481.1564303,50918286.6946632,0.00429205889034044,28,TRUE,"stress_tolerance",0.0655138068680217,"","",TRUE,"classical"
"saddle-disk-rep2-n240-r32","saddle","disk",2,240,32,"geodesic",32,2,"random",4930487534.00461,50918819.7440733,0.00429210382271362,159,TRUE,"stress_tolerance",0.0655141497900544,"","",FALSE,"Gaussian"
"saddle-disk-rep2-n240-r32","saddle","disk",2,240,32,"geodesic",32,3,"random",5091592269.70937,50918835.2742373,0.00429210513179887,133,TRUE,"stress_tolerance",0.0655141597809127,"","",FALSE,"Gaussian"
"saddle-disk-rep2-n240-r32","saddle","disk",2,240,32,"geodesic",4,1,"supplied",63706476.389759,54853333.1851663,0.00402195214491851,26,TRUE,"stress_tolerance",0.0634188626902006,"","",TRUE,"classical"
"saddle-disk-rep2-n240-r32","saddle","disk",2,240,32,"geodesic",4,2,"random",5551401054.14647,54853848.7344458,0.00402198994598564,156,TRUE,"stress_tolerance",0.0634191607165036,"","",FALSE,"Gaussian"
"saddle-disk-rep2-n240-r32","saddle","disk",2,240,32,"geodesic",4,3,"random",5717397879.56004,54854123.5244537,0.00402201009411881,132,TRUE,"stress_tolerance",0.0634193195652461,"","",FALSE,"Gaussian"
"saddle-disk-rep2-n240-r32","saddle","disk",2,240,32,"geodesic",64,1,"supplied",57919363.8664572,50933903.9428091,0.00429522887065152,28,TRUE,"stress_tolerance",0.0655379956258319,"","",TRUE,"classical"
"saddle-disk-rep2-n240-r32","saddle","disk",2,240,32,"geodesic",64,2,"random",4929026955.50928,50934436.2759308,0.00429527376201888,159,TRUE,"stress_tolerance",0.0655383381084603,"","",FALSE,"Gaussian"
"saddle-disk-rep2-n240-r32","saddle","disk",2,240,32,"geodesic",64,3,"random",5090178457.57245,50934457.031979,0.00429527551236532,133,TRUE,"stress_tolerance",0.0655383514620665,"","",FALSE,"Gaussian"
"saddle-disk-rep2-n240-r32","saddle","disk",2,240,32,"geodesic",8,1,"supplied",59090046.1703249,51736372.6097262,0.00421102823064223,27,TRUE,"stress_tolerance",0.0648924358507386,"","",TRUE,"classical"
"saddle-disk-rep2-n240-r32","saddle","disk",2,240,32,"geodesic",8,2,"random",5071029506.23279,51736821.0241967,0.0042110647288716,158,TRUE,"stress_tolerance",0.0648927170711137,"","",FALSE,"Gaussian"
"saddle-disk-rep2-n240-r32","saddle","disk",2,240,32,"geodesic",8,3,"random",5235913350.3324,51736840.7323312,0.0042110663329947,133,TRUE,"stress_tolerance",0.064892729430921,"","",FALSE,"Gaussian"
"saddle-disk-rep2-n240-r4","saddle","disk",2,240,4,"ambient",128,1,"supplied",208.306284521232,87.0695355424045,3.23335882639974e-05,30,TRUE,"stress_tolerance",0.00568626311948385,"","",TRUE,"classical"
"saddle-disk-rep2-n240-r4","saddle","disk",2,240,4,"ambient",128,2,"random",997611.740918578,87.6479542640486,3.25483861571219e-05,512,TRUE,"stress_tolerance",0.00570511929385596,"","",FALSE,"Gaussian"
"saddle-disk-rep2-n240-r4","saddle","disk",2,240,4,"ambient",128,3,"random",1027675.60656944,87.7172582624355,3.25741224486379e-05,307,TRUE,"stress_tolerance",0.00570737439184113,"","",FALSE,"Gaussian"
"saddle-disk-rep2-n240-r4","saddle","disk",2,240,4,"ambient",16,1,"supplied",12503.80794237,8871.89605659537,0.00251429654646,35,TRUE,"stress_tolerance",0.0501427616556967,"","",TRUE,"classical"
"saddle-disk-rep2-n240-r4","saddle","disk",2,240,4,"ambient",16,2,"random",1279060.63422164,8872.126797062,0.00251436193833956,141,TRUE,"stress_tolerance",0.0501434137084777,"","",FALSE,"Gaussian"
"saddle-disk-rep2-n240-r4","saddle","disk",2,240,4,"ambient",16,3,"random",1314326.78761779,8872.12073104494,0.0025143602192295,152,TRUE,"stress_tolerance",0.0501433965665421,"","",FALSE,"Gaussian"
"saddle-disk-rep2-n240-r4","saddle","disk",2,240,4,"ambient",239,1,"supplied",1.25210848346509e-24,1.6111637953246e-22,6.02618432646068e-29,1,TRUE,"stress_tolerance",7.75483315055277e-15,"","",TRUE,"classical"
"saddle-disk-rep2-n240-r4","saddle","disk",2,240,4,"ambient",239,2,"random",988990.433196355,0.812346724139615,3.03839442697728e-07,481,TRUE,"stress_tolerance",0.00055121633022214,"","",FALSE,"Gaussian"
"saddle-disk-rep2-n240-r4","saddle","disk",2,240,4,"ambient",239,3,"random",1018940.58032276,0.86329350588763,3.22894904255666e-07,312,TRUE,"stress_tolerance",0.000568238422021636,"","",FALSE,"Gaussian"
"saddle-disk-rep2-n240-r4","saddle","disk",2,240,4,"ambient",32,1,"supplied",8146.14258972345,5685.32121556341,0.00192518717346612,48,TRUE,"stress_tolerance",0.0438769549247227,"","",TRUE,"classical"
"saddle-disk-rep2-n240-r4","saddle","disk",2,240,4,"ambient",32,2,"random",1053953.54746366,5685.50394502782,0.0019252490500792,176,TRUE,"stress_tolerance",0.0438776600342271,"","",FALSE,"Gaussian"
"saddle-disk-rep2-n240-r4","saddle","disk",2,240,4,"ambient",32,3,"random",1083254.96594537,5685.6258343003,0.00192529032473284,214,TRUE,"stress_tolerance",0.0438781303696141,"","",FALSE,"Gaussian"
"saddle-disk-rep2-n240-r4","saddle","disk",2,240,4,"ambient",4,1,"supplied",28524.9273249976,17829.3915091783,0.00332626998929635,208,TRUE,"stress_tolerance",0.0576738241258226,"","",TRUE,"classical"
"saddle-disk-rep2-n240-r4","saddle","disk",2,240,4,"ambient",4,2,"random",1941433.18560235,17961.4795985922,0.00335091248186458,320,TRUE,"stress_tolerance",0.0578870666199676,"","",FALSE,"Gaussian"
"saddle-disk-rep2-n240-r4","saddle","disk",2,240,4,"ambient",4,3,"random",1992413.66600531,17883.7186647742,0.00333640532045275,179,TRUE,"stress_tolerance",0.0577616249810613,"","",FALSE,"Gaussian"
"saddle-disk-rep2-n240-r4","saddle","disk",2,240,4,"ambient",64,1,"supplied",2362.17206534943,1217.43951540411,0.00044111067152743,45,TRUE,"stress_tolerance",0.0210026348710687,"","",TRUE,"classical"
"saddle-disk-rep2-n240-r4","saddle","disk",2,240,4,"ambient",64,2,"random",1016089.88142419,1217.72527292808,0.00044121420906806,227,TRUE,"stress_tolerance",0.0210050995967185,"","",FALSE,"Gaussian"
"saddle-disk-rep2-n240-r4","saddle","disk",2,240,4,"ambient",64,3,"random",1046004.75756388,1217.96104878436,0.00044129963692298,283,TRUE,"stress_tolerance",0.0210071330010304,"","",FALSE,"Gaussian"
"saddle-disk-rep2-n240-r4","saddle","disk",2,240,4,"ambient",8,1,"supplied",18224.3066917079,11318.6621007126,0.00283477303549622,66,TRUE,"stress_tolerance",0.0532425866717257,"","",FALSE,"classical"
"saddle-disk-rep2-n240-r4","saddle","disk",2,240,4,"ambient",8,2,"random",1453059.66263252,11318.5055013345,0.00283473381498674,185,TRUE,"stress_tolerance",0.0532422183514809,"","",TRUE,"Gaussian"
"saddle-disk-rep2-n240-r4","saddle","disk",2,240,4,"ambient",8,3,"random",1495284.01117034,11318.6181617594,0.00283476203093062,156,TRUE,"stress_tolerance",0.0532424833279838,"","",FALSE,"Gaussian"
"saddle-disk-rep2-n240-r4","saddle","disk",2,240,4,"geodesic",128,1,"supplied",14504.07456316,9195.20058647108,0.00260238326555489,38,TRUE,"stress_tolerance",0.0510135596244263,"","",TRUE,"classical"
"saddle-disk-rep2-n240-r4","saddle","disk",2,240,4,"geodesic",128,2,"random",1293451.59092212,9195.394224568,0.0026024380681161,265,TRUE,"stress_tolerance",0.0510140967587991,"","",FALSE,"Gaussian"
"saddle-disk-rep2-n240-r4","saddle","disk",2,240,4,"geodesic",128,3,"random",1333492.73971427,9195.45506340749,0.00260245528644389,149,TRUE,"stress_tolerance",0.0510142655190084,"","",FALSE,"Gaussian"
"saddle-disk-rep2-n240-r4","saddle","disk",2,240,4,"geodesic",16,1,"supplied",14406.7322923481,9320.45956991661,0.00254522868178573,37,TRUE,"stress_tolerance",0.0504502594818474,"","",TRUE,"classical"
"saddle-disk-rep2-n240-r4","saddle","disk",2,240,4,"geodesic",16,2,"random",1338445.24337951,9320.66320383357,0.00254528429008296,186,TRUE,"stress_tolerance",0.0504508105988691,"","",FALSE,"Gaussian"
"saddle-disk-rep2-n240-r4","saddle","disk",2,240,4,"geodesic",16,3,"random",1378756.32155594,9320.63887359904,0.00254527764598882,144,TRUE,"stress_tolerance",0.0504507447515775,"","",FALSE,"Gaussian"
"saddle-disk-rep2-n240-r4","saddle","disk",2,240,4,"geodesic",239,1,"supplied",14501.1582301427,9188.98899499425,0.00260088685662805,38,TRUE,"stress_tolerance",0.0509988907391924,"","",TRUE,"classical"
"saddle-disk-rep2-n240-r4","saddle","disk",2,240,4,"geodesic",239,2,"random",1293288.87827094,9189.18088037861,0.00260094116860671,265,TRUE,"stress_tolerance",0.0509994232183728,"","",FALSE,"Gaussian"
"saddle-disk-rep2-n240-r4","saddle","disk",2,240,4,"geodesic",239,3,"random",1333329.74164722,9189.24902907651,0.00260096045767679,149,TRUE,"stress_tolerance",0.0509996123286912,"","",FALSE,"Gaussian"
"saddle-disk-rep2-n240-r4","saddle","disk",2,240,4,"geodesic",32,1,"supplied",14557.2528897075,9284.64445572837,0.00261113865760776,38,TRUE,"stress_tolerance",0.0510993019287714,"","",TRUE,"classical"
"saddle-disk-rep2-n240-r4","saddle","disk",2,240,4,"geodesic",32,2,"random",1301188.33604374,9284.86384955778,0.00261120035816204,311,TRUE,"stress_tolerance",0.0510999056570754,"","",FALSE,"Gaussian"
"saddle-disk-rep2-n240-r4","saddle","disk",2,240,4,"geodesic",32,3,"random",1341584.33995919,9284.90227907597,0.00261121116577035,148,TRUE,"stress_tolerance",0.0511000114067537,"","",FALSE,"Gaussian"
"saddle-disk-rep2-n240-r4","saddle","disk",2,240,4,"geodesic",4,1,"supplied",33460.5547153836,19733.3604778043,0.00377675960769505,193,TRUE,"stress_tolerance",0.0614553464532995,"","",TRUE,"classical"
"saddle-disk-rep2-n240-r4","saddle","disk",2,240,4,"geodesic",4,2,"random",1874100.31669874,19808.6507103544,0.0037911693738101,257,TRUE,"stress_tolerance",0.0615724725328623,"","",FALSE,"Gaussian"
"saddle-disk-rep2-n240-r4","saddle","disk",2,240,4,"geodesic",4,3,"random",1927905.85730994,19787.8791410059,0.00378719391184091,182,TRUE,"stress_tolerance",0.0615401812789084,"","",FALSE,"Gaussian"
"saddle-disk-rep2-n240-r4","saddle","disk",2,240,4,"geodesic",64,1,"supplied",14530.4407270601,9221.6817220619,0.00260766914379401,38,TRUE,"stress_tolerance",0.0510653419042117,"","",TRUE,"classical"
"saddle-disk-rep2-n240-r4","saddle","disk",2,240,4,"geodesic",64,2,"random",1294561.5032806,9221.8554906285,0.00260771828135296,253,TRUE,"stress_tolerance",0.051065823026296,"","",FALSE,"Gaussian"
"saddle-disk-rep2-n240-r4","saddle","disk",2,240,4,"geodesic",64,3,"random",1334622.79624843,9221.92173103208,0.00260773701254123,149,TRUE,"stress_tolerance",0.0510660064283599,"","",FALSE,"Gaussian"
"saddle-disk-rep2-n240-r4","saddle","disk",2,240,4,"geodesic",8,1,"supplied",18201.9013333198,11323.6039547672,0.00282175610715902,66,TRUE,"stress_tolerance",0.0531202043215108,"","",FALSE,"classical"
"saddle-disk-rep2-n240-r4","saddle","disk",2,240,4,"geodesic",8,2,"random",1457436.06104734,11323.4373572892,0.00282171459233276,178,TRUE,"stress_tolerance",0.0531198135570222,"","",TRUE,"Gaussian"
"saddle-disk-rep2-n240-r4","saddle","disk",2,240,4,"geodesic",8,3,"random",1499584.25752074,11323.5347239664,0.00282173885536925,161,TRUE,"stress_tolerance",0.0531200419368176,"","",FALSE,"Gaussian"
"saddle-disk-rep2-n240-r64","saddle","disk",2,240,64,"ambient",128,1,"supplied",3242.29978713568,2992.0651369483,2.06815780398889e-08,1,TRUE,"stress_tolerance",0.000143810910712595,"","",TRUE,"classical"
"saddle-disk-rep2-n240-r64","saddle","disk",2,240,64,"ambient",128,2,"random",66500299764.5972,373431.676670711,2.58121264415686e-06,332,TRUE,"stress_tolerance",0.0016066152757157,"","",FALSE,"Gaussian"
"saddle-disk-rep2-n240-r64","saddle","disk",2,240,64,"ambient",128,3,"random",68305240185.6905,424948.528069402,2.93730441816753e-06,400,TRUE,"stress_tolerance",0.00171385659206767,"","",FALSE,"Gaussian"
"saddle-disk-rep2-n240-r64","saddle","disk",2,240,64,"ambient",16,1,"supplied",3201573.17663173,416076.892687036,2.84142140118674e-06,72,TRUE,"stress_tolerance",0.00168565162509715,"","",TRUE,"classical"
"saddle-disk-rep2-n240-r64","saddle","disk",2,240,64,"ambient",16,2,"random",67118526051.4813,709709.24885845,4.84665955685117e-06,337,TRUE,"stress_tolerance",0.00220151301537315,"","",FALSE,"Gaussian"
"saddle-disk-rep2-n240-r64","saddle","disk",2,240,64,"ambient",16,3,"random",68953754863.5044,594496.729452952,4.05986431761239e-06,361,TRUE,"stress_tolerance",0.00201491049866205,"","",FALSE,"Gaussian"
"saddle-disk-rep2-n240-r64","saddle","disk",2,240,64,"ambient",239,1,"supplied",8.22161819408213e-20,1.10497357318582e-17,7.63799167362897e-29,1,TRUE,"stress_tolerance",8.74550366955797e-15,"","",TRUE,"classical"
"saddle-disk-rep2-n240-r64","saddle","disk",2,240,64,"ambient",239,2,"random",66497942602.12,373376.496155388,2.58091834770426e-06,332,TRUE,"stress_tolerance",0.00160652368414239,"","",FALSE,"Gaussian"
"saddle-disk-rep2-n240-r64","saddle","disk",2,240,64,"ambient",239,3,"random",68302834433.5482,425147.671369742,2.9387801236028e-06,400,TRUE,"stress_tolerance",0.00171428705986162,"","",FALSE,"Gaussian"
"saddle-disk-rep2-n240-r64","saddle","disk",2,240,64,"ambient",32,1,"supplied",1102838.43175126,187412.064074617,1.29371576767431e-06,83,TRUE,"stress_tolerance",0.00113741626842608,"","",TRUE,"classical"
"saddle-disk-rep2-n240-r64","saddle","disk",2,240,64,"ambient",32,2,"random",66553926530.4487,425053.809202135,2.93416978138552e-06,333,TRUE,"stress_tolerance",0.00171294184997381,"","",FALSE,"Gaussian"
"saddle-disk-rep2-n240-r64","saddle","disk",2,240,64,"ambient",32,3,"random",68358644128.1813,435014.382582707,3.00292816629072e-06,395,TRUE,"stress_tolerance",0.00173289589020718,"","",FALSE,"Gaussian"
"saddle-disk-rep2-n240-r64","saddle","disk",2,240,64,"ambient",4,1,"supplied",19321048.8474086,4030396.13382792,2.10087697816276e-05,188,TRUE,"stress_tolerance",0.00458353245670124,"","",TRUE,"classical"
"saddle-disk-rep2-n240-r64","saddle","disk",2,240,64,"ambient",4,2,"random",86947761954.0191,4257511.34677951,2.21926264211172e-05,411,TRUE,"stress_tolerance",0.00471090505329105,"","",FALSE,"Gaussian"
"saddle-disk-rep2-n240-r64","saddle","disk",2,240,64,"ambient",4,3,"random",89321585598.869,4267615.98612825,2.22452976809029e-05,365,TRUE,"stress_tolerance",0.00471649209486341,"","",FALSE,"Gaussian"
"saddle-disk-rep2-n240-r64","saddle","disk",2,240,64,"ambient",64,1,"supplied",102660.846511359,22713.6061628387,1.56970600716717e-07,18,TRUE,"stress_tolerance",0.000396195154844804,"","",TRUE,"classical"
"saddle-disk-rep2-n240-r64","saddle","disk",2,240,64,"ambient",64,2,"random",66507831743.2435,379848.446229149,2.62508024302423e-06,330,TRUE,"stress_tolerance",0.00162020993794954,"","",FALSE,"Gaussian"
"saddle-disk-rep2-n240-r64","saddle","disk",2,240,64,"ambient",64,3,"random",68312945521.6285,423439.998802657,2.92633545298877e-06,398,TRUE,"stress_tolerance",0.00171065351634835,"","",FALSE,"Gaussian"
"saddle-disk-rep2-n240-r64","saddle","disk",2,240,64,"ambient",8,1,"supplied",5752397.88164885,1273989.33931398,7.92520047469849e-06,153,TRUE,"stress_tolerance",0.00281517325838121,"","",TRUE,"classical"
"saddle-disk-rep2-n240-r64","saddle","disk",2,240,64,"ambient",8,2,"random",73051570007.9896,1461150.26811796,9.08948641966648e-06,331,TRUE,"stress_tolerance",0.00301487751321222,"","",FALSE,"Gaussian"
"saddle-disk-rep2-n240-r64","saddle","disk",2,240,64,"ambient",8,3,"random",75018780308.5698,1443194.14987204,8.97778545604386e-06,297,TRUE,"stress_tolerance",0.00299629528852715,"","",FALSE,"Gaussian"
"saddle-disk-rep2-n240-r64","saddle","disk",2,240,64,"geodesic",128,1,"supplied",941491921.592655,834171038.537233,0.00441323546962495,28,TRUE,"stress_tolerance",0.066432187000165,"","",TRUE,"classical"
"saddle-disk-rep2-n240-r64","saddle","disk",2,240,64,"geodesic",128,2,"random",78883606155.0928,834179263.82091,0.00441327898601667,159,TRUE,"stress_tolerance",0.0664325145242645,"","",FALSE,"Gaussian"
"saddle-disk-rep2-n240-r64","saddle","disk",2,240,64,"geodesic",128,3,"random",81469394251.9007,834179553.281489,0.00441328051742646,133,TRUE,"stress_tolerance",0.0664325260503199,"","",FALSE,"Gaussian"
"saddle-disk-rep2-n240-r64","saddle","disk",2,240,64,"geodesic",16,1,"supplied",941632533.713709,833897755.155937,0.00440451739716375,28,TRUE,"stress_tolerance",0.0663665382339904,"","",TRUE,"classical"
"saddle-disk-rep2-n240-r64","saddle","disk",2,240,64,"geodesic",16,2,"random",78986395465.1807,833905927.760213,0.00440456056358012,159,TRUE,"stress_tolerance",0.066366863445398,"","",FALSE,"Gaussian"
"saddle-disk-rep2-n240-r64","saddle","disk",2,240,64,"geodesic",16,3,"random",81571228353.2707,833906161.680135,0.00440456179910853,133,TRUE,"stress_tolerance",0.0663668727537206,"","",FALSE,"Gaussian"
"saddle-disk-rep2-n240-r64","saddle","disk",2,240,64,"geodesic",239,1,"supplied",941488235.236552,834166681.030663,0.0044132152758302,28,TRUE,"stress_tolerance",0.0664320350119591,"","",TRUE,"classical"
"saddle-disk-rep2-n240-r64","saddle","disk",2,240,64,"geodesic",239,2,"random",78883547014.5866,834174906.344489,0.00441325879240962,159,TRUE,"stress_tolerance",0.0664323625382209,"","",FALSE,"Gaussian"
"saddle-disk-rep2-n240-r64","saddle","disk",2,240,64,"geodesic",239,3,"random",81469334770.2164,834175195.927911,0.00441326032447031,133,TRUE,"stress_tolerance",0.0664323740692012,"","",FALSE,"Gaussian"
"saddle-disk-rep2-n240-r64","saddle","disk",2,240,64,"geodesic",32,1,"supplied",941437838.96807,834081093.614825,0.00441219871603886,28,TRUE,"stress_tolerance",0.066424383444928,"","",TRUE,"classical"
"saddle-disk-rep2-n240-r64","saddle","disk",2,240,64,"geodesic",32,2,"random",78890225885.5593,834089318.949453,0.00441224222716884,159,TRUE,"stress_tolerance",0.0664247109678981,"","",FALSE,"Gaussian"
"saddle-disk-rep2-n240-r64","saddle","disk",2,240,64,"geodesic",32,3,"random",81475804092.8035,834089591.839236,0.00441224367072626,133,TRUE,"stress_tolerance",0.0664247218340151,"","",FALSE,"Gaussian"
"saddle-disk-rep2-n240-r64","saddle","disk",2,240,64,"geodesic",4,1,"supplied",989634811.445832,870676222.611036,0.00425670294343042,27,TRUE,"stress_tolerance",0.0652434130271435,"","",TRUE,"classical"
"saddle-disk-rep2-n240-r64","saddle","disk",2,240,64,"geodesic",4,2,"random",84161125888.8923,870684527.788083,0.00425674354712519,156,TRUE,"stress_tolerance",0.0652437241972373,"","",FALSE,"Gaussian"
"saddle-disk-rep2-n240-r64","saddle","disk",2,240,64,"geodesic",4,3,"random",86905340624.0044,870684662.813405,0.00425674420725885,131,TRUE,"stress_tolerance",0.065243729256219,"","",FALSE,"Gaussian"
"saddle-disk-rep2-n240-r64","saddle","disk",2,240,64,"geodesic",64,1,"supplied",941508145.733991,834183808.982274,0.00441324869755534,28,TRUE,"stress_tolerance",0.0664322865597398,"","",TRUE,"classical"
"saddle-disk-rep2-n240-r64","saddle","disk",2,240,64,"geodesic",64,2,"random",78884340092.443,834192033.639487,0.00441329221009699,159,TRUE,"stress_tolerance",0.0664326140543713,"","",FALSE,"Gaussian"
"saddle-disk-rep2-n240-r64","saddle","disk",2,240,64,"geodesic",64,3,"random",81470116049.487,834192323.497399,0.00441329374359002,133,TRUE,"stress_tolerance",0.066432625596088,"","",FALSE,"Gaussian"
"saddle-disk-rep2-n240-r64","saddle","disk",2,240,64,"geodesic",8,1,"supplied",945694366.111235,835514505.170637,0.00436608324233701,28,TRUE,"stress_tolerance",0.0660763440448776,"","",TRUE,"classical"
"saddle-disk-rep2-n240-r64","saddle","disk",2,240,64,"geodesic",8,2,"random",79640201777.7307,835522393.448971,0.0043661244635003,159,TRUE,"stress_tolerance",0.0660766559648739,"","",FALSE,"Gaussian"
"saddle-disk-rep2-n240-r64","saddle","disk",2,240,64,"geodesic",8,3,"random",82230736452.317,835522986.448325,0.00436612756229095,133,TRUE,"stress_tolerance",0.0660766794133223,"","",FALSE,"Gaussian"
"saddle-disk-rep2-n240-r8","saddle","disk",2,240,8,"ambient",128,1,"supplied",351.141919299438,94.5101277209815,2.53811213560781e-06,27,TRUE,"stress_tolerance",0.00159314535922275,"","",TRUE,"classical"
"saddle-disk-rep2-n240-r8","saddle","disk",2,240,8,"ambient",128,2,"random",15726953.2398543,148.735764327245,3.99436608055789e-06,1000,FALSE,"iteration_limit",0.00199859102384772,"Iteration limit reached! You may want to increase the itmax argument!","",FALSE,"Gaussian"
"saddle-disk-rep2-n240-r8","saddle","disk",2,240,8,"ambient",128,3,"random",16175508.9885947,130.210098539192,3.49685096455162e-06,642,TRUE,"stress_tolerance",0.00186998688887324,"","",FALSE,"Gaussian"
"saddle-disk-rep2-n240-r8","saddle","disk",2,240,8,"ambient",16,1,"supplied",70668.7605735429,33950.4447305988,0.000851535975871357,91,TRUE,"stress_tolerance",0.0291810893537471,"","",TRUE,"classical"
"saddle-disk-rep2-n240-r8","saddle","disk",2,240,8,"ambient",16,2,"random",16099966.3517415,33954.9502902767,0.000851648983114343,309,TRUE,"stress_tolerance",0.0291830255990424,"","",FALSE,"Gaussian"
"saddle-disk-rep2-n240-r8","saddle","disk",2,240,8,"ambient",16,3,"random",16568216.3061084,33970.7491896873,0.000852045246884495,544,TRUE,"stress_tolerance",0.0291898140947233,"","",FALSE,"Gaussian"
"saddle-disk-rep2-n240-r8","saddle","disk",2,240,8,"ambient",239,1,"supplied",9.24578719515773e-24,2.5656523257876e-21,6.90396713425636e-29,1,TRUE,"stress_tolerance",8.29468848373088e-15,"","",TRUE,"classical"
"saddle-disk-rep2-n240-r8","saddle","disk",2,240,8,"ambient",239,2,"random",15692345.0273234,42.338304336627,1.13929022542244e-06,1000,FALSE,"iteration_limit",0.00106737539106145,"Iteration limit reached! You may want to increase the itmax argument!","",FALSE,"Gaussian"
"saddle-disk-rep2-n240-r8","saddle","disk",2,240,8,"ambient",239,3,"random",16140268.7476139,39.5599595246473,1.06452716779088e-06,653,TRUE,"stress_tolerance",0.00103175925864372,"","",FALSE,"Gaussian"
"saddle-disk-rep2-n240-r8","saddle","disk",2,240,8,"ambient",32,1,"supplied",36486.3410527162,13957.7999668087,0.000364543565534179,74,TRUE,"stress_tolerance",0.0190930240018228,"","",TRUE,"classical"
"saddle-disk-rep2-n240-r8","saddle","disk",2,240,8,"ambient",32,2,"random",15950379.0716216,13957.9635990104,0.000364547839206706,464,TRUE,"stress_tolerance",0.0190931359186151,"","",FALSE,"Gaussian"
"saddle-disk-rep2-n240-r8","saddle","disk",2,240,8,"ambient",32,3,"random",16401771.4650175,13986.7422986828,0.000365299468390026,626,TRUE,"stress_tolerance",0.0191128090135918,"","",FALSE,"Gaussian"
"saddle-disk-rep2-n240-r8","saddle","disk",2,240,8,"ambient",4,1,"supplied",306116.453885107,241897.359481001,0.00333714858726256,69,TRUE,"stress_tolerance",0.05776805853811,"","",TRUE,"classical"
"saddle-disk-rep2-n240-r8","saddle","disk",2,240,8,"ambient",4,2,"random",28021548.9772014,242136.770758641,0.00334045143855728,194,TRUE,"stress_tolerance",0.0577966386441051,"","",FALSE,"Gaussian"
"saddle-disk-rep2-n240-r8","saddle","disk",2,240,8,"ambient",4,3,"random",28927879.1679351,242319.271817316,0.00334296917232435,168,TRUE,"stress_tolerance",0.0578184155120524,"","",FALSE,"Gaussian"
"saddle-disk-rep2-n240-r8","saddle","disk",2,240,8,"ambient",64,1,"supplied",8184.19519347952,2154.94373175899,5.73728911056022e-05,48,TRUE,"stress_tolerance",0.00757448949471891,"","",TRUE,"classical"
"saddle-disk-rep2-n240-r8","saddle","disk",2,240,8,"ambient",64,2,"random",15817283.0251235,2163.95380068088,5.76127737974289e-05,999,TRUE,"stress_tolerance",0.00759030788554942,"","",FALSE,"Gaussian"
"saddle-disk-rep2-n240-r8","saddle","disk",2,240,8,"ambient",64,3,"random",16266835.6723492,2186.16733613857,5.82041835554203e-05,592,TRUE,"stress_tolerance",0.00762916663570974,"","",FALSE,"Gaussian"
"saddle-disk-rep2-n240-r8","saddle","disk",2,240,8,"ambient",8,1,"supplied",263772.932162343,215860.610724927,0.00440243613460267,45,TRUE,"stress_tolerance",0.0663508563215477,"","",TRUE,"classical"
"saddle-disk-rep2-n240-r8","saddle","disk",2,240,8,"ambient",8,2,"random",18707004.3917931,215861.319040892,0.00440245058057218,126,TRUE,"stress_tolerance",0.0663509651819186,"","",FALSE,"Gaussian"
"saddle-disk-rep2-n240-r8","saddle","disk",2,240,8,"ambient",8,3,"random",19264646.1190277,215863.600585057,0.00440249711223185,172,TRUE,"stress_tolerance",0.0663513158289408,"","",FALSE,"Gaussian"
"saddle-disk-rep2-n240-r8","saddle","disk",2,240,8,"geodesic",128,1,"supplied",212665.123676664,167166.188201159,0.00340619109916207,33,TRUE,"stress_tolerance",0.0583625830405244,"","",TRUE,"classical"
"saddle-disk-rep2-n240-r8","saddle","disk",2,240,8,"geodesic",128,2,"random",19452400.7344191,167167.955526287,0.00340622711031472,160,TRUE,"stress_tolerance",0.0583628915520364,"","",FALSE,"Gaussian"
"saddle-disk-rep2-n240-r8","saddle","disk",2,240,8,"geodesic",128,3,"random",20076453.1283138,167168.512908515,0.00340623846757783,134,TRUE,"stress_tolerance",0.0583629888506225,"","",FALSE,"Gaussian"
"saddle-disk-rep2-n240-r8","saddle","disk",2,240,8,"geodesic",16,1,"supplied",212281.84922848,167008.225765799,0.00333127833722074,33,TRUE,"stress_tolerance",0.0577172273868103,"","",TRUE,"classical"
"saddle-disk-rep2-n240-r8","saddle","disk",2,240,8,"geodesic",16,2,"random",19814113.4189431,167010.450305846,0.0033313227096583,161,TRUE,"stress_tolerance",0.0577176117806195,"","",FALSE,"Gaussian"
"saddle-disk-rep2-n240-r8","saddle","disk",2,240,8,"geodesic",16,3,"random",20436278.3787193,167010.313242271,0.00333131997567969,133,TRUE,"stress_tolerance",0.0577175880965214,"","",FALSE,"Gaussian"
"saddle-disk-rep2-n240-r8","saddle","disk",2,240,8,"geodesic",239,1,"supplied",212629.456156947,167118.714561458,0.00340534691890831,33,TRUE,"stress_tolerance",0.0583553503880177,"","",TRUE,"classical"
"saddle-disk-rep2-n240-r8","saddle","disk",2,240,8,"geodesic",239,2,"random",19451563.4977673,167120.484334693,0.00340538298124787,160,TRUE,"stress_tolerance",0.0583556593763442,"","",FALSE,"Gaussian"
"saddle-disk-rep2-n240-r8","saddle","disk",2,240,8,"geodesic",239,3,"random",20075624.2602621,167121.038305829,0.00340539426941453,134,TRUE,"stress_tolerance",0.0583557560949607,"","",FALSE,"Gaussian"
"saddle-disk-rep2-n240-r8","saddle","disk",2,240,8,"geodesic",32,1,"supplied",213095.119768702,167594.66621508,0.00340150601038776,33,TRUE,"stress_tolerance",0.0583224314512669,"","",TRUE,"classical"
"saddle-disk-rep2-n240-r8","saddle","disk",2,240,8,"geodesic",32,2,"random",19513161.7678984,167596.615518378,0.00340154557350174,160,TRUE,"stress_tolerance",0.0583227706260747,"","",FALSE,"Gaussian"
"saddle-disk-rep2-n240-r8","saddle","disk",2,240,8,"geodesic",32,3,"random",20136582.5440891,167597.009173581,0.0034015535631387,134,TRUE,"stress_tolerance",0.0583228391210396,"","",FALSE,"Gaussian"
"saddle-disk-rep2-n240-r8","saddle","disk",2,240,8,"geodesic",4,1,"supplied",306105.399084941,238936.981903823,0.00331853853819517,69,TRUE,"stress_tolerance",0.0576067577476391,"","",TRUE,"classical"
"saddle-disk-rep2-n240-r8","saddle","disk",2,240,8,"geodesic",4,2,"random",27873921.6711666,239136.07880805,0.00332130374743255,226,TRUE,"stress_tolerance",0.0576307534865937,"","",FALSE,"Gaussian"
"saddle-disk-rep2-n240-r8","saddle","disk",2,240,8,"geodesic",4,3,"random",28730936.9793384,239354.736060868,0.0033243406256686,186,TRUE,"stress_tolerance",0.0576570951893053,"","",FALSE,"Gaussian"
"saddle-disk-rep2-n240-r8","saddle","disk",2,240,8,"geodesic",64,1,"supplied",212829.287374233,167335.411788772,0.00340811247200392,33,TRUE,"stress_tolerance",0.0583790413761991,"","",TRUE,"classical"
"saddle-disk-rep2-n240-r8","saddle","disk",2,240,8,"geodesic",64,2,"random",19460046.9714276,167337.160400468,0.0034081480858962,160,TRUE,"stress_tolerance",0.0583793463983302,"","",FALSE,"Gaussian"
"saddle-disk-rep2-n240-r8","saddle","disk",2,240,8,"geodesic",64,3,"random",20084004.4051728,167337.682021739,0.00340815870973213,134,TRUE,"stress_tolerance",0.0583794373879377,"","",FALSE,"Gaussian"
"saddle-disk-rep2-n240-r8","saddle","disk",2,240,8,"geodesic",8,1,"supplied",232543.421107403,179046.173323923,0.00331898129096759,36,TRUE,"stress_tolerance",0.0576106005086531,"","",TRUE,"classical"
"saddle-disk-rep2-n240-r8","saddle","disk",2,240,8,"geodesic",8,2,"random",21269870.7152093,179048.210637572,0.00331901905667774,162,TRUE,"stress_tolerance",0.0576109282747445,"","",FALSE,"Gaussian"
"saddle-disk-rep2-n240-r8","saddle","disk",2,240,8,"geodesic",8,3,"random",21904641.6951032,179048.943053765,0.00331903263348643,138,TRUE,"stress_tolerance",0.0576110461065102,"","",FALSE,"Gaussian"
"saddle-disk-rep3-n240-r1","saddle","disk",3,240,1,"ambient",128,1,"supplied",21.6218058565163,16.702719315696,0.000410650811098651,32,TRUE,"stress_tolerance",0.0202645209935654,"","",TRUE,"classical"
"saddle-disk-rep3-n240-r1","saddle","disk",3,240,1,"ambient",128,2,"random",11489.9641800327,16.7035486926452,0.0004106712020488,135,TRUE,"stress_tolerance",0.0202650241067907,"","",FALSE,"Gaussian"
"saddle-disk-rep3-n240-r1","saddle","disk",3,240,1,"ambient",128,3,"random",12258.4549270508,16.703654574935,0.000410673805256538,125,TRUE,"stress_tolerance",0.0202650883357696,"","",FALSE,"Gaussian"
"saddle-disk-rep3-n240-r1","saddle","disk",3,240,1,"ambient",16,1,"supplied",52.5143606750879,34.2862695786228,0.000743057895377721,50,TRUE,"stress_tolerance",0.0272590883078972,"","",FALSE,"classical"
"saddle-disk-rep3-n240-r1","saddle","disk",3,240,1,"ambient",16,2,"random",13461.6277590343,34.2862211540671,0.000743056845912473,235,TRUE,"stress_tolerance",0.0272590690580672,"","",TRUE,"Gaussian"
"saddle-disk-rep3-n240-r1","saddle","disk",3,240,1,"ambient",16,3,"random",14330.8439890893,34.2947412929822,0.000743241495819518,306,TRUE,"stress_tolerance",0.0272624557921607,"","",FALSE,"Gaussian"
"saddle-disk-rep3-n240-r1","saddle","disk",3,240,1,"ambient",239,1,"supplied",1.97354714653632e-26,1.83327751045465e-24,4.74579068986522e-29,1,TRUE,"stress_tolerance",6.89553324120807e-15,"","",TRUE,"classical"
"saddle-disk-rep3-n240-r1","saddle","disk",3,240,1,"ambient",239,2,"random",10581.0577751429,0.00200715790487193,5.19591346302408e-08,105,TRUE,"stress_tolerance",0.000227945464169208,"","",FALSE,"Gaussian"
"saddle-disk-rep3-n240-r1","saddle","disk",3,240,1,"ambient",239,3,"random",11303.6263736662,0.00203107991406249,5.25784017507504e-08,104,TRUE,"stress_tolerance",0.00022929980757844,"","",FALSE,"Gaussian"
"saddle-disk-rep3-n240-r1","saddle","disk",3,240,1,"ambient",32,1,"supplied",43.2719741853674,28.2995405407816,0.000631268784040132,41,TRUE,"stress_tolerance",0.0251250628663918,"","",TRUE,"classical"
"saddle-disk-rep3-n240-r1","saddle","disk",3,240,1,"ambient",32,2,"random",13080.0772340765,28.3020695640311,0.000631325198151492,228,TRUE,"stress_tolerance",0.0251261855073845,"","",FALSE,"Gaussian"
"saddle-disk-rep3-n240-r1","saddle","disk",3,240,1,"ambient",32,3,"random",13922.1992829204,28.3074115084281,0.000631444359193667,261,TRUE,"stress_tolerance",0.0251285566476403,"","",FALSE,"Gaussian"
"saddle-disk-rep3-n240-r1","saddle","disk",3,240,1,"ambient",4,1,"supplied",245.032798026602,144.005179237517,0.00217106411953173,142,TRUE,"stress_tolerance",0.0465946790903394,"","",TRUE,"classical"
"saddle-disk-rep3-n240-r1","saddle","disk",3,240,1,"ambient",4,2,"random",19407.0582519458,144.009192947928,0.00217112463140155,556,TRUE,"stress_tolerance",0.0465953284289483,"","",FALSE,"Gaussian"
"saddle-disk-rep3-n240-r1","saddle","disk",3,240,1,"ambient",4,3,"random",20576.8413632317,144.013122553772,0.00217118387528636,313,TRUE,"stress_tolerance",0.0465959641523423,"","",FALSE,"Gaussian"
"saddle-disk-rep3-n240-r1","saddle","disk",3,240,1,"ambient",64,1,"supplied",38.6017342090026,25.8667703461003,0.000590959340109075,37,TRUE,"stress_tolerance",0.0243096552856902,"","",TRUE,"classical"
"saddle-disk-rep3-n240-r1","saddle","disk",3,240,1,"ambient",64,2,"random",12728.3423978017,25.8689422287668,0.000591008959537021,205,TRUE,"stress_tolerance",0.0243106758346416,"","",FALSE,"Gaussian"
"saddle-disk-rep3-n240-r1","saddle","disk",3,240,1,"ambient",64,3,"random",13551.3292156498,25.8715369607001,0.00059106823949546,212,TRUE,"stress_tolerance",0.0243118950206574,"","",FALSE,"Gaussian"
"saddle-disk-rep3-n240-r1","saddle","disk",3,240,1,"ambient",8,1,"supplied",94.15776069892,61.3002247753705,0.00122195437125006,58,TRUE,"stress_tolerance",0.0349564639408802,"","",TRUE,"classical"
"saddle-disk-rep3-n240-r1","saddle","disk",3,240,1,"ambient",8,2,"random",14485.1474789506,61.305394967025,0.00122205743348703,242,TRUE,"stress_tolerance",0.0349579380611477,"","",FALSE,"Gaussian"
"saddle-disk-rep3-n240-r1","saddle","disk",3,240,1,"ambient",8,3,"random",15382.247451847,61.3061284855333,0.00122207205539341,262,TRUE,"stress_tolerance",0.0349581471962319,"","",FALSE,"Gaussian"
"saddle-disk-rep3-n240-r1","saddle","disk",3,240,1,"geodesic",128,1,"supplied",45.6479372391957,29.0193313367354,0.000648958024663703,43,TRUE,"stress_tolerance",0.0254746545543549,"","",TRUE,"classical"
"saddle-disk-rep3-n240-r1","saddle","disk",3,240,1,"geodesic",128,2,"random",13046.528624837,29.0237132054174,0.000649056016199456,245,TRUE,"stress_tolerance",0.0254765777960752,"","",FALSE,"Gaussian"
"saddle-disk-rep3-n240-r1","saddle","disk",3,240,1,"geodesic",128,3,"random",13882.360101204,29.0311931346002,0.000649223289525322,304,TRUE,"stress_tolerance",0.0254798604691104,"","",FALSE,"Gaussian"
"saddle-disk-rep3-n240-r1","saddle","disk",3,240,1,"geodesic",16,1,"supplied",54.51053256676,35.3022088293667,0.000762824694945356,53,TRUE,"stress_tolerance",0.0276192812170297,"","",FALSE,"classical"
"saddle-disk-rep3-n240-r1","saddle","disk",3,240,1,"geodesic",16,2,"random",13500.1070940663,35.3001291290406,0.000762779755922574,242,TRUE,"stress_tolerance",0.0276184676606539,"","",TRUE,"Gaussian"
"saddle-disk-rep3-n240-r1","saddle","disk",3,240,1,"geodesic",16,3,"random",14370.7958307288,35.3103358722975,0.000763000307442424,331,TRUE,"stress_tolerance",0.0276224601989472,"","",FALSE,"Gaussian"
"saddle-disk-rep3-n240-r1","saddle","disk",3,240,1,"geodesic",239,1,"supplied",45.6312630638444,28.976114540258,0.000648097984541413,43,TRUE,"stress_tolerance",0.0254577686481244,"","",TRUE,"classical"
"saddle-disk-rep3-n240-r1","saddle","disk",3,240,1,"geodesic",239,2,"random",13043.5076148587,28.9805104830103,0.000648196306959141,245,TRUE,"stress_tolerance",0.0254596996635694,"","",FALSE,"Gaussian"
"saddle-disk-rep3-n240-r1","saddle","disk",3,240,1,"geodesic",239,3,"random",13879.3281673781,28.9880004619293,0.000648363832533866,304,TRUE,"stress_tolerance",0.0254629894657693,"","",FALSE,"Gaussian"
"saddle-disk-rep3-n240-r1","saddle","disk",3,240,1,"geodesic",32,1,"supplied",46.6601464409195,30.0215860350844,0.000664815178733121,43,TRUE,"stress_tolerance",0.0257840101367712,"","",TRUE,"classical"
"saddle-disk-rep3-n240-r1","saddle","disk",3,240,1,"geodesic",32,2,"random",13178.3571418772,30.0253769736571,0.000664899127445952,242,TRUE,"stress_tolerance",0.0257856380073474,"","",FALSE,"Gaussian"
"saddle-disk-rep3-n240-r1","saddle","disk",3,240,1,"geodesic",32,3,"random",14023.4038495131,30.0329439744945,0.000665066695442137,300,TRUE,"stress_tolerance",0.0257888870531892,"","",FALSE,"Gaussian"
"saddle-disk-rep3-n240-r1","saddle","disk",3,240,1,"geodesic",4,1,"supplied",245.317295761848,144.134155409,0.00217057433948268,143,TRUE,"stress_tolerance",0.0465894230430328,"","",TRUE,"classical"
"saddle-disk-rep3-n240-r1","saddle","disk",3,240,1,"geodesic",4,2,"random",19428.288797956,144.139309360965,0.00217065195492261,559,TRUE,"stress_tolerance",0.0465902560083395,"","",FALSE,"Gaussian"
"saddle-disk-rep3-n240-r1","saddle","disk",3,240,1,"geodesic",4,3,"random",20598.9851274173,144.14283445901,0.00217070504079486,313,TRUE,"stress_tolerance",0.0465908257148859,"","",FALSE,"Gaussian"
"saddle-disk-rep3-n240-r1","saddle","disk",3,240,1,"geodesic",64,1,"supplied",45.6500776312271,29.099143171489,0.000649800320400258,43,TRUE,"stress_tolerance",0.0254911812280299,"","",TRUE,"classical"
"saddle-disk-rep3-n240-r1","saddle","disk",3,240,1,"geodesic",64,2,"random",13066.2961681168,29.1033949506463,0.000649895265032904,245,TRUE,"stress_tolerance",0.0254930434635197,"","",FALSE,"Gaussian"
"saddle-disk-rep3-n240-r1","saddle","disk",3,240,1,"geodesic",64,3,"random",13903.7714659893,29.1108522182133,0.0006500617900342,304,TRUE,"stress_tolerance",0.0254963093414362,"","",FALSE,"Gaussian"
"saddle-disk-rep3-n240-r1","saddle","disk",3,240,1,"geodesic",8,1,"supplied",94.9537132058788,61.7092824483236,0.00122717997553865,59,TRUE,"stress_tolerance",0.0350311286649267,"","",TRUE,"classical"
"saddle-disk-rep3-n240-r1","saddle","disk",3,240,1,"geodesic",8,2,"random",14508.387816322,61.7146545483471,0.00122728680766039,242,TRUE,"stress_tolerance",0.0350326534487525,"","",FALSE,"Gaussian"
"saddle-disk-rep3-n240-r1","saddle","disk",3,240,1,"geodesic",8,3,"random",15418.5599040263,61.7151965690132,0.0012272975865397,264,TRUE,"stress_tolerance",0.0350328072888783,"","",FALSE,"Gaussian"
"saddle-disk-rep3-n240-r16","saddle","disk",3,240,16,"ambient",128,1,"supplied",547.888301572612,149.747749905192,2.13528578643545e-07,16,TRUE,"stress_tolerance",0.000462091526268615,"","",TRUE,"classical"
"saddle-disk-rep3-n240-r16","saddle","disk",3,240,16,"ambient",128,2,"random",294770467.237801,1900.45702444048,2.70990307005505e-06,469,TRUE,"stress_tolerance",0.00164617832267988,"","",FALSE,"Gaussian"
"saddle-disk-rep3-n240-r16","saddle","disk",3,240,16,"ambient",128,3,"random",316404973.83881,1088.9713963408,1.55278803582254e-06,532,TRUE,"stress_tolerance",0.0012461091588736,"","",FALSE,"Gaussian"
"saddle-disk-rep3-n240-r16","saddle","disk",3,240,16,"ambient",16,1,"supplied",311222.454692557,81646.0879124953,0.000113155323307947,508,TRUE,"stress_tolerance",0.0106374490977844,"","",FALSE,"classical"
"saddle-disk-rep3-n240-r16","saddle","disk",3,240,16,"ambient",16,2,"random",299731576.370234,80933.4701691303,0.000112167688833263,496,TRUE,"stress_tolerance",0.0105909248337088,"","",TRUE,"Gaussian"
"saddle-disk-rep3-n240-r16","saddle","disk",3,240,16,"ambient",16,3,"random",321684496.772837,85504.7120322183,0.000118503085472119,875,TRUE,"stress_tolerance",0.0108859122480445,"","",FALSE,"Gaussian"
"saddle-disk-rep3-n240-r16","saddle","disk",3,240,16,"ambient",239,1,"supplied",6.22615407780536e-22,5.27503532134446e-20,7.52472064984214e-29,1,TRUE,"stress_tolerance",8.66608947322444e-15,"","",TRUE,"classical"
"saddle-disk-rep3-n240-r16","saddle","disk",3,240,16,"ambient",239,2,"random",294642981.95081,1835.7438102661,2.61864774649672e-06,473,TRUE,"stress_tolerance",0.00161822363921147,"","",FALSE,"Gaussian"
"saddle-disk-rep3-n240-r16","saddle","disk",3,240,16,"ambient",239,3,"random",316272764.528489,961.393966247058,1.37140712616291e-06,559,TRUE,"stress_tolerance",0.00117107093131415,"","",FALSE,"Gaussian"
"saddle-disk-rep3-n240-r16","saddle","disk",3,240,16,"ambient",32,1,"supplied",127445.432259122,19864.8776671395,2.80709223946783e-05,118,TRUE,"stress_tolerance",0.00529819992022621,"","",TRUE,"classical"
"saddle-disk-rep3-n240-r16","saddle","disk",3,240,16,"ambient",32,2,"random",296275567.704591,20881.4577051986,2.95074446745784e-05,450,TRUE,"stress_tolerance",0.0054320755402134,"","",FALSE,"Gaussian"
"saddle-disk-rep3-n240-r16","saddle","disk",3,240,16,"ambient",32,3,"random",318017001.307415,21554.9792398804,3.04591933361104e-05,483,TRUE,"stress_tolerance",0.00551898481028137,"","",FALSE,"Gaussian"
"saddle-disk-rep3-n240-r16","saddle","disk",3,240,16,"ambient",4,1,"supplied",4551930.14469627,1531684.24660865,0.00115373882475423,237,TRUE,"stress_tolerance",0.0339667311461414,"","",TRUE,"classical"
"saddle-disk-rep3-n240-r16","saddle","disk",3,240,16,"ambient",4,2,"random",577012140.711579,1540884.87246497,0.00116066918216045,219,TRUE,"stress_tolerance",0.0340685952478299,"","",FALSE,"Gaussian"
"saddle-disk-rep3-n240-r16","saddle","disk",3,240,16,"ambient",4,3,"random",627701875.944124,1532542.44175261,0.00115438525893869,222,TRUE,"stress_tolerance",0.0339762455097484,"","",FALSE,"Gaussian"
"saddle-disk-rep3-n240-r16","saddle","disk",3,240,16,"ambient",64,1,"supplied",24104.8249787199,2029.76432576879,2.88876018261745e-06,36,TRUE,"stress_tolerance",0.0016996353087128,"","",TRUE,"classical"
"saddle-disk-rep3-n240-r16","saddle","disk",3,240,16,"ambient",64,2,"random",295158849.881741,3770.73943207443,5.36651560583343e-06,465,TRUE,"stress_tolerance",0.00231657410972311,"","",FALSE,"Gaussian"
"saddle-disk-rep3-n240-r16","saddle","disk",3,240,16,"ambient",64,3,"random",316806686.095831,2988.04825836642,4.25258968389792e-06,503,TRUE,"stress_tolerance",0.00206218080776252,"","",FALSE,"Gaussian"
"saddle-disk-rep3-n240-r16","saddle","disk",3,240,16,"ambient",8,1,"supplied",479235.405280239,187900.053646213,0.000250631103365448,487,TRUE,"stress_tolerance",0.0158313329623711,"","",FALSE,"classical"
"saddle-disk-rep3-n240-r16","saddle","disk",3,240,16,"ambient",8,2,"random",306407240.166819,187890.326380279,0.00025061812861985,574,TRUE,"stress_tolerance",0.0158309231764878,"","",TRUE,"Gaussian"
"saddle-disk-rep3-n240-r16","saddle","disk",3,240,16,"ambient",8,3,"random",329004723.891145,192062.023032689,0.000256182559893873,1000,FALSE,"iteration_limit",0.0160057039799529,"Iteration limit reached! You may want to increase the itmax argument!","",FALSE,"Gaussian"
"saddle-disk-rep3-n240-r16","saddle","disk",3,240,16,"geodesic",128,1,"supplied",4700440.37411456,4341199.33255309,0.00475375367020627,14,TRUE,"stress_tolerance",0.0689474703684355,"","",TRUE,"classical"
"saddle-disk-rep3-n240-r16","saddle","disk",3,240,16,"geodesic",128,2,"random",346118188.063777,4341233.36957257,0.00475379094184341,129,TRUE,"stress_tolerance",0.0689477406580046,"","",FALSE,"Gaussian"
"saddle-disk-rep3-n240-r16","saddle","disk",3,240,16,"geodesic",128,3,"random",378032096.956201,4341254.91864303,0.0047538145387725,113,TRUE,"stress_tolerance",0.0689479117796363,"","",FALSE,"Gaussian"
"saddle-disk-rep3-n240-r16","saddle","disk",3,240,16,"geodesic",16,1,"supplied",4707967.06983299,4338685.27213016,0.00472715523354461,13,TRUE,"stress_tolerance",0.0687543106542752,"","",TRUE,"classical"
"saddle-disk-rep3-n240-r16","saddle","disk",3,240,16,"geodesic",16,2,"random",347449474.829624,4338708.6894404,0.0047271807475549,128,TRUE,"stress_tolerance",0.0687544961988294,"","",FALSE,"Gaussian"
"saddle-disk-rep3-n240-r16","saddle","disk",3,240,16,"geodesic",16,3,"random",379484137.266879,4338706.73435256,0.00472717861741566,113,TRUE,"stress_tolerance",0.0687544807079196,"","",FALSE,"Gaussian"
"saddle-disk-rep3-n240-r16","saddle","disk",3,240,16,"geodesic",239,1,"supplied",4700218.78222396,4340938.83059425,0.00475349984835345,14,TRUE,"stress_tolerance",0.0689456296537603,"","",TRUE,"classical"
"saddle-disk-rep3-n240-r16","saddle","disk",3,240,16,"geodesic",239,2,"random",346115500.350197,4340972.87745995,0.00475353713101909,129,TRUE,"stress_tolerance",0.0689459000305245,"","",FALSE,"Gaussian"
"saddle-disk-rep3-n240-r16","saddle","disk",3,240,16,"geodesic",239,3,"random",378029226.32265,4340994.43925179,0.00475356074203464,113,TRUE,"stress_tolerance",0.068946071258881,"","",FALSE,"Gaussian"
"saddle-disk-rep3-n240-r16","saddle","disk",3,240,16,"geodesic",32,1,"supplied",4700791.03506404,4341119.88673003,0.0047507773326035,14,TRUE,"stress_tolerance",0.0689258828931739,"","",TRUE,"classical"
"saddle-disk-rep3-n240-r16","saddle","disk",3,240,16,"geodesic",32,2,"random",346283559.440964,4341155.99781653,0.00475081685137646,129,TRUE,"stress_tolerance",0.0689261695684334,"","",FALSE,"Gaussian"
"saddle-disk-rep3-n240-r16","saddle","disk",3,240,16,"geodesic",32,3,"random",378208780.592346,4341173.0596482,0.00475083552327801,113,TRUE,"stress_tolerance",0.068926305016866,"","",FALSE,"Gaussian"
"saddle-disk-rep3-n240-r16","saddle","disk",3,240,16,"geodesic",4,1,"supplied",5095530.81635542,4651535.60834562,0.00442025961031432,13,TRUE,"stress_tolerance",0.0664850329797192,"","",TRUE,"classical"
"saddle-disk-rep3-n240-r16","saddle","disk",3,240,16,"geodesic",4,2,"random",392582645.254276,4651551.4953613,0.00442027470742194,140,TRUE,"stress_tolerance",0.0664851465172634,"","",FALSE,"Gaussian"
"saddle-disk-rep3-n240-r16","saddle","disk",3,240,16,"geodesic",4,3,"random",429289354.859399,4651558.84036672,0.0044202816872311,111,TRUE,"stress_tolerance",0.066485199008735,"","",FALSE,"Gaussian"
"saddle-disk-rep3-n240-r16","saddle","disk",3,240,16,"geodesic",64,1,"supplied",4700601.99203527,4341443.16778498,0.00475373718961632,14,TRUE,"stress_tolerance",0.0689473508527799,"","",TRUE,"classical"
"saddle-disk-rep3-n240-r16","saddle","disk",3,240,16,"geodesic",64,2,"random",346134694.665084,4341477.26859935,0.00475377452888421,129,TRUE,"stress_tolerance",0.0689476216332674,"","",FALSE,"Gaussian"
"saddle-disk-rep3-n240-r16","saddle","disk",3,240,16,"geodesic",64,3,"random",378049762.332774,4341498.54380377,0.00475379782453189,113,TRUE,"stress_tolerance",0.0689477905703435,"","",FALSE,"Gaussian"
"saddle-disk-rep3-n240-r16","saddle","disk",3,240,16,"geodesic",8,1,"supplied",4806200.02190221,4430463.6426201,0.00465295818206106,12,TRUE,"stress_tolerance",0.0682125954795817,"","",TRUE,"classical"
"saddle-disk-rep3-n240-r16","saddle","disk",3,240,16,"geodesic",8,2,"random",358430997.001764,4430480.59115841,0.00465297598174217,130,TRUE,"stress_tolerance",0.0682127259515565,"","",FALSE,"Gaussian"
"saddle-disk-rep3-n240-r16","saddle","disk",3,240,16,"geodesic",8,3,"random",391146217.637885,4430483.36987238,0.00465297890000106,112,TRUE,"stress_tolerance",0.0682127473424218,"","",FALSE,"Gaussian"
"saddle-disk-rep3-n240-r2","saddle","disk",3,240,2,"ambient",128,1,"supplied",78.766615365593,45.304872696715,0.000158525452617791,24,TRUE,"stress_tolerance",0.0125906891240231,"","",TRUE,"classical"
"saddle-disk-rep3-n240-r2","saddle","disk",3,240,2,"ambient",128,2,"random",85656.4783711069,45.3170222308208,0.000158567964830685,119,TRUE,"stress_tolerance",0.0125923772509678,"","",FALSE,"Gaussian"
"saddle-disk-rep3-n240-r2","saddle","disk",3,240,2,"ambient",128,3,"random",92786.8162325341,45.3189087140967,0.000158574565789861,121,TRUE,"stress_tolerance",0.0125926393496306,"","",FALSE,"Gaussian"
"saddle-disk-rep3-n240-r2","saddle","disk",3,240,2,"ambient",16,1,"supplied",995.208253204355,651.904894172745,0.00177427143326678,36,TRUE,"stress_tolerance",0.0421221014820816,"","",TRUE,"classical"
"saddle-disk-rep3-n240-r2","saddle","disk",3,240,2,"ambient",16,2,"random",114839.823008501,651.911342085387,0.00177428898237143,177,TRUE,"stress_tolerance",0.0421223097938779,"","",FALSE,"Gaussian"
"saddle-disk-rep3-n240-r2","saddle","disk",3,240,2,"ambient",16,3,"random",124137.429343685,651.916115065955,0.00177430197285999,147,TRUE,"stress_tolerance",0.0421224639932186,"","",FALSE,"Gaussian"
"saddle-disk-rep3-n240-r2","saddle","disk",3,240,2,"ambient",239,1,"supplied",5.97727872926282e-25,1.51523689447003e-23,5.38146903600137e-29,1,TRUE,"stress_tolerance",7.33588005130929e-15,"","",TRUE,"classical"
"saddle-disk-rep3-n240-r2","saddle","disk",3,240,2,"ambient",239,2,"random",83883.0697710895,0.0247528856024462,8.79115918490349e-08,122,TRUE,"stress_tolerance",0.000296498890140427,"","",FALSE,"Gaussian"
"saddle-disk-rep3-n240-r2","saddle","disk",3,240,2,"ambient",239,3,"random",90997.7457445821,0.0257860479310357,9.15809395931126e-08,125,TRUE,"stress_tolerance",0.000302623428700521,"","",FALSE,"Gaussian"
"saddle-disk-rep3-n240-r2","saddle","disk",3,240,2,"ambient",32,1,"supplied",916.684432636806,602.426378795924,0.00169501426414439,31,TRUE,"stress_tolerance",0.0411705509332144,"","",TRUE,"classical"
"saddle-disk-rep3-n240-r2","saddle","disk",3,240,2,"ambient",32,2,"random",111180.896547084,602.443783173699,0.00169506323389343,170,TRUE,"stress_tolerance",0.0411711456470844,"","",FALSE,"Gaussian"
"saddle-disk-rep3-n240-r2","saddle","disk",3,240,2,"ambient",32,3,"random",120186.440282033,602.444354509202,0.00169506484142899,143,TRUE,"stress_tolerance",0.0411711651696792,"","",FALSE,"Gaussian"
"saddle-disk-rep3-n240-r2","saddle","disk",3,240,2,"ambient",4,1,"supplied",2031.07786501118,1274.56936733919,0.00238834737848799,89,TRUE,"stress_tolerance",0.0488707210759977,"","",FALSE,"classical"
"saddle-disk-rep3-n240-r2","saddle","disk",3,240,2,"ambient",4,2,"random",167850.352935338,1272.09916565211,0.00238371859964326,184,TRUE,"stress_tolerance",0.0488233407259606,"","",TRUE,"Gaussian"
"saddle-disk-rep3-n240-r2","saddle","disk",3,240,2,"ambient",4,3,"random",180252.136229071,1272.12415179121,0.00238376541983315,158,TRUE,"stress_tolerance",0.0488238202093316,"","",FALSE,"Gaussian"
"saddle-disk-rep3-n240-r2","saddle","disk",3,240,2,"ambient",64,1,"supplied",647.359707997973,553.033207348491,0.00178038548260983,25,TRUE,"stress_tolerance",0.0421946143792053,"","",TRUE,"classical"
"saddle-disk-rep3-n240-r2","saddle","disk",3,240,2,"ambient",64,2,"random",92993.0172118981,553.041492182205,0.00178041215406007,105,TRUE,"stress_tolerance",0.0421949304308001,"","",FALSE,"Gaussian"
"saddle-disk-rep3-n240-r2","saddle","disk",3,240,2,"ambient",64,3,"random",100197.547274128,553.03929528072,0.00178040508155256,105,TRUE,"stress_tolerance",0.0421948466231667,"","",FALSE,"Gaussian"
"saddle-disk-rep3-n240-r2","saddle","disk",3,240,2,"ambient",8,1,"supplied",1234.10568765882,789.318139413754,0.00195542434024251,40,TRUE,"stress_tolerance",0.0442201802375624,"","",FALSE,"classical"
"saddle-disk-rep3-n240-r2","saddle","disk",3,240,2,"ambient",8,2,"random",126080.139252961,789.325568965671,0.00195544274590928,180,TRUE,"stress_tolerance",0.0442203883509553,"","",FALSE,"Gaussian"
"saddle-disk-rep3-n240-r2","saddle","disk",3,240,2,"ambient",8,3,"random",136454.606664061,789.316269569659,0.00195541970796754,137,TRUE,"stress_tolerance",0.0442201278601452,"","",TRUE,"Gaussian"
"saddle-disk-rep3-n240-r2","saddle","disk",3,240,2,"geodesic",128,1,"supplied",957.130608191505,618.000925298663,0.00172576865827202,33,TRUE,"stress_tolerance",0.0415423718421569,"","",TRUE,"classical"
"saddle-disk-rep3-n240-r2","saddle","disk",3,240,2,"geodesic",128,2,"random",111960.363650216,618.027394454788,0.00172584257343652,183,TRUE,"stress_tolerance",0.0415432614684562,"","",FALSE,"Gaussian"
"saddle-disk-rep3-n240-r2","saddle","disk",3,240,2,"geodesic",128,3,"random",121003.43499676,618.029414832783,0.00172584821534558,153,TRUE,"stress_tolerance",0.0415433293724225,"","",FALSE,"Gaussian"
"saddle-disk-rep3-n240-r2","saddle","disk",3,240,2,"geodesic",16,1,"supplied",1008.25137895893,657.988022643322,0.00178141659534217,39,TRUE,"stress_tolerance",0.0422068311454697,"","",TRUE,"classical"
"saddle-disk-rep3-n240-r2","saddle","disk",3,240,2,"geodesic",16,2,"random",115360.800694601,657.994921778366,0.00178143527384883,181,TRUE,"stress_tolerance",0.0422070524183915,"","",FALSE,"Gaussian"
"saddle-disk-rep3-n240-r2","saddle","disk",3,240,2,"geodesic",16,3,"random",124686.316440415,657.998337262806,0.00178144452082666,152,TRUE,"stress_tolerance",0.0422071619612914,"","",FALSE,"Gaussian"
"saddle-disk-rep3-n240-r2","saddle","disk",3,240,2,"geodesic",239,1,"supplied",956.760206538176,617.290795950792,0.00172398530624537,33,TRUE,"stress_tolerance",0.0415209020403622,"","",TRUE,"classical"
"saddle-disk-rep3-n240-r2","saddle","disk",3,240,2,"geodesic",239,2,"random",111943.582323321,617.317488973309,0.001724059855192,183,TRUE,"stress_tolerance",0.0415217997585844,"","",FALSE,"Gaussian"
"saddle-disk-rep3-n240-r2","saddle","disk",3,240,2,"geodesic",239,3,"random",120986.462100149,617.319414170608,0.00172406523193158,153,TRUE,"stress_tolerance",0.0415218645045183,"","",FALSE,"Gaussian"
"saddle-disk-rep3-n240-r2","saddle","disk",3,240,2,"geodesic",32,1,"supplied",960.721017658825,623.132125523125,0.0017281414952253,35,TRUE,"stress_tolerance",0.0415709212698647,"","",TRUE,"classical"
"saddle-disk-rep3-n240-r2","saddle","disk",3,240,2,"geodesic",32,2,"random",112724.712059322,623.149017175712,0.00172818834109404,184,TRUE,"stress_tolerance",0.041571484711206,"","",FALSE,"Gaussian"
"saddle-disk-rep3-n240-r2","saddle","disk",3,240,2,"geodesic",32,3,"random",121821.499448364,623.150079402912,0.00172819128698437,155,TRUE,"stress_tolerance",0.0415715201428139,"","",FALSE,"Gaussian"
"saddle-disk-rep3-n240-r2","saddle","disk",3,240,2,"geodesic",4,1,"supplied",2029.59069674203,1273.59431176887,0.00238125347211411,88,TRUE,"stress_tolerance",0.0487980888162038,"","",FALSE,"classical"
"saddle-disk-rep3-n240-r2","saddle","disk",3,240,2,"geodesic",4,2,"random",168172.343074234,1271.12584494882,0.00237663815220279,184,TRUE,"stress_tolerance",0.0487507759138539,"","",TRUE,"Gaussian"
"saddle-disk-rep3-n240-r2","saddle","disk",3,240,2,"geodesic",4,3,"random",180591.810115062,1271.14744412179,0.0023766785364171,159,TRUE,"stress_tolerance",0.0487511901025721,"","",FALSE,"Gaussian"
"saddle-disk-rep3-n240-r2","saddle","disk",3,240,2,"geodesic",64,1,"supplied",956.896583212325,618.886685210008,0.00172678806357834,33,TRUE,"stress_tolerance",0.0415546394952279,"","",TRUE,"classical"
"saddle-disk-rep3-n240-r2","saddle","disk",3,240,2,"geodesic",64,2,"random",112052.673228995,618.913530060184,0.00172686296479686,183,TRUE,"stress_tolerance",0.041555540723192,"","",FALSE,"Gaussian"
"saddle-disk-rep3-n240-r2","saddle","disk",3,240,2,"geodesic",64,3,"random",121102.094967707,618.915691538659,0.00172686899565085,153,TRUE,"stress_tolerance",0.0415556132869059,"","",FALSE,"Gaussian"
"saddle-disk-rep3-n240-r2","saddle","disk",3,240,2,"geodesic",8,1,"supplied",1243.91954743666,793.931381761144,0.0019616756326013,40,TRUE,"stress_tolerance",0.0442908075406318,"","",TRUE,"classical"
"saddle-disk-rep3-n240-r2","saddle","disk",3,240,2,"geodesic",8,2,"random",126393.426745674,793.93894925642,0.00196169433065433,182,TRUE,"stress_tolerance",0.0442910186229028,"","",FALSE,"Gaussian"
"saddle-disk-rep3-n240-r2","saddle","disk",3,240,2,"geodesic",8,3,"random",136773.398107407,793.934753036444,0.00196168396247559,139,TRUE,"stress_tolerance",0.0442909015766847,"","",FALSE,"Gaussian"
"saddle-disk-rep3-n240-r32","saddle","disk",3,240,32,"ambient",128,1,"supplied",1093.60737165154,898.037489775582,8.06761673493056e-08,2,TRUE,"stress_tolerance",0.000284035503681517,"","",TRUE,"classical"
"saddle-disk-rep3-n240-r32","saddle","disk",3,240,32,"ambient",128,2,"random",4762231461.84417,25908.1892179019,2.32749014696843e-06,519,TRUE,"stress_tolerance",0.00152561140103717,"","",FALSE,"Gaussian"
"saddle-disk-rep3-n240-r32","saddle","disk",3,240,32,"ambient",128,3,"random",5106013678.81998,28178.6633373971,2.53146064053038e-06,501,TRUE,"stress_tolerance",0.00159105645422669,"","",FALSE,"Gaussian"
"saddle-disk-rep3-n240-r32","saddle","disk",3,240,32,"ambient",16,1,"supplied",970780.654050919,144717.454448944,1.2814602838134e-05,78,TRUE,"stress_tolerance",0.00357974899094055,"","",FALSE,"classical"
"saddle-disk-rep3-n240-r32","saddle","disk",3,240,32,"ambient",16,2,"random",4810508783.59385,139664.685943819,1.23671846474757e-05,485,TRUE,"stress_tolerance",0.00351670081859142,"","",TRUE,"Gaussian"
"saddle-disk-rep3-n240-r32","saddle","disk",3,240,32,"ambient",16,3,"random",5156512878.09904,199537.971015215,1.76689111857558e-05,669,TRUE,"stress_tolerance",0.00420344039874028,"","",FALSE,"Gaussian"
"saddle-disk-rep3-n240-r32","saddle","disk",3,240,32,"ambient",239,1,"supplied",1.38265510949439e-20,8.32603606639474e-19,7.48051864506757e-29,1,TRUE,"stress_tolerance",8.64989051833379e-15,"","",TRUE,"classical"
"saddle-disk-rep3-n240-r32","saddle","disk",3,240,32,"ambient",239,2,"random",4761718900.91792,25812.3814029862,2.31911078475839e-06,519,TRUE,"stress_tolerance",0.00152286269399593,"","",FALSE,"Gaussian"
"saddle-disk-rep3-n240-r32","saddle","disk",3,240,32,"ambient",239,3,"random",5105482020.76924,28088.4407959908,2.52360310968805e-06,501,TRUE,"stress_tolerance",0.00158858525414729,"","",FALSE,"Gaussian"
"saddle-disk-rep3-n240-r32","saddle","disk",3,240,32,"ambient",32,1,"supplied",298890.606153587,28624.3907763863,2.56291136330424e-06,48,TRUE,"stress_tolerance",0.0016009095425132,"","",TRUE,"classical"
"saddle-disk-rep3-n240-r32","saddle","disk",3,240,32,"ambient",32,2,"random",4772830241.40867,44204.0002131311,3.95784613670087e-06,519,TRUE,"stress_tolerance",0.00198943362209123,"","",FALSE,"Gaussian"
"saddle-disk-rep3-n240-r32","saddle","disk",3,240,32,"ambient",32,3,"random",5117305262.71063,52508.1899142578,4.70136945967091e-06,505,TRUE,"stress_tolerance",0.00216826415818671,"","",FALSE,"Gaussian"
"saddle-disk-rep3-n240-r32","saddle","disk",3,240,32,"ambient",4,1,"supplied",5246179.56207255,2044097.29146536,0.000134632727518498,373,TRUE,"stress_tolerance",0.0116031343833684,"","",TRUE,"classical"
"saddle-disk-rep3-n240-r32","saddle","disk",3,240,32,"ambient",4,2,"random",6317310001.26482,2125418.41595572,0.000139988874136724,390,TRUE,"stress_tolerance",0.011831689403324,"","",FALSE,"Gaussian"
"saddle-disk-rep3-n240-r32","saddle","disk",3,240,32,"ambient",4,3,"random",6777967332.51518,2152442.66961012,0.000141768803592057,383,TRUE,"stress_tolerance",0.0119066705502446,"","",FALSE,"Gaussian"
"saddle-disk-rep3-n240-r32","saddle","disk",3,240,32,"ambient",64,1,"supplied",55876.17998971,3516.28922935647,3.1572835117174e-07,26,TRUE,"stress_tolerance",0.000561897100167805,"","",TRUE,"classical"
"saddle-disk-rep3-n240-r32","saddle","disk",3,240,32,"ambient",64,2,"random",4763949830.93419,27581.9867556925,2.47659240534356e-06,518,TRUE,"stress_tolerance",0.00157371929051839,"","",FALSE,"Gaussian"
"saddle-disk-rep3-n240-r32","saddle","disk",3,240,32,"ambient",64,3,"random",5107797172.75703,29589.5116922333,2.65684849260125e-06,497,TRUE,"stress_tolerance",0.00162998420010974,"","",FALSE,"Gaussian"
"saddle-disk-rep3-n240-r32","saddle","disk",3,240,32,"ambient",8,1,"supplied",1976563.32098024,520325.960893763,4.17102414326812e-05,300,TRUE,"stress_tolerance",0.00645834664853841,"","",TRUE,"classical"
"saddle-disk-rep3-n240-r32","saddle","disk",3,240,32,"ambient",8,2,"random",5294582417.13581,552586.911355889,4.42963357922855e-05,335,TRUE,"stress_tolerance",0.00665554924798034,"","",FALSE,"Gaussian"
"saddle-disk-rep3-n240-r32","saddle","disk",3,240,32,"ambient",8,3,"random",5683924712.64718,557035.960094326,4.46529793407012e-05,399,TRUE,"stress_tolerance",0.0066822884808056,"","",FALSE,"Gaussian"
"saddle-disk-rep3-n240-r32","saddle","disk",3,240,32,"geodesic",128,1,"supplied",78704433.3103046,73771295.4354852,0.00510518582362205,12,TRUE,"stress_tolerance",0.0714505830880484,"","",TRUE,"classical"
"saddle-disk-rep3-n240-r32","saddle","disk",3,240,32,"geodesic",128,2,"random",5536957270.74684,73771764.0740119,0.00510521825475599,127,TRUE,"stress_tolerance",0.0714508100356882,"","",FALSE,"Gaussian"
"saddle-disk-rep3-n240-r32","saddle","disk",3,240,32,"geodesic",128,3,"random",6049840784.95632,73771765.479611,0.00510521835202749,113,TRUE,"stress_tolerance",0.0714508107163771,"","",FALSE,"Gaussian"
"saddle-disk-rep3-n240-r32","saddle","disk",3,240,32,"geodesic",16,1,"supplied",78579171.5024114,73599041.7474379,0.00508317282703754,12,TRUE,"stress_tolerance",0.0712963731688895,"","",TRUE,"classical"
"saddle-disk-rep3-n240-r32","saddle","disk",3,240,32,"geodesic",16,2,"random",5544728029.52838,73599495.4137347,0.0050832041598394,127,TRUE,"stress_tolerance",0.0712965929048456,"","",FALSE,"Gaussian"
"saddle-disk-rep3-n240-r32","saddle","disk",3,240,32,"geodesic",16,3,"random",6058135943.73871,73599474.3804458,0.00508320270715959,113,TRUE,"stress_tolerance",0.0712965827172632,"","",FALSE,"Gaussian"
"saddle-disk-rep3-n240-r32","saddle","disk",3,240,32,"geodesic",239,1,"supplied",78703504.3827185,73770213.2814488,0.0051051194885831,12,TRUE,"stress_tolerance",0.0714501188843175,"","",TRUE,"classical"
"saddle-disk-rep3-n240-r32","saddle","disk",3,240,32,"geodesic",239,2,"random",5536946498.96649,73770681.9540644,0.00510515192213042,127,TRUE,"stress_tolerance",0.0714503458503206,"","",FALSE,"Gaussian"
"saddle-disk-rep3-n240-r32","saddle","disk",3,240,32,"geodesic",239,3,"random",6049829267.96531,73770683.3831924,0.00510515202103036,113,TRUE,"stress_tolerance",0.0714503465424089,"","",FALSE,"Gaussian"
"saddle-disk-rep3-n240-r32","saddle","disk",3,240,32,"geodesic",32,1,"supplied",78698352.7203115,73762337.7506664,0.00510352319416705,12,TRUE,"stress_tolerance",0.071438947319841,"","",TRUE,"classical"
"saddle-disk-rep3-n240-r32","saddle","disk",3,240,32,"geodesic",32,2,"random",5537792039.0907,73762803.6064531,0.00510355542614186,127,TRUE,"stress_tolerance",0.0714391729105387,"","",FALSE,"Gaussian"
"saddle-disk-rep3-n240-r32","saddle","disk",3,240,32,"geodesic",32,3,"random",6050737839.0553,73762790.2839803,0.00510355450437676,113,TRUE,"stress_tolerance",0.0714391664591403,"","",FALSE,"Gaussian"
"saddle-disk-rep3-n240-r32","saddle","disk",3,240,32,"geodesic",4,1,"supplied",82142736.9883784,76217318.9411086,0.00476828392821105,12,TRUE,"stress_tolerance",0.0690527619158788,"","",TRUE,"classical"
"saddle-disk-rep3-n240-r32","saddle","disk",3,240,32,"geodesic",4,2,"random",6018036459.86025,76217877.7761953,0.00476831888987593,129,TRUE,"stress_tolerance",0.0690530150672359,"","",FALSE,"Gaussian"
"saddle-disk-rep3-n240-r32","saddle","disk",3,240,32,"geodesic",4,3,"random",6585510912.25939,76217950.4892555,0.00476832343892752,110,TRUE,"stress_tolerance",0.0690530480060626,"","",FALSE,"Gaussian"
"saddle-disk-rep3-n240-r32","saddle","disk",3,240,32,"geodesic",64,1,"supplied",78705843.5705148,73773112.3658014,0.0051052181807419,12,TRUE,"stress_tolerance",0.071450809517751,"","",TRUE,"classical"
"saddle-disk-rep3-n240-r32","saddle","disk",3,240,32,"geodesic",64,2,"random",5537040337.07187,73773581.2810279,0.00510525063043072,127,TRUE,"stress_tolerance",0.071451036594515,"","",FALSE,"Gaussian"
"saddle-disk-rep3-n240-r32","saddle","disk",3,240,32,"geodesic",64,3,"random",6049930453.69686,73773582.4565765,0.00510525071178058,113,TRUE,"stress_tolerance",0.0714510371637848,"","",FALSE,"Gaussian"
"saddle-disk-rep3-n240-r32","saddle","disk",3,240,32,"geodesic",8,1,"supplied",78654602.0859724,73555253.5835632,0.00502215714230572,12,TRUE,"stress_tolerance",0.0708671795848103,"","",TRUE,"classical"
"saddle-disk-rep3-n240-r32","saddle","disk",3,240,32,"geodesic",8,2,"random",5592593739.54982,73555795.7661308,0.00502219416108985,127,TRUE,"stress_tolerance",0.0708674407685916,"","",FALSE,"Gaussian"
"saddle-disk-rep3-n240-r32","saddle","disk",3,240,32,"geodesic",8,3,"random",6109594973.1739,73555842.1441697,0.00502219732765904,112,TRUE,"stress_tolerance",0.0708674631100839,"","",FALSE,"Gaussian"
"saddle-disk-rep3-n240-r4","saddle","disk",3,240,4,"ambient",128,1,"supplied",160.098589191685,56.8069249346967,1.78865288190144e-05,28,TRUE,"stress_tolerance",0.00422924683827037,"","",TRUE,"classical"
"saddle-disk-rep3-n240-r4","saddle","disk",3,240,4,"ambient",128,2,"random",1131847.35066819,57.4490634016917,1.80887159328021e-05,235,TRUE,"stress_tolerance",0.00425308310908783,"","",FALSE,"Gaussian"
"saddle-disk-rep3-n240-r4","saddle","disk",3,240,4,"ambient",128,3,"random",1224938.83283481,57.5034956064773,1.81058547446758e-05,240,TRUE,"stress_tolerance",0.00425509750119571,"","",FALSE,"Gaussian"
"saddle-disk-rep3-n240-r4","saddle","disk",3,240,4,"ambient",16,1,"supplied",16834.3550754335,12742.6541078424,0.00301956553686093,33,TRUE,"stress_tolerance",0.0549505735808182,"","",TRUE,"classical"
"saddle-disk-rep3-n240-r4","saddle","disk",3,240,4,"ambient",16,2,"random",1455159.35461766,12743.0254027034,0.00301965352082069,153,TRUE,"stress_tolerance",0.0549513741486115,"","",FALSE,"Gaussian"
"saddle-disk-rep3-n240-r4","saddle","disk",3,240,4,"ambient",16,3,"random",1586070.99976848,12743.0347753861,0.00301965574182029,136,TRUE,"stress_tolerance",0.0549513943573799,"","",FALSE,"Gaussian"
"saddle-disk-rep3-n240-r4","saddle","disk",3,240,4,"ambient",239,1,"supplied",4.07044229249696e-24,1.98889897351989e-22,6.29593233724277e-29,1,TRUE,"stress_tolerance",7.93411460808946e-15,"","",TRUE,"classical"
"saddle-disk-rep3-n240-r4","saddle","disk",3,240,4,"ambient",239,2,"random",1124540.62357273,0.90085715700039,2.85169623068269e-07,238,TRUE,"stress_tolerance",0.000534012755535019,"","",FALSE,"Gaussian"
"saddle-disk-rep3-n240-r4","saddle","disk",3,240,4,"ambient",239,3,"random",1217418.90370036,0.950256546148527,3.00807180114587e-07,241,TRUE,"stress_tolerance",0.000548458913794582,"","",FALSE,"Gaussian"
"saddle-disk-rep3-n240-r4","saddle","disk",3,240,4,"ambient",32,1,"supplied",8393.49993620653,4765.3764221952,0.00140397528749346,43,TRUE,"stress_tolerance",0.0374696582249352,"","",TRUE,"classical"
"saddle-disk-rep3-n240-r4","saddle","disk",3,240,4,"ambient",32,2,"random",1170105.39932346,4765.77482631811,0.00140409266532334,186,TRUE,"stress_tolerance",0.0374712244972504,"","",FALSE,"Gaussian"
"saddle-disk-rep3-n240-r4","saddle","disk",3,240,4,"ambient",32,3,"random",1266114.95759596,4765.7563373444,0.00140408721810157,184,TRUE,"stress_tolerance",0.0374711518117812,"","",FALSE,"Gaussian"
"saddle-disk-rep3-n240-r4","saddle","disk",3,240,4,"ambient",4,1,"supplied",26152.173617508,19088.4932513155,0.00340346647704836,97,TRUE,"stress_tolerance",0.0583392361712798,"","",TRUE,"classical"
"saddle-disk-rep3-n240-r4","saddle","disk",3,240,4,"ambient",4,2,"random",1915990.03144827,19110.7500775729,0.00340743485533026,223,TRUE,"stress_tolerance",0.058373237492281,"","",FALSE,"Gaussian"
"saddle-disk-rep3-n240-r4","saddle","disk",3,240,4,"ambient",4,3,"random",2075040.52147823,19131.3727576341,0.00341111186636151,186,TRUE,"stress_tolerance",0.0584047246921132,"","",FALSE,"Gaussian"
"saddle-disk-rep3-n240-r4","saddle","disk",3,240,4,"ambient",64,1,"supplied",2794.35970181798,1087.14459483196,0.000335565164848931,41,TRUE,"stress_tolerance",0.0183184378386624,"","",TRUE,"classical"
"saddle-disk-rep3-n240-r4","saddle","disk",3,240,4,"ambient",64,2,"random",1149089.80916952,1087.63985156016,0.000335718034031586,221,TRUE,"stress_tolerance",0.0183226099132082,"","",FALSE,"Gaussian"
"saddle-disk-rep3-n240-r4","saddle","disk",3,240,4,"ambient",64,3,"random",1242335.49384985,1087.67458255438,0.000335728754327541,225,TRUE,"stress_tolerance",0.018322902453693,"","",FALSE,"Gaussian"
"saddle-disk-rep3-n240-r4","saddle","disk",3,240,4,"ambient",8,1,"supplied",20183.012192732,14739.5688596233,0.00322796712071702,77,TRUE,"stress_tolerance",0.0568152014932363,"","",FALSE,"classical"
"saddle-disk-rep3-n240-r4","saddle","disk",3,240,4,"ambient",8,2,"random",1576338.81250099,14742.6643917215,0.00322864504257005,148,TRUE,"stress_tolerance",0.0568211672052773,"","",FALSE,"Gaussian"
"saddle-disk-rep3-n240-r4","saddle","disk",3,240,4,"ambient",8,3,"random",1717556.21942214,14736.8628347404,0.00322737450098486,227,TRUE,"stress_tolerance",0.0568099859266387,"","",TRUE,"Gaussian"
"saddle-disk-rep3-n240-r4","saddle","disk",3,240,4,"geodesic",128,1,"supplied",15997.539547305,12240.9302921011,0.00294707553288594,30,TRUE,"stress_tolerance",0.0542869738785092,"","",TRUE,"classical"
"saddle-disk-rep3-n240-r4","saddle","disk",3,240,4,"geodesic",128,2,"random",1433468.94086276,12241.1749264768,0.00294713443004211,151,TRUE,"stress_tolerance",0.0542875163370188,"","",FALSE,"Gaussian"
"saddle-disk-rep3-n240-r4","saddle","disk",3,240,4,"geodesic",128,3,"random",1560919.81030732,12241.2932298745,0.00294716291227676,132,TRUE,"stress_tolerance",0.0542877786640485,"","",FALSE,"Gaussian"
"saddle-disk-rep3-n240-r4","saddle","disk",3,240,4,"geodesic",16,1,"supplied",16778.4390610152,12700.5082234243,0.00298877057559617,33,TRUE,"stress_tolerance",0.0546696494921653,"","",TRUE,"classical"
"saddle-disk-rep3-n240-r4","saddle","disk",3,240,4,"geodesic",16,2,"random",1462393.55465472,12700.9244505221,0.00298886852500739,157,TRUE,"stress_tolerance",0.0546705453147065,"","",FALSE,"Gaussian"
"saddle-disk-rep3-n240-r4","saddle","disk",3,240,4,"geodesic",16,3,"random",1593729.20120494,12700.9476701356,0.00298887398920588,137,TRUE,"stress_tolerance",0.0546705952885633,"","",FALSE,"Gaussian"
"saddle-disk-rep3-n240-r4","saddle","disk",3,240,4,"geodesic",239,1,"supplied",15991.1867794806,12232.2014296652,0.00294517200528692,30,TRUE,"stress_tolerance",0.0542694389623377,"","",TRUE,"classical"
"saddle-disk-rep3-n240-r4","saddle","disk",3,240,4,"geodesic",239,2,"random",1433349.16784737,12232.4465149999,0.00294523101498119,151,TRUE,"stress_tolerance",0.0542699826329549,"","",FALSE,"Gaussian"
"saddle-disk-rep3-n240-r4","saddle","disk",3,240,4,"geodesic",239,3,"random",1560794.54969709,12232.5586939696,0.00294525802453977,132,TRUE,"stress_tolerance",0.0542702314767477,"","",FALSE,"Gaussian"
"saddle-disk-rep3-n240-r4","saddle","disk",3,240,4,"geodesic",32,1,"supplied",16023.316691945,12270.3982831001,0.00294322728340117,30,TRUE,"stress_tolerance",0.0542515187197663,"","",TRUE,"classical"
"saddle-disk-rep3-n240-r4","saddle","disk",3,240,4,"geodesic",32,2,"random",1438263.79269322,12270.6257274399,0.002943281839119,152,TRUE,"stress_tolerance",0.0542520215210366,"","",FALSE,"Gaussian"
"saddle-disk-rep3-n240-r4","saddle","disk",3,240,4,"geodesic",32,3,"random",1566031.19327169,12270.7466465739,0.00294331084327079,131,TRUE,"stress_tolerance",0.0542522888297885,"","",FALSE,"Gaussian"
"saddle-disk-rep3-n240-r4","saddle","disk",3,240,4,"geodesic",4,1,"supplied",26572.7799174749,19176.4391993267,0.00344021122738268,149,TRUE,"stress_tolerance",0.0586533138653112,"","",TRUE,"classical"
"saddle-disk-rep3-n240-r4","saddle","disk",3,240,4,"geodesic",4,2,"random",1904032.53316506,19197.8041457666,0.00344404405201978,223,TRUE,"stress_tolerance",0.0586859783254889,"","",FALSE,"Gaussian"
"saddle-disk-rep3-n240-r4","saddle","disk",3,240,4,"geodesic",4,3,"random",2063617.53353928,19212.7174033804,0.00344671945780009,190,TRUE,"stress_tolerance",0.0587087681509336,"","",FALSE,"Gaussian"
"saddle-disk-rep3-n240-r4","saddle","disk",3,240,4,"geodesic",64,1,"supplied",15994.0610103334,12246.3844651456,0.0029471372515673,30,TRUE,"stress_tolerance",0.0542875423238823,"","",TRUE,"classical"
"saddle-disk-rep3-n240-r4","saddle","disk",3,240,4,"geodesic",64,2,"random",1433987.66116622,12246.6295725671,0.00294719623756554,151,TRUE,"stress_tolerance",0.0542880855949585,"","",FALSE,"Gaussian"
"saddle-disk-rep3-n240-r4","saddle","disk",3,240,4,"geodesic",64,3,"random",1561468.34187313,12246.7504393552,0.00294722532460057,132,TRUE,"stress_tolerance",0.0542883534894969,"","",FALSE,"Gaussian"
"saddle-disk-rep3-n240-r4","saddle","disk",3,240,4,"geodesic",8,1,"supplied",20337.7950583457,14815.0599317682,0.00323799149600174,74,TRUE,"stress_tolerance",0.0569033522387014,"","",TRUE,"classical"
"saddle-disk-rep3-n240-r4","saddle","disk",3,240,4,"geodesic",8,2,"random",1577654.97053451,14818.8480463611,0.0032388194293948,150,TRUE,"stress_tolerance",0.0569106266824996,"","",FALSE,"Gaussian"
"saddle-disk-rep3-n240-r4","saddle","disk",3,240,4,"geodesic",8,3,"random",1718524.01907485,14818.1877878176,0.00323867512275284,149,TRUE,"stress_tolerance",0.0569093588327335,"","",FALSE,"Gaussian"
"saddle-disk-rep3-n240-r64","saddle","disk",3,240,64,"ambient",128,1,"supplied",2304.41418835571,2148.50391701114,1.20875983906263e-08,1,TRUE,"stress_tolerance",0.000109943614596973,"","",TRUE,"classical"
"saddle-disk-rep3-n240-r64","saddle","disk",3,240,64,"ambient",128,2,"random",76488590520.0273,495333.404891242,2.78677233044847e-06,258,TRUE,"stress_tolerance",0.0016693628516457,"","",FALSE,"Gaussian"
"saddle-disk-rep3-n240-r64","saddle","disk",3,240,64,"ambient",128,3,"random",81978620610.1142,458907.797510713,2.58183990762889e-06,200,TRUE,"stress_tolerance",0.00160681047657619,"","",FALSE,"Gaussian"
"saddle-disk-rep3-n240-r64","saddle","disk",3,240,64,"ambient",16,1,"supplied",2182971.53756027,249618.76065859,1.39532105919115e-06,50,TRUE,"stress_tolerance",0.00118123708847829,"","",TRUE,"classical"
"saddle-disk-rep3-n240-r64","saddle","disk",3,240,64,"ambient",16,2,"random",76874113436.3337,654821.505028268,3.66032678620201e-06,263,TRUE,"stress_tolerance",0.00191319805200825,"","",FALSE,"Gaussian"
"saddle-disk-rep3-n240-r64","saddle","disk",3,240,64,"ambient",16,3,"random",82382355820.62,701527.076045759,3.92140198203389e-06,193,TRUE,"stress_tolerance",0.00198025300960254,"","",FALSE,"Gaussian"
"saddle-disk-rep3-n240-r64","saddle","disk",3,240,64,"ambient",239,1,"supplied",4.64637491370836e-19,1.38372234426765e-17,7.78508827370554e-29,1,TRUE,"stress_tolerance",8.82015719199733e-15,"","",TRUE,"classical"
"saddle-disk-rep3-n240-r64","saddle","disk",3,240,64,"ambient",239,2,"random",76486528054.2692,495276.654529684,2.78652179853311e-06,258,TRUE,"stress_tolerance",0.00166928781177462,"","",FALSE,"Gaussian"
"saddle-disk-rep3-n240-r64","saddle","disk",3,240,64,"ambient",239,3,"random",81976481454.3159,458773.786231817,2.58114963473189e-06,200,TRUE,"stress_tolerance",0.00160659566622658,"","",FALSE,"Gaussian"
"saddle-disk-rep3-n240-r64","saddle","disk",3,240,64,"ambient",32,1,"supplied",636125.077683922,73867.7105571913,4.15201452692853e-07,34,TRUE,"stress_tolerance",0.00064436127498341,"","",TRUE,"classical"
"saddle-disk-rep3-n240-r64","saddle","disk",3,240,64,"ambient",32,2,"random",76535266419.4366,517376.996153167,2.90811342022494e-06,253,TRUE,"stress_tolerance",0.00170531915494759,"","",FALSE,"Gaussian"
"saddle-disk-rep3-n240-r64","saddle","disk",3,240,64,"ambient",32,3,"random",82027093206.0519,489399.622060988,2.75085598963745e-06,195,TRUE,"stress_tolerance",0.00165857046568531,"","",FALSE,"Gaussian"
"saddle-disk-rep3-n240-r64","saddle","disk",3,240,64,"ambient",4,1,"supplied",17617847.5285085,4867448.37841511,2.10176811629204e-05,240,TRUE,"stress_tolerance",0.00458450446209036,"","",TRUE,"classical"
"saddle-disk-rep3-n240-r64","saddle","disk",3,240,64,"ambient",4,2,"random",98289991334.0888,5092163.64330652,2.19880034802301e-05,373,TRUE,"stress_tolerance",0.00468913675213643,"","",FALSE,"Gaussian"
"saddle-disk-rep3-n240-r64","saddle","disk",3,240,64,"ambient",4,3,"random",105190748090.345,4936008.88575264,2.13137259838534e-05,386,TRUE,"stress_tolerance",0.00461667910774178,"","",FALSE,"Gaussian"
"saddle-disk-rep3-n240-r64","saddle","disk",3,240,64,"ambient",64,1,"supplied",126517.051175936,20100.9134163887,1.13074237120817e-07,17,TRUE,"stress_tolerance",0.000336265129214334,"","",TRUE,"classical"
"saddle-disk-rep3-n240-r64","saddle","disk",3,240,64,"ambient",64,2,"random",76495529179.5149,493885.273547939,2.77826680682616e-06,257,TRUE,"stress_tolerance",0.00166681336892658,"","",FALSE,"Gaussian"
"saddle-disk-rep3-n240-r64","saddle","disk",3,240,64,"ambient",64,3,"random",81985782317.1173,457492.53240758,2.57354569013171e-06,200,TRUE,"stress_tolerance",0.00160422744339381,"","",FALSE,"Gaussian"
"saddle-disk-rep3-n240-r64","saddle","disk",3,240,64,"ambient",8,1,"supplied",9288484.39193311,1421252.99207279,7.5853493205727e-06,158,TRUE,"stress_tolerance",0.00275415128861488,"","",FALSE,"classical"
"saddle-disk-rep3-n240-r64","saddle","disk",3,240,64,"ambient",8,2,"random",80194482072.8842,1420838.01137295,7.58313453292604e-06,267,TRUE,"stress_tolerance",0.00275374917756361,"","",TRUE,"Gaussian"
"saddle-disk-rep3-n240-r64","saddle","disk",3,240,64,"ambient",8,3,"random",85948040842.3017,1492776.11970984,7.96707439742593e-06,361,TRUE,"stress_tolerance",0.00282260064434063,"","",FALSE,"Gaussian"
"saddle-disk-rep3-n240-r64","saddle","disk",3,240,64,"geodesic",128,1,"supplied",1283951889.1423,1208972696.80483,0.0052462203810485,12,TRUE,"stress_tolerance",0.0724307971863385,"","",TRUE,"classical"
"saddle-disk-rep3-n240-r64","saddle","disk",3,240,64,"geodesic",128,2,"random",88635524571.3742,1208979520.70939,0.00524624999272398,127,TRUE,"stress_tolerance",0.072431001599619,"","",FALSE,"Gaussian"
"saddle-disk-rep3-n240-r64","saddle","disk",3,240,64,"geodesic",128,3,"random",96859996137.8517,1208979795.81801,0.00524625118653129,113,TRUE,"stress_tolerance",0.0724310098406151,"","",FALSE,"Gaussian"
"saddle-disk-rep3-n240-r64","saddle","disk",3,240,64,"geodesic",16,1,"supplied",1282819495.92299,1207579762.97012,0.00523678143028001,12,TRUE,"stress_tolerance",0.0723656094445425,"","",TRUE,"classical"
"saddle-disk-rep3-n240-r64","saddle","disk",3,240,64,"geodesic",16,2,"random",88672144552.7127,1207586627.90062,0.00523681120068662,127,TRUE,"stress_tolerance",0.0723658151386872,"","",FALSE,"Gaussian"
"saddle-disk-rep3-n240-r64","saddle","disk",3,240,64,"geodesic",16,3,"random",96898783499.1731,1207586889.44897,0.00523681233491524,113,TRUE,"stress_tolerance",0.0723658229754573,"","",FALSE,"Gaussian"
"saddle-disk-rep3-n240-r64","saddle","disk",3,240,64,"geodesic",239,1,"supplied",1283948092.82032,1208968296.21454,0.00524620349058429,12,TRUE,"stress_tolerance",0.0724306805889903,"","",TRUE,"classical"
"saddle-disk-rep3-n240-r64","saddle","disk",3,240,64,"geodesic",239,2,"random",88635481385.2432,1208975120.06655,0.00524623310204418,127,TRUE,"stress_tolerance",0.0724308850011112,"","",FALSE,"Gaussian"
"saddle-disk-rep3-n240-r64","saddle","disk",3,240,64,"geodesic",239,3,"random",96859949910.1719,1208975395.18132,0.0052462342958787,113,TRUE,"stress_tolerance",0.0724308932423088,"","",FALSE,"Gaussian"
"saddle-disk-rep3-n240-r64","saddle","disk",3,240,64,"geodesic",32,1,"supplied",1283817492.9613,1208815047.86305,0.00524523490840098,12,TRUE,"stress_tolerance",0.0724239940102789,"","",TRUE,"classical"
"saddle-disk-rep3-n240-r64","saddle","disk",3,240,64,"geodesic",32,2,"random",88638884409.1647,1208821877.82239,0.00524526454464783,127,TRUE,"stress_tolerance",0.072424198612396,"","",FALSE,"Gaussian"
"saddle-disk-rep3-n240-r64","saddle","disk",3,240,64,"geodesic",32,3,"random",96863554297.0459,1208822143.33068,0.00524526569672924,113,TRUE,"stress_tolerance",0.0724242065661006,"","",FALSE,"Gaussian"
"saddle-disk-rep3-n240-r64","saddle","disk",3,240,64,"geodesic",4,1,"supplied",1306250221.24195,1222459307.46474,0.00504106298247806,12,TRUE,"stress_tolerance",0.0710004435371931,"","",TRUE,"classical"
"saddle-disk-rep3-n240-r64","saddle","disk",3,240,64,"geodesic",4,2,"random",92249984229.0281,1222467909.81519,0.00504109845604366,127,TRUE,"stress_tolerance",0.0710006933490346,"","",FALSE,"Gaussian"
"saddle-disk-rep3-n240-r64","saddle","disk",3,240,64,"geodesic",4,3,"random",100897540952.083,1222468023.91945,0.00504109892657609,111,TRUE,"stress_tolerance",0.071000696662611,"","",FALSE,"Gaussian"
"saddle-disk-rep3-n240-r64","saddle","disk",3,240,64,"geodesic",64,1,"supplied",1283958295.10452,1208980954.67173,0.00524623115560262,12,TRUE,"stress_tolerance",0.0724308715645661,"","",TRUE,"classical"
"saddle-disk-rep3-n240-r64","saddle","disk",3,240,64,"geodesic",64,2,"random",88635875476.4257,1208987778.5712,0.00524626076711458,127,TRUE,"stress_tolerance",0.0724310759765072,"","",FALSE,"Gaussian"
"saddle-disk-rep3-n240-r64","saddle","disk",3,240,64,"geodesic",64,3,"random",96860374225.4053,1208988054.2154,0.00524626196324029,113,TRUE,"stress_tolerance",0.0724310842334991,"","",FALSE,"Gaussian"
"saddle-disk-rep3-n240-r64","saddle","disk",3,240,64,"geodesic",8,1,"supplied",1281528794.48626,1205532210.41591,0.00520796629426267,12,TRUE,"stress_tolerance",0.0721662406826261,"","",TRUE,"classical"
"saddle-disk-rep3-n240-r64","saddle","disk",3,240,64,"geodesic",8,2,"random",88910786309.9884,1205539789.86333,0.00520799903789769,127,TRUE,"stress_tolerance",0.0721664675448208,"","",FALSE,"Gaussian"
"saddle-disk-rep3-n240-r64","saddle","disk",3,240,64,"geodesic",8,3,"random",97155661758.5487,1205541545.20001,0.00520800662104991,112,TRUE,"stress_tolerance",0.0721665200841079,"","",FALSE,"Gaussian"
"saddle-disk-rep3-n240-r8","saddle","disk",3,240,8,"ambient",128,1,"supplied",292.069288980942,64.9189075085063,1.43536201925442e-06,28,TRUE,"stress_tolerance",0.00119806594946174,"","",TRUE,"classical"
"saddle-disk-rep3-n240-r8","saddle","disk",3,240,8,"ambient",128,2,"random",18096606.1997917,99.3276551405854,2.19614206587991e-06,416,TRUE,"stress_tolerance",0.00148193861744881,"","",FALSE,"Gaussian"
"saddle-disk-rep3-n240-r8","saddle","disk",3,240,8,"ambient",128,3,"random",19480886.0276361,103.852662293395,2.29619032074536e-06,486,TRUE,"stress_tolerance",0.00151531855421601,"","",FALSE,"Gaussian"
"saddle-disk-rep3-n240-r8","saddle","disk",3,240,8,"ambient",16,1,"supplied",67617.8414756159,31511.5741420544,0.000660825110872254,167,TRUE,"stress_tolerance",0.0257065188400191,"","",TRUE,"classical"
"saddle-disk-rep3-n240-r8","saddle","disk",3,240,8,"ambient",16,2,"random",18431357.1933473,31643.0020947431,0.000663581269324247,411,TRUE,"stress_tolerance",0.0257600712212576,"","",FALSE,"Gaussian"
"saddle-disk-rep3-n240-r8","saddle","disk",3,240,8,"ambient",16,3,"random",19876168.6005662,31599.7920036488,0.000662675116140358,339,TRUE,"stress_tolerance",0.0257424768843318,"","",FALSE,"Gaussian"
"saddle-disk-rep3-n240-r8","saddle","disk",3,240,8,"ambient",239,1,"supplied",2.13912432778145e-23,3.02370755860916e-21,6.69550806816817e-29,1,TRUE,"stress_tolerance",8.18949969953424e-15,"","",TRUE,"classical"
"saddle-disk-rep3-n240-r8","saddle","disk",3,240,8,"ambient",239,2,"random",18065916.1105328,39.1161859701141,8.6616424929445e-07,417,TRUE,"stress_tolerance",0.000930679455720704,"","",FALSE,"Gaussian"
"saddle-disk-rep3-n240-r8","saddle","disk",3,240,8,"ambient",239,3,"random",19448983.8857421,45.9636172951277,1.01778946699224e-06,469,TRUE,"stress_tolerance",0.00100885552335225,"","",FALSE,"Gaussian"
"saddle-disk-rep3-n240-r8","saddle","disk",3,240,8,"ambient",32,1,"supplied",35384.4295991872,11590.7687385732,0.000250347541519366,90,TRUE,"stress_tolerance",0.015822374711761,"","",TRUE,"classical"
"saddle-disk-rep3-n240-r8","saddle","disk",3,240,8,"ambient",32,2,"random",18303248.8691709,11664.8219035063,0.000251947006421211,467,TRUE,"stress_tolerance",0.0158728386377868,"","",FALSE,"Gaussian"
"saddle-disk-rep3-n240-r8","saddle","disk",3,240,8,"ambient",32,3,"random",19703795.5847809,11692.9416700315,0.000252554361686116,367,TRUE,"stress_tolerance",0.0158919590260648,"","",FALSE,"Gaussian"
"saddle-disk-rep3-n240-r8","saddle","disk",3,240,8,"ambient",4,1,"supplied",337195.90930474,287791.6806845,0.0037265816957938,27,TRUE,"stress_tolerance",0.06104573446027,"","",FALSE,"classical"
"saddle-disk-rep3-n240-r8","saddle","disk",3,240,8,"ambient",4,2,"random",27939264.5947534,287791.878176516,0.00372658425309544,148,TRUE,"stress_tolerance",0.0610457554060517,"","",FALSE,"Gaussian"
"saddle-disk-rep3-n240-r8","saddle","disk",3,240,8,"ambient",4,3,"random",30500131.3105701,287788.682489351,0.0037265428725063,113,TRUE,"stress_tolerance",0.061045416474182,"","",TRUE,"Gaussian"
"saddle-disk-rep3-n240-r8","saddle","disk",3,240,8,"ambient",64,1,"supplied",9021.58297410183,1629.73048295057,3.57992843155162e-05,45,TRUE,"stress_tolerance",0.00598325031362736,"","",TRUE,"classical"
"saddle-disk-rep3-n240-r8","saddle","disk",3,240,8,"ambient",64,2,"random",18178697.2602337,1659.77536992831,3.64592618163337e-05,408,TRUE,"stress_tolerance",0.00603815052945352,"","",FALSE,"Gaussian"
"saddle-disk-rep3-n240-r8","saddle","disk",3,240,8,"ambient",64,3,"random",19564110.3624316,1747.20696309417,3.83798176963688e-05,382,TRUE,"stress_tolerance",0.00619514468728339,"","",FALSE,"Gaussian"
"saddle-disk-rep3-n240-r8","saddle","disk",3,240,8,"ambient",8,1,"supplied",186198.066385688,147721.283727419,0.0027284937207119,44,TRUE,"stress_tolerance",0.0522349856007628,"","",FALSE,"classical"
"saddle-disk-rep3-n240-r8","saddle","disk",3,240,8,"ambient",8,2,"random",19661170.5396354,147720.187725439,0.00272847347694983,160,TRUE,"stress_tolerance",0.0522347918245095,"","",TRUE,"Gaussian"
"saddle-disk-rep3-n240-r8","saddle","disk",3,240,8,"ambient",8,3,"random",21317344.5503789,147720.47549181,0.00272847879215367,137,TRUE,"stress_tolerance",0.0522348427024878,"","",FALSE,"Gaussian"
"saddle-disk-rep3-n240-r8","saddle","disk",3,240,8,"geodesic",128,1,"supplied",271820.461706171,238946.793379474,0.00403577826600523,22,TRUE,"stress_tolerance",0.0635277755474348,"","",TRUE,"classical"
"saddle-disk-rep3-n240-r8","saddle","disk",3,240,8,"geodesic",128,2,"random",21798890.3900884,238949.313236295,0.00403582082603813,139,TRUE,"stress_tolerance",0.0635281105184008,"","",FALSE,"Gaussian"
"saddle-disk-rep3-n240-r8","saddle","disk",3,240,8,"geodesic",128,3,"random",23789418.4818977,238950.174599817,0.0040358353743488,122,TRUE,"stress_tolerance",0.0635282250212364,"","",FALSE,"Gaussian"
"saddle-disk-rep3-n240-r8","saddle","disk",3,240,8,"geodesic",16,1,"supplied",277842.198097728,241647.572534736,0.00402791532596317,23,TRUE,"stress_tolerance",0.0634658595306421,"","",TRUE,"classical"
"saddle-disk-rep3-n240-r8","saddle","disk",3,240,8,"geodesic",16,2,"random",22039013.2458325,241648.820849176,0.00402793613355835,139,TRUE,"stress_tolerance",0.0634660234578973,"","",FALSE,"Gaussian"
"saddle-disk-rep3-n240-r8","saddle","disk",3,240,8,"geodesic",16,3,"random",24055811.0743641,241653.524593632,0.00402801453817126,119,TRUE,"stress_tolerance",0.0634666411445514,"","",FALSE,"Gaussian"
"saddle-disk-rep3-n240-r8","saddle","disk",3,240,8,"geodesic",239,1,"supplied",271772.931993722,238889.01769734,0.00403490356164149,22,TRUE,"stress_tolerance",0.0635208907497489,"","",TRUE,"classical"
"saddle-disk-rep3-n240-r8","saddle","disk",3,240,8,"geodesic",239,2,"random",21798240.7039123,238891.541189033,0.00403494618413505,139,TRUE,"stress_tolerance",0.0635212262486728,"","",FALSE,"Gaussian"
"saddle-disk-rep3-n240-r8","saddle","disk",3,240,8,"geodesic",239,3,"random",23788723.4190413,238892.371158702,0.00403496020255919,122,TRUE,"stress_tolerance",0.0635213365929842,"","",FALSE,"Gaussian"
"saddle-disk-rep3-n240-r8","saddle","disk",3,240,8,"geodesic",32,1,"supplied",271835.270532152,238874.663307326,0.00402816402720502,22,TRUE,"stress_tolerance",0.063467818831318,"","",TRUE,"classical"
"saddle-disk-rep3-n240-r8","saddle","disk",3,240,8,"geodesic",32,2,"random",21826471.1241382,238877.367101795,0.00402820962152409,139,TRUE,"stress_tolerance",0.0634681780227231,"","",FALSE,"Gaussian"
"saddle-disk-rep3-n240-r8","saddle","disk",3,240,8,"geodesic",32,3,"random",23818769.1582288,238876.971154548,0.00402820294463155,124,TRUE,"stress_tolerance",0.0634681254223846,"","",FALSE,"Gaussian"
"saddle-disk-rep3-n240-r8","saddle","disk",3,240,8,"geodesic",4,1,"supplied",333379.168819893,285038.80113132,0.00370594196666722,52,TRUE,"stress_tolerance",0.0608764483742873,"","",FALSE,"classical"
"saddle-disk-rep3-n240-r8","saddle","disk",3,240,8,"geodesic",4,2,"random",27853474.1585005,285039.025260808,0.00370594488069463,147,TRUE,"stress_tolerance",0.0608764723082295,"","",FALSE,"Gaussian"
"saddle-disk-rep3-n240-r8","saddle","disk",3,240,8,"geodesic",4,3,"random",30260177.644047,285036.131862285,0.00370590726207228,116,TRUE,"stress_tolerance",0.0608761633323937,"","",TRUE,"Gaussian"
"saddle-disk-rep3-n240-r8","saddle","disk",3,240,8,"geodesic",64,1,"supplied",271796.797496004,238957.010155088,0.00403521311756835,22,TRUE,"stress_tolerance",0.063523327349631,"","",TRUE,"classical"
"saddle-disk-rep3-n240-r8","saddle","disk",3,240,8,"geodesic",64,2,"random",21802056.2461742,238959.541416403,0.00403525586240707,139,TRUE,"stress_tolerance",0.0635236637986746,"","",FALSE,"Gaussian"
"saddle-disk-rep3-n240-r8","saddle","disk",3,240,8,"geodesic",64,3,"random",23792722.8222888,238960.411434601,0.00403527055420809,122,TRUE,"stress_tolerance",0.063523779438948,"","",FALSE,"Gaussian"
"saddle-disk-rep3-n240-r8","saddle","disk",3,240,8,"geodesic",8,1,"supplied",292573.040417988,252415.188763234,0.00401054768174988,25,TRUE,"stress_tolerance",0.0633288850505821,"","",FALSE,"classical"
"saddle-disk-rep3-n240-r8","saddle","disk",3,240,8,"geodesic",8,2,"random",23065874.4754551,252417.649664788,0.00401058678226151,140,TRUE,"stress_tolerance",0.0633291937597622,"","",FALSE,"Gaussian"
"saddle-disk-rep3-n240-r8","saddle","disk",3,240,8,"geodesic",8,3,"random",25157554.6542105,252414.476700869,0.0040105363680089,114,TRUE,"stress_tolerance",0.0633287957252376,"","",TRUE,"Gaussian"
"saddle-surface_area-rep1-n240-r1","saddle","surface_area",1,240,1,"ambient",128,1,"supplied",16.6477402358473,14.091310417668,0.000311368454282299,28,TRUE,"stress_tolerance",0.0176456355590357,"","",TRUE,"classical"
"saddle-surface_area-rep1-n240-r1","saddle","surface_area",1,240,1,"ambient",128,2,"random",12918.0177597993,14.0919916630174,0.000311383507411151,133,TRUE,"stress_tolerance",0.0176460620935991,"","",FALSE,"Gaussian"
"saddle-surface_area-rep1-n240-r1","saddle","surface_area",1,240,1,"ambient",128,3,"random",12827.0102600717,14.0919332868879,0.000311382217503778,114,TRUE,"stress_tolerance",0.0176460255441214,"","",FALSE,"Gaussian"
"saddle-surface_area-rep1-n240-r1","saddle","surface_area",1,240,1,"ambient",16,1,"supplied",52.3343590260062,33.959358786694,0.000650474393483324,52,TRUE,"stress_tolerance",0.0255043994927018,"","",FALSE,"classical"
"saddle-surface_area-rep1-n240-r1","saddle","surface_area",1,240,1,"ambient",16,2,"random",15485.6364925432,33.9584425005899,0.00065045684248504,223,TRUE,"stress_tolerance",0.025504055412523,"","",TRUE,"Gaussian"
"saddle-surface_area-rep1-n240-r1","saddle","surface_area",1,240,1,"ambient",16,3,"random",15351.1420186325,33.9637863230108,0.000650559200708879,222,TRUE,"stress_tolerance",0.0255060620384425,"","",FALSE,"Gaussian"
"saddle-surface_area-rep1-n240-r1","saddle","surface_area",1,240,1,"ambient",239,1,"supplied",4.01790563203502e-26,1.99020154341614e-24,4.601521733311e-29,1,TRUE,"stress_tolerance",6.78229088698872e-15,"","",TRUE,"classical"
"saddle-surface_area-rep1-n240-r1","saddle","surface_area",1,240,1,"ambient",239,2,"random",12062.0152333976,0.00201473952437972,4.65825571237408e-08,115,TRUE,"stress_tolerance",0.000215829926395941,"","",FALSE,"Gaussian"
"saddle-surface_area-rep1-n240-r1","saddle","surface_area",1,240,1,"ambient",239,3,"random",11951.1165516033,0.00225174260192796,5.20622775862619e-08,100,TRUE,"stress_tolerance",0.000228171596812228,"","",FALSE,"Gaussian"
"saddle-surface_area-rep1-n240-r1","saddle","surface_area",1,240,1,"ambient",32,1,"supplied",45.303392291142,28.8590610753363,0.000571133029984553,43,TRUE,"stress_tolerance",0.0238983896943823,"","",TRUE,"classical"
"saddle-surface_area-rep1-n240-r1","saddle","surface_area",1,240,1,"ambient",32,2,"random",14968.7942598958,28.8626405717312,0.000571203869732821,214,TRUE,"stress_tolerance",0.0238998717513889,"","",FALSE,"Gaussian"
"saddle-surface_area-rep1-n240-r1","saddle","surface_area",1,240,1,"ambient",32,3,"random",14846.976041086,28.8634366892571,0.000571219625235525,205,TRUE,"stress_tolerance",0.0239002013639118,"","",FALSE,"Gaussian"
"saddle-surface_area-rep1-n240-r1","saddle","surface_area",1,240,1,"ambient",4,1,"supplied",473.851720273477,262.323277989041,0.00304527158898959,169,TRUE,"stress_tolerance",0.0551839794595279,"","",TRUE,"classical"
"saddle-surface_area-rep1-n240-r1","saddle","surface_area",1,240,1,"ambient",4,2,"random",25552.0521046981,262.484428415512,0.00304714236011995,391,TRUE,"stress_tolerance",0.0552009271672131,"","",FALSE,"Gaussian"
"saddle-surface_area-rep1-n240-r1","saddle","surface_area",1,240,1,"ambient",4,3,"random",25327.5525038986,262.534308723035,0.00304772141312858,365,TRUE,"stress_tolerance",0.0552061718753316,"","",FALSE,"Gaussian"
"saddle-surface_area-rep1-n240-r1","saddle","surface_area",1,240,1,"ambient",64,1,"supplied",38.8757503297496,25.525458669827,0.00051656787190209,38,TRUE,"stress_tolerance",0.0227281295293321,"","",TRUE,"classical"
"saddle-surface_area-rep1-n240-r1","saddle","surface_area",1,240,1,"ambient",64,2,"random",14597.0377810651,25.5276267789625,0.000516611748705116,199,TRUE,"stress_tolerance",0.0227290947621133,"","",FALSE,"Gaussian"
"saddle-surface_area-rep1-n240-r1","saddle","surface_area",1,240,1,"ambient",64,3,"random",14485.3756439886,25.5288314643385,0.000516636128355607,187,TRUE,"stress_tolerance",0.0227296310651012,"","",FALSE,"Gaussian"
"saddle-surface_area-rep1-n240-r1","saddle","surface_area",1,240,1,"ambient",8,1,"supplied",80.3192884087227,55.1924023893634,0.000971603734017635,73,TRUE,"stress_tolerance",0.0311705587697373,"","",FALSE,"classical"
"saddle-surface_area-rep1-n240-r1","saddle","surface_area",1,240,1,"ambient",8,2,"random",16730.6499039517,55.1935499208276,0.000971623935092551,228,TRUE,"stress_tolerance",0.0311708828090023,"","",FALSE,"Gaussian"
"saddle-surface_area-rep1-n240-r1","saddle","surface_area",1,240,1,"ambient",8,3,"random",16639.5479986269,55.1919806340697,0.000971596309462797,268,TRUE,"stress_tolerance",0.0311704396738773,"","",TRUE,"Gaussian"
"saddle-surface_area-rep1-n240-r1","saddle","surface_area",1,240,1,"geodesic",128,1,"supplied",50.3387496285146,31.1609172615322,0.000617607700401903,47,TRUE,"stress_tolerance",0.0248517142346743,"","",TRUE,"classical"
"saddle-surface_area-rep1-n240-r1","saddle","surface_area",1,240,1,"geodesic",128,2,"random",14948.1588135365,31.1647120433222,0.000617682912772424,225,TRUE,"stress_tolerance",0.0248532274115943,"","",FALSE,"Gaussian"
"saddle-surface_area-rep1-n240-r1","saddle","surface_area",1,240,1,"geodesic",128,3,"random",14821.660950103,31.1706656371437,0.000617800912681038,233,TRUE,"stress_tolerance",0.0248556012335458,"","",FALSE,"Gaussian"
"saddle-surface_area-rep1-n240-r1","saddle","surface_area",1,240,1,"geodesic",16,1,"supplied",54.0568013560607,34.8690394641626,0.000665239820131315,55,TRUE,"stress_tolerance",0.0257922434102061,"","",FALSE,"classical"
"saddle-surface_area-rep1-n240-r1","saddle","surface_area",1,240,1,"geodesic",16,2,"random",15550.9046927006,34.8665853106575,0.000665192999207614,227,TRUE,"stress_tolerance",0.0257913357391124,"","",TRUE,"Gaussian"
"saddle-surface_area-rep1-n240-r1","saddle","surface_area",1,240,1,"geodesic",16,3,"random",15414.3084851089,34.8735523743491,0.000665325918504166,231,TRUE,"stress_tolerance",0.0257939124311178,"","",FALSE,"Gaussian"
"saddle-surface_area-rep1-n240-r1","saddle","surface_area",1,240,1,"geodesic",239,1,"supplied",50.3409004401479,31.138747484015,0.000617319867184767,47,TRUE,"stress_tolerance",0.0248459225464616,"","",TRUE,"classical"
"saddle-surface_area-rep1-n240-r1","saddle","surface_area",1,240,1,"geodesic",239,2,"random",14942.861805244,31.142923717321,0.000617402660231952,224,TRUE,"stress_tolerance",0.0248475886200646,"","",FALSE,"Gaussian"
"saddle-surface_area-rep1-n240-r1","saddle","surface_area",1,240,1,"geodesic",239,3,"random",14816.462397406,31.1484968373439,0.00061751314629804,233,TRUE,"stress_tolerance",0.0248498117960285,"","",FALSE,"Gaussian"
"saddle-surface_area-rep1-n240-r1","saddle","surface_area",1,240,1,"geodesic",32,1,"supplied",49.9678293386033,31.2354282890417,0.000612880081439205,47,TRUE,"stress_tolerance",0.0247564149553041,"","",TRUE,"classical"
"saddle-surface_area-rep1-n240-r1","saddle","surface_area",1,240,1,"geodesic",32,2,"random",15107.6045837338,31.2401541163719,0.000612972808371335,225,TRUE,"stress_tolerance",0.0247582876704214,"","",FALSE,"Gaussian"
"saddle-surface_area-rep1-n240-r1","saddle","surface_area",1,240,1,"geodesic",32,3,"random",14981.9375745052,31.2422162689947,0.000613013270511176,222,TRUE,"stress_tolerance",0.0247591048002786,"","",FALSE,"Gaussian"
"saddle-surface_area-rep1-n240-r1","saddle","surface_area",1,240,1,"geodesic",4,1,"supplied",341.276385245165,204.803866080526,0.00251720942763657,165,TRUE,"stress_tolerance",0.0501717991269659,"","",TRUE,"classical"
"saddle-surface_area-rep1-n240-r1","saddle","surface_area",1,240,1,"geodesic",4,2,"random",23882.8731014951,204.993343785789,0.00251953826583256,673,TRUE,"stress_tolerance",0.0501950023989697,"","",FALSE,"Gaussian"
"saddle-surface_area-rep1-n240-r1","saddle","surface_area",1,240,1,"geodesic",4,3,"random",23601.1069180299,205.158219466413,0.00252156472473491,428,TRUE,"stress_tolerance",0.0502151842049287,"","",FALSE,"Gaussian"
"saddle-surface_area-rep1-n240-r1","saddle","surface_area",1,240,1,"geodesic",64,1,"supplied",50.1710158466653,31.1168629762156,0.000615601416561731,47,TRUE,"stress_tolerance",0.0248113163004654,"","",TRUE,"classical"
"saddle-surface_area-rep1-n240-r1","saddle","surface_area",1,240,1,"geodesic",64,2,"random",14979.223086544,31.1205234590951,0.000615673833837458,224,TRUE,"stress_tolerance",0.0248127756173603,"","",FALSE,"Gaussian"
"saddle-surface_area-rep1-n240-r1","saddle","surface_area",1,240,1,"geodesic",64,3,"random",14852.5954321092,31.1263169635869,0.000615788449811914,231,TRUE,"stress_tolerance",0.0248150851260261,"","",FALSE,"Gaussian"
"saddle-surface_area-rep1-n240-r1","saddle","surface_area",1,240,1,"geodesic",8,1,"supplied",81.5357301224815,55.6751865773293,0.000976768631429258,77,TRUE,"stress_tolerance",0.0312532979288469,"","",FALSE,"classical"
"saddle-surface_area-rep1-n240-r1","saddle","surface_area",1,240,1,"geodesic",8,2,"random",16797.7854833758,55.6747354623933,0.000976760717043231,234,TRUE,"stress_tolerance",0.0312531713117761,"","",FALSE,"Gaussian"
"saddle-surface_area-rep1-n240-r1","saddle","surface_area",1,240,1,"geodesic",8,3,"random",16703.7146107317,55.674560249178,0.000976757643092643,283,TRUE,"stress_tolerance",0.0312531221335187,"","",TRUE,"Gaussian"
"saddle-surface_area-rep1-n240-r16","saddle","surface_area",1,240,16,"ambient",128,1,"supplied",551.693089078085,145.396498276119,1.73515808204038e-07,16,TRUE,"stress_tolerance",0.000416552287484993,"","",TRUE,"classical"
"saddle-surface_area-rep1-n240-r16","saddle","surface_area",1,240,16,"ambient",128,2,"random",346805986.045102,13683.4693987069,1.63298172920428e-05,591,TRUE,"stress_tolerance",0.00404101686361844,"","",FALSE,"Gaussian"
"saddle-surface_area-rep1-n240-r16","saddle","surface_area",1,240,16,"ambient",128,3,"random",350402760.82078,7988.08426754027,9.53295928112365e-06,728,TRUE,"stress_tolerance",0.00308754907347717,"","",FALSE,"Gaussian"
"saddle-surface_area-rep1-n240-r16","saddle","surface_area",1,240,16,"ambient",16,1,"supplied",350251.709014271,112405.803761934,0.000129368768510174,535,TRUE,"stress_tolerance",0.0113740392345982,"","",TRUE,"classical"
"saddle-surface_area-rep1-n240-r16","saddle","surface_area",1,240,16,"ambient",16,2,"random",354268275.411836,123471.1066833,0.000142103917089875,371,TRUE,"stress_tolerance",0.0119207347546148,"","",FALSE,"Gaussian"
"saddle-surface_area-rep1-n240-r16","saddle","surface_area",1,240,16,"ambient",16,3,"random",357753909.655529,119093.101737724,0.00013706523501666,1000,FALSE,"iteration_limit",0.0117074862808667,"Iteration limit reached! You may want to increase the itmax argument!","",FALSE,"Gaussian"
"saddle-surface_area-rep1-n240-r16","saddle","surface_area",1,240,16,"ambient",239,1,"supplied",6.97522995559532e-22,6.35999157068426e-20,7.59273681434948e-29,1,TRUE,"stress_tolerance",8.68760903610998e-15,"","",TRUE,"classical"
"saddle-surface_area-rep1-n240-r16","saddle","surface_area",1,240,16,"ambient",239,2,"random",346664120.655883,13483.4296610804,1.60968975561649e-05,589,TRUE,"stress_tolerance",0.00401209391168392,"","",FALSE,"Gaussian"
"saddle-surface_area-rep1-n240-r16","saddle","surface_area",1,240,16,"ambient",239,3,"random",350262167.962824,7875.2477052819,9.40169220500744e-06,731,TRUE,"stress_tolerance",0.00306621789914116,"","",FALSE,"Gaussian"
"saddle-surface_area-rep1-n240-r16","saddle","surface_area",1,240,16,"ambient",32,1,"supplied",153879.555244111,36108.7171915516,4.26076945098e-05,66,TRUE,"stress_tolerance",0.00652745697111873,"","",TRUE,"classical"
"saddle-surface_area-rep1-n240-r16","saddle","surface_area",1,240,16,"ambient",32,2,"random",348738651.469421,42556.6904201385,5.0216197245402e-05,650,TRUE,"stress_tolerance",0.00708633877580019,"","",FALSE,"Gaussian"
"saddle-surface_area-rep1-n240-r16","saddle","surface_area",1,240,16,"ambient",32,3,"random",352366984.689859,41675.188737098,4.91760397061125e-05,1000,FALSE,"iteration_limit",0.00701256299124089,"Iteration limit reached! You may want to increase the itmax argument!","",FALSE,"Gaussian"
"saddle-surface_area-rep1-n240-r16","saddle","surface_area",1,240,16,"ambient",4,1,"supplied",4133914.98256632,2749877.79039172,0.00238486710450147,141,TRUE,"stress_tolerance",0.0488351011517484,"","",FALSE,"classical"
"saddle-surface_area-rep1-n240-r16","saddle","surface_area",1,240,16,"ambient",4,2,"random",430221864.990327,2749306.63599236,0.00238437176345636,633,TRUE,"stress_tolerance",0.0488300293206588,"","",FALSE,"Gaussian"
"saddle-surface_area-rep1-n240-r16","saddle","surface_area",1,240,16,"ambient",4,3,"random",429139876.698186,2749078.99236367,0.00238417433657305,272,TRUE,"stress_tolerance",0.0488280077063672,"","",TRUE,"Gaussian"
"saddle-surface_area-rep1-n240-r16","saddle","surface_area",1,240,16,"ambient",64,1,"supplied",26153.133770131,3380.53937019518,4.02563461022057e-06,37,TRUE,"stress_tolerance",0.0020063984176195,"","",TRUE,"classical"
"saddle-surface_area-rep1-n240-r16","saddle","surface_area",1,240,16,"ambient",64,2,"random",347252199.070134,17247.0865033468,2.05382812475077e-05,601,TRUE,"stress_tolerance",0.00453191805392749,"","",FALSE,"Gaussian"
"saddle-surface_area-rep1-n240-r16","saddle","surface_area",1,240,16,"ambient",64,3,"random",350845509.192571,11315.5896869043,1.34748998577782e-05,742,TRUE,"stress_tolerance",0.00367081732830501,"","",FALSE,"Gaussian"
"saddle-surface_area-rep1-n240-r16","saddle","surface_area",1,240,16,"ambient",8,1,"supplied",839907.684102895,451664.697242015,0.000462706179168974,453,TRUE,"stress_tolerance",0.0215106062018014,"","",TRUE,"classical"
"saddle-surface_area-rep1-n240-r16","saddle","surface_area",1,240,16,"ambient",8,2,"random",388631887.123705,473265.339435037,0.000484834874809257,500,TRUE,"stress_tolerance",0.0220189662520578,"","",FALSE,"Gaussian"
"saddle-surface_area-rep1-n240-r16","saddle","surface_area",1,240,16,"ambient",8,3,"random",390050419.593242,466277.483298513,0.000477676192199664,390,TRUE,"stress_tolerance",0.0218558045424934,"","",FALSE,"Gaussian"
"saddle-surface_area-rep1-n240-r16","saddle","surface_area",1,240,16,"geodesic",128,1,"supplied",4365020.92165292,3815451.35470382,0.00337587798726869,12,TRUE,"stress_tolerance",0.0581023062129956,"","",TRUE,"classical"
"saddle-surface_area-rep1-n240-r16","saddle","surface_area",1,240,16,"geodesic",128,2,"random",406076262.865097,3815508.9064447,0.00337592890854565,112,TRUE,"stress_tolerance",0.0581027444149214,"","",FALSE,"Gaussian"
"saddle-surface_area-rep1-n240-r16","saddle","surface_area",1,240,16,"geodesic",128,3,"random",409102874.538773,3815501.82336171,0.00337592264149577,126,TRUE,"stress_tolerance",0.0581026904841399,"","",FALSE,"Gaussian"
"saddle-surface_area-rep1-n240-r16","saddle","surface_area",1,240,16,"geodesic",16,1,"supplied",4330672.83373425,3769763.47073742,0.0032941204039941,13,TRUE,"stress_tolerance",0.0573944283358069,"","",TRUE,"classical"
"saddle-surface_area-rep1-n240-r16","saddle","surface_area",1,240,16,"geodesic",16,2,"random",410128016.025109,3769819.1600407,0.00329416906680058,112,TRUE,"stress_tolerance",0.057394852267434,"","",FALSE,"Gaussian"
"saddle-surface_area-rep1-n240-r16","saddle","surface_area",1,240,16,"geodesic",16,3,"random",413159335.217241,3769821.74884845,0.00329417132897021,125,TRUE,"stress_tolerance",0.0573948719745083,"","",FALSE,"Gaussian"
"saddle-surface_area-rep1-n240-r16","saddle","surface_area",1,240,16,"geodesic",239,1,"supplied",4364784.1519553,3815171.28420837,0.00337565655155889,12,TRUE,"stress_tolerance",0.0581004006144442,"","",TRUE,"classical"
"saddle-surface_area-rep1-n240-r16","saddle","surface_area",1,240,16,"geodesic",239,2,"random",406072427.668134,3815228.84716634,0.00337570748315848,112,TRUE,"stress_tolerance",0.0581008389195755,"","",FALSE,"Gaussian"
"saddle-surface_area-rep1-n240-r16","saddle","surface_area",1,240,16,"geodesic",239,3,"random",409098814.402993,3815221.78198882,0.00337570123190238,126,TRUE,"stress_tolerance",0.0581007851229428,"","",FALSE,"Gaussian"
"saddle-surface_area-rep1-n240-r16","saddle","surface_area",1,240,16,"geodesic",32,1,"supplied",4361060.87251594,3810338.83255808,0.00336535186273019,13,TRUE,"stress_tolerance",0.0580116528184655,"","",TRUE,"classical"
"saddle-surface_area-rep1-n240-r16","saddle","surface_area",1,240,16,"geodesic",32,2,"random",406665197.914127,3810402.99022605,0.003365408527803,112,TRUE,"stress_tolerance",0.0580121412102935,"","",FALSE,"Gaussian"
"saddle-surface_area-rep1-n240-r16","saddle","surface_area",1,240,16,"geodesic",32,3,"random",409676553.928758,3810403.85331632,0.00336540929009806,125,TRUE,"stress_tolerance",0.0580121477804266,"","",FALSE,"Gaussian"
"saddle-surface_area-rep1-n240-r16","saddle","surface_area",1,240,16,"geodesic",4,1,"supplied",4855733.89600466,4160117.47704819,0.00300157801388425,15,TRUE,"stress_tolerance",0.0547866590867183,"","",TRUE,"classical"
"saddle-surface_area-rep1-n240-r16","saddle","surface_area",1,240,16,"geodesic",4,2,"random",491046973.703359,4160149.76455791,0.00300160130973584,112,TRUE,"stress_tolerance",0.0547868716914542,"","",FALSE,"Gaussian"
"saddle-surface_area-rep1-n240-r16","saddle","surface_area",1,240,16,"geodesic",4,3,"random",492161112.176655,4160146.08867551,0.00300159865753963,120,TRUE,"stress_tolerance",0.0547868474867798,"","",FALSE,"Gaussian"
"saddle-surface_area-rep1-n240-r16","saddle","surface_area",1,240,16,"geodesic",64,1,"supplied",4364571.9933293,3815229.63899573,0.00337540711668457,12,TRUE,"stress_tolerance",0.0580982539899833,"","",TRUE,"classical"
"saddle-surface_area-rep1-n240-r16","saddle","surface_area",1,240,16,"geodesic",64,2,"random",406101413.224314,3815287.07799936,0.00337545793407697,112,TRUE,"stress_tolerance",0.0580986913284372,"","",FALSE,"Gaussian"
"saddle-surface_area-rep1-n240-r16","saddle","surface_area",1,240,16,"geodesic",64,3,"random",409124969.562877,3815280.08518362,0.00337545174739825,126,TRUE,"stress_tolerance",0.0580986380855716,"","",FALSE,"Gaussian"
"saddle-surface_area-rep1-n240-r16","saddle","surface_area",1,240,16,"geodesic",8,1,"supplied",4461311.52302806,3882149.96028245,0.0031976583089264,14,TRUE,"stress_tolerance",0.056547840886513,"","",TRUE,"classical"
"saddle-surface_area-rep1-n240-r16","saddle","surface_area",1,240,16,"geodesic",8,2,"random",432804323.151842,3882169.34839509,0.00319767427857211,112,TRUE,"stress_tolerance",0.0565479820910708,"","",FALSE,"Gaussian"
"saddle-surface_area-rep1-n240-r16","saddle","surface_area",1,240,16,"geodesic",8,3,"random",435009454.235759,3882178.76894093,0.00319768203810922,123,TRUE,"stress_tolerance",0.0565480507012329,"","",FALSE,"Gaussian"
"saddle-surface_area-rep1-n240-r2","saddle","surface_area",1,240,2,"ambient",128,1,"supplied",52.84821835128,31.7505797130442,9.55397127265678e-05,22,TRUE,"stress_tolerance",0.00977444181150882,"","",TRUE,"classical"
"saddle-surface_area-rep1-n240-r2","saddle","surface_area",1,240,2,"ambient",128,2,"random",98263.4426240697,31.7632852402172,9.55779445455492e-05,126,TRUE,"stress_tolerance",0.00977639731933777,"","",FALSE,"Gaussian"
"saddle-surface_area-rep1-n240-r2","saddle","surface_area",1,240,2,"ambient",128,3,"random",98343.9374244369,31.7682690057388,9.55929410442129e-05,120,TRUE,"stress_tolerance",0.00977716426394785,"","",FALSE,"Gaussian"
"saddle-surface_area-rep1-n240-r2","saddle","surface_area",1,240,2,"ambient",16,1,"supplied",944.797077676516,584.718436095861,0.00133164133385625,38,TRUE,"stress_tolerance",0.0364916611550677,"","",TRUE,"classical"
"saddle-surface_area-rep1-n240-r2","saddle","surface_area",1,240,2,"ambient",16,2,"random",135071.064402171,584.721093437728,0.00133164738570283,146,TRUE,"stress_tolerance",0.0364917440759257,"","",FALSE,"Gaussian"
"saddle-surface_area-rep1-n240-r2","saddle","surface_area",1,240,2,"ambient",16,3,"random",135070.275826637,584.719652659898,0.00133164410446661,162,TRUE,"stress_tolerance",0.0364916991172872,"","",FALSE,"Gaussian"
"saddle-surface_area-rep1-n240-r2","saddle","surface_area",1,240,2,"ambient",239,1,"supplied",1.22833625807712e-25,1.80041099062531e-23,5.48494137131982e-29,1,TRUE,"stress_tolerance",7.40702116804038e-15,"","",TRUE,"classical"
"saddle-surface_area-rep1-n240-r2","saddle","surface_area",1,240,2,"ambient",239,2,"random",96566.9711380713,0.0267439751601033,8.14753612108604e-08,128,TRUE,"stress_tolerance",0.000285438892263461,"","",FALSE,"Gaussian"
"saddle-surface_area-rep1-n240-r2","saddle","surface_area",1,240,2,"ambient",239,3,"random",96672.9387102555,0.0292204500488423,8.90199272255134e-08,124,TRUE,"stress_tolerance",0.000298362074049746,"","",FALSE,"Gaussian"
"saddle-surface_area-rep1-n240-r2","saddle","surface_area",1,240,2,"ambient",32,1,"supplied",900.803572627913,551.981201398581,0.00130908511615113,31,TRUE,"stress_tolerance",0.0361812812950445,"","",TRUE,"classical"
"saddle-surface_area-rep1-n240-r2","saddle","surface_area",1,240,2,"ambient",32,2,"random",129687.280805278,551.995974136029,0.0013091201513492,140,TRUE,"stress_tolerance",0.0361817654537365,"","",FALSE,"Gaussian"
"saddle-surface_area-rep1-n240-r2","saddle","surface_area",1,240,2,"ambient",32,3,"random",129668.062961704,551.994620815049,0.00130911694179723,149,TRUE,"stress_tolerance",0.0361817211005397,"","",FALSE,"Gaussian"
"saddle-surface_area-rep1-n240-r2","saddle","surface_area",1,240,2,"ambient",4,1,"supplied",1772.11433644171,1342.39629405712,0.0020459030627213,76,TRUE,"stress_tolerance",0.0452316599598258,"","",TRUE,"classical"
"saddle-surface_area-rep1-n240-r2","saddle","surface_area",1,240,2,"ambient",4,2,"random",198056.103405209,1355.24877818807,0.00206549112085547,314,TRUE,"stress_tolerance",0.0454476745373786,"","",FALSE,"Gaussian"
"saddle-surface_area-rep1-n240-r2","saddle","surface_area",1,240,2,"ambient",4,3,"random",198537.983344517,1342.39999341675,0.00204590870079646,192,TRUE,"stress_tolerance",0.0452317222842163,"","",FALSE,"Gaussian"
"saddle-surface_area-rep1-n240-r2","saddle","surface_area",1,240,2,"ambient",64,1,"supplied",672.319100072907,611.664068555749,0.00168493258839906,25,TRUE,"stress_tolerance",0.0410479303789979,"","",TRUE,"classical"
"saddle-surface_area-rep1-n240-r2","saddle","surface_area",1,240,2,"ambient",64,2,"random",106815.912792875,611.667749583533,0.00168494272841544,114,TRUE,"stress_tolerance",0.041048053893156,"","",FALSE,"Gaussian"
"saddle-surface_area-rep1-n240-r2","saddle","surface_area",1,240,2,"ambient",64,3,"random",106594.96291574,611.668306236242,0.00168494426180989,147,TRUE,"stress_tolerance",0.0410480725711925,"","",FALSE,"Gaussian"
"saddle-surface_area-rep1-n240-r2","saddle","surface_area",1,240,2,"ambient",8,1,"supplied",1302.54851549365,824.116035750132,0.00169283028468658,93,TRUE,"stress_tolerance",0.0411440188203167,"","",TRUE,"classical"
"saddle-surface_area-rep1-n240-r2","saddle","surface_area",1,240,2,"ambient",8,2,"random",149130.724070767,824.121846645197,0.00169284222094157,162,TRUE,"stress_tolerance",0.0411441638746199,"","",FALSE,"Gaussian"
"saddle-surface_area-rep1-n240-r2","saddle","surface_area",1,240,2,"ambient",8,3,"random",148942.734636136,824.117508383511,0.00169283330964699,274,TRUE,"stress_tolerance",0.0411440555809341,"","",FALSE,"Gaussian"
"saddle-surface_area-rep1-n240-r2","saddle","surface_area",1,240,2,"geodesic",128,1,"supplied",963.901209343644,585.194369013721,0.00137495415173097,34,TRUE,"stress_tolerance",0.0370803742123913,"","",TRUE,"classical"
"saddle-surface_area-rep1-n240-r2","saddle","surface_area",1,240,2,"geodesic",128,2,"random",130772.547430981,585.20429395999,0.00137497747107032,146,TRUE,"stress_tolerance",0.0370806886542083,"","",FALSE,"Gaussian"
"saddle-surface_area-rep1-n240-r2","saddle","surface_area",1,240,2,"geodesic",128,3,"random",130744.059731581,585.207084803728,0.00137498402834836,172,TRUE,"stress_tolerance",0.0370807770731463,"","",FALSE,"Gaussian"
"saddle-surface_area-rep1-n240-r2","saddle","surface_area",1,240,2,"geodesic",16,1,"supplied",968.636663831222,597.791555478108,0.00134981361657922,42,TRUE,"stress_tolerance",0.0367398096971012,"","",TRUE,"classical"
"saddle-surface_area-rep1-n240-r2","saddle","surface_area",1,240,2,"geodesic",16,2,"random",136207.681254487,597.79699945411,0.00134982590907962,151,TRUE,"stress_tolerance",0.0367399769880113,"","",FALSE,"Gaussian"
"saddle-surface_area-rep1-n240-r2","saddle","surface_area",1,240,2,"geodesic",16,3,"random",136161.946052273,597.798970131051,0.00134983035886909,175,TRUE,"stress_tolerance",0.0367400375458311,"","",FALSE,"Gaussian"
"saddle-surface_area-rep1-n240-r2","saddle","surface_area",1,240,2,"geodesic",239,1,"supplied",964.069042746811,584.7595349987,0.00137418539295726,34,TRUE,"stress_tolerance",0.0370700066490049,"","",TRUE,"classical"
"saddle-surface_area-rep1-n240-r2","saddle","surface_area",1,240,2,"geodesic",239,2,"random",130740.521521689,584.769087288984,0.00137420784084736,146,TRUE,"stress_tolerance",0.0370703094247586,"","",FALSE,"Gaussian"
"saddle-surface_area-rep1-n240-r2","saddle","surface_area",1,240,2,"geodesic",239,3,"random",130710.488252347,584.771716686295,0.00137421401993323,172,TRUE,"stress_tolerance",0.0370703927674529,"","",FALSE,"Gaussian"
"saddle-surface_area-rep1-n240-r2","saddle","surface_area",1,240,2,"geodesic",32,1,"supplied",980.674086439449,595.90574653487,0.0013825794794909,35,TRUE,"stress_tolerance",0.037183053660114,"","",TRUE,"classical"
"saddle-surface_area-rep1-n240-r2","saddle","surface_area",1,240,2,"geodesic",32,2,"random",132724.609235249,595.920440151426,0.00138261357060824,149,TRUE,"stress_tolerance",0.0371835120800639,"","",FALSE,"Gaussian"
"saddle-surface_area-rep1-n240-r2","saddle","surface_area",1,240,2,"geodesic",32,3,"random",132678.961878638,595.919802811679,0.00138261209189645,176,TRUE,"stress_tolerance",0.0371834921960871,"","",FALSE,"Gaussian"
"saddle-surface_area-rep1-n240-r2","saddle","surface_area",1,240,2,"geodesic",4,1,"supplied",1775.44581660467,1345.15282858977,0.00204542243061129,76,TRUE,"stress_tolerance",0.0452263466423201,"","",TRUE,"classical"
"saddle-surface_area-rep1-n240-r2","saddle","surface_area",1,240,2,"geodesic",4,2,"random",198483.958213912,1358.06046081555,0.00206504961342617,314,TRUE,"stress_tolerance",0.0454428169618278,"","",FALSE,"Gaussian"
"saddle-surface_area-rep1-n240-r2","saddle","surface_area",1,240,2,"geodesic",4,3,"random",198951.742301365,1345.15663433554,0.00204542821758032,192,TRUE,"stress_tolerance",0.0452264106201268,"","",FALSE,"Gaussian"
"saddle-surface_area-rep1-n240-r2","saddle","surface_area",1,240,2,"geodesic",64,1,"supplied",963.574582876678,585.952166256854,0.00137428443353896,34,TRUE,"stress_tolerance",0.0370713424836351,"","",TRUE,"classical"
"saddle-surface_area-rep1-n240-r2","saddle","surface_area",1,240,2,"geodesic",64,2,"random",131027.253852292,585.958726534672,0.00137429981992748,146,TRUE,"stress_tolerance",0.0370715500070806,"","",FALSE,"Gaussian"
"saddle-surface_area-rep1-n240-r2","saddle","surface_area",1,240,2,"geodesic",64,3,"random",130987.668903422,585.961428718609,0.00137430615759382,173,TRUE,"stress_tolerance",0.0370716354858241,"","",FALSE,"Gaussian"
"saddle-surface_area-rep1-n240-r2","saddle","surface_area",1,240,2,"geodesic",8,1,"supplied",1174.17943463581,735.113359326196,0.00151214176092396,84,TRUE,"stress_tolerance",0.0388862669965115,"","",FALSE,"classical"
"saddle-surface_area-rep1-n240-r2","saddle","surface_area",1,240,2,"geodesic",8,2,"random",149259.151887275,735.108285136523,0.00151213132322206,159,TRUE,"stress_tolerance",0.0388861327882071,"","",TRUE,"Gaussian"
"saddle-surface_area-rep1-n240-r2","saddle","surface_area",1,240,2,"geodesic",8,3,"random",148908.317863596,735.112754865484,0.00151214051753711,406,TRUE,"stress_tolerance",0.0388862510090279,"","",FALSE,"Gaussian"
"saddle-surface_area-rep1-n240-r32","saddle","surface_area",1,240,32,"ambient",128,1,"supplied",1126.08272136279,1021.05791873413,7.6735991129641e-08,1,TRUE,"stress_tolerance",0.000277012619083963,"","",TRUE,"classical"
"saddle-surface_area-rep1-n240-r32","saddle","surface_area",1,240,32,"ambient",128,2,"random",5608989442.56854,75499.3638645274,5.67403514482753e-06,508,TRUE,"stress_tolerance",0.00238202333003557,"","",FALSE,"Gaussian"
"saddle-surface_area-rep1-n240-r32","saddle","surface_area",1,240,32,"ambient",128,3,"random",5668072425.48872,59427.1967687628,4.46615687556763e-06,458,TRUE,"stress_tolerance",0.00211332838801116,"","",FALSE,"Gaussian"
"saddle-surface_area-rep1-n240-r32","saddle","surface_area",1,240,32,"ambient",16,1,"supplied",638194.512798591,212955.258037908,1.55154807552936e-05,152,TRUE,"stress_tolerance",0.00393896950423579,"","",TRUE,"classical"
"saddle-surface_area-rep1-n240-r32","saddle","surface_area",1,240,32,"ambient",16,2,"random",5759659112.58027,228695.27193466,1.66622656947838e-05,429,TRUE,"stress_tolerance",0.0040819438622781,"","",FALSE,"Gaussian"
"saddle-surface_area-rep1-n240-r32","saddle","surface_area",1,240,32,"ambient",16,3,"random",5814488626.40486,236578.153769016,1.72365962021593e-05,508,TRUE,"stress_tolerance",0.00415169799024032,"","",FALSE,"Gaussian"
"saddle-surface_area-rep1-n240-r32","saddle","surface_area",1,240,32,"ambient",239,1,"supplied",3.29770420708134e-20,1.04833014202194e-18,7.87927667682678e-29,1,TRUE,"stress_tolerance",8.86703401953738e-15,"","",TRUE,"classical"
"saddle-surface_area-rep1-n240-r32","saddle","surface_area",1,240,32,"ambient",239,2,"random",5608414692.11987,75243.9524314291,5.65535508043053e-06,508,TRUE,"stress_tolerance",0.0023780990476506,"","",FALSE,"Gaussian"
"saddle-surface_area-rep1-n240-r32","saddle","surface_area",1,240,32,"ambient",239,3,"random",5667504475.94827,59086.8169041555,4.44098056212433e-06,458,TRUE,"stress_tolerance",0.00210736341482207,"","",FALSE,"Gaussian"
"saddle-surface_area-rep1-n240-r32","saddle","surface_area",1,240,32,"ambient",32,1,"supplied",332856.297753804,46769.2766009354,3.50119749851789e-06,51,TRUE,"stress_tolerance",0.00187114871095905,"","",TRUE,"classical"
"saddle-surface_area-rep1-n240-r32","saddle","surface_area",1,240,32,"ambient",32,2,"random",5622338593.47519,89441.262743081,6.69566750096137e-06,683,TRUE,"stress_tolerance",0.00258759879057157,"","",FALSE,"Gaussian"
"saddle-surface_area-rep1-n240-r32","saddle","surface_area",1,240,32,"ambient",32,3,"random",5681552491.00363,94398.8631948726,7.06679871277312e-06,470,TRUE,"stress_tolerance",0.0026583451079157,"","",FALSE,"Gaussian"
"saddle-surface_area-rep1-n240-r32","saddle","surface_area",1,240,32,"ambient",4,1,"supplied",5665564.72802363,1734013.94365934,9.68214407098635e-05,521,TRUE,"stress_tolerance",0.00983978865168711,"","",TRUE,"classical"
"saddle-surface_area-rep1-n240-r32","saddle","surface_area",1,240,32,"ambient",4,2,"random",7383038494.02823,1756166.37025453,9.80583568638593e-05,384,TRUE,"stress_tolerance",0.00990244196468053,"","",FALSE,"Gaussian"
"saddle-surface_area-rep1-n240-r32","saddle","surface_area",1,240,32,"ambient",4,3,"random",7463472146.87466,1918823.79361632,0.000107140594137458,382,TRUE,"stress_tolerance",0.0103508740760123,"","",FALSE,"Gaussian"
"saddle-surface_area-rep1-n240-r32","saddle","surface_area",1,240,32,"ambient",64,1,"supplied",57866.0649605118,5037.04258492851,3.78340322458702e-07,30,TRUE,"stress_tolerance",0.000615093750954861,"","",TRUE,"classical"
"saddle-surface_area-rep1-n240-r32","saddle","surface_area",1,240,32,"ambient",64,2,"random",5610873234.79813,86952.810092691,6.53116459797132e-06,550,TRUE,"stress_tolerance",0.00255561432888014,"","",FALSE,"Gaussian"
"saddle-surface_area-rep1-n240-r32","saddle","surface_area",1,240,32,"ambient",64,3,"random",5669942740.37469,65118.7711901773,4.89117502479003e-06,457,TRUE,"stress_tolerance",0.00221160010508145,"","",FALSE,"Gaussian"
"saddle-surface_area-rep1-n240-r32","saddle","surface_area",1,240,32,"ambient",8,1,"supplied",2389040.45484131,519327.387085181,3.36737536055268e-05,206,TRUE,"stress_tolerance",0.00580290906404134,"","",FALSE,"classical"
"saddle-surface_area-rep1-n240-r32","saddle","surface_area",1,240,32,"ambient",8,2,"random",6453021122.86867,507096.614162617,3.28806969633358e-05,431,TRUE,"stress_tolerance",0.00573416924788081,"","",TRUE,"Gaussian"
"saddle-surface_area-rep1-n240-r32","saddle","surface_area",1,240,32,"ambient",8,3,"random",6523731256.94116,512730.61179756,3.324601150844e-05,486,TRUE,"stress_tolerance",0.00576593544088434,"","",FALSE,"Gaussian"
"saddle-surface_area-rep1-n240-r32","saddle","surface_area",1,240,32,"geodesic",128,1,"supplied",73313150.6585089,65156424.9416748,0.00363782944559747,12,TRUE,"stress_tolerance",0.06031442153911,"","",TRUE,"classical"
"saddle-surface_area-rep1-n240-r32","saddle","surface_area",1,240,32,"geodesic",128,2,"random",6490600315.21256,65157371.5280035,0.00363788229563678,112,TRUE,"stress_tolerance",0.0603148596586014,"","",FALSE,"Gaussian"
"saddle-surface_area-rep1-n240-r32","saddle","surface_area",1,240,32,"geodesic",128,3,"random",6538873998.39788,65157346.0049094,0.00363788087062515,127,TRUE,"stress_tolerance",0.0603148478454946,"","",FALSE,"Gaussian"
"saddle-surface_area-rep1-n240-r32","saddle","surface_area",1,240,32,"geodesic",16,1,"supplied",73117015.1028394,64891680.3932238,0.00360654191240813,12,TRUE,"stress_tolerance",0.0600544911926503,"","",TRUE,"classical"
"saddle-surface_area-rep1-n240-r32","saddle","surface_area",1,240,32,"geodesic",16,2,"random",6514093170.7382,64892600.6142825,0.00360659305634209,112,TRUE,"stress_tolerance",0.0600549170038733,"","",FALSE,"Gaussian"
"saddle-surface_area-rep1-n240-r32","saddle","surface_area",1,240,32,"geodesic",16,3,"random",6561643615.51847,64892694.3303828,0.00360659826488411,126,TRUE,"stress_tolerance",0.0600549603686832,"","",FALSE,"Gaussian"
"saddle-surface_area-rep1-n240-r32","saddle","surface_area",1,240,32,"geodesic",239,1,"supplied",73312227.4367316,65155325.218046,0.00363777483958197,12,TRUE,"stress_tolerance",0.0603139688594768,"","",TRUE,"classical"
"saddle-surface_area-rep1-n240-r32","saddle","surface_area",1,240,32,"geodesic",239,2,"random",6490586077.49713,65156271.8685729,0.00363782769330432,112,TRUE,"stress_tolerance",0.0603144070127885,"","",FALSE,"Gaussian"
"saddle-surface_area-rep1-n240-r32","saddle","surface_area",1,240,32,"geodesic",239,3,"random",6538858684.32388,65156246.3680297,0.0036378262695491,127,TRUE,"stress_tolerance",0.0603143952100083,"","",FALSE,"Gaussian"
"saddle-surface_area-rep1-n240-r32","saddle","surface_area",1,240,32,"geodesic",32,1,"supplied",73422300.1384404,65259900.5666361,0.00364016859507059,12,TRUE,"stress_tolerance",0.0603338097178573,"","",TRUE,"classical"
"saddle-surface_area-rep1-n240-r32","saddle","surface_area",1,240,32,"geodesic",32,2,"random",6496406572.24647,65260820.8053553,0.00364021992558223,112,TRUE,"stress_tolerance",0.0603342351039793,"","",FALSE,"Gaussian"
"saddle-surface_area-rep1-n240-r32","saddle","surface_area",1,240,32,"geodesic",32,3,"random",6544490989.65008,65260938.246467,0.00364022647639587,126,TRUE,"stress_tolerance",0.0603342893916545,"","",FALSE,"Gaussian"
"saddle-surface_area-rep1-n240-r32","saddle","surface_area",1,240,32,"geodesic",4,1,"supplied",77219791.1840544,68307932.9931458,0.0033897317256235,12,TRUE,"stress_tolerance",0.0582214026421855,"","",TRUE,"classical"
"saddle-surface_area-rep1-n240-r32","saddle","surface_area",1,240,32,"geodesic",4,2,"random",7215203412.52133,68308681.8635163,0.00338976888777351,109,TRUE,"stress_tolerance",0.058221721786405,"","",FALSE,"Gaussian"
"saddle-surface_area-rep1-n240-r32","saddle","surface_area",1,240,32,"geodesic",4,3,"random",7256520377.87446,68308861.5625023,0.00338977780520561,123,TRUE,"stress_tolerance",0.0582217983680134,"","",FALSE,"Gaussian"
"saddle-surface_area-rep1-n240-r32","saddle","surface_area",1,240,32,"geodesic",64,1,"supplied",73312666.7822632,65156701.3511353,0.00363776529236353,12,TRUE,"stress_tolerance",0.0603138897134278,"","",TRUE,"classical"
"saddle-surface_area-rep1-n240-r32","saddle","surface_area",1,240,32,"geodesic",64,2,"random",6490714855.93371,65157647.7294864,0.00363781812963503,112,TRUE,"stress_tolerance",0.0603143277309386,"","",FALSE,"Gaussian"
"saddle-surface_area-rep1-n240-r32","saddle","surface_area",1,240,32,"geodesic",64,3,"random",6538975468.59187,65157622.267141,0.00363781670804624,127,TRUE,"stress_tolerance",0.0603143159461023,"","",FALSE,"Gaussian"
"saddle-surface_area-rep1-n240-r32","saddle","surface_area",1,240,32,"geodesic",8,1,"supplied",72914446.7416908,64448017.1773946,0.00351097346038348,12,TRUE,"stress_tolerance",0.0592534679186245,"","",TRUE,"classical"
"saddle-surface_area-rep1-n240-r32","saddle","surface_area",1,240,32,"geodesic",8,2,"random",6621284341.28827,64448864.5878798,0.00351101962527503,112,TRUE,"stress_tolerance",0.0592538574716871,"","",FALSE,"Gaussian"
"saddle-surface_area-rep1-n240-r32","saddle","surface_area",1,240,32,"geodesic",8,3,"random",6662985025.04179,64448864.8268901,0.00351101963829574,126,TRUE,"stress_tolerance",0.0592538575815596,"","",FALSE,"Gaussian"
"saddle-surface_area-rep1-n240-r4","saddle","surface_area",1,240,4,"ambient",128,1,"supplied",127.922309019544,50.2002548479879,1.33290876372791e-05,26,TRUE,"stress_tolerance",0.00365090230453846,"","",TRUE,"classical"
"saddle-surface_area-rep1-n240-r4","saddle","surface_area",1,240,4,"ambient",128,2,"random",1315632.02575917,50.912896054753,1.35183069376128e-05,265,TRUE,"stress_tolerance",0.00367672502882916,"","",FALSE,"Gaussian"
"saddle-surface_area-rep1-n240-r4","saddle","surface_area",1,240,4,"ambient",128,3,"random",1325739.61037543,50.9191573775128,1.35199694335511e-05,274,TRUE,"stress_tolerance",0.00367695110567937,"","",FALSE,"Gaussian"
"saddle-surface_area-rep1-n240-r4","saddle","surface_area",1,240,4,"ambient",16,1,"supplied",14546.9075017854,10388.7871727807,0.00202038787791032,32,TRUE,"stress_tolerance",0.0449487249864814,"","",TRUE,"classical"
"saddle-surface_area-rep1-n240-r4","saddle","surface_area",1,240,4,"ambient",16,2,"random",1709148.10330317,10388.9907720384,0.00202042747343435,117,TRUE,"stress_tolerance",0.044949165436461,"","",FALSE,"Gaussian"
"saddle-surface_area-rep1-n240-r4","saddle","surface_area",1,240,4,"ambient",16,3,"random",1718477.85626699,10388.9341138065,0.00202041645466931,131,TRUE,"stress_tolerance",0.0449490428671101,"","",FALSE,"Gaussian"
"saddle-surface_area-rep1-n240-r4","saddle","surface_area",1,240,4,"ambient",239,1,"supplied",1.13338212476424e-24,2.35742235979313e-22,6.2904421542602e-29,1,TRUE,"stress_tolerance",7.89428323590122e-15,"","",TRUE,"classical"
"saddle-surface_area-rep1-n240-r4","saddle","surface_area",1,240,4,"ambient",239,2,"random",1307500.73337771,0.981899448760866,2.62005730881089e-07,267,TRUE,"stress_tolerance",0.000511864953759349,"","",FALSE,"Gaussian"
"saddle-surface_area-rep1-n240-r4","saddle","surface_area",1,240,4,"ambient",239,3,"random",1317707.35992559,0.98857269031549,2.63786389311106e-07,291,TRUE,"stress_tolerance",0.000513601391467004,"","",FALSE,"Gaussian"
"saddle-surface_area-rep1-n240-r4","saddle","surface_area",1,240,4,"ambient",32,1,"supplied",11445.2031570897,9771.6695664918,0.00233447664976556,36,TRUE,"stress_tolerance",0.0483164221540207,"","",TRUE,"classical"
"saddle-surface_area-rep1-n240-r4","saddle","surface_area",1,240,4,"ambient",32,2,"random",1377088.3192828,9771.77768223439,0.00233450247889075,138,TRUE,"stress_tolerance",0.0483166894446498,"","",FALSE,"Gaussian"
"saddle-surface_area-rep1-n240-r4","saddle","surface_area",1,240,4,"ambient",32,3,"random",1384007.0223425,9771.77702886268,0.00233450232279859,147,TRUE,"stress_tolerance",0.0483166878293471,"","",FALSE,"Gaussian"
"saddle-surface_area-rep1-n240-r4","saddle","surface_area",1,240,4,"ambient",4,1,"supplied",22276.7130269212,16585.4468250773,0.00218079209602152,69,TRUE,"stress_tolerance",0.0466989517657682,"","",FALSE,"classical"
"saddle-surface_area-rep1-n240-r4","saddle","surface_area",1,240,4,"ambient",4,2,"random",2519723.00274927,16584.832663857,0.00218071134101087,194,TRUE,"stress_tolerance",0.0466980871236805,"","",FALSE,"Gaussian"
"saddle-surface_area-rep1-n240-r4","saddle","surface_area",1,240,4,"ambient",4,3,"random",2526501.95152125,16582.8881328344,0.00218045565794551,162,TRUE,"stress_tolerance",0.0466953494252426,"","",TRUE,"Gaussian"
"saddle-surface_area-rep1-n240-r4","saddle","surface_area",1,240,4,"ambient",64,1,"supplied",2559.31458905861,1282.11832943681,0.000333555590772211,39,TRUE,"stress_tolerance",0.0182635043398637,"","",TRUE,"classical"
"saddle-surface_area-rep1-n240-r4","saddle","surface_area",1,240,4,"ambient",64,2,"random",1334140.04004953,1282.52759358616,0.000333662064833135,230,TRUE,"stress_tolerance",0.0182664190478906,"","",FALSE,"Gaussian"
"saddle-surface_area-rep1-n240-r4","saddle","surface_area",1,240,4,"ambient",64,3,"random",1343806.53138513,1282.57516448956,0.00033367444086772,231,TRUE,"stress_tolerance",0.0182667578094123,"","",FALSE,"Gaussian"
"saddle-surface_area-rep1-n240-r4","saddle","surface_area",1,240,4,"ambient",8,1,"supplied",15370.8574274482,10985.2460398648,0.00192908220559131,56,TRUE,"stress_tolerance",0.0439213183498779,"","",FALSE,"classical"
"saddle-surface_area-rep1-n240-r4","saddle","surface_area",1,240,4,"ambient",8,2,"random",1879735.70257827,10984.9232833666,0.0019290255274054,127,TRUE,"stress_tolerance",0.0439206731210417,"","",TRUE,"Gaussian"
"saddle-surface_area-rep1-n240-r4","saddle","surface_area",1,240,4,"ambient",8,3,"random",1887283.35826448,10987.6438471346,0.00192950327648221,163,TRUE,"stress_tolerance",0.0439261115565928,"","",FALSE,"Gaussian"
"saddle-surface_area-rep1-n240-r4","saddle","surface_area",1,240,4,"geodesic",128,1,"supplied",14745.0201371206,10514.6473210109,0.00207483567228348,29,TRUE,"stress_tolerance",0.0455503641289891,"","",TRUE,"classical"
"saddle-surface_area-rep1-n240-r4","saddle","surface_area",1,240,4,"geodesic",128,2,"random",1682679.26638832,10514.8853348069,0.00207488263910029,114,TRUE,"stress_tolerance",0.0455508796742754,"","",FALSE,"Gaussian"
"saddle-surface_area-rep1-n240-r4","saddle","surface_area",1,240,4,"geodesic",128,3,"random",1691569.51567137,10514.9182529987,0.00207488913478544,140,TRUE,"stress_tolerance",0.045550950975643,"","",FALSE,"Gaussian"
"saddle-surface_area-rep1-n240-r4","saddle","surface_area",1,240,4,"geodesic",16,1,"supplied",14484.1554620381,10355.364216797,0.00198109356093144,32,TRUE,"stress_tolerance",0.0445094772035285,"","",TRUE,"classical"
"saddle-surface_area-rep1-n240-r4","saddle","surface_area",1,240,4,"geodesic",16,2,"random",1731561.9302951,10355.6103276143,0.00198114064460181,118,TRUE,"stress_tolerance",0.044510006117746,"","",FALSE,"Gaussian"
"saddle-surface_area-rep1-n240-r4","saddle","surface_area",1,240,4,"geodesic",16,3,"random",1740378.65675691,10355.5053062264,0.00198112055287051,152,TRUE,"stress_tolerance",0.0445097804181342,"","",FALSE,"Gaussian"
"saddle-surface_area-rep1-n240-r4","saddle","surface_area",1,240,4,"geodesic",239,1,"supplied",14737.8325912039,10504.8079003977,0.00207309943452901,29,TRUE,"stress_tolerance",0.0455313017003576,"","",TRUE,"classical"
"saddle-surface_area-rep1-n240-r4","saddle","surface_area",1,240,4,"geodesic",239,2,"random",1682465.5072455,10505.0479638209,0.00207314681048786,114,TRUE,"stress_tolerance",0.0455318219544075,"","",FALSE,"Gaussian"
"saddle-surface_area-rep1-n240-r4","saddle","surface_area",1,240,4,"geodesic",239,3,"random",1691344.85884987,10505.0756523985,0.00207315227476433,140,TRUE,"stress_tolerance",0.0455318819593955,"","",FALSE,"Gaussian"
"saddle-surface_area-rep1-n240-r4","saddle","surface_area",1,240,4,"geodesic",32,1,"supplied",14741.019609113,10594.111228685,0.00206731139814135,29,TRUE,"stress_tolerance",0.045467696204463,"","",TRUE,"classical"
"saddle-surface_area-rep1-n240-r4","saddle","surface_area",1,240,4,"geodesic",32,2,"random",1702490.35320115,10594.2975654273,0.00206734775948047,115,TRUE,"stress_tolerance",0.0454680960617495,"","",FALSE,"Gaussian"
"saddle-surface_area-rep1-n240-r4","saddle","surface_area",1,240,4,"geodesic",32,3,"random",1710967.124066,10594.2628426087,0.00206734098374656,151,TRUE,"stress_tolerance",0.0454680215508281,"","",FALSE,"Gaussian"
"saddle-surface_area-rep1-n240-r4","saddle","surface_area",1,240,4,"geodesic",4,1,"supplied",19251.5604795283,14340.9811273549,0.00187228506207915,68,TRUE,"stress_tolerance",0.0432699094299856,"","",FALSE,"classical"
"saddle-surface_area-rep1-n240-r4","saddle","surface_area",1,240,4,"geodesic",4,2,"random",2502377.59897896,14340.6838275729,0.00187224624814195,146,TRUE,"stress_tolerance",0.043269460918088,"","",FALSE,"Gaussian"
"saddle-surface_area-rep1-n240-r4","saddle","surface_area",1,240,4,"geodesic",4,3,"random",2505976.27553529,14338.2112042974,0.00187192343510833,323,TRUE,"stress_tolerance",0.0432657304931782,"","",TRUE,"Gaussian"
"saddle-surface_area-rep1-n240-r4","saddle","surface_area",1,240,4,"geodesic",64,1,"supplied",14691.6787391876,10489.0403010788,0.00206791667952021,29,TRUE,"stress_tolerance",0.0454743518867527,"","",TRUE,"classical"
"saddle-surface_area-rep1-n240-r4","saddle","surface_area",1,240,4,"geodesic",64,2,"random",1683955.48257686,10489.2735361877,0.00206796266187495,114,TRUE,"stress_tolerance",0.0454748574695397,"","",FALSE,"Gaussian"
"saddle-surface_area-rep1-n240-r4","saddle","surface_area",1,240,4,"geodesic",64,3,"random",1692774.93975483,10489.2687570914,0.00206796171967504,141,TRUE,"stress_tolerance",0.0454748471099687,"","",FALSE,"Gaussian"
"saddle-surface_area-rep1-n240-r4","saddle","surface_area",1,240,4,"geodesic",8,1,"supplied",15750.2700296518,11293.9983852528,0.00197114659129546,61,TRUE,"stress_tolerance",0.0443975966837786,"","",FALSE,"classical"
"saddle-surface_area-rep1-n240-r4","saddle","surface_area",1,240,4,"geodesic",8,2,"random",1891855.87227259,11293.4551262211,0.00197105177605359,136,TRUE,"stress_tolerance",0.044396528873929,"","",TRUE,"Gaussian"
"saddle-surface_area-rep1-n240-r4","saddle","surface_area",1,240,4,"geodesic",8,3,"random",1897410.32309135,11297.6636191768,0.00197178628621211,166,TRUE,"stress_tolerance",0.0444048002609191,"","",FALSE,"Gaussian"
"saddle-surface_area-rep1-n240-r64","saddle","surface_area",1,240,64,"ambient",128,1,"supplied",2280.60407451421,2152.02374518734,1.01274412076716e-08,1,TRUE,"stress_tolerance",0.000100635188714903,"","",TRUE,"classical"
"saddle-surface_area-rep1-n240-r64","saddle","surface_area",1,240,64,"ambient",128,2,"random",90113956956.2337,556870.680325954,2.62063794039886e-06,240,TRUE,"stress_tolerance",0.00161883845407902,"","",FALSE,"Gaussian"
"saddle-surface_area-rep1-n240-r64","saddle","surface_area",1,240,64,"ambient",128,3,"random",91066848352.6877,591776.27706686,2.78490396190665e-06,257,TRUE,"stress_tolerance",0.00166880315253564,"","",FALSE,"Gaussian"
"saddle-surface_area-rep1-n240-r64","saddle","surface_area",1,240,64,"ambient",16,1,"supplied",1511595.31736449,388102.83712723,1.80326038260773e-06,57,TRUE,"stress_tolerance",0.0013428553096345,"","",TRUE,"classical"
"saddle-surface_area-rep1-n240-r64","saddle","surface_area",1,240,64,"ambient",16,2,"random",91163968530.606,752844.355452688,3.49797597592061e-06,268,TRUE,"stress_tolerance",0.00187028767197102,"","",FALSE,"Gaussian"
"saddle-surface_area-rep1-n240-r64","saddle","surface_area",1,240,64,"ambient",16,3,"random",92104556288.8382,895610.551185223,4.16131723527786e-06,247,TRUE,"stress_tolerance",0.00203993069374528,"","",FALSE,"Gaussian"
"saddle-surface_area-rep1-n240-r64","saddle","surface_area",1,240,64,"ambient",239,1,"supplied",6.97784313694286e-20,1.70987969867505e-17,8.04689168040388e-29,1,TRUE,"stress_tolerance",8.96987612150241e-15,"","",TRUE,"classical"
"saddle-surface_area-rep1-n240-r64","saddle","surface_area",1,240,64,"ambient",239,2,"random",90111648754.3031,558768.290909421,2.62962822172615e-06,239,TRUE,"stress_tolerance",0.00162161284582121,"","",FALSE,"Gaussian"
"saddle-surface_area-rep1-n240-r64","saddle","surface_area",1,240,64,"ambient",239,3,"random",91064563777.0561,591281.350897236,2.78263844351143e-06,257,TRUE,"stress_tolerance",0.00166812422904219,"","",FALSE,"Gaussian"
"saddle-surface_area-rep1-n240-r64","saddle","surface_area",1,240,64,"ambient",32,1,"supplied",748993.730565836,88298.6753225554,4.15113364717851e-07,39,TRUE,"stress_tolerance",0.000644292918417713,"","",TRUE,"classical"
"saddle-surface_area-rep1-n240-r64","saddle","surface_area",1,240,64,"ambient",32,2,"random",90170227233.5786,606386.081499028,2.85076719089618e-06,232,TRUE,"stress_tolerance",0.00168842150865901,"","",FALSE,"Gaussian"
"saddle-surface_area-rep1-n240-r64","saddle","surface_area",1,240,64,"ambient",32,3,"random",91123481162.6244,651342.216937149,3.06211682415237e-06,251,TRUE,"stress_tolerance",0.0017498905177635,"","",FALSE,"Gaussian"
"saddle-surface_area-rep1-n240-r64","saddle","surface_area",1,240,64,"ambient",4,1,"supplied",17146153.0522384,5619193.25268975,1.9703576012662e-05,181,TRUE,"stress_tolerance",0.00443887102906455,"","",FALSE,"classical"
"saddle-surface_area-rep1-n240-r64","saddle","surface_area",1,240,64,"ambient",4,2,"random",119972010015.746,5855383.92107274,2.05317733318658e-05,303,TRUE,"stress_tolerance",0.00453119998806853,"","",FALSE,"Gaussian"
"saddle-surface_area-rep1-n240-r64","saddle","surface_area",1,240,64,"ambient",4,3,"random",120991994722.247,5224881.24832916,1.83209297498903e-05,386,TRUE,"stress_tolerance",0.00428029552132755,"","",TRUE,"Gaussian"
"saddle-surface_area-rep1-n240-r64","saddle","surface_area",1,240,64,"ambient",64,1,"supplied",125802.248306305,31101.400763614,1.46342826137664e-07,18,TRUE,"stress_tolerance",0.000382547808964337,"","",TRUE,"classical"
"saddle-surface_area-rep1-n240-r64","saddle","surface_area",1,240,64,"ambient",64,2,"random",90121583749.1709,561906.487325868,2.64396398108726e-06,237,TRUE,"stress_tolerance",0.0016260270542317,"","",FALSE,"Gaussian"
"saddle-surface_area-rep1-n240-r64","saddle","surface_area",1,240,64,"ambient",64,3,"random",91074423868.9697,596439.698481746,2.80645465970879e-06,256,TRUE,"stress_tolerance",0.00167524764131008,"","",FALSE,"Gaussian"
"saddle-surface_area-rep1-n240-r64","saddle","surface_area",1,240,64,"ambient",8,1,"supplied",4577971.53796816,1408363.54060366,6.12179700757719e-06,125,TRUE,"stress_tolerance",0.00247422654734431,"","",TRUE,"classical"
"saddle-surface_area-rep1-n240-r64","saddle","surface_area",1,240,64,"ambient",8,2,"random",97052638790.7773,1773361.48923721,7.70834997156473e-06,316,TRUE,"stress_tolerance",0.00277639153787266,"","",FALSE,"Gaussian"
"saddle-surface_area-rep1-n240-r64","saddle","surface_area",1,240,64,"ambient",8,3,"random",98131375224.1262,1490198.01934967,6.47751060897392e-06,297,TRUE,"stress_tolerance",0.00254509540272662,"","",FALSE,"Gaussian"
"saddle-surface_area-rep1-n240-r64","saddle","surface_area",1,240,64,"geodesic",128,1,"supplied",1195376060.18198,1067900749.78276,0.0037366718552834,12,TRUE,"stress_tolerance",0.0611283228567858,"","",TRUE,"classical"
"saddle-surface_area-rep1-n240-r64","saddle","surface_area",1,240,64,"geodesic",128,2,"random",103852401989.555,1067915618.60995,0.00373672388252293,112,TRUE,"stress_tolerance",0.0611287484128618,"","",FALSE,"Gaussian"
"saddle-surface_area-rep1-n240-r64","saddle","surface_area",1,240,64,"geodesic",128,3,"random",104621397960.916,1067916159.53919,0.00373672577527847,127,TRUE,"stress_tolerance",0.0611287638945733,"","",FALSE,"Gaussian"
"saddle-surface_area-rep1-n240-r64","saddle","surface_area",1,240,64,"geodesic",16,1,"supplied",1194938736.73811,1067129244.6149,0.00372802929414154,12,TRUE,"stress_tolerance",0.0610575899798016,"","",TRUE,"classical"
"saddle-surface_area-rep1-n240-r64","saddle","surface_area",1,240,64,"geodesic",16,2,"random",103986249502.554,1067144057.78108,0.00372808104412189,112,TRUE,"stress_tolerance",0.0610580137584082,"","",FALSE,"Gaussian"
"saddle-surface_area-rep1-n240-r64","saddle","surface_area",1,240,64,"geodesic",16,3,"random",104750278693.574,1067144619.75335,0.00372808300737902,127,TRUE,"stress_tolerance",0.0610580298353876,"","",FALSE,"Gaussian"
"saddle-surface_area-rep1-n240-r64","saddle","surface_area",1,240,64,"geodesic",239,1,"supplied",1195371938.92757,1067895967.23334,0.00373665695665096,12,TRUE,"stress_tolerance",0.0611282009930851,"","",TRUE,"classical"
"saddle-surface_area-rep1-n240-r64","saddle","surface_area",1,240,64,"geodesic",239,2,"random",103852341090.545,1067910836.3348,0.00373670898487575,112,TRUE,"stress_tolerance",0.0611286265580681,"","",FALSE,"Gaussian"
"saddle-surface_area-rep1-n240-r64","saddle","surface_area",1,240,64,"geodesic",239,3,"random",104621333067.384,1067911377.40782,0.00373671087813531,127,TRUE,"stress_tolerance",0.0611286420439333,"","",FALSE,"Gaussian"
"saddle-surface_area-rep1-n240-r64","saddle","surface_area",1,240,64,"geodesic",32,1,"supplied",1195974226.65421,1068467288.43802,0.00373765947213084,12,TRUE,"stress_tolerance",0.0611364005493523,"","",TRUE,"classical"
"saddle-surface_area-rep1-n240-r64","saddle","surface_area",1,240,64,"geodesic",32,2,"random",103878958885.052,1068482052.40751,0.00373771111871939,112,TRUE,"stress_tolerance",0.0611368229360952,"","",FALSE,"Gaussian"
"saddle-surface_area-rep1-n240-r64","saddle","surface_area",1,240,64,"geodesic",32,3,"random",104647114536.807,1068482531.17307,0.0037377127935134,127,TRUE,"stress_tolerance",0.0611368366331902,"","",FALSE,"Gaussian"
"saddle-surface_area-rep1-n240-r64","saddle","surface_area",1,240,64,"geodesic",4,1,"supplied",1213916014.71368,1085037931.95344,0.00361028839906443,12,TRUE,"stress_tolerance",0.0600856754897908,"","",TRUE,"classical"
"saddle-surface_area-rep1-n240-r64","saddle","surface_area",1,240,64,"geodesic",4,2,"random",108425923549.934,1085052209.04134,0.00361033590376756,110,TRUE,"stress_tolerance",0.060086070796546,"","",FALSE,"Gaussian"
"saddle-surface_area-rep1-n240-r64","saddle","surface_area",1,240,64,"geodesic",4,3,"random",109092932058.794,1085054158.78072,0.0036103423912103,126,TRUE,"stress_tolerance",0.0600861247811029,"","",FALSE,"Gaussian"
"saddle-surface_area-rep1-n240-r64","saddle","surface_area",1,240,64,"geodesic",64,1,"supplied",1195374403.37528,1067902394.30745,0.00373665703095807,12,TRUE,"stress_tolerance",0.0611282016008825,"","",TRUE,"classical"
"saddle-surface_area-rep1-n240-r64","saddle","surface_area",1,240,64,"geodesic",64,2,"random",103852862323.235,1067917262.86125,0.00373670905695443,112,TRUE,"stress_tolerance",0.0611286271476341,"","",FALSE,"Gaussian"
"saddle-surface_area-rep1-n240-r64","saddle","surface_area",1,240,64,"geodesic",64,3,"random",104621812666.13,1067917803.70354,0.00373671094939532,127,TRUE,"stress_tolerance",0.0611286426268025,"","",FALSE,"Gaussian"
"saddle-surface_area-rep1-n240-r64","saddle","surface_area",1,240,64,"geodesic",8,1,"supplied",1191029353.64971,1062116256.42164,0.00369127725917279,12,TRUE,"stress_tolerance",0.0607558825067399,"","",TRUE,"classical"
"saddle-surface_area-rep1-n240-r64","saddle","surface_area",1,240,64,"geodesic",8,2,"random",104404932782.952,1062130695.89695,0.00369132744210381,112,TRUE,"stress_tolerance",0.0607562954935851,"","",FALSE,"Gaussian"
"saddle-surface_area-rep1-n240-r64","saddle","surface_area",1,240,64,"geodesic",8,3,"random",105147088054.28,1062130669.17572,0.0036913273492369,127,TRUE,"stress_tolerance",0.0607562947293274,"","",FALSE,"Gaussian"
"saddle-surface_area-rep1-n240-r8","saddle","surface_area",1,240,8,"ambient",128,1,"supplied",266.476423136457,63.2421272318391,1.17220188192346e-06,25,TRUE,"stress_tolerance",0.001082682724499,"","",TRUE,"classical"
"saddle-surface_area-rep1-n240-r8","saddle","surface_area",1,240,8,"ambient",128,2,"random",21216708.661438,111.089881653305,2.05906685996324e-06,534,TRUE,"stress_tolerance",0.00143494489788612,"","",FALSE,"Gaussian"
"saddle-surface_area-rep1-n240-r8","saddle","surface_area",1,240,8,"ambient",128,3,"random",21424575.9020212,102.975184068612,1.90865977853876e-06,476,TRUE,"stress_tolerance",0.00138154253591589,"","",FALSE,"Gaussian"
"saddle-surface_area-rep1-n240-r8","saddle","surface_area",1,240,8,"ambient",16,1,"supplied",86315.1511395403,61026.3983355834,0.0010527931821822,75,TRUE,"stress_tolerance",0.032446774603683,"","",TRUE,"classical"
"saddle-surface_area-rep1-n240-r8","saddle","surface_area",1,240,8,"ambient",16,2,"random",21399283.9155415,61049.2999500276,0.0010531882679845,306,TRUE,"stress_tolerance",0.0324528622464108,"","",FALSE,"Gaussian"
"saddle-surface_area-rep1-n240-r8","saddle","surface_area",1,240,8,"ambient",16,3,"random",21574898.0659311,61031.3642235839,0.00105287885089562,317,TRUE,"stress_tolerance",0.0324480947190377,"","",FALSE,"Gaussian"
"saddle-surface_area-rep1-n240-r8","saddle","surface_area",1,240,8,"ambient",239,1,"supplied",3.29473173571904e-23,3.63112076047838e-21,6.73980218382122e-29,1,TRUE,"stress_tolerance",8.1972204584911e-15,"","",TRUE,"classical"
"saddle-surface_area-rep1-n240-r8","saddle","surface_area",1,240,8,"ambient",239,2,"random",21181978.8754735,38.7851071462257,7.19898805594759e-07,549,TRUE,"stress_tolerance",0.000848468505956968,"","",FALSE,"Gaussian"
"saddle-surface_area-rep1-n240-r8","saddle","surface_area",1,240,8,"ambient",239,3,"random",21390250.1461725,43.9359991658893,8.15505632171858e-07,476,TRUE,"stress_tolerance",0.000903053504604249,"","",FALSE,"Gaussian"
"saddle-surface_area-rep1-n240-r8","saddle","surface_area",1,240,8,"ambient",32,1,"supplied",42528.8367212035,18625.0196520901,0.000336724141849891,64,TRUE,"stress_tolerance",0.0183500447369998,"","",TRUE,"classical"
"saddle-surface_area-rep1-n240-r8","saddle","surface_area",1,240,8,"ambient",32,2,"random",21395475.083221,18660.6391292991,0.000337368110990349,491,TRUE,"stress_tolerance",0.0183675831559395,"","",FALSE,"Gaussian"
"saddle-surface_area-rep1-n240-r8","saddle","surface_area",1,240,8,"ambient",32,3,"random",21600787.7780814,18632.1117771241,0.000336852361296666,488,TRUE,"stress_tolerance",0.0183535381138534,"","",FALSE,"Gaussian"
"saddle-surface_area-rep1-n240-r8","saddle","surface_area",1,240,8,"ambient",4,1,"supplied",312870.437528338,253886.059442807,0.00265409477081136,41,TRUE,"stress_tolerance",0.0515179072829183,"","",FALSE,"classical"
"saddle-surface_area-rep1-n240-r8","saddle","surface_area",1,240,8,"ambient",4,2,"random",33123890.0694195,253805.661359964,0.00265325429878337,120,TRUE,"stress_tolerance",0.0515097495507733,"","",FALSE,"Gaussian"
"saddle-surface_area-rep1-n240-r8","saddle","surface_area",1,240,8,"ambient",4,3,"random",33199737.2448613,253800.029072362,0.00265319541951641,142,TRUE,"stress_tolerance",0.0515091780124324,"","",TRUE,"Gaussian"
"saddle-surface_area-rep1-n240-r8","saddle","surface_area",1,240,8,"ambient",64,1,"supplied",10196.7954920452,2698.6502235594,4.96392965397906e-05,43,TRUE,"stress_tolerance",0.00704551605915399,"","",TRUE,"classical"
"saddle-surface_area-rep1-n240-r8","saddle","surface_area",1,240,8,"ambient",64,2,"random",21315799.6197498,2845.67003385742,5.23435965994631e-05,569,TRUE,"stress_tolerance",0.00723488746280614,"","",FALSE,"Gaussian"
"saddle-surface_area-rep1-n240-r8","saddle","surface_area",1,240,8,"ambient",64,3,"random",21521971.9074599,2724.91203194118,5.01223593993468e-05,485,TRUE,"stress_tolerance",0.0070797146410963,"","",FALSE,"Gaussian"
"saddle-surface_area-rep1-n240-r8","saddle","surface_area",1,240,8,"ambient",8,1,"supplied",268003.795912068,207131.920857589,0.00276843552685034,30,TRUE,"stress_tolerance",0.0526159246507211,"","",TRUE,"classical"
"saddle-surface_area-rep1-n240-r8","saddle","surface_area",1,240,8,"ambient",8,2,"random",26123714.0408058,207135.807233532,0.00276848747046766,148,TRUE,"stress_tolerance",0.0526164182595861,"","",FALSE,"Gaussian"
"saddle-surface_area-rep1-n240-r8","saddle","surface_area",1,240,8,"ambient",8,3,"random",26212501.2556971,207133.447710692,0.00276845593410751,145,TRUE,"stress_tolerance",0.0526161185769866,"","",FALSE,"Gaussian"
"saddle-surface_area-rep1-n240-r8","saddle","surface_area",1,240,8,"geodesic",128,1,"supplied",249201.238987298,206443.271949682,0.0028285294978623,20,TRUE,"stress_tolerance",0.0531839214223842,"","",TRUE,"classical"
"saddle-surface_area-rep1-n240-r8","saddle","surface_area",1,240,8,"geodesic",128,2,"random",25599977.8923004,206445.771319272,0.00282856374233316,114,TRUE,"stress_tolerance",0.0531842433652409,"","",FALSE,"Gaussian"
"saddle-surface_area-rep1-n240-r8","saddle","surface_area",1,240,8,"geodesic",128,3,"random",25782531.7755693,206445.5069708,0.00282856012043044,123,TRUE,"stress_tolerance",0.0531842093147059,"","",FALSE,"Gaussian"
"saddle-surface_area-rep1-n240-r8","saddle","surface_area",1,240,8,"geodesic",16,1,"supplied",244802.938670546,202001.30676259,0.00269355914198699,20,TRUE,"stress_tolerance",0.0518995100360976,"","",TRUE,"classical"
"saddle-surface_area-rep1-n240-r8","saddle","surface_area",1,240,8,"geodesic",16,2,"random",26205479.2298607,202004.65953729,0.0026936038491084,112,TRUE,"stress_tolerance",0.051899940742822,"","",FALSE,"Gaussian"
"saddle-surface_area-rep1-n240-r8","saddle","surface_area",1,240,8,"geodesic",16,3,"random",26394796.7378178,202003.187120484,0.00269358421536537,123,TRUE,"stress_tolerance",0.0518997515925208,"","",FALSE,"Gaussian"
"saddle-surface_area-rep1-n240-r8","saddle","surface_area",1,240,8,"geodesic",239,1,"supplied",249152.943110398,206383.391424803,0.00282779431745432,20,TRUE,"stress_tolerance",0.0531770092940017,"","",TRUE,"classical"
"saddle-surface_area-rep1-n240-r8","saddle","surface_area",1,240,8,"geodesic",239,2,"random",25599030.1395833,206385.895858892,0.00282782863234971,114,TRUE,"stress_tolerance",0.0531773319408721,"","",FALSE,"Gaussian"
"saddle-surface_area-rep1-n240-r8","saddle","surface_area",1,240,8,"geodesic",239,3,"random",25781525.8529534,206385.630585031,0.00282782499765842,123,TRUE,"stress_tolerance",0.0531772977656673,"","",FALSE,"Gaussian"
"saddle-surface_area-rep1-n240-r8","saddle","surface_area",1,240,8,"geodesic",32,1,"supplied",249391.946276892,206759.461559456,0.00281532468705009,20,TRUE,"stress_tolerance",0.0530596333105503,"","",TRUE,"classical"
"saddle-surface_area-rep1-n240-r8","saddle","surface_area",1,240,8,"geodesic",32,2,"random",25745789.6214664,206762.044358794,0.00281535985554338,113,TRUE,"stress_tolerance",0.053059964714871,"","",FALSE,"Gaussian"
"saddle-surface_area-rep1-n240-r8","saddle","surface_area",1,240,8,"geodesic",32,3,"random",25924926.8918222,206761.168156952,0.00281534792480678,123,TRUE,"stress_tolerance",0.0530598522878345,"","",FALSE,"Gaussian"
"saddle-surface_area-rep1-n240-r8","saddle","surface_area",1,240,8,"geodesic",4,1,"supplied",304919.171945222,247260.111903376,0.00250581921350278,49,TRUE,"stress_tolerance",0.0500581583111359,"","",TRUE,"classical"
"saddle-surface_area-rep1-n240-r8","saddle","surface_area",1,240,8,"geodesic",4,2,"random",33976722.999841,247266.553135199,0.0025058844911666,118,TRUE,"stress_tolerance",0.0500588103251226,"","",FALSE,"Gaussian"
"saddle-surface_area-rep1-n240-r8","saddle","surface_area",1,240,8,"geodesic",4,3,"random",34028917.2334439,247332.107424195,0.00250654884093021,133,TRUE,"stress_tolerance",0.0500654455780653,"","",FALSE,"Gaussian"
"saddle-surface_area-rep1-n240-r8","saddle","surface_area",1,240,8,"geodesic",64,1,"supplied",248988.288013758,206289.873234982,0.00282566364670183,20,TRUE,"stress_tolerance",0.0531569717600791,"","",TRUE,"classical"
"saddle-surface_area-rep1-n240-r8","saddle","surface_area",1,240,8,"geodesic",64,2,"random",25605229.9080228,206292.375790234,0.00282569792555075,114,TRUE,"stress_tolerance",0.0531572941895161,"","",FALSE,"Gaussian"
"saddle-surface_area-rep1-n240-r8","saddle","surface_area",1,240,8,"geodesic",64,3,"random",25787108.562403,206292.11750121,0.0028256943876267,123,TRUE,"stress_tolerance",0.0531572609116263,"","",FALSE,"Gaussian"
"saddle-surface_area-rep1-n240-r8","saddle","surface_area",1,240,8,"geodesic",8,1,"supplied",256614.476346606,207973.862619248,0.00259635733217991,20,TRUE,"stress_tolerance",0.0509544633195158,"","",FALSE,"classical"
"saddle-surface_area-rep1-n240-r8","saddle","surface_area",1,240,8,"geodesic",8,2,"random",27829879.5049516,207975.517513145,0.00259637799196787,114,TRUE,"stress_tolerance",0.0509546660470645,"","",FALSE,"Gaussian"
"saddle-surface_area-rep1-n240-r8","saddle","surface_area",1,240,8,"geodesic",8,3,"random",27989532.0316679,207973.185462263,0.00259634887851423,127,TRUE,"stress_tolerance",0.0509543803663064,"","",TRUE,"Gaussian"
"saddle-surface_area-rep1-n480-r64","saddle","surface_area",1,480,64,"ambient",128,1,"supplied",461624.403699482,128713.269335236,1.47144668156769e-07,17,TRUE,"stress_tolerance",0.000383594405801993,"","",TRUE,"classical"
"saddle-surface_area-rep1-n480-r64","saddle","surface_area",1,480,64,"ambient",128,2,"random",381124712560.678,2243766.59861848,2.56506802507716e-06,304,TRUE,"stress_tolerance",0.00160158297477316,"","",FALSE,"Gaussian"
"saddle-surface_area-rep1-n480-r64","saddle","surface_area",1,480,64,"ambient",128,3,"random",386858718184.609,2223353.85728818,2.5417322333229e-06,249,TRUE,"stress_tolerance",0.00159428110235586,"","",FALSE,"Gaussian"
"saddle-surface_area-rep1-n480-r64","saddle","surface_area",1,480,64,"ambient",16,1,"supplied",22085963.8945742,5523871.30301984,6.1873994788137e-06,72,TRUE,"stress_tolerance",0.00248744838716696,"","",TRUE,"classical"
"saddle-surface_area-rep1-n480-r64","saddle","surface_area",1,480,64,"ambient",16,2,"random",387542877420.916,5590719.16281053,6.26227711265767e-06,344,TRUE,"stress_tolerance",0.00250245421789569,"","",FALSE,"Gaussian"
"saddle-surface_area-rep1-n480-r64","saddle","surface_area",1,480,64,"ambient",16,3,"random",393304835490.42,7163761.04653007,8.02427300241663e-06,327,TRUE,"stress_tolerance",0.00283271477604485,"","",FALSE,"Gaussian"
"saddle-surface_area-rep1-n480-r64","saddle","surface_area",1,480,64,"ambient",479,1,"supplied",5.38853351347774e-19,2.41358418694643e-16,2.75956551261144e-28,1,TRUE,"stress_tolerance",1.69081883733658e-14,"","",TRUE,"classical"
"saddle-surface_area-rep1-n480-r64","saddle","surface_area",1,480,64,"ambient",479,2,"random",381093207422.475,2234332.95288831,2.55461905734583e-06,304,TRUE,"stress_tolerance",0.00159831757087007,"","",FALSE,"Gaussian"
"saddle-surface_area-rep1-n480-r64","saddle","surface_area",1,480,64,"ambient",479,3,"random",386827401105.771,2176804.11430577,2.48884360199126e-06,250,TRUE,"stress_tolerance",0.00157760692252458,"","",FALSE,"Gaussian"
"saddle-surface_area-rep1-n480-r64","saddle","surface_area",1,480,64,"ambient",64,1,"supplied",3041284.50499232,304551.982896665,3.4802920144909e-07,39,TRUE,"stress_tolerance",0.00058993999818168,"","",TRUE,"classical"
"saddle-surface_area-rep1-n480-r64","saddle","surface_area",1,480,64,"ambient",64,2,"random",381164041248.451,2322086.44808805,2.65358276290733e-06,312,TRUE,"stress_tolerance",0.00162898212479865,"","",FALSE,"Gaussian"
"saddle-surface_area-rep1-n480-r64","saddle","surface_area",1,480,64,"ambient",64,3,"random",386897588683.642,2484647.10130526,2.83935024269229e-06,250,TRUE,"stress_tolerance",0.00168503716359567,"","",FALSE,"Gaussian"
"saddle-surface_area-rep1-n480-r64","saddle","surface_area",1,480,64,"ambient",8,1,"supplied",43876811.6713719,14613261.0835314,1.46985638432001e-05,185,TRUE,"stress_tolerance",0.00383387060856337,"","",FALSE,"classical"
"saddle-surface_area-rep1-n480-r64","saddle","surface_area",1,480,64,"ambient",8,2,"random",430667913893.312,14502770.2155581,1.45874280010555e-05,348,TRUE,"stress_tolerance",0.00381934915935446,"","",TRUE,"Gaussian"
"saddle-surface_area-rep1-n480-r64","saddle","surface_area",1,480,64,"ambient",8,3,"random",436654877004.045,17871367.3939843,1.7975688869461e-05,438,TRUE,"stress_tolerance",0.00423977462484356,"","",FALSE,"Gaussian"
"saddle-surface_area-rep1-n480-r64","saddle","surface_area",1,480,64,"geodesic",128,1,"supplied",4769594931.56364,4281666541.65854,0.00363675923585771,13,TRUE,"stress_tolerance",0.0603055489640694,"","",TRUE,"classical"
"saddle-surface_area-rep1-n480-r64","saddle","surface_area",1,480,64,"geodesic",128,2,"random",438838100303.89,4281714977.54662,0.00363680037630188,112,TRUE,"stress_tolerance",0.0603058900630932,"","",FALSE,"Gaussian"
"saddle-surface_area-rep1-n480-r64","saddle","surface_area",1,480,64,"geodesic",128,3,"random",446835525911.301,4281705136.9938,0.00363679201793931,138,TRUE,"stress_tolerance",0.060305820763334,"","",FALSE,"Gaussian"
"saddle-surface_area-rep1-n480-r64","saddle","surface_area",1,480,64,"geodesic",16,1,"supplied",4767486924.85825,4278266193.79054,0.00362389705103295,13,TRUE,"stress_tolerance",0.0601988127045117,"","",TRUE,"classical"
"saddle-surface_area-rep1-n480-r64","saddle","surface_area",1,480,64,"geodesic",16,2,"random",439798389884.652,4278312968.11286,0.00362393667113162,112,TRUE,"stress_tolerance",0.0601991417806893,"","",FALSE,"Gaussian"
"saddle-surface_area-rep1-n480-r64","saddle","surface_area",1,480,64,"geodesic",16,3,"random",447788680809.07,4278310320.48643,0.0036239344284648,152,TRUE,"stress_tolerance",0.0601991231536201,"","",FALSE,"Gaussian"
"saddle-surface_area-rep1-n480-r64","saddle","surface_area",1,480,64,"geodesic",479,1,"supplied",4769570470.40026,4281632772.65093,0.0036367420560132,13,TRUE,"stress_tolerance",0.0603054065239033,"","",TRUE,"classical"
"saddle-surface_area-rep1-n480-r64","saddle","surface_area",1,480,64,"geodesic",479,2,"random",438836873638.645,4281681213.18901,0.00363678320053712,112,TRUE,"stress_tolerance",0.0603057476575583,"","",FALSE,"Gaussian"
"saddle-surface_area-rep1-n480-r64","saddle","surface_area",1,480,64,"geodesic",479,3,"random",446834273048.958,4281681398.7869,0.00363678335818064,137,TRUE,"stress_tolerance",0.0603057489645935,"","",FALSE,"Gaussian"
"saddle-surface_area-rep1-n480-r64","saddle","surface_area",1,480,64,"geodesic",64,1,"supplied",4769614925.70846,4281669513.37594,0.00363666918388828,13,TRUE,"stress_tolerance",0.0603048023285742,"","",TRUE,"classical"
"saddle-surface_area-rep1-n480-r64","saddle","surface_area",1,480,64,"geodesic",64,2,"random",438847322494.734,4281717926.47056,0.0036367103039254,112,TRUE,"stress_tolerance",0.0603051432626217,"","",FALSE,"Gaussian"
"saddle-surface_area-rep1-n480-r64","saddle","surface_area",1,480,64,"geodesic",64,3,"random",446844641406.949,4281709331.68949,0.00363670300388149,138,TRUE,"stress_tolerance",0.0603050827367102,"","",FALSE,"Gaussian"
"saddle-surface_area-rep1-n480-r64","saddle","surface_area",1,480,64,"geodesic",8,1,"supplied",4763862181.45235,4262439302.31172,0.00355810072324719,13,TRUE,"stress_tolerance",0.0596498174619765,"","",TRUE,"classical"
"saddle-surface_area-rep1-n480-r64","saddle","surface_area",1,480,64,"geodesic",8,2,"random",445114393801.301,4262491980.64535,0.00355814469685096,111,TRUE,"stress_tolerance",0.0596501860588119,"","",FALSE,"Gaussian"
"saddle-surface_area-rep1-n480-r64","saddle","surface_area",1,480,64,"geodesic",8,3,"random",453047947796.006,4262474334.18855,0.00355812996634896,175,TRUE,"stress_tolerance",0.059650062584619,"","",FALSE,"Gaussian"
"saddle-surface_area-rep2-n240-r1","saddle","surface_area",2,240,1,"ambient",128,1,"supplied",16.004564617561,13.7019643426613,0.000307026600985777,32,TRUE,"stress_tolerance",0.0175221745507167,"","",TRUE,"classical"
"saddle-surface_area-rep2-n240-r1","saddle","surface_area",2,240,1,"ambient",128,2,"random",12907.2112789813,13.7026123348014,0.000307041120861854,149,TRUE,"stress_tolerance",0.0175225888744176,"","",FALSE,"Gaussian"
"saddle-surface_area-rep2-n240-r1","saddle","surface_area",2,240,1,"ambient",128,3,"random",13223.4471981016,13.7025762324077,0.000307040311897901,136,TRUE,"stress_tolerance",0.0175225657909425,"","",FALSE,"Gaussian"
"saddle-surface_area-rep2-n240-r1","saddle","surface_area",2,240,1,"ambient",16,1,"supplied",62.1987080071362,41.0633084212193,0.000800120562129713,49,TRUE,"stress_tolerance",0.0282864024246583,"","",TRUE,"classical"
"saddle-surface_area-rep2-n240-r1","saddle","surface_area",2,240,1,"ambient",16,2,"random",15322.8982092547,41.0807294691879,0.000800460012096836,505,TRUE,"stress_tolerance",0.028292402020628,"","",FALSE,"Gaussian"
"saddle-surface_area-rep2-n240-r1","saddle","surface_area",2,240,1,"ambient",16,3,"random",15684.6261092555,41.0802854041147,0.000800451359467283,863,TRUE,"stress_tolerance",0.0282922491058468,"","",FALSE,"Gaussian"
"saddle-surface_area-rep2-n240-r1","saddle","surface_area",2,240,1,"ambient",239,1,"supplied",2.41436055519298e-26,2.10247393734883e-24,4.93796683259576e-29,1,TRUE,"stress_tolerance",6.99746656042671e-15,"","",TRUE,"classical"
"saddle-surface_area-rep2-n240-r1","saddle","surface_area",2,240,1,"ambient",239,2,"random",11989.8872512501,0.00218939486558386,5.14211331596394e-08,123,TRUE,"stress_tolerance",0.00022676228338264,"","",FALSE,"Gaussian"
"saddle-surface_area-rep2-n240-r1","saddle","surface_area",2,240,1,"ambient",239,3,"random",12302.1593733301,0.00228178785553331,5.35911173474578e-08,113,TRUE,"stress_tolerance",0.000231497553663623,"","",FALSE,"Gaussian"
"saddle-surface_area-rep2-n240-r1","saddle","surface_area",2,240,1,"ambient",32,1,"supplied",52.6494540940426,33.7944191559698,0.000681755470144261,44,TRUE,"stress_tolerance",0.0261104475286094,"","",TRUE,"classical"
"saddle-surface_area-rep2-n240-r1","saddle","surface_area",2,240,1,"ambient",32,2,"random",14803.2958719965,33.8098114069842,0.000682065987430516,491,TRUE,"stress_tolerance",0.0261163930784961,"","",FALSE,"Gaussian"
"saddle-surface_area-rep2-n240-r1","saddle","surface_area",2,240,1,"ambient",32,3,"random",15155.041715513,33.8096684778863,0.000682063104034478,678,TRUE,"stress_tolerance",0.0261163378756381,"","",FALSE,"Gaussian"
"saddle-surface_area-rep2-n240-r1","saddle","surface_area",2,240,1,"ambient",4,1,"supplied",212.985708063288,150.432099475574,0.00198064524868294,302,TRUE,"stress_tolerance",0.044504440774859,"","",TRUE,"classical"
"saddle-surface_area-rep2-n240-r1","saddle","surface_area",2,240,1,"ambient",4,2,"random",22898.8065747224,151.372838118964,0.00199303136528157,547,TRUE,"stress_tolerance",0.0446433798595219,"","",FALSE,"Gaussian"
"saddle-surface_area-rep2-n240-r1","saddle","surface_area",2,240,1,"ambient",4,3,"random",23394.1644089868,151.513541129819,0.00199488391371304,361,TRUE,"stress_tolerance",0.0446641233398019,"","",FALSE,"Gaussian"
"saddle-surface_area-rep2-n240-r1","saddle","surface_area",2,240,1,"ambient",64,1,"supplied",40.785907621739,27.0596977091053,0.000559492850394268,41,TRUE,"stress_tolerance",0.0236536012140703,"","",TRUE,"classical"
"saddle-surface_area-rep2-n240-r1","saddle","surface_area",2,240,1,"ambient",64,2,"random",14416.2323265957,27.0674001069402,0.000559652107033638,338,TRUE,"stress_tolerance",0.0236569674099122,"","",FALSE,"Gaussian"
"saddle-surface_area-rep2-n240-r1","saddle","surface_area",2,240,1,"ambient",64,3,"random",14761.8502117911,27.0672688034486,0.000559649392170909,382,TRUE,"stress_tolerance",0.0236569100300718,"","",FALSE,"Gaussian"
"saddle-surface_area-rep2-n240-r1","saddle","surface_area",2,240,1,"ambient",8,1,"supplied",79.7214821687381,55.2254128456753,0.000973534035282513,61,TRUE,"stress_tolerance",0.0312015069392895,"","",TRUE,"classical"
"saddle-surface_area-rep2-n240-r1","saddle","surface_area",2,240,1,"ambient",8,2,"random",16936.5111567463,55.2518975810678,0.000974000918008987,790,TRUE,"stress_tolerance",0.0312089877761037,"","",FALSE,"Gaussian"
"saddle-surface_area-rep2-n240-r1","saddle","surface_area",2,240,1,"ambient",8,3,"random",17321.5244106575,55.2521729173732,0.000974005771739374,635,TRUE,"stress_tolerance",0.0312090655377468,"","",FALSE,"Gaussian"
"saddle-surface_area-rep2-n240-r1","saddle","surface_area",2,240,1,"geodesic",128,1,"supplied",57.5714248989576,36.0564764389675,0.000730008167063547,46,TRUE,"stress_tolerance",0.0270186633100817,"","",TRUE,"classical"
"saddle-surface_area-rep2-n240-r1","saddle","surface_area",2,240,1,"geodesic",128,2,"random",14750.533460916,36.0801287690082,0.000730487037874148,647,TRUE,"stress_tolerance",0.0270275237096214,"","",FALSE,"Gaussian"
"saddle-surface_area-rep2-n240-r1","saddle","surface_area",2,240,1,"geodesic",128,3,"random",15103.0198356162,36.0801825026114,0.000730488125777713,805,TRUE,"stress_tolerance",0.0270275438354601,"","",FALSE,"Gaussian"
"saddle-surface_area-rep2-n240-r1","saddle","surface_area",2,240,1,"geodesic",16,1,"supplied",64.8668905839728,42.574028063675,0.000825948985884259,50,TRUE,"stress_tolerance",0.0287393282086458,"","",TRUE,"classical"
"saddle-surface_area-rep2-n240-r1","saddle","surface_area",2,240,1,"geodesic",16,2,"random",15391.7664683364,42.5961458323813,0.000826378077268462,570,TRUE,"stress_tolerance",0.028746792469221,"","",FALSE,"Gaussian"
"saddle-surface_area-rep2-n240-r1","saddle","surface_area",2,240,1,"geodesic",16,3,"random",15755.4882453037,42.5961101407228,0.000826377384839522,893,TRUE,"stress_tolerance",0.0287467804256324,"","",FALSE,"Gaussian"
"saddle-surface_area-rep2-n240-r1","saddle","surface_area",2,240,1,"geodesic",239,1,"supplied",57.6795563647257,36.0874319660203,0.000730856321779493,46,TRUE,"stress_tolerance",0.0270343544731421,"","",TRUE,"classical"
"saddle-surface_area-rep2-n240-r1","saddle","surface_area",2,240,1,"geodesic",239,2,"random",14744.131457958,36.1110597617404,0.000731334840835325,648,TRUE,"stress_tolerance",0.0270432032280817,"","",FALSE,"Gaussian"
"saddle-surface_area-rep2-n240-r1","saddle","surface_area",2,240,1,"geodesic",239,3,"random",15096.5984454169,36.1115128821724,0.0007313440176017,807,TRUE,"stress_tolerance",0.0270433728961776,"","",FALSE,"Gaussian"
"saddle-surface_area-rep2-n240-r1","saddle","surface_area",2,240,1,"geodesic",32,1,"supplied",58.487029613056,37.0147156495933,0.00074065345186464,47,TRUE,"stress_tolerance",0.0272149490512963,"","",TRUE,"classical"
"saddle-surface_area-rep2-n240-r1","saddle","surface_area",2,240,1,"geodesic",32,2,"random",14928.238668326,37.0386189880298,0.000741131750557832,634,TRUE,"stress_tolerance",0.0272237350589121,"","",FALSE,"Gaussian"
"saddle-surface_area-rep2-n240-r1","saddle","surface_area",2,240,1,"geodesic",32,3,"random",15283.4893696203,37.0385888494798,0.00074113114749441,884,TRUE,"stress_tolerance",0.0272237239828502,"","",FALSE,"Gaussian"
"saddle-surface_area-rep2-n240-r1","saddle","surface_area",2,240,1,"geodesic",4,1,"supplied",213.049585079057,149.66539665555,0.00196961135323852,301,TRUE,"stress_tolerance",0.0443803036632077,"","",TRUE,"classical"
"saddle-surface_area-rep2-n240-r1","saddle","surface_area",2,240,1,"geodesic",4,2,"random",22913.0903555819,150.279640727675,0.00197769486569465,517,TRUE,"stress_tolerance",0.0444712813588123,"","",FALSE,"Gaussian"
"saddle-surface_area-rep2-n240-r1","saddle","surface_area",2,240,1,"geodesic",4,3,"random",23400.967390882,150.309097355737,0.00197808251781969,464,TRUE,"stress_tolerance",0.0444756395998945,"","",FALSE,"Gaussian"
"saddle-surface_area-rep2-n240-r1","saddle","surface_area",2,240,1,"geodesic",64,1,"supplied",57.3553216980144,36.0046942740672,0.000727505064260882,46,TRUE,"stress_tolerance",0.0269723017976013,"","",TRUE,"classical"
"saddle-surface_area-rep2-n240-r1","saddle","surface_area",2,240,1,"geodesic",64,2,"random",14782.5659716776,36.0284949665176,0.000727985977226252,641,TRUE,"stress_tolerance",0.0269812152659262,"","",FALSE,"Gaussian"
"saddle-surface_area-rep2-n240-r1","saddle","surface_area",2,240,1,"geodesic",64,3,"random",15136.4736659562,36.028365756018,0.000727983366419668,800,TRUE,"stress_tolerance",0.0269811668839522,"","",FALSE,"Gaussian"
"saddle-surface_area-rep2-n240-r1","saddle","surface_area",2,240,1,"geodesic",8,1,"supplied",80.3889656238882,55.5446790972811,0.000977896514512878,62,TRUE,"stress_tolerance",0.0312713369479605,"","",TRUE,"classical"
"saddle-surface_area-rep2-n240-r1","saddle","surface_area",2,240,1,"geodesic",8,2,"random",16957.299872112,55.5740930161277,0.000978414363732386,753,TRUE,"stress_tolerance",0.0312796157862016,"","",FALSE,"Gaussian"
"saddle-surface_area-rep2-n240-r1","saddle","surface_area",2,240,1,"geodesic",8,3,"random",17342.7774999152,55.5737283482632,0.000978407943541659,656,TRUE,"stress_tolerance",0.0312795131602407,"","",FALSE,"Gaussian"
"saddle-surface_area-rep2-n240-r16","saddle","surface_area",2,240,16,"ambient",128,1,"supplied",783.757392345177,165.859902228318,2.27801928417716e-07,19,TRUE,"stress_tolerance",0.000477286002751477,"","",TRUE,"classical"
"saddle-surface_area-rep2-n240-r16","saddle","surface_area",2,240,16,"ambient",128,2,"random",313320884.070126,11917.0199341802,1.63675492721659e-05,1000,FALSE,"iteration_limit",0.00404568279431037,"Iteration limit reached! You may want to increase the itmax argument!","",FALSE,"Gaussian"
"saddle-surface_area-rep2-n240-r16","saddle","surface_area",2,240,16,"ambient",128,3,"random",322136932.267207,3025.34893784522,4.15519551693046e-06,721,TRUE,"stress_tolerance",0.00203842966936235,"","",FALSE,"Gaussian"
"saddle-surface_area-rep2-n240-r16","saddle","surface_area",2,240,16,"ambient",16,1,"supplied",352861.349996497,118766.724604135,0.000155968788450196,164,TRUE,"stress_tolerance",0.0124887464723327,"","",FALSE,"classical"
"saddle-surface_area-rep2-n240-r16","saddle","surface_area",2,240,16,"ambient",16,2,"random",322358403.079182,118965.27778224,0.000156229535715352,412,TRUE,"stress_tolerance",0.0124991814018102,"","",FALSE,"Gaussian"
"saddle-surface_area-rep2-n240-r16","saddle","surface_area",2,240,16,"ambient",16,3,"random",331668021.881435,118396.120572031,0.000155482097737165,838,TRUE,"stress_tolerance",0.0124692460773364,"","",TRUE,"Gaussian"
"saddle-surface_area-rep2-n240-r16","saddle","surface_area",2,240,16,"ambient",239,1,"supplied",4.84129199063752e-22,4.88818456001797e-20,6.71689002685727e-29,1,TRUE,"stress_tolerance",8.25516415670119e-15,"","",TRUE,"classical"
"saddle-surface_area-rep2-n240-r16","saddle","surface_area",2,240,16,"ambient",239,2,"random",313159619.366406,11549.65285279,1.58704621538029e-05,1000,FALSE,"iteration_limit",0.00398377486234363,"Iteration limit reached! You may want to increase the itmax argument!","",FALSE,"Gaussian"
"saddle-surface_area-rep2-n240-r16","saddle","surface_area",2,240,16,"ambient",239,3,"random",321973525.552485,3015.86857182629,4.14412698286863e-06,718,TRUE,"stress_tolerance",0.00203571289303644,"","",FALSE,"Gaussian"
"saddle-surface_area-rep2-n240-r16","saddle","surface_area",2,240,16,"ambient",32,1,"supplied",181083.630526354,40381.48413144,5.47325692217574e-05,55,TRUE,"stress_tolerance",0.00739814633687138,"","",TRUE,"classical"
"saddle-surface_area-rep2-n240-r16","saddle","surface_area",2,240,16,"ambient",32,2,"random",315511829.333048,44531.0702347297,6.03568674248817e-05,1000,FALSE,"iteration_limit",0.00776896823425782,"Iteration limit reached! You may want to increase the itmax argument!","",FALSE,"Gaussian"
"saddle-surface_area-rep2-n240-r16","saddle","surface_area",2,240,16,"ambient",32,3,"random",324372415.532358,43142.3532712085,5.84746174538813e-05,703,TRUE,"stress_tolerance",0.00764686978141297,"","",FALSE,"Gaussian"
"saddle-surface_area-rep2-n240-r16","saddle","surface_area",2,240,16,"ambient",4,1,"supplied",2770398.83751223,1652203.12889866,0.00111531179049942,151,TRUE,"stress_tolerance",0.0333962840822063,"","",FALSE,"classical"
"saddle-surface_area-rep2-n240-r16","saddle","surface_area",2,240,16,"ambient",4,2,"random",591889473.091209,1650013.55858737,0.00111383373157217,204,TRUE,"stress_tolerance",0.0333741476531188,"","",TRUE,"Gaussian"
"saddle-surface_area-rep2-n240-r16","saddle","surface_area",2,240,16,"ambient",4,3,"random",605392478.777989,1656235.98947908,0.00111803415367385,268,TRUE,"stress_tolerance",0.0334370177150092,"","",FALSE,"Gaussian"
"saddle-surface_area-rep2-n240-r16","saddle","surface_area",2,240,16,"ambient",64,1,"supplied",28511.0797105044,4185.64305937194,5.73338554299811e-06,40,TRUE,"stress_tolerance",0.00239444890173158,"","",TRUE,"classical"
"saddle-surface_area-rep2-n240-r16","saddle","surface_area",2,240,16,"ambient",64,2,"random",313805809.238211,14128.0116306563,1.93521847146393e-05,1000,FALSE,"iteration_limit",0.00439911180975838,"Iteration limit reached! You may want to increase the itmax argument!","",FALSE,"Gaussian"
"saddle-surface_area-rep2-n240-r16","saddle","surface_area",2,240,16,"ambient",64,3,"random",322613980.653262,6525.66804102441,8.93869120565387e-06,754,TRUE,"stress_tolerance",0.00298976440638058,"","",FALSE,"Gaussian"
"saddle-surface_area-rep2-n240-r16","saddle","surface_area",2,240,16,"ambient",8,1,"supplied",474278.043169042,229085.693030694,0.00027121938217569,282,TRUE,"stress_tolerance",0.0164687395442304,"","",TRUE,"classical"
"saddle-surface_area-rep2-n240-r16","saddle","surface_area",2,240,16,"ambient",8,2,"random",349539002.791248,231076.912259558,0.000273576828604945,505,TRUE,"stress_tolerance",0.0165401580586448,"","",FALSE,"Gaussian"
"saddle-surface_area-rep2-n240-r16","saddle","surface_area",2,240,16,"ambient",8,3,"random",359582912.626235,235313.974620407,0.000278593176071025,643,TRUE,"stress_tolerance",0.0166911106901558,"","",FALSE,"Gaussian"
"saddle-surface_area-rep2-n240-r16","saddle","surface_area",2,240,16,"geodesic",128,1,"supplied",3857831.27773693,3325684.38019919,0.00339368925551495,23,TRUE,"stress_tolerance",0.0582553796272498,"","",TRUE,"classical"
"saddle-surface_area-rep2-n240-r16","saddle","surface_area",2,240,16,"geodesic",128,2,"random",373395116.397113,3325750.28932431,0.00339375651237526,136,TRUE,"stress_tolerance",0.0582559568831832,"","",FALSE,"Gaussian"
"saddle-surface_area-rep2-n240-r16","saddle","surface_area",2,240,16,"geodesic",128,3,"random",387234842.552276,3325715.82968077,0.00339372134808765,114,TRUE,"stress_tolerance",0.058255655073887,"","",FALSE,"Gaussian"
"saddle-surface_area-rep2-n240-r16","saddle","surface_area",2,240,16,"geodesic",16,1,"supplied",3793170.62566779,3253986.45822312,0.00327225991826241,23,TRUE,"stress_tolerance",0.057203670496415,"","",TRUE,"classical"
"saddle-surface_area-rep2-n240-r16","saddle","surface_area",2,240,16,"geodesic",16,2,"random",377545512.716388,3254021.18794026,0.00327229484301173,136,TRUE,"stress_tolerance",0.057203975762282,"","",FALSE,"Gaussian"
"saddle-surface_area-rep2-n240-r16","saddle","surface_area",2,240,16,"geodesic",16,3,"random",391413534.915239,3254020.46701177,0.00327229411803471,115,TRUE,"stress_tolerance",0.0572039694255104,"","",FALSE,"Gaussian"
"saddle-surface_area-rep2-n240-r16","saddle","surface_area",2,240,16,"geodesic",239,1,"supplied",3857407.39377862,3325198.35972451,0.00339325824862213,23,TRUE,"stress_tolerance",0.0582516802214508,"","",TRUE,"classical"
"saddle-surface_area-rep2-n240-r16","saddle","surface_area",2,240,16,"geodesic",239,2,"random",373386459.443537,3325264.03367315,0.0033933252667798,136,TRUE,"stress_tolerance",0.0582522554651729,"","",FALSE,"Gaussian"
"saddle-surface_area-rep2-n240-r16","saddle","surface_area",2,240,16,"geodesic",239,3,"random",387226079.150922,3325229.799041,0.00339329033143599,114,TRUE,"stress_tolerance",0.0582519556018161,"","",FALSE,"Gaussian"
"saddle-surface_area-rep2-n240-r16","saddle","surface_area",2,240,16,"geodesic",32,1,"supplied",3863437.18453115,3329306.55061543,0.00338421858975963,23,TRUE,"stress_tolerance",0.0581740370763427,"","",TRUE,"classical"
"saddle-surface_area-rep2-n240-r16","saddle","surface_area",2,240,16,"geodesic",32,2,"random",374630047.776731,3329363.637629,0.00338427661833994,137,TRUE,"stress_tolerance",0.058174535824018,"","",FALSE,"Gaussian"
"saddle-surface_area-rep2-n240-r16","saddle","surface_area",2,240,16,"geodesic",32,3,"random",388444790.235943,3329332.55997696,0.00338424502810751,115,TRUE,"stress_tolerance",0.0581742643108406,"","",FALSE,"Gaussian"
"saddle-surface_area-rep2-n240-r16","saddle","surface_area",2,240,16,"geodesic",4,1,"supplied",4721683.30869781,3860523.92964811,0.00292681131640308,53,TRUE,"stress_tolerance",0.0541000121663858,"","",FALSE,"classical"
"saddle-surface_area-rep2-n240-r16","saddle","surface_area",2,240,16,"geodesic",4,2,"random",485364716.642679,3860520.77884816,0.00292680892766075,156,TRUE,"stress_tolerance",0.0540999900892854,"","",TRUE,"Gaussian"
"saddle-surface_area-rep2-n240-r16","saddle","surface_area",2,240,16,"geodesic",4,3,"random",502266592.793184,3862724.49185754,0.00292847964704793,120,TRUE,"stress_tolerance",0.054115428918636,"","",FALSE,"Gaussian"
"saddle-surface_area-rep2-n240-r16","saddle","surface_area",2,240,16,"geodesic",64,1,"supplied",3862635.4982859,3329638.00025325,0.00339578421934987,23,TRUE,"stress_tolerance",0.0582733577147378,"","",TRUE,"classical"
"saddle-surface_area-rep2-n240-r16","saddle","surface_area",2,240,16,"geodesic",64,2,"random",373582896.133419,3329709.42612375,0.00339585706415879,136,TRUE,"stress_tolerance",0.0582739827380862,"","",FALSE,"Gaussian"
"saddle-surface_area-rep2-n240-r16","saddle","surface_area",2,240,16,"geodesic",64,3,"random",387413867.937402,3329669.81338743,0.00339581666448024,114,TRUE,"stress_tolerance",0.0582736361014157,"","",FALSE,"Gaussian"
"saddle-surface_area-rep2-n240-r16","saddle","surface_area",2,240,16,"geodesic",8,1,"supplied",3933270.72984586,3312342.65858755,0.00308663912273877,24,TRUE,"stress_tolerance",0.0555575298473464,"","",TRUE,"classical"
"saddle-surface_area-rep2-n240-r16","saddle","surface_area",2,240,16,"geodesic",8,2,"random",402695984.048141,3312359.96943993,0.00308665525402701,132,TRUE,"stress_tolerance",0.0555576750235915,"","",FALSE,"Gaussian"
"saddle-surface_area-rep2-n240-r16","saddle","surface_area",2,240,16,"geodesic",8,3,"random",417315383.859839,3312483.42254097,0.00308677029501485,114,TRUE,"stress_tolerance",0.0555587103433372,"","",FALSE,"Gaussian"
"saddle-surface_area-rep2-n240-r2","saddle","surface_area",2,240,2,"ambient",128,1,"supplied",58.8446602065254,40.9476077075637,0.000132018777315974,22,TRUE,"stress_tolerance",0.0114899424418044,"","",TRUE,"classical"
"saddle-surface_area-rep2-n240-r2","saddle","surface_area",2,240,2,"ambient",128,2,"random",92573.8796189552,40.9552318179009,0.000132043358134762,109,TRUE,"stress_tolerance",0.0114910120587686,"","",FALSE,"Gaussian"
"saddle-surface_area-rep2-n240-r2","saddle","surface_area",2,240,2,"ambient",128,3,"random",95533.6331538825,40.9592516171904,0.000132056318329923,129,TRUE,"stress_tolerance",0.0114915759724212,"","",FALSE,"Gaussian"
"saddle-surface_area-rep2-n240-r2","saddle","surface_area",2,240,2,"ambient",16,1,"supplied",1029.32511015147,602.918382473311,0.00146181711248669,39,TRUE,"stress_tolerance",0.038233716958814,"","",TRUE,"classical"
"saddle-surface_area-rep2-n240-r2","saddle","surface_area",2,240,2,"ambient",16,2,"random",129213.082976977,602.940731812824,0.00146187129999847,196,TRUE,"stress_tolerance",0.0382344255874007,"","",FALSE,"Gaussian"
"saddle-surface_area-rep2-n240-r2","saddle","surface_area",2,240,2,"ambient",16,3,"random",133076.993996742,602.940999557789,0.00146187194916456,178,TRUE,"stress_tolerance",0.0382344340766876,"","",FALSE,"Gaussian"
"saddle-surface_area-rep2-n240-r2","saddle","surface_area",2,240,2,"ambient",239,1,"supplied",1.68803383846213e-25,1.58708387081931e-23,5.19632976491828e-29,1,TRUE,"stress_tolerance",7.20843059801141e-15,"","",TRUE,"classical"
"saddle-surface_area-rep2-n240-r2","saddle","surface_area",2,240,2,"ambient",239,2,"random",90593.2076482123,0.0219435737923654,7.18462632898439e-08,112,TRUE,"stress_tolerance",0.000268041532780646,"","",FALSE,"Gaussian"
"saddle-surface_area-rep2-n240-r2","saddle","surface_area",2,240,2,"ambient",239,3,"random",93543.5353315015,0.0241695573579381,7.91344380805264e-08,132,TRUE,"stress_tolerance",0.00028130843941425,"","",FALSE,"Gaussian"
"saddle-surface_area-rep2-n240-r2","saddle","surface_area",2,240,2,"ambient",32,1,"supplied",980.495264200331,561.833604107136,0.00143503746367863,32,TRUE,"stress_tolerance",0.0378818883330628,"","",TRUE,"classical"
"saddle-surface_area-rep2-n240-r2","saddle","surface_area",2,240,2,"ambient",32,2,"random",122532.749192145,561.856961689628,0.00143509712370197,208,TRUE,"stress_tolerance",0.0378826757727327,"","",FALSE,"Gaussian"
"saddle-surface_area-rep2-n240-r2","saddle","surface_area",2,240,2,"ambient",32,3,"random",126266.019301206,561.857074543087,0.00143509741195269,158,TRUE,"stress_tolerance",0.0378826795772515,"","",FALSE,"Gaussian"
"saddle-surface_area-rep2-n240-r2","saddle","surface_area",2,240,2,"ambient",4,1,"supplied",2413.98328421556,1373.83589462174,0.00218628021013899,202,TRUE,"stress_tolerance",0.0467576754141928,"","",TRUE,"classical"
"saddle-surface_area-rep2-n240-r2","saddle","surface_area",2,240,2,"ambient",4,2,"random",200838.510862705,1374.53318682544,0.00218738985951677,246,TRUE,"stress_tolerance",0.0467695398685595,"","",FALSE,"Gaussian"
"saddle-surface_area-rep2-n240-r2","saddle","surface_area",2,240,2,"ambient",4,3,"random",204926.283999718,1374.56362482642,0.00218743829761584,293,TRUE,"stress_tolerance",0.0467700577037901,"","",FALSE,"Gaussian"
"saddle-surface_area-rep2-n240-r2","saddle","surface_area",2,240,2,"ambient",64,1,"supplied",582.724135384611,512.424130816366,0.00149556147163622,27,TRUE,"stress_tolerance",0.0386724898556613,"","",TRUE,"classical"
"saddle-surface_area-rep2-n240-r2","saddle","surface_area",2,240,2,"ambient",64,2,"random",102874.901861718,512.42983901881,0.00149557813160037,98,TRUE,"stress_tolerance",0.0386727052531933,"","",FALSE,"Gaussian"
"saddle-surface_area-rep2-n240-r2","saddle","surface_area",2,240,2,"ambient",64,3,"random",105710.160068319,512.4311076953,0.00149558183436057,107,TRUE,"stress_tolerance",0.038672753126207,"","",FALSE,"Gaussian"
"saddle-surface_area-rep2-n240-r2","saddle","surface_area",2,240,2,"ambient",8,1,"supplied",1192.62154267158,727.198895365736,0.00161145955968877,45,TRUE,"stress_tolerance",0.0401429889232076,"","",TRUE,"classical"
"saddle-surface_area-rep2-n240-r2","saddle","surface_area",2,240,2,"ambient",8,2,"random",140901.013624535,727.227509458517,0.00161152296799927,178,TRUE,"stress_tolerance",0.0401437786960729,"","",FALSE,"Gaussian"
"saddle-surface_area-rep2-n240-r2","saddle","surface_area",2,240,2,"ambient",8,3,"random",144601.33286095,727.213250353673,0.00161149137008161,175,TRUE,"stress_tolerance",0.0401433851348094,"","",FALSE,"Gaussian"
"saddle-surface_area-rep2-n240-r2","saddle","surface_area",2,240,2,"geodesic",128,1,"supplied",1081.38165942033,608.4569685981,0.00154245230184548,35,TRUE,"stress_tolerance",0.0392740665305425,"","",TRUE,"classical"
"saddle-surface_area-rep2-n240-r2","saddle","surface_area",2,240,2,"geodesic",128,2,"random",123365.44500314,608.491908197432,0.00154254087452719,227,TRUE,"stress_tolerance",0.0392751941373584,"","",FALSE,"Gaussian"
"saddle-surface_area-rep2-n240-r2","saddle","surface_area",2,240,2,"geodesic",128,3,"random",127135.897727366,608.491553084261,0.0015425399743072,191,TRUE,"stress_tolerance",0.0392751826769426,"","",FALSE,"Gaussian"
"saddle-surface_area-rep2-n240-r2","saddle","surface_area",2,240,2,"geodesic",16,1,"supplied",1087.72467509228,633.368632487626,0.00152224199980531,42,TRUE,"stress_tolerance",0.0390159198251859,"","",TRUE,"classical"
"saddle-surface_area-rep2-n240-r2","saddle","surface_area",2,240,2,"geodesic",16,2,"random",130336.33467575,633.394576729426,0.00152230435435288,226,TRUE,"stress_tolerance",0.0390167189080897,"","",FALSE,"Gaussian"
"saddle-surface_area-rep2-n240-r2","saddle","surface_area",2,240,2,"geodesic",16,3,"random",134242.683652191,633.392130755922,0.00152229847568537,195,TRUE,"stress_tolerance",0.0390166435727804,"","",FALSE,"Gaussian"
"saddle-surface_area-rep2-n240-r2","saddle","surface_area",2,240,2,"geodesic",239,1,"supplied",1082.73263040104,608.463238421336,0.00154299928333487,35,TRUE,"stress_tolerance",0.0392810295605256,"","",TRUE,"classical"
"saddle-surface_area-rep2-n240-r2","saddle","surface_area",2,240,2,"geodesic",239,2,"random",123307.771292636,608.499360168793,0.00154309088431735,224,TRUE,"stress_tolerance",0.0392821955129465,"","",FALSE,"Gaussian"
"saddle-surface_area-rep2-n240-r2","saddle","surface_area",2,240,2,"geodesic",239,3,"random",127079.066977122,608.497685041477,0.00154308663636926,191,TRUE,"stress_tolerance",0.0392821414432726,"","",FALSE,"Gaussian"
"saddle-surface_area-rep2-n240-r2","saddle","surface_area",2,240,2,"geodesic",32,1,"supplied",1082.67933110305,614.380235981503,0.00153913368481759,35,TRUE,"stress_tolerance",0.039231794310452,"","",TRUE,"classical"
"saddle-surface_area-rep2-n240-r2","saddle","surface_area",2,240,2,"geodesic",32,2,"random",124881.546654616,614.413415141827,0.00153921680461913,253,TRUE,"stress_tolerance",0.0392328536384893,"","",FALSE,"Gaussian"
"saddle-surface_area-rep2-n240-r2","saddle","surface_area",2,240,2,"geodesic",32,3,"random",128702.144509294,614.412178669696,0.00153921370703266,185,TRUE,"stress_tolerance",0.0392328141615236,"","",FALSE,"Gaussian"
"saddle-surface_area-rep2-n240-r2","saddle","surface_area",2,240,2,"geodesic",4,1,"supplied",2424.55416287402,1378.71835443136,0.00218663903558086,208,TRUE,"stress_tolerance",0.0467615123320542,"","",TRUE,"classical"
"saddle-surface_area-rep2-n240-r2","saddle","surface_area",2,240,2,"geodesic",4,2,"random",201418.636702646,1379.38482718456,0.00218769605736753,246,TRUE,"stress_tolerance",0.0467728132291349,"","",FALSE,"Gaussian"
"saddle-surface_area-rep2-n240-r2","saddle","surface_area",2,240,2,"geodesic",4,3,"random",205504.626137104,1379.41284825237,0.0021877404986129,295,TRUE,"stress_tolerance",0.0467732883023301,"","",FALSE,"Gaussian"
"saddle-surface_area-rep2-n240-r2","saddle","surface_area",2,240,2,"geodesic",64,1,"supplied",1085.555605778,611.11031468602,0.00154486877671758,36,TRUE,"stress_tolerance",0.0393048187467844,"","",TRUE,"classical"
"saddle-surface_area-rep2-n240-r2","saddle","surface_area",2,240,2,"geodesic",64,2,"random",123777.800709793,611.148377641751,0.00154496499874238,232,TRUE,"stress_tolerance",0.0393060427764278,"","",FALSE,"Gaussian"
"saddle-surface_area-rep2-n240-r2","saddle","surface_area",2,240,2,"geodesic",64,3,"random",127552.51468591,611.147674373904,0.0015449632209021,193,TRUE,"stress_tolerance",0.0393060201610655,"","",FALSE,"Gaussian"
"saddle-surface_area-rep2-n240-r2","saddle","surface_area",2,240,2,"geodesic",8,1,"supplied",1197.55680165755,733.897349744892,0.00161853934830338,46,TRUE,"stress_tolerance",0.0402310744114967,"","",TRUE,"classical"
"saddle-surface_area-rep2-n240-r2","saddle","surface_area",2,240,2,"geodesic",8,2,"random",141503.973591123,733.921680004038,0.00161859300632762,182,TRUE,"stress_tolerance",0.0402317412788411,"","",FALSE,"Gaussian"
"saddle-surface_area-rep2-n240-r2","saddle","surface_area",2,240,2,"geodesic",8,3,"random",145246.346582248,733.913981630019,0.00161857602831118,178,TRUE,"stress_tolerance",0.0402315302755336,"","",FALSE,"Gaussian"
"saddle-surface_area-rep2-n240-r32","saddle","surface_area",2,240,32,"ambient",128,1,"supplied",1599.77131250578,1313.24002269947,1.13752437557194e-07,2,TRUE,"stress_tolerance",0.000337272052745152,"","",TRUE,"classical"
"saddle-surface_area-rep2-n240-r32","saddle","surface_area",2,240,32,"ambient",128,2,"random",5073044023.66967,96253.6739089016,8.33746294791269e-06,396,TRUE,"stress_tolerance",0.00288746652758416,"","",FALSE,"Gaussian"
"saddle-surface_area-rep2-n240-r32","saddle","surface_area",2,240,32,"ambient",128,3,"random",5212921759.87475,46775.4887647884,4.0516781189675e-06,454,TRUE,"stress_tolerance",0.00201287806858081,"","",FALSE,"Gaussian"
"saddle-surface_area-rep2-n240-r32","saddle","surface_area",2,240,32,"ambient",16,1,"supplied",1113361.41323578,233237.093172327,1.95089370838516e-05,133,TRUE,"stress_tolerance",0.0044168922427265,"","",TRUE,"classical"
"saddle-surface_area-rep2-n240-r32","saddle","surface_area",2,240,32,"ambient",16,2,"random",5218484342.11572,251073.796318732,2.10008743856489e-05,984,TRUE,"stress_tolerance",0.0045826710972592,"","",FALSE,"Gaussian"
"saddle-surface_area-rep2-n240-r32","saddle","surface_area",2,240,32,"ambient",16,3,"random",5361995992.62868,268903.385550889,2.2492216649566e-05,516,TRUE,"stress_tolerance",0.00474259598211488,"","",FALSE,"Gaussian"
"saddle-surface_area-rep2-n240-r32","saddle","surface_area",2,240,32,"ambient",239,1,"supplied",2.32640519410984e-20,8.57250849381056e-19,7.4263659896739e-29,1,TRUE,"stress_tolerance",8.58693074095288e-15,"","",TRUE,"classical"
"saddle-surface_area-rep2-n240-r32","saddle","surface_area",2,240,32,"ambient",239,2,"random",5072390304.24758,95838.0046225384,8.30244844389369e-06,396,TRUE,"stress_tolerance",0.00288139696048634,"","",FALSE,"Gaussian"
"saddle-surface_area-rep2-n240-r32","saddle","surface_area",2,240,32,"ambient",239,3,"random",5212258116.51955,46576.0586149845,4.03488498006291e-06,455,TRUE,"stress_tolerance",0.00200870231245675,"","",FALSE,"Gaussian"
"saddle-surface_area-rep2-n240-r32","saddle","surface_area",2,240,32,"ambient",32,1,"supplied",323201.690235615,48189.4424461202,4.15189680515449e-06,53,TRUE,"stress_tolerance",0.00203762037807833,"","",TRUE,"classical"
"saddle-surface_area-rep2-n240-r32","saddle","surface_area",2,240,32,"ambient",32,2,"random",5090378069.44084,107595.792791438,9.27021782495855e-06,803,TRUE,"stress_tolerance",0.00304470324087007,"","",FALSE,"Gaussian"
"saddle-surface_area-rep2-n240-r32","saddle","surface_area",2,240,32,"ambient",32,3,"random",5230923069.20126,107138.516921367,9.2308199376278e-06,424,TRUE,"stress_tolerance",0.00303822644607574,"","",FALSE,"Gaussian"
"saddle-surface_area-rep2-n240-r32","saddle","surface_area",2,240,32,"ambient",4,1,"supplied",9281890.25368194,2694826.50697552,0.000169491982408559,263,TRUE,"stress_tolerance",0.0130189086489062,"","",TRUE,"classical"
"saddle-surface_area-rep2-n240-r32","saddle","surface_area",2,240,32,"ambient",4,2,"random",6745525211.51425,3112103.27462348,0.00019573673930798,534,TRUE,"stress_tolerance",0.0139905946731362,"","",FALSE,"Gaussian"
"saddle-surface_area-rep2-n240-r32","saddle","surface_area",2,240,32,"ambient",4,3,"random",6922030732.86791,2830026.2167778,0.000177995411767048,345,TRUE,"stress_tolerance",0.0133414921117188,"","",FALSE,"Gaussian"
"saddle-surface_area-rep2-n240-r32","saddle","surface_area",2,240,32,"ambient",64,1,"supplied",62099.4378865002,5963.59444968339,5.16209974723296e-07,31,TRUE,"stress_tolerance",0.000718477539474387,"","",TRUE,"classical"
"saddle-surface_area-rep2-n240-r32","saddle","surface_area",2,240,32,"ambient",64,2,"random",5075033114.53687,110977.523221793,9.60623746978924e-06,395,TRUE,"stress_tolerance",0.00309939308087818,"","",FALSE,"Gaussian"
"saddle-surface_area-rep2-n240-r32","saddle","surface_area",2,240,32,"ambient",64,3,"random",5214896152.58236,51566.4944537858,4.46360647477814e-06,440,TRUE,"stress_tolerance",0.00211272489330351,"","",FALSE,"Gaussian"
"saddle-surface_area-rep2-n240-r32","saddle","surface_area",2,240,32,"ambient",8,1,"supplied",1843628.40020695,489395.523272881,3.59554741687157e-05,342,TRUE,"stress_tolerance",0.00599628836604123,"","",FALSE,"classical"
"saddle-surface_area-rep2-n240-r32","saddle","surface_area",2,240,32,"ambient",8,2,"random",5903788310.41616,494189.142233726,3.6307657289576e-05,522,TRUE,"stress_tolerance",0.00602558356423527,"","",FALSE,"Gaussian"
"saddle-surface_area-rep2-n240-r32","saddle","surface_area",2,240,32,"ambient",8,3,"random",6073959314.78396,486312.910286253,3.57289972061321e-05,379,TRUE,"stress_tolerance",0.00597737377166075,"","",TRUE,"Gaussian"
"saddle-surface_area-rep2-n240-r32","saddle","surface_area",2,240,32,"geodesic",128,1,"supplied",64912050.7604389,57336813.3780093,0.00369923345601159,23,TRUE,"stress_tolerance",0.0608213240238289,"","",TRUE,"classical"
"saddle-surface_area-rep2-n240-r32","saddle","surface_area",2,240,32,"geodesic",128,2,"random",5972296674.42707,57337426.3796538,0.00369927300540505,136,TRUE,"stress_tolerance",0.0608216491506525,"","",FALSE,"Gaussian"
"saddle-surface_area-rep2-n240-r32","saddle","surface_area",2,240,32,"geodesic",128,3,"random",6195037404.16193,57337351.1572281,0.00369926815223486,114,TRUE,"stress_tolerance",0.0608216092539062,"","",FALSE,"Gaussian"
"saddle-surface_area-rep2-n240-r32","saddle","surface_area",2,240,32,"geodesic",16,1,"supplied",64852325.6129407,57164467.9783837,0.00366113824838605,23,TRUE,"stress_tolerance",0.0605073404504453,"","",TRUE,"classical"
"saddle-surface_area-rep2-n240-r32","saddle","surface_area",2,240,32,"geodesic",16,2,"random",6006535203.35313,57165074.4954745,0.00366117709319643,136,TRUE,"stress_tolerance",0.060507661442139,"","",FALSE,"Gaussian"
"saddle-surface_area-rep2-n240-r32","saddle","surface_area",2,240,32,"geodesic",16,3,"random",6229402551.82639,57164992.4637578,0.00366117183941788,114,TRUE,"stress_tolerance",0.0605076180279633,"","",FALSE,"Gaussian"
"saddle-surface_area-rep2-n240-r32","saddle","surface_area",2,240,32,"geodesic",239,1,"supplied",64910172.2711725,57334703.3117735,0.00369911512328136,23,TRUE,"stress_tolerance",0.0608203512262252,"","",TRUE,"classical"
"saddle-surface_area-rep2-n240-r32","saddle","surface_area",2,240,32,"geodesic",239,2,"random",5972261855.00118,57335316.225806,0.00369915466721263,136,TRUE,"stress_tolerance",0.0608206763133444,"","",FALSE,"Gaussian"
"saddle-surface_area-rep2-n240-r32","saddle","surface_area",2,240,32,"geodesic",239,3,"random",6195002136.73303,57335241.1105443,0.00369914982093307,114,TRUE,"stress_tolerance",0.0608206364726077,"","",FALSE,"Gaussian"
"saddle-surface_area-rep2-n240-r32","saddle","surface_area",2,240,32,"geodesic",32,1,"supplied",65070784.6710001,57490600.6891021,0.00370247614752534,23,TRUE,"stress_tolerance",0.0608479757060606,"","",TRUE,"classical"
"saddle-surface_area-rep2-n240-r32","saddle","surface_area",2,240,32,"geodesic",32,2,"random",5982168912.81648,57491354.800443,0.00370252471336426,135,TRUE,"stress_tolerance",0.0608483747799749,"","",FALSE,"Gaussian"
"saddle-surface_area-rep2-n240-r32","saddle","surface_area",2,240,32,"geodesic",32,3,"random",6204692369.07983,57491126.2043781,0.00370250999145376,114,TRUE,"stress_tolerance",0.0608482538077613,"","",FALSE,"Gaussian"
"saddle-surface_area-rep2-n240-r32","saddle","surface_area",2,240,32,"geodesic",4,1,"supplied",72054534.0189364,62013686.8949784,0.0033285138789315,21,TRUE,"stress_tolerance",0.0576932741221324,"","",TRUE,"classical"
"saddle-surface_area-rep2-n240-r32","saddle","surface_area",2,240,32,"geodesic",4,2,"random",7024385169.88939,62014432.9542197,0.00332855392280993,133,TRUE,"stress_tolerance",0.0576936211622214,"","",FALSE,"Gaussian"
"saddle-surface_area-rep2-n240-r32","saddle","surface_area",2,240,32,"geodesic",4,3,"random",7273550109.19468,62014453.1987003,0.00332855500940933,113,TRUE,"stress_tolerance",0.057693630579201,"","",FALSE,"Gaussian"
"saddle-surface_area-rep2-n240-r32","saddle","surface_area",2,240,32,"geodesic",64,1,"supplied",64930711.5658804,57352789.4318457,0.00369969229230747,23,TRUE,"stress_tolerance",0.0608250959087405,"","",TRUE,"classical"
"saddle-surface_area-rep2-n240-r32","saddle","surface_area",2,240,32,"geodesic",64,2,"random",5973102697.05036,57353403.9251855,0.00369973193181404,136,TRUE,"stress_tolerance",0.0608254217561544,"","",FALSE,"Gaussian"
"saddle-surface_area-rep2-n240-r32","saddle","surface_area",2,240,32,"geodesic",64,3,"random",6195814586.58406,57353326.336498,0.003699726926752,114,TRUE,"stress_tolerance",0.0608253806132933,"","",FALSE,"Gaussian"
"saddle-surface_area-rep2-n240-r32","saddle","surface_area",2,240,32,"geodesic",8,1,"supplied",65504900.707171,57239126.6938494,0.00351461117708173,22,TRUE,"stress_tolerance",0.0592841562062049,"","",TRUE,"classical"
"saddle-surface_area-rep2-n240-r32","saddle","surface_area",2,240,32,"geodesic",8,2,"random",6214901673.34039,57239707.2206253,0.00351464682273206,135,TRUE,"stress_tolerance",0.0592844568393104,"","",FALSE,"Gaussian"
"saddle-surface_area-rep2-n240-r32","saddle","surface_area",2,240,32,"geodesic",8,3,"random",6441858603.69053,57239746.5923736,0.003514649240246,113,TRUE,"stress_tolerance",0.0592844772284111,"","",FALSE,"Gaussian"
"saddle-surface_area-rep2-n240-r4","saddle","surface_area",2,240,4,"ambient",128,1,"supplied",183.576943252196,80.9162873313377,2.41206484377152e-05,26,TRUE,"stress_tolerance",0.00491127767874304,"","",TRUE,"classical"
"saddle-surface_area-rep2-n240-r4","saddle","surface_area",2,240,4,"ambient",128,2,"random",1194625.0282503,81.4422113038193,2.42774231448054e-05,227,TRUE,"stress_tolerance",0.00492721251264963,"","",FALSE,"Gaussian"
"saddle-surface_area-rep2-n240-r4","saddle","surface_area",2,240,4,"ambient",128,3,"random",1232624.93289842,81.6254529072136,2.4332046341697e-05,273,TRUE,"stress_tolerance",0.00493275241033879,"","",FALSE,"Gaussian"
"saddle-surface_area-rep2-n240-r4","saddle","surface_area",2,240,4,"ambient",16,1,"supplied",13402.3458331912,9388.26974583416,0.00209197357806787,31,TRUE,"stress_tolerance",0.0457380976655985,"","",TRUE,"classical"
"saddle-surface_area-rep2-n240-r4","saddle","surface_area",2,240,4,"ambient",16,2,"random",1534066.01318642,9388.47969232796,0.00209202036011927,119,TRUE,"stress_tolerance",0.0457386090750392,"","",FALSE,"Gaussian"
"saddle-surface_area-rep2-n240-r4","saddle","surface_area",2,240,4,"ambient",16,3,"random",1581244.41996734,9388.487982347,0.00209202220737135,130,TRUE,"stress_tolerance",0.0457386292686098,"","",FALSE,"Gaussian"
"saddle-surface_area-rep2-n240-r4","saddle","surface_area",2,240,4,"ambient",239,1,"supplied",1.64591977191056e-24,1.95059670753279e-22,5.85101528614767e-29,1,TRUE,"stress_tolerance",7.64936178384399e-15,"","",TRUE,"classical"
"saddle-surface_area-rep2-n240-r4","saddle","surface_area",2,240,4,"ambient",239,2,"random",1185612.14480096,0.725989874035556,2.17768123680638e-07,234,TRUE,"stress_tolerance",0.000466656322882763,"","",FALSE,"Gaussian"
"saddle-surface_area-rep2-n240-r4","saddle","surface_area",2,240,4,"ambient",239,3,"random",1223515.21416984,0.876146402193764,2.62809117453245e-07,278,TRUE,"stress_tolerance",0.000512649117290776,"","",FALSE,"Gaussian"
"saddle-surface_area-rep2-n240-r4","saddle","surface_area",2,240,4,"ambient",32,1,"supplied",9086.49296895905,7103.83159518546,0.00192924332474345,41,TRUE,"stress_tolerance",0.0439231524909522,"","",TRUE,"classical"
"saddle-surface_area-rep2-n240-r4","saddle","surface_area",2,240,4,"ambient",32,2,"random",1254656.78620808,7103.94334476466,0.00192927367345411,159,TRUE,"stress_tolerance",0.04392349796469,"","",FALSE,"Gaussian"
"saddle-surface_area-rep2-n240-r4","saddle","surface_area",2,240,4,"ambient",32,3,"random",1292502.04364022,7104.09090961957,0.00192931374880042,193,TRUE,"stress_tolerance",0.0439239541571616,"","",FALSE,"Gaussian"
"saddle-surface_area-rep2-n240-r4","saddle","surface_area",2,240,4,"ambient",4,1,"supplied",39401.5654253754,25533.6005836367,0.00333751922810273,158,TRUE,"stress_tolerance",0.0577712664574938,"","",TRUE,"classical"
"saddle-surface_area-rep2-n240-r4","saddle","surface_area",2,240,4,"ambient",4,2,"random",2547445.85082446,26026.7352699571,0.00340197729355447,238,TRUE,"stress_tolerance",0.0583264716364231,"","",FALSE,"Gaussian"
"saddle-surface_area-rep2-n240-r4","saddle","surface_area",2,240,4,"ambient",4,3,"random",2637995.73249241,25971.3755980757,0.00339474118250306,389,TRUE,"stress_tolerance",0.0582644075101004,"","",FALSE,"Gaussian"
"saddle-surface_area-rep2-n240-r4","saddle","surface_area",2,240,4,"ambient",64,1,"supplied",2795.09618724411,1595.07407030161,0.000463703114638345,40,TRUE,"stress_tolerance",0.0215337668474039,"","",TRUE,"classical"
"saddle-surface_area-rep2-n240-r4","saddle","surface_area",2,240,4,"ambient",64,2,"random",1216133.99828175,1595.35877681014,0.00046378588151245,195,TRUE,"stress_tolerance",0.0215356885544079,"","",FALSE,"Gaussian"
"saddle-surface_area-rep2-n240-r4","saddle","surface_area",2,240,4,"ambient",64,3,"random",1253783.05865987,1595.56544648425,0.000463845962340902,248,TRUE,"stress_tolerance",0.0215370834223419,"","",FALSE,"Gaussian"
"saddle-surface_area-rep2-n240-r4","saddle","surface_area",2,240,4,"ambient",8,1,"supplied",15899.8767079431,10206.1270871251,0.0020454045909469,33,TRUE,"stress_tolerance",0.0452261494154312,"","",TRUE,"classical"
"saddle-surface_area-rep2-n240-r4","saddle","surface_area",2,240,4,"ambient",8,2,"random",1704704.11510857,10206.283844305,0.00204543600657133,148,TRUE,"stress_tolerance",0.0452264967311351,"","",FALSE,"Gaussian"
"saddle-surface_area-rep2-n240-r4","saddle","surface_area",2,240,4,"ambient",8,3,"random",1759950.07992901,10206.2083171387,0.00204542087021144,127,TRUE,"stress_tolerance",0.0452263293913119,"","",FALSE,"Gaussian"
"saddle-surface_area-rep2-n240-r4","saddle","surface_area",2,240,4,"geodesic",128,1,"supplied",15067.4849104161,9622.06903417892,0.0021355371723239,34,TRUE,"stress_tolerance",0.0462118726338147,"","",TRUE,"classical"
"saddle-surface_area-rep2-n240-r4","saddle","surface_area",2,240,4,"geodesic",128,2,"random",1551687.55556397,9622.30271631582,0.0021355890361058,140,TRUE,"stress_tolerance",0.0462124337825421,"","",FALSE,"Gaussian"
"saddle-surface_area-rep2-n240-r4","saddle","surface_area",2,240,4,"geodesic",128,3,"random",1605676.16047621,9622.32606386732,0.0021355942178982,127,TRUE,"stress_tolerance",0.0462124898474234,"","",FALSE,"Gaussian"
"saddle-surface_area-rep2-n240-r4","saddle","surface_area",2,240,4,"geodesic",16,1,"supplied",14393.3688502542,9436.30096772659,0.00200302413436152,33,TRUE,"stress_tolerance",0.0447551576286079,"","",TRUE,"classical"
"saddle-surface_area-rep2-n240-r4","saddle","surface_area",2,240,4,"geodesic",16,2,"random",1621524.31838442,9436.51207930375,0.00200306894658037,145,TRUE,"stress_tolerance",0.0447556582632897,"","",FALSE,"Gaussian"
"saddle-surface_area-rep2-n240-r4","saddle","surface_area",2,240,4,"geodesic",16,3,"random",1676240.3039126,9436.42985052567,0.00200305149204733,127,TRUE,"stress_tolerance",0.0447554632648052,"","",FALSE,"Gaussian"
"saddle-surface_area-rep2-n240-r4","saddle","surface_area",2,240,4,"geodesic",239,1,"supplied",15074.4751135563,9609.38843824827,0.00213342781763016,34,TRUE,"stress_tolerance",0.0461890443463617,"","",TRUE,"classical"
"saddle-surface_area-rep2-n240-r4","saddle","surface_area",2,240,4,"geodesic",239,2,"random",1551060.13943479,9609.61929658334,0.00213347907163005,140,TRUE,"stress_tolerance",0.0461895991715672,"","",FALSE,"Gaussian"
"saddle-surface_area-rep2-n240-r4","saddle","surface_area",2,240,4,"geodesic",239,3,"random",1605058.52184253,9609.65257264197,0.00213348645941228,127,TRUE,"stress_tolerance",0.0461896791438553,"","",FALSE,"Gaussian"
"saddle-surface_area-rep2-n240-r4","saddle","surface_area",2,240,4,"geodesic",32,1,"supplied",14834.6342120457,9573.27443722369,0.00209977762529519,34,TRUE,"stress_tolerance",0.0458233305783767,"","",TRUE,"classical"
"saddle-surface_area-rep2-n240-r4","saddle","surface_area",2,240,4,"geodesic",32,2,"random",1569280.72057795,9573.49665471287,0.00209982636591313,142,TRUE,"stress_tolerance",0.0458238624071907,"","",FALSE,"Gaussian"
"saddle-surface_area-rep2-n240-r4","saddle","surface_area",2,240,4,"geodesic",32,3,"random",1623222.16354786,9573.52343582038,0.00209983224001302,126,TRUE,"stress_tolerance",0.0458239265014796,"","",FALSE,"Gaussian"
"saddle-surface_area-rep2-n240-r4","saddle","surface_area",2,240,4,"geodesic",4,1,"supplied",39562.8207059938,25628.1791363675,0.00332069221082578,153,TRUE,"stress_tolerance",0.0576254475976173,"","",TRUE,"classical"
"saddle-surface_area-rep2-n240-r4","saddle","surface_area",2,240,4,"geodesic",4,2,"random",2565782.80305375,26133.8096038698,0.00338620771803592,242,TRUE,"stress_tolerance",0.0581911309224687,"","",FALSE,"Gaussian"
"saddle-surface_area-rep2-n240-r4","saddle","surface_area",2,240,4,"geodesic",4,3,"random",2657996.45697402,26074.0667717465,0.00337846672495838,394,TRUE,"stress_tolerance",0.0581245793529583,"","",FALSE,"Gaussian"
"saddle-surface_area-rep2-n240-r4","saddle","surface_area",2,240,4,"geodesic",64,1,"supplied",15171.3194484793,9711.38930173998,0.00214933376584525,34,TRUE,"stress_tolerance",0.0463609077331888,"","",TRUE,"classical"
"saddle-surface_area-rep2-n240-r4","saddle","surface_area",2,240,4,"geodesic",64,2,"random",1556657.61690076,9711.60566944336,0.00214938165254779,141,TRUE,"stress_tolerance",0.0463614241859304,"","",FALSE,"Gaussian"
"saddle-surface_area-rep2-n240-r4","saddle","surface_area",2,240,4,"geodesic",64,3,"random",1610681.06171425,9711.6319110933,0.0021493874603743,127,TRUE,"stress_tolerance",0.0463614868223,"","",FALSE,"Gaussian"
"saddle-surface_area-rep2-n240-r4","saddle","surface_area",2,240,4,"geodesic",8,1,"supplied",15696.1125544037,10119.8696378912,0.00199873009767018,35,TRUE,"stress_tolerance",0.0447071593558593,"","",TRUE,"classical"
"saddle-surface_area-rep2-n240-r4","saddle","surface_area",2,240,4,"geodesic",8,2,"random",1726518.13481648,10119.9467600085,0.00199874532971393,162,TRUE,"stress_tolerance",0.0447073297090529,"","",FALSE,"Gaussian"
"saddle-surface_area-rep2-n240-r4","saddle","surface_area",2,240,4,"geodesic",8,3,"random",1782484.6272754,10119.889544989,0.00199873402943183,130,TRUE,"stress_tolerance",0.0447072033282316,"","",FALSE,"Gaussian"
"saddle-surface_area-rep2-n240-r64","saddle","surface_area",2,240,64,"ambient",128,1,"supplied",3192.27021687757,2982.99116458134,1.61857767309347e-08,1,TRUE,"stress_tolerance",0.000127223334066429,"","",TRUE,"classical"
"saddle-surface_area-rep2-n240-r64","saddle","surface_area",2,240,64,"ambient",128,2,"random",81546681735.43,478812.089743176,2.59804510072795e-06,276,TRUE,"stress_tolerance",0.00161184524714197,"","",FALSE,"Gaussian"
"saddle-surface_area-rep2-n240-r64","saddle","surface_area",2,240,64,"ambient",128,3,"random",83777731548.2487,602388.488930056,3.26857340473397e-06,372,TRUE,"stress_tolerance",0.00180791963448052,"","",FALSE,"Gaussian"
"saddle-surface_area-rep2-n240-r64","saddle","surface_area",2,240,64,"ambient",16,1,"supplied",3137395.34184432,448911.428582429,2.405182590225e-06,98,TRUE,"stress_tolerance",0.00155086511026303,"","",TRUE,"classical"
"saddle-surface_area-rep2-n240-r64","saddle","surface_area",2,240,64,"ambient",16,2,"random",82393221402.6287,914557.141215596,4.9000243116194e-06,276,TRUE,"stress_tolerance",0.00221359985354749,"","",FALSE,"Gaussian"
"saddle-surface_area-rep2-n240-r64","saddle","surface_area",2,240,64,"ambient",16,3,"random",84656669473.8507,695378.26164099,3.72570529959837e-06,412,TRUE,"stress_tolerance",0.00193020861556582,"","",FALSE,"Gaussian"
"saddle-surface_area-rep2-n240-r64","saddle","surface_area",2,240,64,"ambient",239,1,"supplied",8.01202698790299e-20,1.38940316342824e-17,7.5391584416853e-29,1,TRUE,"stress_tolerance",8.70454882768766e-15,"","",TRUE,"classical"
"saddle-surface_area-rep2-n240-r64","saddle","surface_area",2,240,64,"ambient",239,2,"random",81544055722.1329,478694.346166246,2.59748402470991e-06,276,TRUE,"stress_tolerance",0.00161167119001245,"","",FALSE,"Gaussian"
"saddle-surface_area-rep2-n240-r64","saddle","surface_area",2,240,64,"ambient",239,3,"random",83775064362.5556,602427.030651545,3.26888044678802e-06,372,TRUE,"stress_tolerance",0.00180800454833339,"","",FALSE,"Gaussian"
"saddle-surface_area-rep2-n240-r64","saddle","surface_area",2,240,64,"ambient",32,1,"supplied",699929.773707137,92398.5381579833,5.0061084692953e-07,39,TRUE,"stress_tolerance",0.00070753858335463,"","",TRUE,"classical"
"saddle-surface_area-rep2-n240-r64","saddle","surface_area",2,240,64,"ambient",32,2,"random",81626024762.4888,567652.097576455,3.07551183161787e-06,262,TRUE,"stress_tolerance",0.00175371372567591,"","",FALSE,"Gaussian"
"saddle-surface_area-rep2-n240-r64","saddle","surface_area",2,240,64,"ambient",32,3,"random",83859694940.6767,548269.861785599,2.9704998079638e-06,385,TRUE,"stress_tolerance",0.00172351379686093,"","",FALSE,"Gaussian"
"saddle-surface_area-rep2-n240-r64","saddle","surface_area",2,240,64,"ambient",4,1,"supplied",13381932.5317371,4753153.61078408,1.77946107377769e-05,194,TRUE,"stress_tolerance",0.00421836588476901,"","",TRUE,"classical"
"saddle-surface_area-rep2-n240-r64","saddle","surface_area",2,240,64,"ambient",4,2,"random",116379175349.632,4803043.22261759,1.79813848871378e-05,425,TRUE,"stress_tolerance",0.00424044630754169,"","",FALSE,"Gaussian"
"saddle-surface_area-rep2-n240-r64","saddle","surface_area",2,240,64,"ambient",4,3,"random",119570834103.051,4867648.40556504,1.82232504308023e-05,271,TRUE,"stress_tolerance",0.00426886992432524,"","",FALSE,"Gaussian"
"saddle-surface_area-rep2-n240-r64","saddle","surface_area",2,240,64,"ambient",64,1,"supplied",129978.964441732,29307.2209165933,1.58994078712811e-07,19,TRUE,"stress_tolerance",0.000398740615837672,"","",TRUE,"classical"
"saddle-surface_area-rep2-n240-r64","saddle","surface_area",2,240,64,"ambient",64,2,"random",81554672130.9577,492118.315693773,2.66978225073301e-06,273,TRUE,"stress_tolerance",0.00163394683228653,"","",FALSE,"Gaussian"
"saddle-surface_area-rep2-n240-r64","saddle","surface_area",2,240,64,"ambient",64,3,"random",83785654859.1675,600362.33226934,3.25701492422961e-06,371,TRUE,"stress_tolerance",0.00180472017892965,"","",FALSE,"Gaussian"
"saddle-surface_area-rep2-n240-r64","saddle","surface_area",2,240,64,"ambient",8,1,"supplied",6346704.93619908,1619103.11542051,8.06960009425055e-06,164,TRUE,"stress_tolerance",0.00284070415465195,"","",TRUE,"classical"
"saddle-surface_area-rep2-n240-r64","saddle","surface_area",2,240,64,"ambient",8,2,"random",88219435312.734,1797859.95407893,8.96052309251263e-06,311,TRUE,"stress_tolerance",0.00299341328461654,"","",FALSE,"Gaussian"
"saddle-surface_area-rep2-n240-r64","saddle","surface_area",2,240,64,"ambient",8,3,"random",90609959851.7474,1688294.54471916,8.41444975766725e-06,367,TRUE,"stress_tolerance",0.00290076709814378,"","",FALSE,"Gaussian"
"saddle-surface_area-rep2-n240-r64","saddle","surface_area",2,240,64,"geodesic",128,1,"supplied",1060916273.93953,944075193.382016,0.00381939776549626,23,TRUE,"stress_tolerance",0.0618012764066909,"","",TRUE,"classical"
"saddle-surface_area-rep2-n240-r64","saddle","surface_area",2,240,64,"geodesic",128,2,"random",95585585669.4246,944084211.708906,0.00381943425049006,136,TRUE,"stress_tolerance",0.0618015715859241,"","",FALSE,"Gaussian"
"saddle-surface_area-rep2-n240-r64","saddle","surface_area",2,240,64,"geodesic",128,3,"random",99159855731.5549,944083670.93695,0.00381943206271602,114,TRUE,"stress_tolerance",0.0618015538859341,"","",FALSE,"Gaussian"
"saddle-surface_area-rep2-n240-r64","saddle","surface_area",2,240,64,"geodesic",16,1,"supplied",1060834195.39264,943411321.38998,0.00380754674418944,23,TRUE,"stress_tolerance",0.0617053218465754,"","",TRUE,"classical"
"saddle-surface_area-rep2-n240-r64","saddle","surface_area",2,240,64,"geodesic",16,2,"random",95769070601.3741,943420311.36613,0.00380758302714858,136,TRUE,"stress_tolerance",0.0617056158477376,"","",FALSE,"Gaussian"
"saddle-surface_area-rep2-n240-r64","saddle","surface_area",2,240,64,"geodesic",16,3,"random",99341544265.7945,943419670.828098,0.00380758044197873,114,TRUE,"stress_tolerance",0.0617055949001288,"","",FALSE,"Gaussian"
"saddle-surface_area-rep2-n240-r64","saddle","surface_area",2,240,64,"geodesic",239,1,"supplied",1060908533.23055,944066546.593536,0.00381936739699527,23,TRUE,"stress_tolerance",0.0618010307114309,"","",TRUE,"classical"
"saddle-surface_area-rep2-n240-r64","saddle","surface_area",2,240,64,"geodesic",239,2,"random",95585446158.3003,944075564.977642,0.00381940388226461,136,TRUE,"stress_tolerance",0.0618013258940662,"","",FALSE,"Gaussian"
"saddle-surface_area-rep2-n240-r64","saddle","surface_area",2,240,64,"geodesic",239,3,"random",99159714339.518,944075024.259007,0.00381940169470365,114,TRUE,"stress_tolerance",0.0618013081957305,"","",FALSE,"Gaussian"
"saddle-surface_area-rep2-n240-r64","saddle","surface_area",2,240,64,"geodesic",32,1,"supplied",1061588664.31659,944724634.951641,0.00382016950019251,23,TRUE,"stress_tolerance",0.0618075197705951,"","",TRUE,"classical"
"saddle-surface_area-rep2-n240-r64","saddle","surface_area",2,240,64,"geodesic",32,2,"random",95627386085.3464,944733586.37608,0.00382020569693954,136,TRUE,"stress_tolerance",0.0618078125882124,"","",FALSE,"Gaussian"
"saddle-surface_area-rep2-n240-r64","saddle","surface_area",2,240,64,"geodesic",32,3,"random",99200856584.0707,944733044.1123,0.00382020350419524,114,TRUE,"stress_tolerance",0.0618077948498024,"","",FALSE,"Gaussian"
"saddle-surface_area-rep2-n240-r64","saddle","surface_area",2,240,64,"geodesic",4,1,"supplied",1108423253.3288,975344954.537619,0.00359027173174624,22,TRUE,"stress_tolerance",0.0599188762557028,"","",TRUE,"classical"
"saddle-surface_area-rep2-n240-r64","saddle","surface_area",2,240,64,"geodesic",4,2,"random",103682031814.755,975355597.11508,0.00359031090736799,134,TRUE,"stress_tolerance",0.0599192031603223,"","",FALSE,"Gaussian"
"saddle-surface_area-rep2-n240-r64","saddle","surface_area",2,240,64,"geodesic",4,3,"random",107310911618.846,975353179.440393,0.00359030200784065,113,TRUE,"stress_tolerance",0.0599191288975456,"","",FALSE,"Gaussian"
"saddle-surface_area-rep2-n240-r64","saddle","surface_area",2,240,64,"geodesic",64,1,"supplied",1060993963.95777,944140933.455253,0.00381951375640307,23,TRUE,"stress_tolerance",0.0618022148179417,"","",TRUE,"classical"
"saddle-surface_area-rep2-n240-r64","saddle","surface_area",2,240,64,"geodesic",64,2,"random",95588830292.7559,944149945.267985,0.00381955021361139,136,TRUE,"stress_tolerance",0.0618025097678999,"","",FALSE,"Gaussian"
"saddle-surface_area-rep2-n240-r64","saddle","surface_area",2,240,64,"geodesic",64,3,"random",99162972182.4948,944149406.00764,0.00381954803203846,114,TRUE,"stress_tolerance",0.0618024921183476,"","",FALSE,"Gaussian"
"saddle-surface_area-rep2-n240-r64","saddle","surface_area",2,240,64,"geodesic",8,1,"supplied",1059406320.05248,938694489.485796,0.00373800902317708,22,TRUE,"stress_tolerance",0.061139259262581,"","",TRUE,"classical"
"saddle-surface_area-rep2-n240-r64","saddle","surface_area",2,240,64,"geodesic",8,2,"random",96762448133.5883,938701695.694335,0.00373803771927879,136,TRUE,"stress_tolerance",0.0611394939403229,"","",FALSE,"Gaussian"
"saddle-surface_area-rep2-n240-r64","saddle","surface_area",2,240,64,"geodesic",8,3,"random",100349815926.266,938701198.427199,0.00373803573909347,114,TRUE,"stress_tolerance",0.0611394777463257,"","",FALSE,"Gaussian"
"saddle-surface_area-rep2-n240-r8","saddle","surface_area",2,240,8,"ambient",128,1,"supplied",362.027112271327,93.0635792580086,1.97412496556943e-06,25,TRUE,"stress_tolerance",0.0014050355744874,"","",TRUE,"classical"
"saddle-surface_area-rep2-n240-r8","saddle","surface_area",2,240,8,"ambient",128,2,"random",19148904.5726804,119.853425518553,2.54240854920515e-06,889,TRUE,"stress_tolerance",0.00159449319509719,"","",FALSE,"Gaussian"
"saddle-surface_area-rep2-n240-r8","saddle","surface_area",2,240,8,"ambient",128,3,"random",19713241.6664244,130.083665799134,2.7594190371177e-06,583,TRUE,"stress_tolerance",0.00166114991410282,"","",FALSE,"Gaussian"
"saddle-surface_area-rep2-n240-r8","saddle","surface_area",2,240,8,"ambient",16,1,"supplied",82018.4376395606,50578.6119758879,0.000994377364638046,62,TRUE,"stress_tolerance",0.0315337496127255,"","",TRUE,"classical"
"saddle-surface_area-rep2-n240-r8","saddle","surface_area",2,240,8,"ambient",16,2,"random",19520582.6205557,50590.0375267277,0.000994601991386186,301,TRUE,"stress_tolerance",0.0315373110994929,"","",FALSE,"Gaussian"
"saddle-surface_area-rep2-n240-r8","saddle","surface_area",2,240,8,"ambient",16,3,"random",20110046.616346,50601.5780218639,0.000994828877943406,535,TRUE,"stress_tolerance",0.0315409080075925,"","",FALSE,"Gaussian"
"saddle-surface_area-rep2-n240-r8","saddle","surface_area",2,240,8,"ambient",239,1,"supplied",8.22825322853404e-23,3.12810587488497e-21,6.64746250127266e-29,1,TRUE,"stress_tolerance",8.10161829011153e-15,"","",TRUE,"classical"
"saddle-surface_area-rep2-n240-r8","saddle","surface_area",2,240,8,"ambient",239,2,"random",19110217.3874492,33.5084221545102,7.12079413735033e-07,891,TRUE,"stress_tolerance",0.000843847980231732,"","",FALSE,"Gaussian"
"saddle-surface_area-rep2-n240-r8","saddle","surface_area",2,240,8,"ambient",239,3,"random",19673960.6207762,41.276257769336,8.77151818669228e-07,592,TRUE,"stress_tolerance",0.000936563835878423,"","",FALSE,"Gaussian"
"saddle-surface_area-rep2-n240-r8","saddle","surface_area",2,240,8,"ambient",32,1,"supplied",45728.9845835554,19839.8188973088,0.000409047355552909,60,TRUE,"stress_tolerance",0.0202249191729636,"","",TRUE,"classical"
"saddle-surface_area-rep2-n240-r8","saddle","surface_area",2,240,8,"ambient",32,2,"random",19366592.2211551,19849.4495417247,0.000409245915310484,364,TRUE,"stress_tolerance",0.0202298273672934,"","",FALSE,"Gaussian"
"saddle-surface_area-rep2-n240-r8","saddle","surface_area",2,240,8,"ambient",32,3,"random",19935451.0008585,19895.2247494399,0.000410189685400459,591,TRUE,"stress_tolerance",0.0202531401367903,"","",FALSE,"Gaussian"
"saddle-surface_area-rep2-n240-r8","saddle","surface_area",2,240,8,"ambient",4,1,"supplied",469890.338105312,358681.996439086,0.00313521011934403,201,TRUE,"stress_tolerance",0.0559929470499994,"","",FALSE,"classical"
"saddle-surface_area-rep2-n240-r8","saddle","surface_area",2,240,8,"ambient",4,2,"random",40123451.5272635,356968.917064099,0.00312023623204269,188,TRUE,"stress_tolerance",0.055859074751044,"","",TRUE,"Gaussian"
"saddle-surface_area-rep2-n240-r8","saddle","surface_area",2,240,8,"ambient",4,3,"random",41131678.6386909,357240.531897635,0.00312261039518196,291,TRUE,"stress_tolerance",0.0558803220747872,"","",FALSE,"Gaussian"
"saddle-surface_area-rep2-n240-r8","saddle","surface_area",2,240,8,"ambient",64,1,"supplied",11262.8924298969,3419.08292491603,7.18491204249121e-05,44,TRUE,"stress_tolerance",0.00847638604742127,"","",TRUE,"classical"
"saddle-surface_area-rep2-n240-r8","saddle","surface_area",2,240,8,"ambient",64,2,"random",19258530.394727,3428.34548259779,7.20437651986525e-05,485,TRUE,"stress_tolerance",0.00848785987152583,"","",FALSE,"Gaussian"
"saddle-surface_area-rep2-n240-r8","saddle","surface_area",2,240,8,"ambient",64,3,"random",19821355.6027708,3450.00964287829,7.24990191059372e-05,528,TRUE,"stress_tolerance",0.00851463558268608,"","",FALSE,"Gaussian"
"saddle-surface_area-rep2-n240-r8","saddle","surface_area",2,240,8,"ambient",8,1,"supplied",322464.830972922,276327.786985573,0.00435364474242862,32,TRUE,"stress_tolerance",0.0659821547270822,"","",TRUE,"classical"
"saddle-surface_area-rep2-n240-r8","saddle","surface_area",2,240,8,"ambient",8,2,"random",22573166.3455684,276333.776881985,0.00435373911542421,109,TRUE,"stress_tolerance",0.0659828698635046,"","",FALSE,"Gaussian"
"saddle-surface_area-rep2-n240-r8","saddle","surface_area",2,240,8,"ambient",8,3,"random",23375678.6637421,276328.654274054,0.00435365840687394,140,TRUE,"stress_tolerance",0.065982258273523,"","",FALSE,"Gaussian"
"saddle-surface_area-rep2-n240-r8","saddle","surface_area",2,240,8,"geodesic",128,1,"supplied",226070.619939319,179305.85391152,0.00281534131994356,29,TRUE,"stress_tolerance",0.0530597900480539,"","",TRUE,"classical"
"saddle-surface_area-rep2-n240-r8","saddle","surface_area",2,240,8,"geodesic",128,2,"random",23521003.3015173,179308.255296473,0.00281537902489371,139,TRUE,"stress_tolerance",0.0530601453531151,"","",FALSE,"Gaussian"
"saddle-surface_area-rep2-n240-r8","saddle","surface_area",2,240,8,"geodesic",128,3,"random",24378461.9573062,179307.973618645,0.00281537460217572,116,TRUE,"stress_tolerance",0.0530601036766395,"","",FALSE,"Gaussian"
"saddle-surface_area-rep2-n240-r8","saddle","surface_area",2,240,8,"geodesic",16,1,"supplied",222328.597031719,177049.203140585,0.00269281767149016,27,TRUE,"stress_tolerance",0.0518923662159491,"","",TRUE,"classical"
"saddle-surface_area-rep2-n240-r8","saddle","surface_area",2,240,8,"geodesic",16,2,"random",24203041.7351329,177052.244951754,0.00269286393570781,136,TRUE,"stress_tolerance",0.0518928119849737,"","",FALSE,"Gaussian"
"saddle-surface_area-rep2-n240-r8","saddle","surface_area",2,240,8,"geodesic",16,3,"random",25071354.0785379,177052.033198725,0.0026928607150647,115,TRUE,"stress_tolerance",0.051892780953276,"","",FALSE,"Gaussian"
"saddle-surface_area-rep2-n240-r8","saddle","surface_area",2,240,8,"geodesic",239,1,"supplied",226008.909030071,179212.786940889,0.00281410535343507,29,TRUE,"stress_tolerance",0.0530481418471474,"","",TRUE,"classical"
"saddle-surface_area-rep2-n240-r8","saddle","surface_area",2,240,8,"geodesic",239,2,"random",23518697.1791847,179215.197617345,0.00281414320730496,139,TRUE,"stress_tolerance",0.0530484986338443,"","",FALSE,"Gaussian"
"saddle-surface_area-rep2-n240-r8","saddle","surface_area",2,240,8,"geodesic",239,3,"random",24376097.4118576,179214.910684952,0.00281413870172254,116,TRUE,"stress_tolerance",0.0530484561671928,"","",FALSE,"Gaussian"
"saddle-surface_area-rep2-n240-r8","saddle","surface_area",2,240,8,"geodesic",32,1,"supplied",224923.178666338,178504.310976618,0.0027792865932089,29,TRUE,"stress_tolerance",0.0527189396062639,"","",TRUE,"classical"
"saddle-surface_area-rep2-n240-r8","saddle","surface_area",2,240,8,"geodesic",32,2,"random",23690687.4642343,178507.137530771,0.00277933060225281,137,TRUE,"stress_tolerance",0.0527193569977179,"","",FALSE,"Gaussian"
"saddle-surface_area-rep2-n240-r8","saddle","surface_area",2,240,8,"geodesic",32,3,"random",24546362.4678291,178506.246746113,0.0027793167328631,116,TRUE,"stress_tolerance",0.0527192254577314,"","",FALSE,"Gaussian"
"saddle-surface_area-rep2-n240-r8","saddle","surface_area",2,240,8,"geodesic",4,1,"supplied",469590.653897872,361333.148845747,0.00307042948668987,196,TRUE,"stress_tolerance",0.0554114562765669,"","",FALSE,"classical"
"saddle-surface_area-rep2-n240-r8","saddle","surface_area",2,240,8,"geodesic",4,2,"random",40989319.8919982,359381.656745192,0.00305384667687093,195,TRUE,"stress_tolerance",0.0552616202881436,"","",FALSE,"Gaussian"
"saddle-surface_area-rep2-n240-r8","saddle","surface_area",2,240,8,"geodesic",4,3,"random",42134578.0043714,358685.234668655,0.0030479288282434,262,TRUE,"stress_tolerance",0.0552080503934289,"","",TRUE,"Gaussian"
"saddle-surface_area-rep2-n240-r8","saddle","surface_area",2,240,8,"geodesic",64,1,"supplied",226437.950574674,179655.057008972,0.00281696951879519,29,TRUE,"stress_tolerance",0.0530751308881589,"","",TRUE,"classical"
"saddle-surface_area-rep2-n240-r8","saddle","surface_area",2,240,8,"geodesic",64,2,"random",23550689.0457663,179657.924736969,0.00281701448442259,138,TRUE,"stress_tolerance",0.0530755544900154,"","",FALSE,"Gaussian"
"saddle-surface_area-rep2-n240-r8","saddle","surface_area",2,240,8,"geodesic",64,3,"random",24407029.7019771,179657.049645574,0.00281700076309559,116,TRUE,"stress_tolerance",0.0530754252276473,"","",FALSE,"Gaussian"
"saddle-surface_area-rep2-n240-r8","saddle","surface_area",2,240,8,"geodesic",8,1,"supplied",228669.910783663,179658.619675854,0.00253870768787847,31,TRUE,"stress_tolerance",0.050385590081674,"","",FALSE,"classical"
"saddle-surface_area-rep2-n240-r8","saddle","surface_area",2,240,8,"geodesic",8,2,"random",25912259.1031155,179662.880291552,0.00253876789349425,140,TRUE,"stress_tolerance",0.0503861875268834,"","",FALSE,"Gaussian"
"saddle-surface_area-rep2-n240-r8","saddle","surface_area",2,240,8,"geodesic",8,3,"random",26797363.2239087,179658.487626269,0.00253870582192126,117,TRUE,"stress_tolerance",0.050385571564896,"","",TRUE,"Gaussian"
"saddle-surface_area-rep3-n240-r1","saddle","surface_area",3,240,1,"ambient",128,1,"supplied",16.6965271702301,14.1170759900989,0.000309685213267022,26,TRUE,"stress_tolerance",0.0175978752486493,"","",TRUE,"classical"
"saddle-surface_area-rep3-n240-r1","saddle","surface_area",3,240,1,"ambient",128,2,"random",12566.3791218041,14.1173827530007,0.00030969194270127,111,TRUE,"stress_tolerance",0.0175980664478026,"","",FALSE,"Gaussian"
"saddle-surface_area-rep3-n240-r1","saddle","surface_area",3,240,1,"ambient",128,3,"random",13317.6826512072,14.1176727108612,0.000309698303484619,105,TRUE,"stress_tolerance",0.0175982471708016,"","",FALSE,"Gaussian"
"saddle-surface_area-rep3-n240-r1","saddle","surface_area",3,240,1,"ambient",16,1,"supplied",52.5914119362536,35.8835944616502,0.000678408701847377,62,TRUE,"stress_tolerance",0.0260462800001723,"","",FALSE,"classical"
"saddle-surface_area-rep3-n240-r1","saddle","surface_area",3,240,1,"ambient",16,2,"random",15183.0452860895,35.8784312115431,0.000678311086381173,210,TRUE,"stress_tolerance",0.0260444060477712,"","",TRUE,"Gaussian"
"saddle-surface_area-rep3-n240-r1","saddle","surface_area",3,240,1,"ambient",16,3,"random",16048.050988008,35.8866384335895,0.000678466250626501,274,TRUE,"stress_tolerance",0.0260473847175969,"","",FALSE,"Gaussian"
"saddle-surface_area-rep3-n240-r1","saddle","surface_area",3,240,1,"ambient",239,1,"supplied",2.37831240572624e-26,2.0105186335779e-24,4.60590440721562e-29,1,TRUE,"stress_tolerance",6.78753121902321e-15,"","",TRUE,"classical"
"saddle-surface_area-rep3-n240-r1","saddle","surface_area",3,240,1,"ambient",239,2,"random",11743.9657029744,0.00183157991873244,4.19597305837679e-08,95,TRUE,"stress_tolerance",0.000204840744452596,"","",FALSE,"Gaussian"
"saddle-surface_area-rep3-n240-r1","saddle","surface_area",3,240,1,"ambient",239,3,"random",12459.4506308739,0.00190979067940354,4.37514637278952e-08,95,TRUE,"stress_tolerance",0.000209168505593175,"","",FALSE,"Gaussian"
"saddle-surface_area-rep3-n240-r1","saddle","surface_area",3,240,1,"ambient",32,1,"supplied",47.4591239967597,31.1432677591666,0.000608854572488048,40,TRUE,"stress_tolerance",0.0246749786724943,"","",TRUE,"classical"
"saddle-surface_area-rep3-n240-r1","saddle","surface_area",3,240,1,"ambient",32,2,"random",14677.2227738941,31.1464083950196,0.000608915972290868,209,TRUE,"stress_tolerance",0.0246762228124744,"","",FALSE,"Gaussian"
"saddle-surface_area-rep3-n240-r1","saddle","surface_area",3,240,1,"ambient",32,3,"random",15519.0757899543,31.1517836101854,0.000609021058383861,238,TRUE,"stress_tolerance",0.0246783520192062,"","",FALSE,"Gaussian"
"saddle-surface_area-rep3-n240-r1","saddle","surface_area",3,240,1,"ambient",4,1,"supplied",264.614174456873,155.154965012285,0.00196258821118767,139,TRUE,"stress_tolerance",0.0443011084645483,"","",TRUE,"classical"
"saddle-surface_area-rep3-n240-r1","saddle","surface_area",3,240,1,"ambient",4,2,"random",22972.6577451191,177.897753847534,0.00225026659295299,253,TRUE,"stress_tolerance",0.0474369749557558,"","",FALSE,"Gaussian"
"saddle-surface_area-rep3-n240-r1","saddle","surface_area",3,240,1,"ambient",4,3,"random",24171.6300130589,157.667448232594,0.00199436914677419,485,TRUE,"stress_tolerance",0.0446583603233951,"","",FALSE,"Gaussian"
"saddle-surface_area-rep3-n240-r1","saddle","surface_area",3,240,1,"ambient",64,1,"supplied",41.3441702224979,27.8945492060123,0.000559669249765772,35,TRUE,"stress_tolerance",0.023657329726023,"","",TRUE,"classical"
"saddle-surface_area-rep3-n240-r1","saddle","surface_area",3,240,1,"ambient",64,2,"random",14241.4294107931,27.8967276553776,0.000559712957628298,184,TRUE,"stress_tolerance",0.0236582534779789,"","",FALSE,"Gaussian"
"saddle-surface_area-rep3-n240-r1","saddle","surface_area",3,240,1,"ambient",64,3,"random",15064.5381818885,27.8995924231052,0.000559770435610575,188,TRUE,"stress_tolerance",0.023659468202193,"","",FALSE,"Gaussian"
"saddle-surface_area-rep3-n240-r1","saddle","surface_area",3,240,1,"ambient",8,1,"supplied",107.432202730513,70.705171581024,0.0012168460478878,54,TRUE,"stress_tolerance",0.034883320482543,"","",TRUE,"classical"
"saddle-surface_area-rep3-n240-r1","saddle","surface_area",3,240,1,"ambient",8,2,"random",16570.062284053,70.7155128599419,0.00121702402276715,270,TRUE,"stress_tolerance",0.0348858713918275,"","",FALSE,"Gaussian"
"saddle-surface_area-rep3-n240-r1","saddle","surface_area",3,240,1,"ambient",8,3,"random",17443.0848170717,70.7153810130963,0.0012170217536642,249,TRUE,"stress_tolerance",0.0348858388700085,"","",FALSE,"Gaussian"
"saddle-surface_area-rep3-n240-r1","saddle","surface_area",3,240,1,"geodesic",128,1,"supplied",51.2750136805424,32.7240912825409,0.000641608831173757,41,TRUE,"stress_tolerance",0.0253299986414087,"","",TRUE,"classical"
"saddle-surface_area-rep3-n240-r1","saddle","surface_area",3,240,1,"geodesic",128,2,"random",14630.7256934467,32.7293466558311,0.000641711871282189,222,TRUE,"stress_tolerance",0.0253320325138391,"","",FALSE,"Gaussian"
"saddle-surface_area-rep3-n240-r1","saddle","surface_area",3,240,1,"geodesic",128,3,"random",15462.741696654,32.7363078838937,0.000641848357437364,274,TRUE,"stress_tolerance",0.0253347263146334,"","",FALSE,"Gaussian"
"saddle-surface_area-rep3-n240-r1","saddle","surface_area",3,240,1,"geodesic",16,1,"supplied",54.4825398740178,36.896915368058,0.00069467910262995,73,TRUE,"stress_tolerance",0.0263567657847081,"","",FALSE,"classical"
"saddle-surface_area-rep3-n240-r1","saddle","surface_area",3,240,1,"geodesic",16,2,"random",15250.3925773887,36.888937921257,0.000694528906725233,216,TRUE,"stress_tolerance",0.0263539163451134,"","",TRUE,"Gaussian"
"saddle-surface_area-rep3-n240-r1","saddle","surface_area",3,240,1,"geodesic",16,3,"random",16117.4634814259,36.8988809054614,0.000694716108914782,294,TRUE,"stress_tolerance",0.0263574678016456,"","",FALSE,"Gaussian"
"saddle-surface_area-rep3-n240-r1","saddle","surface_area",3,240,1,"geodesic",239,1,"supplied",51.2552228082884,32.6735890796661,0.000640765014722556,41,TRUE,"stress_tolerance",0.0253133366967406,"","",TRUE,"classical"
"saddle-surface_area-rep3-n240-r1","saddle","surface_area",3,240,1,"geodesic",239,2,"random",14626.061788423,32.6787620453278,0.000640866462268166,222,TRUE,"stress_tolerance",0.0253153404533333,"","",FALSE,"Gaussian"
"saddle-surface_area-rep3-n240-r1","saddle","surface_area",3,240,1,"geodesic",239,3,"random",15457.9303414299,32.6857262652495,0.000641003038279749,274,TRUE,"stress_tolerance",0.025318037804691,"","",FALSE,"Gaussian"
"saddle-surface_area-rep3-n240-r1","saddle","surface_area",3,240,1,"geodesic",32,1,"supplied",51.7332974796981,33.4078918895592,0.00064761237764401,42,TRUE,"stress_tolerance",0.0254482293616671,"","",TRUE,"classical"
"saddle-surface_area-rep3-n240-r1","saddle","surface_area",3,240,1,"geodesic",32,2,"random",14809.97676737,33.4128145740846,0.000647707803941498,223,TRUE,"stress_tolerance",0.0254501042029597,"","",FALSE,"Gaussian"
"saddle-surface_area-rep3-n240-r1","saddle","surface_area",3,240,1,"geodesic",32,3,"random",15655.6916332976,33.4207612969253,0.000647861851257334,279,TRUE,"stress_tolerance",0.0254531304804996,"","",FALSE,"Gaussian"
"saddle-surface_area-rep3-n240-r1","saddle","surface_area",3,240,1,"geodesic",4,1,"supplied",265.411279145789,153.702582437232,0.00201382432392903,138,TRUE,"stress_tolerance",0.0448756540222983,"","",TRUE,"classical"
"saddle-surface_area-rep3-n240-r1","saddle","surface_area",3,240,1,"geodesic",4,2,"random",21941.435438077,175.025802074687,0.00229320296343838,290,TRUE,"stress_tolerance",0.0478873987959084,"","",FALSE,"Gaussian"
"saddle-surface_area-rep3-n240-r1","saddle","surface_area",3,240,1,"geodesic",4,3,"random",23180.8629124744,155.420576000842,0.00203633362189846,460,TRUE,"stress_tolerance",0.0451257534219483,"","",FALSE,"Gaussian"
"saddle-surface_area-rep3-n240-r1","saddle","surface_area",3,240,1,"geodesic",64,1,"supplied",51.3174816611845,32.8370937232295,0.00064249883132754,41,TRUE,"stress_tolerance",0.0253475606583266,"","",TRUE,"classical"
"saddle-surface_area-rep3-n240-r1","saddle","surface_area",3,240,1,"geodesic",64,2,"random",14664.2784535538,32.8423286203958,0.000642601258641596,223,TRUE,"stress_tolerance",0.0253495810348336,"","",FALSE,"Gaussian"
"saddle-surface_area-rep3-n240-r1","saddle","surface_area",3,240,1,"geodesic",64,3,"random",15498.5055146584,32.8495370738733,0.000642742301054607,275,TRUE,"stress_tolerance",0.0253523628298155,"","",FALSE,"Gaussian"
"saddle-surface_area-rep3-n240-r1","saddle","surface_area",3,240,1,"geodesic",8,1,"supplied",108.248593136231,71.0613689288023,0.00122011750341571,54,TRUE,"stress_tolerance",0.0349301804091491,"","",TRUE,"classical"
"saddle-surface_area-rep3-n240-r1","saddle","surface_area",3,240,1,"geodesic",8,2,"random",16609.0349473571,71.0716295485872,0.00122029367736203,277,TRUE,"stress_tolerance",0.0349327021193899,"","",FALSE,"Gaussian"
"saddle-surface_area-rep3-n240-r1","saddle","surface_area",3,240,1,"geodesic",8,3,"random",17481.561971147,71.0719298741676,0.00122029883392604,254,TRUE,"stress_tolerance",0.034932775926428,"","",FALSE,"Gaussian"
"saddle-surface_area-rep3-n240-r16","saddle","surface_area",3,240,16,"ambient",128,1,"supplied",482.806729159229,160.497948881154,1.80886351932343e-07,13,TRUE,"stress_tolerance",0.000425307361725863,"","",TRUE,"classical"
"saddle-surface_area-rep3-n240-r16","saddle","surface_area",3,240,16,"ambient",128,2,"random",361733465.765487,1414.50027714992,1.59418731967971e-06,426,TRUE,"stress_tolerance",0.00126261130982019,"","",FALSE,"Gaussian"
"saddle-surface_area-rep3-n240-r16","saddle","surface_area",3,240,16,"ambient",128,3,"random",385189579.578907,4082.19523543796,4.6007653628069e-06,444,TRUE,"stress_tolerance",0.00214493947765733,"","",FALSE,"Gaussian"
"saddle-surface_area-rep3-n240-r16","saddle","surface_area",3,240,16,"ambient",16,1,"supplied",301927.792546002,116488.755078461,0.000126863978892153,212,TRUE,"stress_tolerance",0.0112633910920361,"","",TRUE,"classical"
"saddle-surface_area-rep3-n240-r16","saddle","surface_area",3,240,16,"ambient",16,2,"random",368668904.349216,119598.248266713,0.000130250423171122,458,TRUE,"stress_tolerance",0.011412730749962,"","",FALSE,"Gaussian"
"saddle-surface_area-rep3-n240-r16","saddle","surface_area",3,240,16,"ambient",16,3,"random",392761524.020934,128479.90395613,0.000139923135177964,1000,FALSE,"iteration_limit",0.011828910988674,"Iteration limit reached! You may want to increase the itmax argument!","",FALSE,"Gaussian"
"saddle-surface_area-rep3-n240-r16","saddle","surface_area",3,240,16,"ambient",239,1,"supplied",2.69335246676944e-22,7.01487032720352e-20,7.9085679974723e-29,1,TRUE,"stress_tolerance",8.88707949892014e-15,"","",TRUE,"classical"
"saddle-surface_area-rep3-n240-r16","saddle","surface_area",3,240,16,"ambient",239,2,"random",361603155.607995,1333.85252289525,1.50378594099007e-06,430,TRUE,"stress_tolerance",0.00122628950129902,"","",FALSE,"Gaussian"
"saddle-surface_area-rep3-n240-r16","saddle","surface_area",3,240,16,"ambient",239,3,"random",385053560.613038,3990.40036797298,4.49877918981199e-06,452,TRUE,"stress_tolerance",0.00212103257632174,"","",FALSE,"Gaussian"
"saddle-surface_area-rep3-n240-r16","saddle","surface_area",3,240,16,"ambient",32,1,"supplied",159897.172880441,30518.1984627905,3.40608495485706e-05,74,TRUE,"stress_tolerance",0.00583616736810868,"","",TRUE,"classical"
"saddle-surface_area-rep3-n240-r16","saddle","surface_area",3,240,16,"ambient",32,2,"random",363484001.554032,31673.9757307327,3.53507931762403e-05,354,TRUE,"stress_tolerance",0.00594565330104661,"","",FALSE,"Gaussian"
"saddle-surface_area-rep3-n240-r16","saddle","surface_area",3,240,16,"ambient",32,3,"random",387042923.843562,32455.1570266099,3.62226565210401e-05,446,TRUE,"stress_tolerance",0.0060185261086952,"","",FALSE,"Gaussian"
"saddle-surface_area-rep3-n240-r16","saddle","surface_area",3,240,16,"ambient",4,1,"supplied",2986533.54553984,1904465.65913557,0.00148422429025698,91,TRUE,"stress_tolerance",0.0385256316010131,"","",FALSE,"classical"
"saddle-surface_area-rep3-n240-r16","saddle","surface_area",3,240,16,"ambient",4,2,"random",466715356.68916,1948010.70364994,0.00151816064005595,218,TRUE,"stress_tolerance",0.0389635809449794,"","",FALSE,"Gaussian"
"saddle-surface_area-rep3-n240-r16","saddle","surface_area",3,240,16,"ambient",4,3,"random",500717489.485917,1904380.4312409,0.001484157868838,231,TRUE,"stress_tolerance",0.0385247695494472,"","",TRUE,"Gaussian"
"saddle-surface_area-rep3-n240-r16","saddle","surface_area",3,240,16,"ambient",64,1,"supplied",29893.0966529912,3157.23530125203,3.55112935478035e-06,36,TRUE,"stress_tolerance",0.00188444404395192,"","",TRUE,"classical"
"saddle-surface_area-rep3-n240-r16","saddle","surface_area",3,240,16,"ambient",64,2,"random",362209199.738506,4434.38134005204,4.9876110724799e-06,414,TRUE,"stress_tolerance",0.00223329601094123,"","",FALSE,"Gaussian"
"saddle-surface_area-rep3-n240-r16","saddle","surface_area",3,240,16,"ambient",64,3,"random",385660931.000204,7058.36174323242,7.93895709106998e-06,443,TRUE,"stress_tolerance",0.00281761549738006,"","",FALSE,"Gaussian"
"saddle-surface_area-rep3-n240-r16","saddle","surface_area",3,240,16,"ambient",8,1,"supplied",508977.922883776,242801.258420312,0.000248644941093586,303,TRUE,"stress_tolerance",0.015768479352607,"","",FALSE,"classical"
"saddle-surface_area-rep3-n240-r16","saddle","surface_area",3,240,16,"ambient",8,2,"random",384824766.288529,242748.806444305,0.000248591226715953,321,TRUE,"stress_tolerance",0.0157667760406482,"","",TRUE,"Gaussian"
"saddle-surface_area-rep3-n240-r16","saddle","surface_area",3,240,16,"ambient",8,3,"random",409588370.387908,243234.363312162,0.000249088469850488,1000,FALSE,"iteration_limit",0.0157825368635876,"Iteration limit reached! You may want to increase the itmax argument!","",FALSE,"Gaussian"
"saddle-surface_area-rep3-n240-r16","saddle","surface_area",3,240,16,"geodesic",128,1,"supplied",5193540.62942842,4783974.59941451,0.00403459751445301,12,TRUE,"stress_tolerance",0.0635184816762255,"","",TRUE,"classical"
"saddle-surface_area-rep3-n240-r16","saddle","surface_area",3,240,16,"geodesic",128,2,"random",418253024.999209,4784016.85251543,0.00403463314889303,111,TRUE,"stress_tolerance",0.0635187621801072,"","",FALSE,"Gaussian"
"saddle-surface_area-rep3-n240-r16","saddle","surface_area",3,240,16,"geodesic",128,3,"random",455692694.874566,4784051.23994457,0.00403466214976527,101,TRUE,"stress_tolerance",0.0635189904655707,"","",FALSE,"Gaussian"
"saddle-surface_area-rep3-n240-r16","saddle","surface_area",3,240,16,"geodesic",16,1,"supplied",5120735.72607572,4699025.64767336,0.00393727418516506,11,TRUE,"stress_tolerance",0.0627477026285828,"","",TRUE,"classical"
"saddle-surface_area-rep3-n240-r16","saddle","surface_area",3,240,16,"geodesic",16,2,"random",420072879.192264,4699051.72566824,0.00393729603569828,111,TRUE,"stress_tolerance",0.0627478767425505,"","",FALSE,"Gaussian"
"saddle-surface_area-rep3-n240-r16","saddle","surface_area",3,240,16,"geodesic",16,3,"random",457749223.641382,4699073.91319977,0.00393731462644489,100,TRUE,"stress_tolerance",0.0627480248808269,"","",FALSE,"Gaussian"
"saddle-surface_area-rep3-n240-r16","saddle","surface_area",3,240,16,"geodesic",239,1,"supplied",5193279.98766701,4783683.9284852,0.00403437864656773,12,TRUE,"stress_tolerance",0.0635167587851249,"","",TRUE,"classical"
"saddle-surface_area-rep3-n240-r16","saddle","surface_area",3,240,16,"geodesic",239,2,"random",418249737.883655,4783726.1742277,0.00403441427503399,111,TRUE,"stress_tolerance",0.0635170392495905,"","",FALSE,"Gaussian"
"saddle-surface_area-rep3-n240-r16","saddle","surface_area",3,240,16,"geodesic",239,3,"random",455689321.798306,4783760.56789367,0.00403444328135499,101,TRUE,"stress_tolerance",0.0635172675841388,"","",FALSE,"Gaussian"
"saddle-surface_area-rep3-n240-r16","saddle","surface_area",3,240,16,"geodesic",32,1,"supplied",5178507.08501137,4768705.99014158,0.00401779208230806,12,TRUE,"stress_tolerance",0.0633860558980296,"","",TRUE,"classical"
"saddle-surface_area-rep3-n240-r16","saddle","surface_area",3,240,16,"geodesic",32,2,"random",418519295.294527,4768751.66211618,0.00401783056245306,111,TRUE,"stress_tolerance",0.0633863594352371,"","",FALSE,"Gaussian"
"saddle-surface_area-rep3-n240-r16","saddle","surface_area",3,240,16,"geodesic",32,3,"random",455946489.94659,4768783.43545341,0.00401785733253765,101,TRUE,"stress_tolerance",0.0633865706008589,"","",FALSE,"Gaussian"
"saddle-surface_area-rep3-n240-r16","saddle","surface_area",3,240,16,"geodesic",4,1,"supplied",5546923.30560653,5010751.1109681,0.00346134943698404,18,TRUE,"stress_tolerance",0.058833234119705,"","",FALSE,"classical"
"saddle-surface_area-rep3-n240-r16","saddle","surface_area",3,240,16,"geodesic",4,2,"random",499373522.957902,5010859.05992606,0.00346142400645608,122,TRUE,"stress_tolerance",0.0588338678522506,"","",FALSE,"Gaussian"
"saddle-surface_area-rep3-n240-r16","saddle","surface_area",3,240,16,"geodesic",4,3,"random",543698221.888575,5010735.92675955,0.00346133894796741,127,TRUE,"stress_tolerance",0.0588331449777029,"","",TRUE,"Gaussian"
"saddle-surface_area-rep3-n240-r16","saddle","surface_area",3,240,16,"geodesic",64,1,"supplied",5194408.02376154,4785086.26045471,0.00403510134173953,12,TRUE,"stress_tolerance",0.0635224475421057,"","",TRUE,"classical"
"saddle-surface_area-rep3-n240-r16","saddle","surface_area",3,240,16,"geodesic",64,2,"random",418291391.128305,4785128.08671063,0.00403513661240598,111,TRUE,"stress_tolerance",0.0635227251651409,"","",FALSE,"Gaussian"
"saddle-surface_area-rep3-n240-r16","saddle","surface_area",3,240,16,"geodesic",64,3,"random",455733704.720166,4785162.35279689,0.00403516550783713,101,TRUE,"stress_tolerance",0.0635229526064172,"","",FALSE,"Gaussian"
"saddle-surface_area-rep3-n240-r16","saddle","surface_area",3,240,16,"geodesic",8,1,"supplied",5104751.91988322,4647805.08644316,0.00366508788961242,16,TRUE,"stress_tolerance",0.0605399693558929,"","",TRUE,"classical"
"saddle-surface_area-rep3-n240-r16","saddle","surface_area",3,240,16,"geodesic",8,2,"random",441846461.313142,4647833.6442545,0.00366511040925052,115,TRUE,"stress_tolerance",0.0605401553454442,"","",FALSE,"Gaussian"
"saddle-surface_area-rep3-n240-r16","saddle","surface_area",3,240,16,"geodesic",8,3,"random",481236676.970421,4647816.97128801,0.00366509726156329,98,TRUE,"stress_tolerance",0.0605400467588465,"","",FALSE,"Gaussian"
"saddle-surface_area-rep3-n240-r2","saddle","surface_area",3,240,2,"ambient",128,1,"supplied",57.1487816023662,34.1124535873818,9.94940574387351e-05,21,TRUE,"stress_tolerance",0.00997467079350191,"","",TRUE,"classical"
"saddle-surface_area-rep3-n240-r2","saddle","surface_area",3,240,2,"ambient",128,2,"random",99387.1671517958,34.1235825580033,9.95265167410075e-05,105,TRUE,"stress_tolerance",0.00997629774721126,"","",FALSE,"Gaussian"
"saddle-surface_area-rep3-n240-r2","saddle","surface_area",3,240,2,"ambient",128,3,"random",106821.50701749,34.12692529044,9.95362663185982e-05,110,TRUE,"stress_tolerance",0.0099767863723047,"","",FALSE,"Gaussian"
"saddle-surface_area-rep3-n240-r2","saddle","surface_area",3,240,2,"ambient",16,1,"supplied",957.879145708638,630.153418793756,0.0013975022890165,31,TRUE,"stress_tolerance",0.0373831819006422,"","",TRUE,"classical"
"saddle-surface_area-rep3-n240-r2","saddle","surface_area",3,240,2,"ambient",16,2,"random",135310.001348769,630.160651597814,0.00139751832933292,142,TRUE,"stress_tolerance",0.0373833964392338,"","",FALSE,"Gaussian"
"saddle-surface_area-rep3-n240-r2","saddle","surface_area",3,240,2,"ambient",16,3,"random",145176.579239248,630.165891633999,0.00139752995025307,127,TRUE,"stress_tolerance",0.0373835518678074,"","",FALSE,"Gaussian"
"saddle-surface_area-rep3-n240-r2","saddle","surface_area",3,240,2,"ambient",239,1,"supplied",2.62583310775371e-25,1.7902369134054e-23,5.28533091071146e-29,1,TRUE,"stress_tolerance",7.24268790277609e-15,"","",TRUE,"classical"
"saddle-surface_area-rep3-n240-r2","saddle","surface_area",3,240,2,"ambient",239,2,"random",97694.6294348448,0.0239770337980838,7.07875906988901e-08,107,TRUE,"stress_tolerance",0.000266059374395318,"","",FALSE,"Gaussian"
"saddle-surface_area-rep3-n240-r2","saddle","surface_area",3,240,2,"ambient",239,3,"random",105122.701841687,0.0259080145551324,7.64884407968832e-08,113,TRUE,"stress_tolerance",0.00027656543674452,"","",FALSE,"Gaussian"
"saddle-surface_area-rep3-n240-r2","saddle","surface_area",3,240,2,"ambient",32,1,"supplied",925.248175823146,604.406462973166,0.00139614589652162,28,TRUE,"stress_tolerance",0.0373650357489675,"","",TRUE,"classical"
"saddle-surface_area-rep3-n240-r2","saddle","surface_area",3,240,2,"ambient",32,2,"random",129729.591297648,604.427651670894,0.00139619484125533,135,TRUE,"stress_tolerance",0.0373656906968857,"","",FALSE,"Gaussian"
"saddle-surface_area-rep3-n240-r2","saddle","surface_area",3,240,2,"ambient",32,3,"random",139328.549093008,604.431410425771,0.00139620352377367,121,TRUE,"stress_tolerance",0.0373658068797354,"","",FALSE,"Gaussian"
"saddle-surface_area-rep3-n240-r2","saddle","surface_area",3,240,2,"ambient",4,1,"supplied",2738.53177904068,1627.35549456634,0.00232393869924413,105,TRUE,"stress_tolerance",0.0482072473726112,"","",TRUE,"classical"
"saddle-surface_area-rep3-n240-r2","saddle","surface_area",3,240,2,"ambient",4,2,"random",217049.636124484,1652.65018922484,0.00236006068979796,245,TRUE,"stress_tolerance",0.0485804558418092,"","",FALSE,"Gaussian"
"saddle-surface_area-rep3-n240-r2","saddle","surface_area",3,240,2,"ambient",4,3,"random",232490.959679763,1627.69355474679,0.00232442146477302,253,TRUE,"stress_tolerance",0.0482122543008831,"","",FALSE,"Gaussian"
"saddle-surface_area-rep3-n240-r2","saddle","surface_area",3,240,2,"ambient",64,1,"supplied",596.742927217867,519.651603019384,0.0014088165848556,24,TRUE,"stress_tolerance",0.0375342055311635,"","",TRUE,"classical"
"saddle-surface_area-rep3-n240-r2","saddle","surface_area",3,240,2,"ambient",64,2,"random",106281.430883872,519.658399888435,0.00140883501170503,96,TRUE,"stress_tolerance",0.0375344509977839,"","",FALSE,"Gaussian"
"saddle-surface_area-rep3-n240-r2","saddle","surface_area",3,240,2,"ambient",64,3,"random",113773.441728126,519.660587111282,0.00140884094143911,96,TRUE,"stress_tolerance",0.0375345299882536,"","",FALSE,"Gaussian"
"saddle-surface_area-rep3-n240-r2","saddle","surface_area",3,240,2,"ambient",8,1,"supplied",1396.53536056661,883.30384768881,0.00177564022026843,50,TRUE,"stress_tolerance",0.0421383461975959,"","",FALSE,"classical"
"saddle-surface_area-rep3-n240-r2","saddle","surface_area",3,240,2,"ambient",8,2,"random",148705.433351706,883.317680432056,0.00177566802720635,172,TRUE,"stress_tolerance",0.0421386761444442,"","",FALSE,"Gaussian"
"saddle-surface_area-rep3-n240-r2","saddle","surface_area",3,240,2,"ambient",8,3,"random",159387.745792176,883.291102287361,0.00177561459913308,143,TRUE,"stress_tolerance",0.042138042184386,"","",TRUE,"Gaussian"
"saddle-surface_area-rep3-n240-r2","saddle","surface_area",3,240,2,"geodesic",128,1,"supplied",1018.6164237519,651.774929198906,0.00148604621539869,30,TRUE,"stress_tolerance",0.0385492699723186,"","",TRUE,"classical"
"saddle-surface_area-rep3-n240-r2","saddle","surface_area",3,240,2,"geodesic",128,2,"random",131612.237647969,651.799515167126,0.00148610227138273,149,TRUE,"stress_tolerance",0.0385499970347953,"","",FALSE,"Gaussian"
"saddle-surface_area-rep3-n240-r2","saddle","surface_area",3,240,2,"geodesic",128,3,"random",141298.003176371,651.80787668555,0.00148612133563674,135,TRUE,"stress_tolerance",0.0385502443006106,"","",FALSE,"Gaussian"
"saddle-surface_area-rep3-n240-r2","saddle","surface_area",3,240,2,"geodesic",16,1,"supplied",991.830430715795,648.20686404583,0.00142554497537837,34,TRUE,"stress_tolerance",0.0377563898615635,"","",TRUE,"classical"
"saddle-surface_area-rep3-n240-r2","saddle","surface_area",3,240,2,"geodesic",16,2,"random",136463.311164827,648.209493720433,0.00142555075859299,147,TRUE,"stress_tolerance",0.0377564664473917,"","",FALSE,"Gaussian"
"saddle-surface_area-rep3-n240-r2","saddle","surface_area",3,240,2,"geodesic",16,3,"random",146336.795569016,648.221294225089,0.00142557671041648,133,TRUE,"stress_tolerance",0.0377568101197186,"","",FALSE,"Gaussian"
"saddle-surface_area-rep3-n240-r2","saddle","surface_area",3,240,2,"geodesic",239,1,"supplied",1018.38710970817,651.047043372084,0.00148463806667224,30,TRUE,"stress_tolerance",0.0385310013712626,"","",TRUE,"classical"
"saddle-surface_area-rep3-n240-r2","saddle","surface_area",3,240,2,"geodesic",239,2,"random",131582.559843432,651.071619348268,0.00148469410936553,149,TRUE,"stress_tolerance",0.0385317286059883,"","",FALSE,"Gaussian"
"saddle-surface_area-rep3-n240-r2","saddle","surface_area",3,240,2,"geodesic",239,3,"random",141268.372862288,651.080432026171,0.00148471420566612,135,TRUE,"stress_tolerance",0.0385319893811121,"","",FALSE,"Gaussian"
"saddle-surface_area-rep3-n240-r2","saddle","surface_area",3,240,2,"geodesic",32,1,"supplied",998.564876343744,646.110503478388,0.00145884711519328,30,TRUE,"stress_tolerance",0.0381948571825225,"","",TRUE,"classical"
"saddle-surface_area-rep3-n240-r2","saddle","surface_area",3,240,2,"geodesic",32,2,"random",132879.292037454,646.136089897708,0.00145890488654014,148,TRUE,"stress_tolerance",0.0381956134463125,"","",FALSE,"Gaussian"
"saddle-surface_area-rep3-n240-r2","saddle","surface_area",3,240,2,"geodesic",32,3,"random",142625.60284577,646.144512166288,0.00145892390310489,134,TRUE,"stress_tolerance",0.0381958623820029,"","",FALSE,"Gaussian"
"saddle-surface_area-rep3-n240-r2","saddle","surface_area",3,240,2,"geodesic",4,1,"supplied",2738.32957895418,1623.05836894616,0.00230817803523429,106,TRUE,"stress_tolerance",0.0480435014880708,"","",TRUE,"classical"
"saddle-surface_area-rep3-n240-r2","saddle","surface_area",3,240,2,"geodesic",4,2,"random",217966.7961716,1647.07674007914,0.00234233495636046,250,TRUE,"stress_tolerance",0.0483976751131753,"","",FALSE,"Gaussian"
"saddle-surface_area-rep3-n240-r2","saddle","surface_area",3,240,2,"geodesic",4,3,"random",233461.664887745,1623.41095354755,0.00230867945160235,259,TRUE,"stress_tolerance",0.0480487195625683,"","",FALSE,"Gaussian"
"saddle-surface_area-rep3-n240-r2","saddle","surface_area",3,240,2,"geodesic",64,1,"supplied",1018.42076564837,654.424315368053,0.00148921983304832,30,TRUE,"stress_tolerance",0.0385904111541756,"","",TRUE,"classical"
"saddle-surface_area-rep3-n240-r2","saddle","surface_area",3,240,2,"geodesic",64,2,"random",131882.707454672,654.45122974484,0.00148928107989194,150,TRUE,"stress_tolerance",0.0385912046960439,"","",FALSE,"Gaussian"
"saddle-surface_area-rep3-n240-r2","saddle","surface_area",3,240,2,"geodesic",64,3,"random",141589.27440502,654.46250806521,0.00148930674504218,135,TRUE,"stress_tolerance",0.0385915372205124,"","",FALSE,"Gaussian"
"saddle-surface_area-rep3-n240-r2","saddle","surface_area",3,240,2,"geodesic",8,1,"supplied",1401.10790875404,885.332707036893,0.00177038243255753,52,TRUE,"stress_tolerance",0.0420759127358817,"","",FALSE,"classical"
"saddle-surface_area-rep3-n240-r2","saddle","surface_area",3,240,2,"geodesic",8,2,"random",149435.192599948,885.35222388868,0.00177042146002287,176,TRUE,"stress_tolerance",0.0420763765077612,"","",FALSE,"Gaussian"
"saddle-surface_area-rep3-n240-r2","saddle","surface_area",3,240,2,"geodesic",8,3,"random",160143.040794727,885.319615120557,0.00177035625290946,145,TRUE,"stress_tolerance",0.0420756016345517,"","",TRUE,"Gaussian"
"saddle-surface_area-rep3-n240-r32","saddle","surface_area",3,240,32,"ambient",128,1,"supplied",962.307139274349,871.412463668975,6.18151187695646e-08,1,TRUE,"stress_tolerance",0.000248626464341301,"","",TRUE,"classical"
"saddle-surface_area-rep3-n240-r32","saddle","surface_area",3,240,32,"ambient",128,2,"random",5852828756.23682,40308.1119318201,2.85932417807243e-06,478,TRUE,"stress_tolerance",0.0016909536297837,"","",FALSE,"Gaussian"
"saddle-surface_area-rep3-n240-r32","saddle","surface_area",3,240,32,"ambient",128,3,"random",6225710489.727,45930.5280296018,3.25815978502826e-06,490,TRUE,"stress_tolerance",0.0018050373361885,"","",FALSE,"Gaussian"
"saddle-surface_area-rep3-n240-r32","saddle","surface_area",3,240,32,"ambient",16,1,"supplied",646116.594948996,207868.513874566,1.44925075580288e-05,112,TRUE,"stress_tolerance",0.00380690261998322,"","",TRUE,"classical"
"saddle-surface_area-rep3-n240-r32","saddle","surface_area",3,240,32,"ambient",16,2,"random",5925956065.56868,212487.606012234,1.48145487679678e-05,341,TRUE,"stress_tolerance",0.00384896723394392,"","",FALSE,"Gaussian"
"saddle-surface_area-rep3-n240-r32","saddle","surface_area",3,240,32,"ambient",16,3,"random",6301052396.54474,223971.054791673,1.56151701084787e-05,476,TRUE,"stress_tolerance",0.00395160348573651,"","",FALSE,"Gaussian"
"saddle-surface_area-rep3-n240-r32","saddle","surface_area",3,240,32,"ambient",239,1,"supplied",4.46841642518413e-21,1.17305484100629e-18,8.32194503035043e-29,1,TRUE,"stress_tolerance",8.9727190158861e-15,"","",TRUE,"classical"
"saddle-surface_area-rep3-n240-r32","saddle","surface_area",3,240,32,"ambient",239,2,"random",5852304534.11446,40453.2609503483,2.86985571483111e-06,476,TRUE,"stress_tolerance",0.00169406484965521,"","",FALSE,"Gaussian"
"saddle-surface_area-rep3-n240-r32","saddle","surface_area",3,240,32,"ambient",239,3,"random",6225163653.80649,45776.6531577179,3.24751049938256e-06,489,TRUE,"stress_tolerance",0.00180208504221881,"","",FALSE,"Gaussian"
"saddle-surface_area-rep3-n240-r32","saddle","surface_area",3,240,32,"ambient",32,1,"supplied",436267.455143203,41005.3832678285,2.9005413690536e-06,45,TRUE,"stress_tolerance",0.00170309758060405,"","",TRUE,"classical"
"saddle-surface_area-rep3-n240-r32","saddle","surface_area",3,240,32,"ambient",32,2,"random",5861450732.16359,61104.8451391318,4.32228934474368e-06,476,TRUE,"stress_tolerance",0.00207901162689144,"","",FALSE,"Gaussian"
"saddle-surface_area-rep3-n240-r32","saddle","surface_area",3,240,32,"ambient",32,3,"random",6235007515.02932,83005.1839087051,5.87142347141513e-06,561,TRUE,"stress_tolerance",0.00242310203487623,"","",FALSE,"Gaussian"
"saddle-surface_area-rep3-n240-r32","saddle","surface_area",3,240,32,"ambient",4,1,"supplied",4690924.39855548,1369046.3580898,6.82554540310778e-05,290,TRUE,"stress_tolerance",0.00826168590731235,"","",FALSE,"classical"
"saddle-surface_area-rep3-n240-r32","saddle","surface_area",3,240,32,"ambient",4,2,"random",8217303449.13076,1388624.13994497,6.92315279102048e-05,350,TRUE,"stress_tolerance",0.00832054853421402,"","",FALSE,"Gaussian"
"saddle-surface_area-rep3-n240-r32","saddle","surface_area",3,240,32,"ambient",4,3,"random",8764167198.76882,1346030.93017966,6.71079921701674e-05,943,TRUE,"stress_tolerance",0.00819194678755746,"","",TRUE,"Gaussian"
"saddle-surface_area-rep3-n240-r32","saddle","surface_area",3,240,32,"ambient",64,1,"supplied",69316.8942743191,4947.72612367806,3.50785382675599e-07,27,TRUE,"stress_tolerance",0.00059227137587545,"","",TRUE,"classical"
"saddle-surface_area-rep3-n240-r32","saddle","surface_area",3,240,32,"ambient",64,2,"random",5854919279.33677,40634.076314938,2.88088702840507e-06,500,TRUE,"stress_tolerance",0.00169731759797963,"","",FALSE,"Gaussian"
"saddle-surface_area-rep3-n240-r32","saddle","surface_area",3,240,32,"ambient",64,3,"random",6227778163.42106,47776.6040044965,3.38728011610295e-06,503,TRUE,"stress_tolerance",0.00184045649666305,"","",FALSE,"Gaussian"
"saddle-surface_area-rep3-n240-r32","saddle","surface_area",3,240,32,"ambient",8,1,"supplied",2493024.34486391,582631.129866386,3.65784004950262e-05,228,TRUE,"stress_tolerance",0.00604800797742793,"","",FALSE,"classical"
"saddle-surface_area-rep3-n240-r32","saddle","surface_area",3,240,32,"ambient",8,2,"random",6551082979.5177,568925.016450581,3.57179114479193e-05,371,TRUE,"stress_tolerance",0.00597644638961358,"","",TRUE,"Gaussian"
"saddle-surface_area-rep3-n240-r32","saddle","surface_area",3,240,32,"ambient",8,3,"random",6982855471.59257,587264.983501839,3.68693203333668e-05,372,TRUE,"stress_tolerance",0.00607201122638723,"","",FALSE,"Gaussian"
"saddle-surface_area-rep3-n240-r32","saddle","surface_area",3,240,32,"geodesic",128,1,"supplied",88273029.1518567,82539334.6880785,0.00439355448557242,11,TRUE,"stress_tolerance",0.0662838931081481,"","",TRUE,"classical"
"saddle-surface_area-rep3-n240-r32","saddle","surface_area",3,240,32,"geodesic",128,2,"random",6692124537.03362,82540103.6419122,0.00439359541685177,117,TRUE,"stress_tolerance",0.0662842018647868,"","",FALSE,"Gaussian"
"saddle-surface_area-rep3-n240-r32","saddle","surface_area",3,240,32,"geodesic",128,3,"random",7295633610.46462,82540290.3313779,0.00439360535429969,100,TRUE,"stress_tolerance",0.0662842768256525,"","",FALSE,"Gaussian"
"saddle-surface_area-rep3-n240-r32","saddle","surface_area",3,240,32,"geodesic",16,1,"supplied",88117656.8504968,82323227.2571938,0.00436160989719789,11,TRUE,"stress_tolerance",0.0660424855467896,"","",TRUE,"classical"
"saddle-surface_area-rep3-n240-r32","saddle","surface_area",3,240,32,"geodesic",16,2,"random",6716356453.94141,82324095.7387675,0.00436165591067371,110,TRUE,"stress_tolerance",0.0660428339085605,"","",FALSE,"Gaussian"
"saddle-surface_area-rep3-n240-r32","saddle","surface_area",3,240,32,"geodesic",16,3,"random",7321395086.61162,82324074.8030906,0.00436165480146969,100,TRUE,"stress_tolerance",0.0660428255109491,"","",FALSE,"Gaussian"
"saddle-surface_area-rep3-n240-r32","saddle","surface_area",3,240,32,"geodesic",239,1,"supplied",88271899.8849213,82538084.6601002,0.00439349529767133,11,TRUE,"stress_tolerance",0.066283446633917,"","",TRUE,"classical"
"saddle-surface_area-rep3-n240-r32","saddle","surface_area",3,240,32,"geodesic",239,2,"random",6692111118.17729,82538853.3511435,0.00439353621503085,117,TRUE,"stress_tolerance",0.0662837552876335,"","",FALSE,"Gaussian"
"saddle-surface_area-rep3-n240-r32","saddle","surface_area",3,240,32,"geodesic",239,3,"random",7295619855.35597,82539040.3100498,0.0043935461668377,100,TRUE,"stress_tolerance",0.0662838303573181,"","",FALSE,"Gaussian"
"saddle-surface_area-rep3-n240-r32","saddle","surface_area",3,240,32,"geodesic",32,1,"supplied",88213922.8979121,82479121.6546195,0.00438905538567379,11,TRUE,"stress_tolerance",0.0662499463069502,"","",TRUE,"classical"
"saddle-surface_area-rep3-n240-r32","saddle","surface_area",3,240,32,"geodesic",32,2,"random",6693426587.48689,82479903.5593228,0.0043890969940588,117,TRUE,"stress_tolerance",0.0662502603320077,"","",FALSE,"Gaussian"
"saddle-surface_area-rep3-n240-r32","saddle","surface_area",3,240,32,"geodesic",32,3,"random",7296919323.85258,82480073.306953,0.00438910602703267,100,TRUE,"stress_tolerance",0.0662503285050927,"","",FALSE,"Gaussian"
"saddle-surface_area-rep3-n240-r32","saddle","surface_area",3,240,32,"geodesic",4,1,"supplied",92356209.1150445,85592086.8714826,0.00399338335421883,11,TRUE,"stress_tolerance",0.0631932223756537,"","",TRUE,"classical"
"saddle-surface_area-rep3-n240-r32","saddle","surface_area",3,240,32,"geodesic",4,2,"random",7493107618.70654,85592804.5925932,0.00399341684020615,109,TRUE,"stress_tolerance",0.0631934873242971,"","",FALSE,"Gaussian"
"saddle-surface_area-rep3-n240-r32","saddle","surface_area",3,240,32,"geodesic",4,3,"random",8178555389.46508,85592801.8067067,0.00399341671022786,97,TRUE,"stress_tolerance",0.0631934862958816,"","",FALSE,"Gaussian"
"saddle-surface_area-rep3-n240-r32","saddle","surface_area",3,240,32,"geodesic",64,1,"supplied",88278009.719699,82545160.9922781,0.00439373731744077,11,TRUE,"stress_tolerance",0.0662852722513895,"","",TRUE,"classical"
"saddle-surface_area-rep3-n240-r32","saddle","surface_area",3,240,32,"geodesic",64,2,"random",6692290680.58795,82545903.096431,0.00439377681837179,117,TRUE,"stress_tolerance",0.0662855702123156,"","",FALSE,"Gaussian"
"saddle-surface_area-rep3-n240-r32","saddle","surface_area",3,240,32,"geodesic",64,3,"random",7295809720.91082,82546116.2844374,0.00439378816600366,100,TRUE,"stress_tolerance",0.0662856558088071,"","",FALSE,"Gaussian"
"saddle-surface_area-rep3-n240-r32","saddle","surface_area",3,240,32,"geodesic",8,1,"supplied",87172226.3632901,81095732.8525469,0.00420294867652985,12,TRUE,"stress_tolerance",0.0648301525258879,"","",TRUE,"classical"
"saddle-surface_area-rep3-n240-r32","saddle","surface_area",3,240,32,"geodesic",8,2,"random",6832568789.93944,81096406.6675906,0.0042029835983432,110,TRUE,"stress_tolerance",0.0648304218584392,"","",FALSE,"Gaussian"
"saddle-surface_area-rep3-n240-r32","saddle","surface_area",3,240,32,"geodesic",8,3,"random",7448977341.84563,81096367.0407012,0.00420298154460035,99,TRUE,"stress_tolerance",0.064830406019092,"","",FALSE,"Gaussian"
"saddle-surface_area-rep3-n240-r4","saddle","surface_area",3,240,4,"ambient",128,1,"supplied",129.395908878287,50.0288618952539,1.2658494197262e-05,26,TRUE,"stress_tolerance",0.00355787776592552,"","",TRUE,"classical"
"saddle-surface_area-rep3-n240-r4","saddle","surface_area",3,240,4,"ambient",128,2,"random",1361846.44620297,50.742727236043,1.2839119139179e-05,198,TRUE,"stress_tolerance",0.00358317165918477,"","",FALSE,"Gaussian"
"saddle-surface_area-rep3-n240-r4","saddle","surface_area",3,240,4,"ambient",128,3,"random",1461843.70730914,50.7889099747568,1.28508044725621e-05,214,TRUE,"stress_tolerance",0.00358480187354446,"","",FALSE,"Gaussian"
"saddle-surface_area-rep3-n240-r4","saddle","surface_area",3,240,4,"ambient",16,1,"supplied",16471.9981942092,12357.142383798,0.00232089546194877,30,TRUE,"stress_tolerance",0.0481756729267871,"","",TRUE,"classical"
"saddle-surface_area-rep3-n240-r4","saddle","surface_area",3,240,4,"ambient",16,2,"random",1730273.84667359,12357.3753337599,0.00232093921417664,118,TRUE,"stress_tolerance",0.0481761270151164,"","",FALSE,"Gaussian"
"saddle-surface_area-rep3-n240-r4","saddle","surface_area",3,240,4,"ambient",16,3,"random",1874367.61348276,12357.525686997,0.00232096745324154,121,TRUE,"stress_tolerance",0.0481764200957433,"","",FALSE,"Gaussian"
"saddle-surface_area-rep3-n240-r4","saddle","surface_area",3,240,4,"ambient",239,1,"supplied",1.6592861470214e-24,2.4943808031673e-22,6.34047348992939e-29,1,TRUE,"stress_tolerance",7.96138481896963e-15,"","",TRUE,"classical"
"saddle-surface_area-rep3-n240-r4","saddle","surface_area",3,240,4,"ambient",239,2,"random",1354243.4500029,0.968350097304438,2.46145180123788e-07,199,TRUE,"stress_tolerance",0.000496130204814926,"","",FALSE,"Gaussian"
"saddle-surface_area-rep3-n240-r4","saddle","surface_area",3,240,4,"ambient",239,3,"random",1454103.73355302,1.03451934648329,2.62964759946336e-07,215,TRUE,"stress_tolerance",0.000512800896988606,"","",FALSE,"Gaussian"
"saddle-surface_area-rep3-n240-r4","saddle","surface_area",3,240,4,"ambient",32,1,"supplied",7462.2783014072,5330.7499468123,0.00125878669640035,35,TRUE,"stress_tolerance",0.0354793841040167,"","",TRUE,"classical"
"saddle-surface_area-rep3-n240-r4","saddle","surface_area",3,240,4,"ambient",32,2,"random",1396180.30172961,5331.07769532365,0.00125886408991345,154,TRUE,"stress_tolerance",0.0354804747701247,"","",FALSE,"Gaussian"
"saddle-surface_area-rep3-n240-r4","saddle","surface_area",3,240,4,"ambient",32,3,"random",1497789.1062498,5331.05225192969,0.00125885808178961,156,TRUE,"stress_tolerance",0.0354803901019932,"","",FALSE,"Gaussian"
"saddle-surface_area-rep3-n240-r4","saddle","surface_area",3,240,4,"ambient",4,1,"supplied",23383.9637524174,17445.4863099812,0.00242404224721537,77,TRUE,"stress_tolerance",0.0492345635424485,"","",FALSE,"classical"
"saddle-surface_area-rep3-n240-r4","saddle","surface_area",3,240,4,"ambient",4,2,"random",2306336.56631965,17442.5856195645,0.00242363919762471,450,TRUE,"stress_tolerance",0.0492304702153524,"","",TRUE,"Gaussian"
"saddle-surface_area-rep3-n240-r4","saddle","surface_area",3,240,4,"ambient",4,3,"random",2477873.29913509,17541.4001973274,0.00243736943746336,253,TRUE,"stress_tolerance",0.0493697218694149,"","",FALSE,"Gaussian"
"saddle-surface_area-rep3-n240-r4","saddle","surface_area",3,240,4,"ambient",64,1,"supplied",3313.07348284576,1529.23444615229,0.000378842360497904,37,TRUE,"stress_tolerance",0.019463873214186,"","",TRUE,"classical"
"saddle-surface_area-rep3-n240-r4","saddle","surface_area",3,240,4,"ambient",64,2,"random",1382996.53961601,1529.72612161757,0.000378964164904243,188,TRUE,"stress_tolerance",0.0194670019495621,"","",FALSE,"Gaussian"
"saddle-surface_area-rep3-n240-r4","saddle","surface_area",3,240,4,"ambient",64,3,"random",1482484.93321827,1529.74725151539,0.000378969399484453,194,TRUE,"stress_tolerance",0.0194671363966161,"","",FALSE,"Gaussian"
"saddle-surface_area-rep3-n240-r4","saddle","surface_area",3,240,4,"ambient",8,1,"supplied",16518.7602739477,12282.2949818479,0.00213160168179739,100,TRUE,"stress_tolerance",0.0461692720518461,"","",TRUE,"classical"
"saddle-surface_area-rep3-n240-r4","saddle","surface_area",3,240,4,"ambient",8,2,"random",1855145.20084615,12284.9357914283,0.0021320599963185,122,TRUE,"stress_tolerance",0.046174235200147,"","",FALSE,"Gaussian"
"saddle-surface_area-rep3-n240-r4","saddle","surface_area",3,240,4,"ambient",8,3,"random",2012479.7622288,12285.096337427,0.00213208785919929,152,TRUE,"stress_tolerance",0.0461745369137506,"","",FALSE,"Gaussian"
"saddle-surface_area-rep3-n240-r4","saddle","surface_area",3,240,4,"geodesic",128,1,"supplied",16460.0262222997,12497.0987943679,0.00236184736471209,28,TRUE,"stress_tolerance",0.0485988411869267,"","",TRUE,"classical"
"saddle-surface_area-rep3-n240-r4","saddle","surface_area",3,240,4,"geodesic",128,2,"random",1719862.08492525,12497.4490258391,0.00236191355553693,125,TRUE,"stress_tolerance",0.0485995221739572,"","",FALSE,"Gaussian"
"saddle-surface_area-rep3-n240-r4","saddle","surface_area",3,240,4,"geodesic",128,3,"random",1864341.64998535,12497.5001257524,0.00236192321299403,116,TRUE,"stress_tolerance",0.048599621531387,"","",FALSE,"Gaussian"
"saddle-surface_area-rep3-n240-r4","saddle","surface_area",3,240,4,"geodesic",16,1,"supplied",16276.2481252369,12237.3619476294,0.00224562906537856,30,TRUE,"stress_tolerance",0.0473880688082828,"","",TRUE,"classical"
"saddle-surface_area-rep3-n240-r4","saddle","surface_area",3,240,4,"geodesic",16,2,"random",1765655.75474511,12237.684105207,0.00224568818321973,128,TRUE,"stress_tolerance",0.0473886925671063,"","",FALSE,"Gaussian"
"saddle-surface_area-rep3-n240-r4","saddle","surface_area",3,240,4,"geodesic",16,3,"random",1911887.0529753,12237.6329800505,0.00224567880144792,119,TRUE,"stress_tolerance",0.0473885935795514,"","",FALSE,"Gaussian"
"saddle-surface_area-rep3-n240-r4","saddle","surface_area",3,240,4,"geodesic",239,1,"supplied",16450.0952177061,12485.5551062916,0.00235988891366281,28,TRUE,"stress_tolerance",0.0485786878544781,"","",TRUE,"classical"
"saddle-surface_area-rep3-n240-r4","saddle","surface_area",3,240,4,"geodesic",239,2,"random",1719655.15815885,12485.9056267975,0.0023599551653792,125,TRUE,"stress_tolerance",0.0485793697507409,"","",FALSE,"Gaussian"
"saddle-surface_area-rep3-n240-r4","saddle","surface_area",3,240,4,"geodesic",239,3,"random",1864126.11800316,12485.9605628399,0.0023599655488148,116,TRUE,"stress_tolerance",0.0485794766214582,"","",FALSE,"Gaussian"
"saddle-surface_area-rep3-n240-r4","saddle","surface_area",3,240,4,"geodesic",32,1,"supplied",16228.3365988653,12336.3004551736,0.00231761313806554,28,TRUE,"stress_tolerance",0.048141594677218,"","",TRUE,"classical"
"saddle-surface_area-rep3-n240-r4","saddle","surface_area",3,240,4,"geodesic",32,2,"random",1728763.01377908,12336.6667532587,0.00231768195426027,127,TRUE,"stress_tolerance",0.0481423093989091,"","",FALSE,"Gaussian"
"saddle-surface_area-rep3-n240-r4","saddle","surface_area",3,240,4,"geodesic",32,3,"random",1873525.34198041,12336.7136095163,0.00231769075711642,118,TRUE,"stress_tolerance",0.048142400824184,"","",FALSE,"Gaussian"
"saddle-surface_area-rep3-n240-r4","saddle","surface_area",3,240,4,"geodesic",4,1,"supplied",22147.3971416015,16573.9571019737,0.00223948963662519,68,TRUE,"stress_tolerance",0.0473232462604289,"","",TRUE,"classical"
"saddle-surface_area-rep3-n240-r4","saddle","surface_area",3,240,4,"geodesic",4,2,"random",2363996.75441796,16688.1326691653,0.00225491715329536,187,TRUE,"stress_tolerance",0.047485967962077,"","",FALSE,"Gaussian"
"saddle-surface_area-rep3-n240-r4","saddle","surface_area",3,240,4,"geodesic",4,3,"random",2539966.95554402,16724.1119391648,0.00225977870819148,147,TRUE,"stress_tolerance",0.0475371297849532,"","",FALSE,"Gaussian"
"saddle-surface_area-rep3-n240-r4","saddle","surface_area",3,240,4,"geodesic",64,1,"supplied",16466.4928821164,12508.5179732235,0.00236204439920957,28,TRUE,"stress_tolerance",0.0486008682968685,"","",TRUE,"classical"
"saddle-surface_area-rep3-n240-r4","saddle","surface_area",3,240,4,"geodesic",64,2,"random",1721129.67390016,12508.8416638456,0.00236210552328699,126,TRUE,"stress_tolerance",0.0486014971300987,"","",FALSE,"Gaussian"
"saddle-surface_area-rep3-n240-r4","saddle","surface_area",3,240,4,"geodesic",64,3,"random",1865669.96992255,12508.9607118097,0.00236212800369414,115,TRUE,"stress_tolerance",0.048601728402333,"","",FALSE,"Gaussian"
"saddle-surface_area-rep3-n240-r4","saddle","surface_area",3,240,4,"geodesic",8,1,"supplied",16302.8378654336,12265.9959189365,0.00207768002603143,78,TRUE,"stress_tolerance",0.0455815755106321,"","",TRUE,"classical"
"saddle-surface_area-rep3-n240-r4","saddle","surface_area",3,240,4,"geodesic",8,2,"random",1895890.85477613,12272.7335012087,0.00207882127377057,133,TRUE,"stress_tolerance",0.0455940925314955,"","",FALSE,"Gaussian"
"saddle-surface_area-rep3-n240-r4","saddle","surface_area",3,240,4,"geodesic",8,3,"random",2057314.23815619,12272.7012883344,0.00207881581738155,120,TRUE,"stress_tolerance",0.0455940326948775,"","",FALSE,"Gaussian"
"saddle-surface_area-rep3-n240-r64","saddle","surface_area",3,240,64,"ambient",128,1,"supplied",1984.20861852972,1871.11753707443,8.31032470750855e-09,1,TRUE,"stress_tolerance",9.11609823746797e-05,"","",TRUE,"classical"
"saddle-surface_area-rep3-n240-r64","saddle","surface_area",3,240,64,"ambient",128,2,"random",94047479600.8718,659580.706485041,2.92944175504275e-06,224,TRUE,"stress_tolerance",0.00171156120400321,"","",FALSE,"Gaussian"
"saddle-surface_area-rep3-n240-r64","saddle","surface_area",3,240,64,"ambient",128,3,"random",100004549973.681,567468.260263867,2.5203363287221e-06,240,TRUE,"stress_tolerance",0.00158755671669655,"","",FALSE,"Gaussian"
"saddle-surface_area-rep3-n240-r64","saddle","surface_area",3,240,64,"ambient",16,1,"supplied",1867165.16450742,350400.256667503,1.54797399333628e-06,41,TRUE,"stress_tolerance",0.00124417602988577,"","",TRUE,"classical"
"saddle-surface_area-rep3-n240-r64","saddle","surface_area",3,240,64,"ambient",16,2,"random",94413053513.7391,680968.256306433,3.00833441469244e-06,294,TRUE,"stress_tolerance",0.00173445507716361,"","",FALSE,"Gaussian"
"saddle-surface_area-rep3-n240-r64","saddle","surface_area",3,240,64,"ambient",16,3,"random",100386895873.115,1006351.73053529,4.44579099865156e-06,198,TRUE,"stress_tolerance",0.00210850444596583,"","",FALSE,"Gaussian"
"saddle-surface_area-rep3-n240-r64","saddle","surface_area",3,240,64,"ambient",239,1,"supplied",1.38044878202874e-19,1.84624425042435e-17,8.20002158505664e-29,1,TRUE,"stress_tolerance",9.04439688885321e-15,"","",TRUE,"classical"
"saddle-surface_area-rep3-n240-r64","saddle","surface_area",3,240,64,"ambient",239,2,"random",94045376431.3176,659310.492503974,2.92830175018516e-06,224,TRUE,"stress_tolerance",0.00171122814089511,"","",FALSE,"Gaussian"
"saddle-surface_area-rep3-n240-r64","saddle","surface_area",3,240,64,"ambient",239,3,"random",100002356838.441,567501.363235781,2.52053509551236e-06,240,TRUE,"stress_tolerance",0.00158761931693923,"","",FALSE,"Gaussian"
"saddle-surface_area-rep3-n240-r64","saddle","surface_area",3,240,64,"ambient",32,1,"supplied",982447.78561791,80181.5056062925,3.55848839458743e-07,37,TRUE,"stress_tolerance",0.000596530669341005,"","",TRUE,"classical"
"saddle-surface_area-rep3-n240-r64","saddle","surface_area",3,240,64,"ambient",32,2,"random",94084695022.3262,693235.710826521,3.07660876786548e-06,221,TRUE,"stress_tolerance",0.00175402644446188,"","",FALSE,"Gaussian"
"saddle-surface_area-rep3-n240-r64","saddle","surface_area",3,240,64,"ambient",32,3,"random",100044861474.547,631120.363457939,2.80093828616836e-06,224,TRUE,"stress_tolerance",0.00167360039620411,"","",FALSE,"Gaussian"
"saddle-surface_area-rep3-n240-r64","saddle","surface_area",3,240,64,"ambient",4,1,"supplied",18325610.6275495,4204848.98984547,1.38267949822116e-05,165,TRUE,"stress_tolerance",0.00371843985862587,"","",TRUE,"classical"
"saddle-surface_area-rep3-n240-r64","saddle","surface_area",3,240,64,"ambient",4,2,"random",126303084557.76,4217686.92370812,1.38690099297502e-05,254,TRUE,"stress_tolerance",0.00372411196525509,"","",FALSE,"Gaussian"
"saddle-surface_area-rep3-n240-r64","saddle","surface_area",3,240,64,"ambient",4,3,"random",133822315135.959,4500543.8801341,1.47991277901631e-05,272,TRUE,"stress_tolerance",0.00384696345058921,"","",FALSE,"Gaussian"
"saddle-surface_area-rep3-n240-r64","saddle","surface_area",3,240,64,"ambient",64,1,"supplied",153133.305671862,28192.1827576059,1.25194871980991e-07,18,TRUE,"stress_tolerance",0.000353828873873201,"","",TRUE,"classical"
"saddle-surface_area-rep3-n240-r64","saddle","surface_area",3,240,64,"ambient",64,2,"random",94055886375.4552,660626.448315737,2.93368712650787e-06,223,TRUE,"stress_tolerance",0.0017128009593978,"","",FALSE,"Gaussian"
"saddle-surface_area-rep3-n240-r64","saddle","surface_area",3,240,64,"ambient",64,3,"random",100012858804.175,569558.595339678,2.529276148722e-06,238,TRUE,"stress_tolerance",0.00159036981508332,"","",FALSE,"Gaussian"
"saddle-surface_area-rep3-n240-r64","saddle","surface_area",3,240,64,"ambient",8,1,"supplied",5736723.56573572,1355443.14169295,5.57120975594488e-06,136,TRUE,"stress_tolerance",0.00236034102535014,"","",TRUE,"classical"
"saddle-surface_area-rep3-n240-r64","saddle","surface_area",3,240,64,"ambient",8,2,"random",101270036593.176,1356119.81600041,5.57399105630885e-06,265,TRUE,"stress_tolerance",0.00236093012525044,"","",FALSE,"Gaussian"
"saddle-surface_area-rep3-n240-r64","saddle","surface_area",3,240,64,"ambient",8,3,"random",107693932502.568,1646629.27834976,6.76805748451291e-06,286,TRUE,"stress_tolerance",0.00260154905479775,"","",FALSE,"Gaussian"
"saddle-surface_area-rep3-n240-r64","saddle","surface_area",3,240,64,"geodesic",128,1,"supplied",1447855577.13411,1360192959.77513,0.00453845051689289,11,TRUE,"stress_tolerance",0.0673680229552031,"","",TRUE,"classical"
"saddle-surface_area-rep3-n240-r64","saddle","surface_area",3,240,64,"geodesic",128,2,"random",107127418216.808,1360205813.53719,0.00453849340504537,113,TRUE,"stress_tolerance",0.0673683412668395,"","",FALSE,"Gaussian"
"saddle-surface_area-rep3-n240-r64","saddle","surface_area",3,240,64,"geodesic",128,3,"random",116813738881.616,1360207289.98186,0.00453849833138396,100,TRUE,"stress_tolerance",0.0673683778295423,"","",FALSE,"Gaussian"
"saddle-surface_area-rep3-n240-r64","saddle","surface_area",3,240,64,"geodesic",16,1,"supplied",1447322925.82081,1359159875.99703,0.0045253482977195,11,TRUE,"stress_tolerance",0.0672707090621133,"","",TRUE,"classical"
"saddle-surface_area-rep3-n240-r64","saddle","surface_area",3,240,64,"geodesic",16,2,"random",107304984081.803,1359173516.03132,0.0045253937124695,113,TRUE,"stress_tolerance",0.0672710466134536,"","",FALSE,"Gaussian"
"saddle-surface_area-rep3-n240-r64","saddle","surface_area",3,240,64,"geodesic",16,3,"random",117008153478.507,1359173697.68981,0.00452539431730485,100,TRUE,"stress_tolerance",0.0672710511089635,"","",FALSE,"Gaussian"
"saddle-surface_area-rep3-n240-r64","saddle","surface_area",3,240,64,"geodesic",239,1,"supplied",1447850923.76053,1360187857.03824,0.00453843538613978,11,TRUE,"stress_tolerance",0.067367910655889,"","",TRUE,"classical"
"saddle-surface_area-rep3-n240-r64","saddle","surface_area",3,240,64,"geodesic",239,2,"random",107127363952.794,1360200711.72344,0.00453847827739036,113,TRUE,"stress_tolerance",0.0673682289910488,"","",FALSE,"Gaussian"
"saddle-surface_area-rep3-n240-r64","saddle","surface_area",3,240,64,"geodesic",239,3,"random",116813683489.633,1360202187.3445,0.00453848320098292,100,TRUE,"stress_tolerance",0.0673682655334315,"","",FALSE,"Gaussian"
"saddle-surface_area-rep3-n240-r64","saddle","surface_area",3,240,64,"geodesic",32,1,"supplied",1447621241.88497,1359953911.94354,0.00453728581799733,11,TRUE,"stress_tolerance",0.0673593780998408,"","",TRUE,"classical"
"saddle-surface_area-rep3-n240-r64","saddle","surface_area",3,240,64,"geodesic",32,2,"random",107133208227.606,1359966814.65997,0.00453732886600932,113,TRUE,"stress_tolerance",0.0673596976389396,"","",FALSE,"Gaussian"
"saddle-surface_area-rep3-n240-r64","saddle","surface_area",3,240,64,"geodesic",32,3,"random",116819571283.731,1359968222.91387,0.00453733356444094,100,TRUE,"stress_tolerance",0.0673597325146185,"","",FALSE,"Gaussian"
"saddle-surface_area-rep3-n240-r64","saddle","surface_area",3,240,64,"geodesic",4,1,"supplied",1469304409.20479,1371768883.0457,0.00424694185432691,11,TRUE,"stress_tolerance",0.0651685649245627,"","",TRUE,"classical"
"saddle-surface_area-rep3-n240-r64","saddle","surface_area",3,240,64,"geodesic",4,2,"random",114051341639.278,1371781656.23889,0.00424698139962457,108,TRUE,"stress_tolerance",0.0651688683316244,"","",FALSE,"Gaussian"
"saddle-surface_area-rep3-n240-r64","saddle","surface_area",3,240,64,"geodesic",4,3,"random",124438834990.353,1371782700.95421,0.00424698463402161,100,TRUE,"stress_tolerance",0.065168893147127,"","",FALSE,"Gaussian"
"saddle-surface_area-rep3-n240-r64","saddle","surface_area",3,240,64,"geodesic",64,1,"supplied",1447876409.94967,1360217076.54816,0.00453849753348712,11,TRUE,"stress_tolerance",0.067368371907648,"","",TRUE,"classical"
"saddle-surface_area-rep3-n240-r64","saddle","surface_area",3,240,64,"geodesic",64,2,"random",107128092716.003,1360229998.00815,0.00453854064720426,113,TRUE,"stress_tolerance",0.0673686918917408,"","",FALSE,"Gaussian"
"saddle-surface_area-rep3-n240-r64","saddle","surface_area",3,240,64,"geodesic",64,3,"random",116814453054.07,1360231404.62361,0.00453854534051456,100,TRUE,"stress_tolerance",0.0673687267247538,"","",FALSE,"Gaussian"
"saddle-surface_area-rep3-n240-r64","saddle","surface_area",3,240,64,"geodesic",8,1,"supplied",1441085928.86631,1351004622.79571,0.00445725245945445,11,TRUE,"stress_tolerance",0.0667626576721933,"","",TRUE,"classical"
"saddle-surface_area-rep3-n240-r64","saddle","surface_area",3,240,64,"geodesic",8,2,"random",108052795597.294,1351017784.11829,0.00445729588146532,109,TRUE,"stress_tolerance",0.0667629828682432,"","",FALSE,"Gaussian"
"saddle-surface_area-rep3-n240-r64","saddle","surface_area",3,240,64,"geodesic",8,3,"random",117803078713.381,1351016923.52317,0.00445729304217843,100,TRUE,"stress_tolerance",0.0667629616043088,"","",FALSE,"Gaussian"
"saddle-surface_area-rep3-n240-r8","saddle","surface_area",3,240,8,"ambient",128,1,"supplied",257.454585253843,61.7732850334219,1.08349904311677e-06,26,TRUE,"stress_tolerance",0.00104091260109654,"","",TRUE,"classical"
"saddle-surface_area-rep3-n240-r8","saddle","surface_area",3,240,8,"ambient",128,2,"random",22100229.2902482,98.2550400185899,1.72338644098243e-06,337,TRUE,"stress_tolerance",0.00131277813852476,"","",FALSE,"Gaussian"
"saddle-surface_area-rep3-n240-r8","saddle","surface_area",3,240,8,"ambient",128,3,"random",23599394.5586486,207.296027752016,3.63595764074545e-06,388,TRUE,"stress_tolerance",0.00190681872257213,"","",FALSE,"Gaussian"
"saddle-surface_area-rep3-n240-r8","saddle","surface_area",3,240,8,"ambient",16,1,"supplied",70423.9463819976,49704.0383015869,0.000818271912526708,68,TRUE,"stress_tolerance",0.0286054524964511,"","",TRUE,"classical"
"saddle-surface_area-rep3-n240-r8","saddle","surface_area",3,240,8,"ambient",16,2,"random",22199962.1843802,49713.9952960326,0.000818435833390414,223,TRUE,"stress_tolerance",0.0286083175560959,"","",FALSE,"Gaussian"
"saddle-surface_area-rep3-n240-r8","saddle","surface_area",3,240,8,"ambient",16,3,"random",23774248.2720243,49725.1761132199,0.000818619901908307,288,TRUE,"stress_tolerance",0.0286115344207248,"","",FALSE,"Gaussian"
"saddle-surface_area-rep3-n240-r8","saddle","surface_area",3,240,8,"ambient",239,1,"supplied",2.24257769118974e-23,4.1335149217548e-21,7.25946268341175e-29,1,TRUE,"stress_tolerance",8.47929050001934e-15,"","",TRUE,"classical"
"saddle-surface_area-rep3-n240-r8","saddle","surface_area",3,240,8,"ambient",239,2,"random",22068055.7333384,42.0276857227272,7.38108902349798e-07,336,TRUE,"stress_tolerance",0.000859132645379029,"","",FALSE,"Gaussian"
"saddle-surface_area-rep3-n240-r8","saddle","surface_area",3,240,8,"ambient",239,3,"random",23565889.231725,45.3790388967773,7.96966856818296e-07,473,TRUE,"stress_tolerance",0.000892730002197792,"","",FALSE,"Gaussian"
"saddle-surface_area-rep3-n240-r8","saddle","surface_area",3,240,8,"ambient",32,1,"supplied",42507.9751667162,17113.0013139644,0.000293212214250405,69,TRUE,"stress_tolerance",0.0171234404910465,"","",TRUE,"classical"
"saddle-surface_area-rep3-n240-r8","saddle","surface_area",3,240,8,"ambient",32,2,"random",22272983.8808616,17191.8529668261,0.0002945632494843,381,TRUE,"stress_tolerance",0.0171628450288496,"","",FALSE,"Gaussian"
"saddle-surface_area-rep3-n240-r8","saddle","surface_area",3,240,8,"ambient",32,3,"random",23787867.6933388,17262.6415041021,0.000295776132214655,376,TRUE,"stress_tolerance",0.0171981432781176,"","",FALSE,"Gaussian"
"saddle-surface_area-rep3-n240-r8","saddle","surface_area",3,240,8,"ambient",4,1,"supplied",338629.984096101,284895.539543342,0.00292219995354491,41,TRUE,"stress_tolerance",0.0540573764952102,"","",TRUE,"classical"
"saddle-surface_area-rep3-n240-r8","saddle","surface_area",3,240,8,"ambient",4,2,"random",32903665.5342373,284904.745320222,0.00292229437805157,119,TRUE,"stress_tolerance",0.0540582498611597,"","",FALSE,"Gaussian"
"saddle-surface_area-rep3-n240-r8","saddle","surface_area",3,240,8,"ambient",4,3,"random",36019178.6586576,284901.837748885,0.00292226455482289,105,TRUE,"stress_tolerance",0.0540579740170023,"","",FALSE,"Gaussian"
"saddle-surface_area-rep3-n240-r8","saddle","surface_area",3,240,8,"ambient",64,1,"supplied",11410.3248905831,2636.01274124409,4.59087098564617e-05,43,TRUE,"stress_tolerance",0.00677559664210222,"","",TRUE,"classical"
"saddle-surface_area-rep3-n240-r8","saddle","surface_area",3,240,8,"ambient",64,2,"random",22199353.3469924,2667.93322868238,4.64646359995159e-05,338,TRUE,"stress_tolerance",0.00681649734097518,"","",FALSE,"Gaussian"
"saddle-surface_area-rep3-n240-r8","saddle","surface_area",3,240,8,"ambient",64,3,"random",23696899.3038035,2776.41436846489,4.83539399066067e-05,373,TRUE,"stress_tolerance",0.00695369972795869,"","",FALSE,"Gaussian"
"saddle-surface_area-rep3-n240-r8","saddle","surface_area",3,240,8,"ambient",8,1,"supplied",208409.016853382,161701.360698923,0.00220131700412679,36,TRUE,"stress_tolerance",0.0469181948089097,"","",FALSE,"classical"
"saddle-surface_area-rep3-n240-r8","saddle","surface_area",3,240,8,"ambient",8,2,"random",25259919.6392384,161695.260678875,0.00220123396167249,139,TRUE,"stress_tolerance",0.0469173098298749,"","",FALSE,"Gaussian"
"saddle-surface_area-rep3-n240-r8","saddle","surface_area",3,240,8,"ambient",8,3,"random",27469120.4883089,161691.596978391,0.00220118408598722,140,TRUE,"stress_tolerance",0.0469167782993164,"","",TRUE,"Gaussian"
"saddle-surface_area-rep3-n240-r8","saddle","surface_area",3,240,8,"geodesic",128,1,"supplied",290197.32869294,254319.683306891,0.00332302412713659,20,TRUE,"stress_tolerance",0.0576456774367042,"","",TRUE,"classical"
"saddle-surface_area-rep3-n240-r8","saddle","surface_area",3,240,8,"geodesic",128,2,"random",26309127.632131,254322.206938269,0.00332305710172924,113,TRUE,"stress_tolerance",0.0576459634469684,"","",FALSE,"Gaussian"
"saddle-surface_area-rep3-n240-r8","saddle","surface_area",3,240,8,"geodesic",128,3,"random",28622878.3308279,254325.208307968,0.00332309631860696,109,TRUE,"stress_tolerance",0.0576463035988165,"","",FALSE,"Gaussian"
"saddle-surface_area-rep3-n240-r8","saddle","surface_area",3,240,8,"geodesic",16,1,"supplied",284567.478107894,248234.305071253,0.00319045971477588,23,TRUE,"stress_tolerance",0.0564841545459954,"","",TRUE,"classical"
"saddle-surface_area-rep3-n240-r8","saddle","surface_area",3,240,8,"geodesic",16,2,"random",26660065.9404586,248235.446092331,0.00319047437987941,112,TRUE,"stress_tolerance",0.0564842843619305,"","",FALSE,"Gaussian"
"saddle-surface_area-rep3-n240-r8","saddle","surface_area",3,240,8,"geodesic",16,3,"random",29009610.9993158,248241.322684556,0.00319054990945115,105,TRUE,"stress_tolerance",0.0564849529472333,"","",FALSE,"Gaussian"
"saddle-surface_area-rep3-n240-r8","saddle","surface_area",3,240,8,"geodesic",239,1,"supplied",290144.609421891,254258.624846485,0.00332230926570608,20,TRUE,"stress_tolerance",0.0576394766258862,"","",TRUE,"classical"
"saddle-surface_area-rep3-n240-r8","saddle","surface_area",3,240,8,"geodesic",239,2,"random",26308327.6596268,254261.149637189,0.00332234225627052,113,TRUE,"stress_tolerance",0.0576397628054672,"","",FALSE,"Gaussian"
"saddle-surface_area-rep3-n240-r8","saddle","surface_area",3,240,8,"geodesic",239,3,"random",28622071.0927394,254264.168082493,0.00332238169724841,109,TRUE,"stress_tolerance",0.0576401049378676,"","",FALSE,"Gaussian"
"saddle-surface_area-rep3-n240-r8","saddle","surface_area",3,240,8,"geodesic",32,1,"supplied",288292.98520751,252556.140232151,0.00329098905119742,20,TRUE,"stress_tolerance",0.057367142609663,"","",TRUE,"classical"
"saddle-surface_area-rep3-n240-r8","saddle","surface_area",3,240,8,"geodesic",32,2,"random",26362134.845515,252559.58181482,0.00329103389750713,113,TRUE,"stress_tolerance",0.0573675334793743,"","",FALSE,"Gaussian"
"saddle-surface_area-rep3-n240-r8","saddle","surface_area",3,240,8,"geodesic",32,3,"random",28676484.4685202,252562.669668509,0.00329107413447254,111,TRUE,"stress_tolerance",0.0573678841728763,"","",FALSE,"Gaussian"
"saddle-surface_area-rep3-n240-r8","saddle","surface_area",3,240,8,"geodesic",4,1,"supplied",343274.490588544,293300.818537524,0.00287716674280143,40,TRUE,"stress_tolerance",0.0536392276491885,"","",TRUE,"classical"
"saddle-surface_area-rep3-n240-r8","saddle","surface_area",3,240,8,"geodesic",4,2,"random",34245649.9472012,293391.650551656,0.00287805776946664,134,TRUE,"stress_tolerance",0.0536475327435162,"","",FALSE,"Gaussian"
"saddle-surface_area-rep3-n240-r8","saddle","surface_area",3,240,8,"geodesic",4,3,"random",37475224.5712232,293360.891817451,0.00287775603826948,112,TRUE,"stress_tolerance",0.0536447205069568,"","",FALSE,"Gaussian"
"saddle-surface_area-rep3-n240-r8","saddle","surface_area",3,240,8,"geodesic",64,1,"supplied",290154.317018159,254318.29281329,0.00332208592641846,20,TRUE,"stress_tolerance",0.0576375392120315,"","",TRUE,"classical"
"saddle-surface_area-rep3-n240-r8","saddle","surface_area",3,240,8,"geodesic",64,2,"random",26315013.6530453,254320.857606915,0.00332211942957198,113,TRUE,"stress_tolerance",0.0576378298478699,"","",FALSE,"Gaussian"
"saddle-surface_area-rep3-n240-r8","saddle","surface_area",3,240,8,"geodesic",64,3,"random",28628933.7846769,254323.644741397,0.00332215583709947,109,TRUE,"stress_tolerance",0.0576381456771423,"","",FALSE,"Gaussian"
"saddle-surface_area-rep3-n240-r8","saddle","surface_area",3,240,8,"geodesic",8,1,"supplied",283337.741187531,242901.210185447,0.00289621793149663,40,TRUE,"stress_tolerance",0.0538165209902745,"","",FALSE,"classical"
"saddle-surface_area-rep3-n240-r8","saddle","surface_area",3,240,8,"geodesic",8,2,"random",28415569.3843287,242931.16869691,0.00289657514000141,126,TRUE,"stress_tolerance",0.0538198396504614,"","",FALSE,"Gaussian"
"saddle-surface_area-rep3-n240-r8","saddle","surface_area",3,240,8,"geodesic",8,3,"random",30924466.4652301,242899.854235951,0.00289620176391458,132,TRUE,"stress_tolerance",0.0538163707798527,"","",TRUE,"Gaussian"
