"case","regime","k","preparation","classical","stress"
"paraboloid-disk-rep1-n240-r1","ambient",128,4.017,0.0139999999999958,0.730999999999995
"paraboloid-disk-rep1-n240-r1","ambient",16,0.807999999999993,0.01400000000001,0.676000000000002
"paraboloid-disk-rep1-n240-r1","ambient",239,5.87,0.0100000000000051,0.530000000000001
"paraboloid-disk-rep1-n240-r1","ambient",32,1.22,0.0130000000000052,0.644999999999996
"paraboloid-disk-rep1-n240-r1","ambient",4,0.512,0.0139999999999958,1.128
"paraboloid-disk-rep1-n240-r1","ambient",64,2.181,0.0139999999999958,0.658000000000001
"paraboloid-disk-rep1-n240-r1","ambient",8,0.609999999999999,0.0139999999999958,0.667000000000002
"paraboloid-disk-rep1-n240-r1","geodesic",128,4.564,0.0169999999999959,0.783000000000001
"paraboloid-disk-rep1-n240-r1","geodesic",16,0.829999999999999,0.0140000000000002,0.742
"paraboloid-disk-rep1-n240-r1","geodesic",239,6.332,0.0160000000000018,0.823
"paraboloid-disk-rep1-n240-r1","geodesic",32,1.3,0.0140000000000002,0.707
"paraboloid-disk-rep1-n240-r1","geodesic",4,0.659,0.0149999999999999,3.274
"paraboloid-disk-rep1-n240-r1","geodesic",64,2.269,0.0139999999999993,0.749
"paraboloid-disk-rep1-n240-r1","geodesic",8,0.711,0.0139999999999998,2.119
"paraboloid-disk-rep1-n240-r16","ambient",128,3.71299999999999,0.01400000000001,1.80599999999998
"paraboloid-disk-rep1-n240-r16","ambient",16,0.88900000000001,0.0130000000000052,1.36100000000002
"paraboloid-disk-rep1-n240-r16","ambient",239,5.94299999999998,0.0100000000000193,2.012
"paraboloid-disk-rep1-n240-r16","ambient",32,1.20299999999997,0.01400000000001,2.66899999999998
"paraboloid-disk-rep1-n240-r16","ambient",4,0.525000000000006,0.0139999999999816,1.82500000000002
"paraboloid-disk-rep1-n240-r16","ambient",64,2.071,0.0129999999999768,1.82400000000001
"paraboloid-disk-rep1-n240-r16","ambient",8,0.675999999999988,0.01400000000001,2.67200000000003
"paraboloid-disk-rep1-n240-r16","geodesic",128,4.007,0.0150000000000006,2.275
"paraboloid-disk-rep1-n240-r16","geodesic",16,0.82,0.0129999999999999,2.638
"paraboloid-disk-rep1-n240-r16","geodesic",239,5.93300000000001,0.0160000000000053,2.125
"paraboloid-disk-rep1-n240-r16","geodesic",32,1.302,0.0150000000000006,2.613
"paraboloid-disk-rep1-n240-r16","geodesic",4,0.68,0.0149999999999997,3.247
"paraboloid-disk-rep1-n240-r16","geodesic",64,2.252,0.0150000000000006,2.699
"paraboloid-disk-rep1-n240-r16","geodesic",8,0.601000000000001,0.0139999999999993,1.999
"paraboloid-disk-rep1-n240-r2","ambient",128,3.90899999999999,0.0130000000000052,0.352000000000004
"paraboloid-disk-rep1-n240-r2","ambient",16,0.811000000000007,0.0130000000000052,0.432999999999993
"paraboloid-disk-rep1-n240-r2","ambient",239,5.75200000000001,0.00900000000001455,0.418000000000006
"paraboloid-disk-rep1-n240-r2","ambient",32,1.33500000000001,0.01400000000001,0.325999999999993
"paraboloid-disk-rep1-n240-r2","ambient",4,0.510999999999996,0.0150000000000148,0.828000000000003
"paraboloid-disk-rep1-n240-r2","ambient",64,2.08000000000001,0.0130000000000052,0.435000000000002
"paraboloid-disk-rep1-n240-r2","ambient",8,0.599999999999994,0.01400000000001,0.379999999999995
"paraboloid-disk-rep1-n240-r2","geodesic",128,4.27,0.0159999999999982,0.470999999999997
"paraboloid-disk-rep1-n240-r2","geodesic",16,0.83,0.0129999999999999,0.567
"paraboloid-disk-rep1-n240-r2","geodesic",239,6.37400000000001,0.0169999999999959,0.463999999999999
"paraboloid-disk-rep1-n240-r2","geodesic",32,1.3,0.0150000000000006,0.482000000000003
"paraboloid-disk-rep1-n240-r2","geodesic",4,0.666,0.016,1.85
"paraboloid-disk-rep1-n240-r2","geodesic",64,2.325,0.0160000000000018,0.524000000000001
"paraboloid-disk-rep1-n240-r2","geodesic",8,0.617,0.0140000000000002,0.48
"paraboloid-disk-rep1-n240-r32","ambient",128,4.00900000000001,0.01400000000001,1.499
"paraboloid-disk-rep1-n240-r32","ambient",16,0.810000000000002,0.01400000000001,1.98599999999999
"paraboloid-disk-rep1-n240-r32","ambient",239,6.048,0.0110000000000241,1.5
"paraboloid-disk-rep1-n240-r32","ambient",32,1.21299999999999,0.0130000000000052,1.917
"paraboloid-disk-rep1-n240-r32","ambient",4,0.558999999999997,0.01400000000001,3.92099999999999
"paraboloid-disk-rep1-n240-r32","ambient",64,2.01300000000001,0.0130000000000052,1.59
"paraboloid-disk-rep1-n240-r32","ambient",8,0.646999999999991,0.01400000000001,2.52799999999999
"paraboloid-disk-rep1-n240-r32","geodesic",128,4.149,0.0140000000000029,2.603
"paraboloid-disk-rep1-n240-r32","geodesic",16,0.833,0.0129999999999999,2.81
"paraboloid-disk-rep1-n240-r32","geodesic",239,6.318,0.01400000000001,2.39700000000001
"paraboloid-disk-rep1-n240-r32","geodesic",32,1.293,0.0140000000000029,2.564
"paraboloid-disk-rep1-n240-r32","geodesic",4,0.699,0.0149999999999997,3.191
"paraboloid-disk-rep1-n240-r32","geodesic",64,2.343,0.0180000000000007,2.923
"paraboloid-disk-rep1-n240-r32","geodesic",8,0.633,0.0140000000000011,1.962
"paraboloid-disk-rep1-n240-r4","ambient",128,4.08100000000002,0.0130000000000052,0.392000000000024
"paraboloid-disk-rep1-n240-r4","ambient",16,0.800999999999988,0.0139999999999816,0.449000000000012
"paraboloid-disk-rep1-n240-r4","ambient",239,6.03800000000001,0.0099999999999909,0.468999999999994
"paraboloid-disk-rep1-n240-r4","ambient",32,1.31999999999999,0.0139999999999816,0.367000000000019
"paraboloid-disk-rep1-n240-r4","ambient",4,0.516999999999996,0.0149999999999864,1.077
"paraboloid-disk-rep1-n240-r4","ambient",64,2.08700000000002,0.0139999999999816,0.418000000000006
"paraboloid-disk-rep1-n240-r4","ambient",8,0.594999999999999,0.0139999999999816,0.402999999999992
"paraboloid-disk-rep1-n240-r4","geodesic",128,4.117,0.0139999999999958,0.468000000000004
"paraboloid-disk-rep1-n240-r4","geodesic",16,0.826,0.016,0.484999999999999
"paraboloid-disk-rep1-n240-r4","geodesic",239,6,0.0160000000000053,0.423999999999992
"paraboloid-disk-rep1-n240-r4","geodesic",32,1.292,0.0139999999999993,0.581
"paraboloid-disk-rep1-n240-r4","geodesic",4,0.664,0.0150000000000001,2.209
"paraboloid-disk-rep1-n240-r4","geodesic",64,2.299,0.0159999999999982,0.43
"paraboloid-disk-rep1-n240-r4","geodesic",8,0.612,0.0139999999999993,0.425999999999999
"paraboloid-disk-rep1-n240-r64","ambient",128,3.703,0.012999999999991,1.664
"paraboloid-disk-rep1-n240-r64","ambient",16,0.798000000000002,0.012999999999991,1.845
"paraboloid-disk-rep1-n240-r64","ambient",239,5.94200000000001,0.0099999999999909,1.405
"paraboloid-disk-rep1-n240-r64","ambient",32,1.18100000000001,0.0130000000000052,1.64400000000001
"paraboloid-disk-rep1-n240-r64","ambient",4,0.617999999999995,0.0139999999999958,1.813
"paraboloid-disk-rep1-n240-r64","ambient",64,2.01299999999999,0.0139999999999958,1.76900000000001
"paraboloid-disk-rep1-n240-r64","ambient",8,0.638999999999996,0.0139999999999958,2.03
"paraboloid-disk-rep1-n240-r64","geodesic",128,3.799,0.0140000000000029,1.59
"paraboloid-disk-rep1-n240-r64","geodesic",16,0.813,0.0139999999999993,1.692
"paraboloid-disk-rep1-n240-r64","geodesic",239,6.492,0.0150000000000006,1.417
"paraboloid-disk-rep1-n240-r64","geodesic",32,1.279,0.0139999999999993,1.416
"paraboloid-disk-rep1-n240-r64","geodesic",4,0.786,0.014,3.583
"paraboloid-disk-rep1-n240-r64","geodesic",64,2.013,0.0139999999999993,1.648
"paraboloid-disk-rep1-n240-r64","geodesic",8,0.787,0.016,2.932
"paraboloid-disk-rep1-n240-r8","ambient",128,3.996,0.0139999999999958,0.832999999999998
"paraboloid-disk-rep1-n240-r8","ambient",16,0.819000000000003,0.0139999999999958,0.700999999999993
"paraboloid-disk-rep1-n240-r8","ambient",239,5.875,0.0099999999999909,0.994
"paraboloid-disk-rep1-n240-r8","ambient",32,1.203,0.0130000000000052,0.62299999999999
"paraboloid-disk-rep1-n240-r8","ambient",4,0.51100000000001,0.0139999999999958,1.08200000000001
"paraboloid-disk-rep1-n240-r8","ambient",64,2.125,0.0139999999999958,0.691999999999993
"paraboloid-disk-rep1-n240-r8","ambient",8,0.614000000000004,0.0150000000000006,0.933999999999997
"paraboloid-disk-rep1-n240-r8","geodesic",128,4.391,0.0149999999999935,0.747999999999998
"paraboloid-disk-rep1-n240-r8","geodesic",16,0.824,0.0129999999999999,0.757
"paraboloid-disk-rep1-n240-r8","geodesic",239,6.206,0.0159999999999982,0.690999999999999
"paraboloid-disk-rep1-n240-r8","geodesic",32,1.279,0.0140000000000002,0.686
"paraboloid-disk-rep1-n240-r8","geodesic",4,0.663,0.016,3.309
"paraboloid-disk-rep1-n240-r8","geodesic",64,2.253,0.0139999999999993,0.708
"paraboloid-disk-rep1-n240-r8","geodesic",8,0.715,0.0149999999999999,2.312
"paraboloid-disk-rep1-n480-r64","ambient",128,15.873,0.105999999999995,7.005
"paraboloid-disk-rep1-n480-r64","ambient",16,4.24900000000002,0.197999999999979,8.31799999999998
"paraboloid-disk-rep1-n480-r64","ambient",479,48.329,0.0860000000000127,6.52199999999993
"paraboloid-disk-rep1-n480-r64","ambient",64,9.80899999999997,0.11099999999999,7.68700000000001
"paraboloid-disk-rep1-n480-r64","ambient",8,3.91899999999998,0.281000000000063,10.17
"paraboloid-disk-rep1-n480-r64","geodesic",128,14.407,0.0980000000000132,6.979
"paraboloid-disk-rep1-n480-r64","geodesic",16,4.307,0.186,8.982
"paraboloid-disk-rep1-n480-r64","geodesic",479,43.966,0.0980000000000132,7.07600000000002
"paraboloid-disk-rep1-n480-r64","geodesic",64,8.794,0.0989999999999966,7.28400000000001
"paraboloid-disk-rep1-n480-r64","geodesic",8,3.894,0.189,9.257
"paraboloid-disk-rep2-n240-r1","ambient",128,3.92000000000002,0.01400000000001,0.608000000000004
"paraboloid-disk-rep2-n240-r1","ambient",16,0.817999999999984,0.0139999999999816,0.703000000000003
"paraboloid-disk-rep2-n240-r1","ambient",239,6.267,0.0099999999999909,0.421999999999997
"paraboloid-disk-rep2-n240-r1","ambient",32,1.273,0.01400000000001,0.625999999999976
"paraboloid-disk-rep2-n240-r1","ambient",4,0.521000000000015,0.01400000000001,0.84899999999999
"paraboloid-disk-rep2-n240-r1","ambient",64,2.18899999999999,0.0130000000000052,0.626000000000005
"paraboloid-disk-rep2-n240-r1","ambient",8,0.62299999999999,0.0139999999999816,0.609000000000009
"paraboloid-disk-rep2-n240-r1","geodesic",128,3.863,0.0150000000000006,0.658000000000001
"paraboloid-disk-rep2-n240-r1","geodesic",16,0.811,0.0140000000000011,0.637
"paraboloid-disk-rep2-n240-r1","geodesic",239,6.221,0.0169999999999959,0.721000000000004
"paraboloid-disk-rep2-n240-r1","geodesic",32,1.245,0.0140000000000029,0.649000000000001
"paraboloid-disk-rep2-n240-r1","geodesic",4,0.625,0.0149999999999997,1.87
"paraboloid-disk-rep2-n240-r1","geodesic",64,2.144,0.0130000000000017,0.651
"paraboloid-disk-rep2-n240-r1","geodesic",8,0.61,0.0140000000000002,0.632
"paraboloid-disk-rep2-n240-r16","ambient",128,3.91399999999999,0.0130000000000052,1.398
"paraboloid-disk-rep2-n240-r16","ambient",16,0.806999999999988,0.0139999999999816,1.382
"paraboloid-disk-rep2-n240-r16","ambient",239,6.00199999999998,0.0099999999999909,1.507
"paraboloid-disk-rep2-n240-r16","ambient",32,1.21299999999999,0.0139999999999816,1.64400000000001
"paraboloid-disk-rep2-n240-r16","ambient",4,0.599999999999994,0.01400000000001,2.06999999999999
"paraboloid-disk-rep2-n240-r16","ambient",64,2.066,0.0159999999999911,1.393
"paraboloid-disk-rep2-n240-r16","ambient",8,0.615000000000009,0.01400000000001,2.12899999999999
"paraboloid-disk-rep2-n240-r16","geodesic",128,3.848,0.0150000000000006,1.408
"paraboloid-disk-rep2-n240-r16","geodesic",16,0.796000000000001,0.0129999999999999,1.339
"paraboloid-disk-rep2-n240-r16","geodesic",239,6.04400000000001,0.0150000000000006,1.47799999999999
"paraboloid-disk-rep2-n240-r16","geodesic",32,1.221,0.0130000000000017,1.284
"paraboloid-disk-rep2-n240-r16","geodesic",4,0.649,0.0139999999999998,2.675
"paraboloid-disk-rep2-n240-r16","geodesic",64,2.108,0.0139999999999993,1.288
"paraboloid-disk-rep2-n240-r16","geodesic",8,0.611,0.0140000000000002,2.265
"paraboloid-disk-rep2-n240-r2","ambient",128,3.98999999999998,0.0130000000000052,0.438000000000017
"paraboloid-disk-rep2-n240-r2","ambient",16,0.817000000000007,0.0139999999999816,0.417000000000002
"paraboloid-disk-rep2-n240-r2","ambient",239,6.12699999999998,0.0099999999999909,0.341000000000008
"paraboloid-disk-rep2-n240-r2","ambient",32,1.29400000000001,0.01400000000001,0.420999999999992
"paraboloid-disk-rep2-n240-r2","ambient",4,0.525000000000006,0.0139999999999816,0.51400000000001
"paraboloid-disk-rep2-n240-r2","ambient",64,2.23200000000003,0.0149999999999864,0.346000000000004
"paraboloid-disk-rep2-n240-r2","ambient",8,0.707999999999998,0.0229999999999961,0.603000000000009
"paraboloid-disk-rep2-n240-r2","geodesic",128,4.059,0.0140000000000029,0.341999999999999
"paraboloid-disk-rep2-n240-r2","geodesic",16,0.813000000000001,0.0129999999999999,0.428000000000001
"paraboloid-disk-rep2-n240-r2","geodesic",239,6.07899999999999,0.0160000000000053,0.35199999999999
"paraboloid-disk-rep2-n240-r2","geodesic",32,1.223,0.0129999999999999,0.428000000000001
"paraboloid-disk-rep2-n240-r2","geodesic",4,0.64,0.0150000000000001,1.613
"paraboloid-disk-rep2-n240-r2","geodesic",64,2.126,0.0140000000000029,0.428000000000001
"paraboloid-disk-rep2-n240-r2","geodesic",8,0.624,0.0129999999999999,0.37
"paraboloid-disk-rep2-n240-r32","ambient",128,3.946,0.0130000000000052,1.80600000000001
"paraboloid-disk-rep2-n240-r32","ambient",16,0.829000000000008,0.0150000000000148,2.70000000000002
"paraboloid-disk-rep2-n240-r32","ambient",239,6.15000000000001,0.0110000000000241,1.87200000000001
"paraboloid-disk-rep2-n240-r32","ambient",32,1.22,0.0139999999999816,1.672
"paraboloid-disk-rep2-n240-r32","ambient",4,0.591999999999985,0.0149999999999864,2.816
"paraboloid-disk-rep2-n240-r32","ambient",64,2.08500000000001,0.01400000000001,1.70599999999999
"paraboloid-disk-rep2-n240-r32","ambient",8,0.642000000000024,0.01400000000001,2.518
"paraboloid-disk-rep2-n240-r32","geodesic",128,3.977,0.0139999999999958,2.249
"paraboloid-disk-rep2-n240-r32","geodesic",16,0.827,0.0129999999999999,2.464
"paraboloid-disk-rep2-n240-r32","geodesic",239,6.18900000000001,0.01400000000001,2.30500000000001
"paraboloid-disk-rep2-n240-r32","geodesic",32,1.285,0.0150000000000006,1.825
"paraboloid-disk-rep2-n240-r32","geodesic",4,0.68,0.0139999999999998,3.713
"paraboloid-disk-rep2-n240-r32","geodesic",64,2.017,0.0140000000000029,1.747
"paraboloid-disk-rep2-n240-r32","geodesic",8,0.635,0.0129999999999999,2.459
"paraboloid-disk-rep2-n240-r4","ambient",128,4.28899999999999,0.01400000000001,0.478000000000009
"paraboloid-disk-rep2-n240-r4","ambient",16,0.837999999999994,0.0139999999999816,0.459000000000003
"paraboloid-disk-rep2-n240-r4","ambient",239,6.08000000000001,0.0100000000000193,0.390999999999991
"paraboloid-disk-rep2-n240-r4","ambient",32,1.21699999999998,0.01400000000001,0.429000000000002
"paraboloid-disk-rep2-n240-r4","ambient",4,0.586000000000013,0.0159999999999911,0.548000000000002
"paraboloid-disk-rep2-n240-r4","ambient",64,2.13900000000001,0.0139999999999816,0.359000000000009
"paraboloid-disk-rep2-n240-r4","ambient",8,0.602000000000004,0.0130000000000052,0.393000000000001
"paraboloid-disk-rep2-n240-r4","geodesic",128,3.95,0.0150000000000006,0.345999999999997
"paraboloid-disk-rep2-n240-r4","geodesic",16,0.802,0.0139999999999993,0.428000000000001
"paraboloid-disk-rep2-n240-r4","geodesic",239,6.09999999999999,0.0150000000000006,0.437999999999988
"paraboloid-disk-rep2-n240-r4","geodesic",32,1.215,0.0129999999999999,0.364000000000001
"paraboloid-disk-rep2-n240-r4","geodesic",4,0.649,0.0140000000000002,1.614
"paraboloid-disk-rep2-n240-r4","geodesic",64,2.133,0.0129999999999981,0.338999999999999
"paraboloid-disk-rep2-n240-r4","geodesic",8,0.594,0.0129999999999999,0.398000000000001
"paraboloid-disk-rep2-n240-r64","ambient",128,4.095,0.0149999999999864,1.48699999999999
"paraboloid-disk-rep2-n240-r64","ambient",16,0.828000000000003,0.0150000000000148,1.56399999999999
"paraboloid-disk-rep2-n240-r64","ambient",239,7.053,0.0100000000000477,1.51400000000001
"paraboloid-disk-rep2-n240-r64","ambient",32,1.208,0.01400000000001,1.32599999999999
"paraboloid-disk-rep2-n240-r64","ambient",4,0.64500000000001,0.0139999999999816,2.02000000000001
"paraboloid-disk-rep2-n240-r64","ambient",64,2.07299999999998,0.0150000000000148,1.309
"paraboloid-disk-rep2-n240-r64","ambient",8,0.653999999999996,0.01400000000001,1.499
"paraboloid-disk-rep2-n240-r64","geodesic",128,3.81,0.0140000000000029,1.737
"paraboloid-disk-rep2-n240-r64","geodesic",16,0.836,0.0139999999999993,2.203
"paraboloid-disk-rep2-n240-r64","geodesic",239,6.111,0.0150000000000006,1.735
"paraboloid-disk-rep2-n240-r64","geodesic",32,1.203,0.0130000000000017,1.626
"paraboloid-disk-rep2-n240-r64","geodesic",4,0.749,0.0149999999999997,3.29
"paraboloid-disk-rep2-n240-r64","geodesic",64,2.071,0.0129999999999981,1.713
"paraboloid-disk-rep2-n240-r64","geodesic",8,0.651000000000001,0.0140000000000011,2.062
"paraboloid-disk-rep2-n240-r8","ambient",128,4.04500000000002,0.0129999999999768,0.823000000000008
"paraboloid-disk-rep2-n240-r8","ambient",16,0.810000000000002,0.0129999999999768,0.615000000000009
"paraboloid-disk-rep2-n240-r8","ambient",239,6.18299999999999,0.0109999999999957,0.811999999999983
"paraboloid-disk-rep2-n240-r8","ambient",32,1.27599999999998,0.0150000000000148,0.606999999999999
"paraboloid-disk-rep2-n240-r8","ambient",4,0.525999999999982,0.0139999999999816,1.08800000000002
"paraboloid-disk-rep2-n240-r8","ambient",64,2.12599999999998,0.01400000000001,0.650999999999982
"paraboloid-disk-rep2-n240-r8","ambient",8,0.672000000000025,0.0129999999999768,0.817000000000007
"paraboloid-disk-rep2-n240-r8","geodesic",128,4.076,0.0140000000000029,0.579999999999998
"paraboloid-disk-rep2-n240-r8","geodesic",16,0.803000000000001,0.0139999999999993,0.611999999999998
"paraboloid-disk-rep2-n240-r8","geodesic",239,6.863,0.0160000000000053,0.63600000000001
"paraboloid-disk-rep2-n240-r8","geodesic",32,1.246,0.0139999999999993,0.617999999999999
"paraboloid-disk-rep2-n240-r8","geodesic",4,0.626,0.0150000000000001,1.93
"paraboloid-disk-rep2-n240-r8","geodesic",64,2.166,0.0130000000000017,0.614000000000001
"paraboloid-disk-rep2-n240-r8","geodesic",8,0.616,0.0140000000000002,0.926
"paraboloid-disk-rep3-n240-r1","ambient",128,4.37900000000002,0.0129999999999768,0.742999999999995
"paraboloid-disk-rep3-n240-r1","ambient",16,0.818000000000012,0.0130000000000052,0.681000000000012
"paraboloid-disk-rep3-n240-r1","ambient",239,7.52100000000002,0.0159999999999911,0.649000000000001
"paraboloid-disk-rep3-n240-r1","ambient",32,1.261,0.0130000000000052,0.686000000000007
"paraboloid-disk-rep3-n240-r1","ambient",4,0.530000000000001,0.0120000000000005,0.963000000000022
"paraboloid-disk-rep3-n240-r1","ambient",64,2.22999999999999,0.0130000000000052,0.703000000000003
"paraboloid-disk-rep3-n240-r1","ambient",8,0.59699999999998,0.0130000000000052,0.847999999999985
"paraboloid-disk-rep3-n240-r1","geodesic",128,3.873,0.0129999999999981,0.741999999999997
"paraboloid-disk-rep3-n240-r1","geodesic",16,0.846,0.0120000000000005,0.698
"paraboloid-disk-rep3-n240-r1","geodesic",239,6.047,0.0130000000000052,0.688000000000002
"paraboloid-disk-rep3-n240-r1","geodesic",32,1.311,0.0130000000000017,0.687999999999999
"paraboloid-disk-rep3-n240-r1","geodesic",4,0.63,0.0140000000000002,1.999
"paraboloid-disk-rep3-n240-r1","geodesic",64,2.193,0.0139999999999993,0.731000000000002
"paraboloid-disk-rep3-n240-r1","geodesic",8,0.606,0.0129999999999999,0.756
"paraboloid-disk-rep3-n240-r16","ambient",128,4.05800000000002,0.0150000000000148,1.255
"paraboloid-disk-rep3-n240-r16","ambient",16,0.907000000000011,0.0160000000000196,1.541
"paraboloid-disk-rep3-n240-r16","ambient",239,6.55900000000003,0.0099999999999909,1.17899999999997
"paraboloid-disk-rep3-n240-r16","ambient",32,1.333,0.0159999999999911,1.00800000000001
"paraboloid-disk-rep3-n240-r16","ambient",4,0.600000000000023,0.0159999999999911,2.12
"paraboloid-disk-rep3-n240-r16","ambient",64,2.38,0.0159999999999911,1.006
"paraboloid-disk-rep3-n240-r16","ambient",8,0.664999999999992,0.0159999999999911,2.131
"paraboloid-disk-rep3-n240-r16","geodesic",128,4.4,0.0160000000000053,0.881
"paraboloid-disk-rep3-n240-r16","geodesic",16,0.869999999999999,0.0139999999999993,1.031
"paraboloid-disk-rep3-n240-r16","geodesic",239,6.637,0.0240000000000009,0.870999999999995
"paraboloid-disk-rep3-n240-r16","geodesic",32,1.219,0.0130000000000017,0.807000000000002
"paraboloid-disk-rep3-n240-r16","geodesic",4,0.633,0.0150000000000001,2.59
"paraboloid-disk-rep3-n240-r16","geodesic",64,2.348,0.0150000000000006,0.966000000000001
"paraboloid-disk-rep3-n240-r16","geodesic",8,0.617,0.0150000000000006,1.492
"paraboloid-disk-rep3-n240-r2","ambient",128,4.48099999999999,0.0149999999999864,0.507000000000005
"paraboloid-disk-rep3-n240-r2","ambient",16,0.818000000000012,0.0130000000000052,0.365000000000009
"paraboloid-disk-rep3-n240-r2","ambient",239,6.81,0.0120000000000005,0.433999999999997
"paraboloid-disk-rep3-n240-r2","ambient",32,1.273,0.0139999999999816,0.497000000000014
"paraboloid-disk-rep3-n240-r2","ambient",4,0.526999999999987,0.0139999999999816,1.94399999999999
"paraboloid-disk-rep3-n240-r2","ambient",64,2.358,0.01400000000001,0.340000000000003
"paraboloid-disk-rep3-n240-r2","ambient",8,0.625,0.01400000000001,0.412999999999982
"paraboloid-disk-rep3-n240-r2","geodesic",128,4.092,0.0130000000000052,0.356999999999999
"paraboloid-disk-rep3-n240-r2","geodesic",16,0.832000000000001,0.0129999999999999,0.334
"paraboloid-disk-rep3-n240-r2","geodesic",239,6.101,0.0130000000000052,0.346999999999994
"paraboloid-disk-rep3-n240-r2","geodesic",32,1.256,0.0129999999999981,0.462
"paraboloid-disk-rep3-n240-r2","geodesic",4,0.657,0.016,2.97
"paraboloid-disk-rep3-n240-r2","geodesic",64,2.171,0.0120000000000005,0.432000000000002
"paraboloid-disk-rep3-n240-r2","geodesic",8,0.61,0.0139999999999993,0.432
"paraboloid-disk-rep3-n240-r32","ambient",128,4.30799999999999,0.0160000000000196,1.95699999999999
"paraboloid-disk-rep3-n240-r32","ambient",16,0.925000000000011,0.0149999999999864,2.018
"paraboloid-disk-rep3-n240-r32","ambient",239,6.84500000000003,0.0120000000000005,2.096
"paraboloid-disk-rep3-n240-r32","ambient",32,1.28900000000002,0.0159999999999911,1.642
"paraboloid-disk-rep3-n240-r32","ambient",4,0.643999999999977,0.0160000000000196,3.458
"paraboloid-disk-rep3-n240-r32","ambient",64,2.17100000000002,0.0149999999999864,1.70400000000001
"paraboloid-disk-rep3-n240-r32","ambient",8,0.685000000000002,0.0160000000000196,3.084
"paraboloid-disk-rep3-n240-r32","geodesic",128,4.35899999999999,0.0160000000000053,1.467
"paraboloid-disk-rep3-n240-r32","geodesic",16,0.901,0.0150000000000006,2.568
"paraboloid-disk-rep3-n240-r32","geodesic",239,6.548,0.0170000000000101,1.53100000000001
"paraboloid-disk-rep3-n240-r32","geodesic",32,1.323,0.0160000000000018,2.018
"paraboloid-disk-rep3-n240-r32","geodesic",4,1.122,0.0179999999999998,7.039
"paraboloid-disk-rep3-n240-r32","geodesic",64,2.239,0.0160000000000053,1.519
"paraboloid-disk-rep3-n240-r32","geodesic",8,0.757,0.0199999999999996,3.616
"paraboloid-disk-rep3-n240-r4","ambient",128,4.48400000000001,0.0160000000000196,0.391999999999996
"paraboloid-disk-rep3-n240-r4","ambient",16,0.903999999999996,0.0160000000000196,0.451000000000022
"paraboloid-disk-rep3-n240-r4","ambient",239,6.94200000000001,0.0120000000000005,0.384000000000015
"paraboloid-disk-rep3-n240-r4","ambient",32,1.41399999999999,0.0159999999999911,0.449000000000012
"paraboloid-disk-rep3-n240-r4","ambient",4,0.588000000000022,0.0160000000000196,0.655000000000001
"paraboloid-disk-rep3-n240-r4","ambient",64,2.31,0.0150000000000148,0.448999999999984
"paraboloid-disk-rep3-n240-r4","ambient",8,0.691000000000003,0.0159999999999911,0.405000000000001
"paraboloid-disk-rep3-n240-r4","geodesic",128,3.936,0.0150000000000006,0.327000000000005
"paraboloid-disk-rep3-n240-r4","geodesic",16,0.794,0.0139999999999993,0.408
"paraboloid-disk-rep3-n240-r4","geodesic",239,6.07400000000001,0.0150000000000006,0.320999999999998
"paraboloid-disk-rep3-n240-r4","geodesic",32,1.238,0.0140000000000011,0.331999999999999
"paraboloid-disk-rep3-n240-r4","geodesic",4,0.622,0.0150000000000001,1.572
"paraboloid-disk-rep3-n240-r4","geodesic",64,2.202,0.0139999999999993,0.326
"paraboloid-disk-rep3-n240-r4","geodesic",8,0.602,0.0129999999999999,0.343999999999999
"paraboloid-disk-rep3-n240-r64","ambient",128,4.249,0.0160000000000196,1.41399999999999
"paraboloid-disk-rep3-n240-r64","ambient",16,0.914999999999992,0.0159999999999911,1.94800000000001
"paraboloid-disk-rep3-n240-r64","ambient",239,6.96699999999998,0.0109999999999673,1.416
"paraboloid-disk-rep3-n240-r64","ambient",32,1.334,0.0149999999999864,1.62199999999999
"paraboloid-disk-rep3-n240-r64","ambient",4,0.711999999999989,0.0160000000000196,3.20099999999999
"paraboloid-disk-rep3-n240-r64","ambient",64,2.256,0.0159999999999911,1.536
"paraboloid-disk-rep3-n240-r64","ambient",8,0.723000000000013,0.0160000000000196,2.21000000000001
"paraboloid-disk-rep3-n240-r64","geodesic",128,4.333,0.0150000000000006,2.214
"paraboloid-disk-rep3-n240-r64","geodesic",16,0.916,0.0160000000000018,1.917
"paraboloid-disk-rep3-n240-r64","geodesic",239,6.524,0.0170000000000101,2.248
"paraboloid-disk-rep3-n240-r64","geodesic",32,1.408,0.0200000000000031,2.353
"paraboloid-disk-rep3-n240-r64","geodesic",4,1.257,0.024,5.301
"paraboloid-disk-rep3-n240-r64","geodesic",64,2.323,0.017000000000003,2.309
"paraboloid-disk-rep3-n240-r64","geodesic",8,0.747,0.0150000000000006,2.172
"paraboloid-disk-rep3-n240-r8","ambient",128,4.44999999999999,0.0150000000000148,0.713999999999999
"paraboloid-disk-rep3-n240-r8","ambient",16,0.905000000000001,0.0160000000000196,0.596000000000004
"paraboloid-disk-rep3-n240-r8","ambient",239,6.71299999999999,0.0120000000000005,0.668000000000006
"paraboloid-disk-rep3-n240-r8","ambient",32,1.41499999999999,0.0159999999999911,0.590000000000003
"paraboloid-disk-rep3-n240-r8","ambient",4,0.594000000000023,0.0169999999999959,0.962999999999994
"paraboloid-disk-rep3-n240-r8","ambient",64,2.29300000000001,0.0159999999999911,0.626000000000005
"paraboloid-disk-rep3-n240-r8","ambient",8,0.682999999999993,0.0159999999999911,0.77600000000001
"paraboloid-disk-rep3-n240-r8","geodesic",128,3.956,0.0150000000000006,0.549000000000007
"paraboloid-disk-rep3-n240-r8","geodesic",16,0.784000000000001,0.0140000000000011,0.52
"paraboloid-disk-rep3-n240-r8","geodesic",239,7.55199999999999,0.019999999999996,0.566999999999993
"paraboloid-disk-rep3-n240-r8","geodesic",32,1.224,0.0129999999999981,0.504999999999999
"paraboloid-disk-rep3-n240-r8","geodesic",4,0.63,0.016,1.896
"paraboloid-disk-rep3-n240-r8","geodesic",64,2.174,0.0129999999999981,0.449999999999999
"paraboloid-disk-rep3-n240-r8","geodesic",8,0.613,0.0140000000000002,0.640000000000001
"paraboloid-surface_area-rep1-n240-r1","ambient",128,4.368,0.0150000000000006,0.682999999999993
"paraboloid-surface_area-rep1-n240-r1","ambient",16,0.896000000000001,0.0160000000000053,0.688000000000002
"paraboloid-surface_area-rep1-n240-r1","ambient",239,6.157,0.0100000000000051,0.521999999999991
"paraboloid-surface_area-rep1-n240-r1","ambient",32,1.214,0.01400000000001,0.637
"paraboloid-surface_area-rep1-n240-r1","ambient",4,0.506,0.0139999999999958,0.977999999999994
"paraboloid-surface_area-rep1-n240-r1","ambient",64,2.32900000000001,0.0159999999999911,0.688000000000002
"paraboloid-surface_area-rep1-n240-r1","ambient",8,0.673999999999992,0.0159999999999911,0.659999999999997
"paraboloid-surface_area-rep1-n240-r1","geodesic",128,4.43,0.0169999999999959,0.714999999999996
"paraboloid-surface_area-rep1-n240-r1","geodesic",16,0.895,0.016,0.732000000000001
"paraboloid-surface_area-rep1-n240-r1","geodesic",239,6.153,0.0160000000000018,0.684999999999999
"paraboloid-surface_area-rep1-n240-r1","geodesic",32,1.298,0.0139999999999993,0.707
"paraboloid-surface_area-rep1-n240-r1","geodesic",4,0.65,0.0150000000000001,3.179
"paraboloid-surface_area-rep1-n240-r1","geodesic",64,2.326,0.0170000000000012,0.736999999999998
"paraboloid-surface_area-rep1-n240-r1","geodesic",8,0.898,0.0209999999999999,3.259
"paraboloid-surface_area-rep1-n240-r16","ambient",128,4.387,0.0149999999999864,3.46700000000001
"paraboloid-surface_area-rep1-n240-r16","ambient",16,0.894000000000005,0.0159999999999911,1.80800000000002
"paraboloid-surface_area-rep1-n240-r16","ambient",239,6.77000000000004,0.0120000000000005,2.90100000000001
"paraboloid-surface_area-rep1-n240-r16","ambient",32,1.48499999999999,0.0159999999999911,1.65099999999998
"paraboloid-surface_area-rep1-n240-r16","ambient",4,0.60499999999999,0.0159999999999911,1.59799999999998
"paraboloid-surface_area-rep1-n240-r16","ambient",64,2.33600000000001,0.0149999999999864,2.23699999999999
"paraboloid-surface_area-rep1-n240-r16","ambient",8,0.682999999999993,0.0150000000000148,1.43100000000001
"paraboloid-surface_area-rep1-n240-r16","geodesic",128,4.442,0.0150000000000006,1.53
"paraboloid-surface_area-rep1-n240-r16","geodesic",16,0.873000000000001,0.0149999999999988,2.106
"paraboloid-surface_area-rep1-n240-r16","geodesic",239,7.074,0.0170000000000101,1.577
"paraboloid-surface_area-rep1-n240-r16","geodesic",32,1.328,0.0150000000000006,1.719
"paraboloid-surface_area-rep1-n240-r16","geodesic",4,0.709,0.0150000000000001,3.39
"paraboloid-surface_area-rep1-n240-r16","geodesic",64,2.296,0.0150000000000006,1.665
"paraboloid-surface_area-rep1-n240-r16","geodesic",8,0.672000000000001,0.0149999999999988,2.297
"paraboloid-surface_area-rep1-n240-r2","ambient",128,4.22200000000001,0.0160000000000196,0.500999999999976
"paraboloid-surface_area-rep1-n240-r2","ambient",16,0.895999999999987,0.0149999999999864,0.504000000000019
"paraboloid-surface_area-rep1-n240-r2","ambient",239,6.63300000000001,0.0120000000000005,0.431000000000012
"paraboloid-surface_area-rep1-n240-r2","ambient",32,1.358,0.0149999999999864,0.52000000000001
"paraboloid-surface_area-rep1-n240-r2","ambient",4,0.581999999999994,0.0150000000000148,0.628000000000014
"paraboloid-surface_area-rep1-n240-r2","ambient",64,2.30500000000001,0.0149999999999864,0.481999999999999
"paraboloid-surface_area-rep1-n240-r2","ambient",8,0.635999999999996,0.0150000000000148,0.461999999999989
"paraboloid-surface_area-rep1-n240-r2","geodesic",128,4.27200000000001,0.017000000000003,0.502000000000002
"paraboloid-surface_area-rep1-n240-r2","geodesic",16,0.876,0.0150000000000006,0.479000000000001
"paraboloid-surface_area-rep1-n240-r2","geodesic",239,6.66200000000001,0.0169999999999959,0.5
"paraboloid-surface_area-rep1-n240-r2","geodesic",32,1.382,0.0159999999999982,0.538
"paraboloid-surface_area-rep1-n240-r2","geodesic",4,0.702,0.0170000000000003,1.759
"paraboloid-surface_area-rep1-n240-r2","geodesic",64,2.253,0.0150000000000006,0.568999999999999
"paraboloid-surface_area-rep1-n240-r2","geodesic",8,0.689,0.0149999999999997,0.581
"paraboloid-surface_area-rep1-n240-r32","ambient",128,4.92099999999999,0.0279999999999916,2.02599999999998
"paraboloid-surface_area-rep1-n240-r32","ambient",16,1.01599999999999,0.0150000000000148,2.02700000000002
"paraboloid-surface_area-rep1-n240-r32","ambient",239,6.88799999999998,0.0120000000000005,1.82799999999997
"paraboloid-surface_area-rep1-n240-r32","ambient",32,1.41399999999999,0.0180000000000007,2.03899999999999
"paraboloid-surface_area-rep1-n240-r32","ambient",4,0.667000000000002,0.0169999999999959,4.03
"paraboloid-surface_area-rep1-n240-r32","ambient",64,2.62800000000001,0.0160000000000196,2.18400000000003
"paraboloid-surface_area-rep1-n240-r32","ambient",8,0.710999999999984,0.0149999999999864,1.84200000000001
"paraboloid-surface_area-rep1-n240-r32","geodesic",128,4.579,0.0150000000000006,2.096
"paraboloid-surface_area-rep1-n240-r32","geodesic",16,1.007,0.016,2.473
"paraboloid-surface_area-rep1-n240-r32","geodesic",239,6.923,0.0169999999999959,1.93900000000001
"paraboloid-surface_area-rep1-n240-r32","geodesic",32,1.333,0.0150000000000006,2.299
"paraboloid-surface_area-rep1-n240-r32","geodesic",4,0.774,0.0179999999999998,3.51
"paraboloid-surface_area-rep1-n240-r32","geodesic",64,2.321,0.0150000000000006,1.965
"paraboloid-surface_area-rep1-n240-r32","geodesic",8,0.687000000000001,0.0150000000000006,1.592
"paraboloid-surface_area-rep1-n240-r4","ambient",128,4.642,0.0149999999999864,0.5
"paraboloid-surface_area-rep1-n240-r4","ambient",16,0.924000000000007,0.018999999999977,0.35499999999999
"paraboloid-surface_area-rep1-n240-r4","ambient",239,7.16500000000002,0.0120000000000005,0.668000000000006
"paraboloid-surface_area-rep1-n240-r4","ambient",32,1.37299999999999,0.0150000000000148,0.481999999999999
"paraboloid-surface_area-rep1-n240-r4","ambient",4,0.568000000000012,0.0169999999999959,1.935
"paraboloid-surface_area-rep1-n240-r4","ambient",64,2.423,0.0209999999999866,0.396999999999991
"paraboloid-surface_area-rep1-n240-r4","ambient",8,0.685000000000002,0.0149999999999864,0.449000000000012
"paraboloid-surface_area-rep1-n240-r4","geodesic",128,4.538,0.017000000000003,0.362000000000002
"paraboloid-surface_area-rep1-n240-r4","geodesic",16,0.885999999999999,0.0140000000000011,0.35
"paraboloid-surface_area-rep1-n240-r4","geodesic",239,7.006,0.0180000000000007,0.353999999999999
"paraboloid-surface_area-rep1-n240-r4","geodesic",32,1.386,0.0169999999999995,0.475999999999999
"paraboloid-surface_area-rep1-n240-r4","geodesic",4,0.691,0.016,3.342
"paraboloid-surface_area-rep1-n240-r4","geodesic",64,2.306,0.0160000000000018,0.448
"paraboloid-surface_area-rep1-n240-r4","geodesic",8,0.734,0.0190000000000001,0.529
"paraboloid-surface_area-rep1-n240-r64","ambient",128,4.51,0.0150000000000006,1.8
"paraboloid-surface_area-rep1-n240-r64","ambient",16,0.931000000000012,0.0159999999999911,1.81099999999999
"paraboloid-surface_area-rep1-n240-r64","ambient",239,5.88,0.0100000000000051,1.38500000000001
"paraboloid-surface_area-rep1-n240-r64","ambient",32,1.137,0.0130000000000052,1.596
"paraboloid-surface_area-rep1-n240-r64","ambient",4,0.593999999999994,0.0139999999999958,1.779
"paraboloid-surface_area-rep1-n240-r64","ambient",64,2.32000000000001,0.0159999999999911,1.82600000000001
"paraboloid-surface_area-rep1-n240-r64","ambient",8,0.733999999999995,0.0159999999999911,2.157
"paraboloid-surface_area-rep1-n240-r64","geodesic",128,4.544,0.0159999999999982,1.663
"paraboloid-surface_area-rep1-n240-r64","geodesic",16,0.928999999999999,0.016,1.847
"paraboloid-surface_area-rep1-n240-r64","geodesic",239,5.775,0.0139999999999993,1.541
"paraboloid-surface_area-rep1-n240-r64","geodesic",32,1.153,0.0129999999999999,1.767
"paraboloid-surface_area-rep1-n240-r64","geodesic",4,0.702,0.0139999999999998,3.036
"paraboloid-surface_area-rep1-n240-r64","geodesic",64,2.285,0.0150000000000006,1.823
"paraboloid-surface_area-rep1-n240-r64","geodesic",8,0.879,0.018,3.347
"paraboloid-surface_area-rep1-n240-r8","ambient",128,4.487,0.0150000000000006,0.843999999999994
"paraboloid-surface_area-rep1-n240-r8","ambient",16,0.885000000000005,0.0150000000000006,0.726000000000013
"paraboloid-surface_area-rep1-n240-r8","ambient",239,5.854,0.0109999999999957,0.768000000000001
"paraboloid-surface_area-rep1-n240-r8","ambient",32,1.16800000000001,0.0130000000000052,0.587999999999994
"paraboloid-surface_area-rep1-n240-r8","ambient",4,0.504999999999995,0.012999999999991,0.775999999999996
"paraboloid-surface_area-rep1-n240-r8","ambient",64,2.396,0.0149999999999864,0.793000000000006
"paraboloid-surface_area-rep1-n240-r8","ambient",8,0.683999999999997,0.0159999999999911,0.789000000000001
"paraboloid-surface_area-rep1-n240-r8","geodesic",128,4.38,0.0150000000000006,0.683
"paraboloid-surface_area-rep1-n240-r8","geodesic",16,0.94,0.0150000000000006,0.708
"paraboloid-surface_area-rep1-n240-r8","geodesic",239,5.846,0.0150000000000006,0.596
"paraboloid-surface_area-rep1-n240-r8","geodesic",32,1.174,0.0140000000000002,0.603000000000001
"paraboloid-surface_area-rep1-n240-r8","geodesic",4,0.628,0.013,1.766
"paraboloid-surface_area-rep1-n240-r8","geodesic",64,2.324,0.0150000000000006,0.682
"paraboloid-surface_area-rep1-n240-r8","geodesic",8,0.81,0.018,2.046
"paraboloid-surface_area-rep1-n480-r64","ambient",128,15.877,0.107000000000085,6.70799999999997
"paraboloid-surface_area-rep1-n480-r64","ambient",16,4.20100000000002,0.117999999999938,11.062
"paraboloid-surface_area-rep1-n480-r64","ambient",479,48.0630000000001,0.0890000000000555,6.20699999999999
"paraboloid-surface_area-rep1-n480-r64","ambient",64,9.65700000000004,0.115000000000009,7.25999999999999
"paraboloid-surface_area-rep1-n480-r64","ambient",8,3.72799999999995,0.103000000000065,9.07299999999998
"paraboloid-surface_area-rep1-n480-r64","geodesic",128,14.968,0.100000000000009,6.417
"paraboloid-surface_area-rep1-n480-r64","geodesic",16,4.232,0.251000000000001,10.889
"paraboloid-surface_area-rep1-n480-r64","geodesic",479,44.142,0.0980000000000132,6.47800000000001
"paraboloid-surface_area-rep1-n480-r64","geodesic",64,8.88,0.0959999999999965,7.14300000000001
"paraboloid-surface_area-rep1-n480-r64","geodesic",8,3.924,0.0969999999999995,9.617
"paraboloid-surface_area-rep2-n240-r1","ambient",128,4.59999999999999,0.0180000000000007,0.758999999999986
"paraboloid-surface_area-rep2-n240-r1","ambient",16,1.03,0.0149999999999864,0.733000000000004
"paraboloid-surface_area-rep2-n240-r1","ambient",239,8.02200000000002,0.0130000000000052,0.639999999999986
"paraboloid-surface_area-rep2-n240-r1","ambient",32,1.43600000000001,0.0149999999999864,0.711999999999989
"paraboloid-surface_area-rep2-n240-r1","ambient",4,0.593999999999994,0.0159999999999911,0.828000000000003
"paraboloid-surface_area-rep2-n240-r1","ambient",64,2.39100000000002,0.0150000000000148,0.73599999999999
"paraboloid-surface_area-rep2-n240-r1","ambient",8,0.71599999999998,0.0159999999999911,0.676000000000016
"paraboloid-surface_area-rep2-n240-r1","geodesic",128,4.52099999999999,0.017000000000003,0.703000000000003
"paraboloid-surface_area-rep2-n240-r1","geodesic",16,0.99,0.0140000000000011,0.66
"paraboloid-surface_area-rep2-n240-r1","geodesic",239,7.05499999999999,0.0170000000000101,0.709000000000003
"paraboloid-surface_area-rep2-n240-r1","geodesic",32,1.354,0.0150000000000006,0.677
"paraboloid-surface_area-rep2-n240-r1","geodesic",4,0.694,0.016,2.007
"paraboloid-surface_area-rep2-n240-r1","geodesic",64,2.362,0.0159999999999982,0.670000000000002
"paraboloid-surface_area-rep2-n240-r1","geodesic",8,0.67,0.0149999999999997,0.686
"paraboloid-surface_area-rep2-n240-r16","ambient",128,4.375,0.0150000000000148,1.51399999999998
"paraboloid-surface_area-rep2-n240-r16","ambient",16,0.906999999999982,0.0150000000000148,1.26300000000001
"paraboloid-surface_area-rep2-n240-r16","ambient",239,6.868,0.0110000000000241,2.245
"paraboloid-surface_area-rep2-n240-r16","ambient",32,1.38,0.0149999999999864,1.506
"paraboloid-surface_area-rep2-n240-r16","ambient",4,0.606999999999999,0.0150000000000148,2.29599999999999
"paraboloid-surface_area-rep2-n240-r16","ambient",64,2.398,0.0170000000000243,1.73099999999999
"paraboloid-surface_area-rep2-n240-r16","ambient",8,0.703000000000003,0.0159999999999911,1.482
"paraboloid-surface_area-rep2-n240-r16","geodesic",128,4.922,0.0159999999999911,1.544
"paraboloid-surface_area-rep2-n240-r16","geodesic",16,1.138,0.014999999999997,1.482
"paraboloid-surface_area-rep2-n240-r16","geodesic",239,6.937,0.0169999999999959,1.508
"paraboloid-surface_area-rep2-n240-r16","geodesic",32,1.515,0.0199999999999996,1.536
"paraboloid-surface_area-rep2-n240-r16","geodesic",4,0.841000000000001,0.0169999999999995,4.906
"paraboloid-surface_area-rep2-n240-r16","geodesic",64,2.67700000000001,0.0219999999999985,1.71
"paraboloid-surface_area-rep2-n240-r16","geodesic",8,0.728999999999999,0.0159999999999982,1.691
"paraboloid-surface_area-rep2-n240-r2","ambient",128,4.66300000000001,0.0240000000000009,0.390999999999991
"paraboloid-surface_area-rep2-n240-r2","ambient",16,1.02199999999999,0.0160000000000196,0.387
"paraboloid-surface_area-rep2-n240-r2","ambient",239,7.852,0.0109999999999957,0.363
"paraboloid-surface_area-rep2-n240-r2","ambient",32,1.36200000000002,0.0159999999999911,0.38900000000001
"paraboloid-surface_area-rep2-n240-r2","ambient",4,0.591000000000008,0.0159999999999911,0.65100000000001
"paraboloid-surface_area-rep2-n240-r2","ambient",64,2.28300000000002,0.0149999999999864,0.447000000000003
"paraboloid-surface_area-rep2-n240-r2","ambient",8,0.708999999999975,0.0149999999999864,0.496999999999986
"paraboloid-surface_area-rep2-n240-r2","geodesic",128,4.189,0.017000000000003,0.466000000000001
"paraboloid-surface_area-rep2-n240-r2","geodesic",16,1.012,0.0169999999999995,0.389000000000001
"paraboloid-surface_area-rep2-n240-r2","geodesic",239,6.773,0.0180000000000007,0.391999999999996
"paraboloid-surface_area-rep2-n240-r2","geodesic",32,1.43,0.0160000000000018,0.346
"paraboloid-surface_area-rep2-n240-r2","geodesic",4,0.696,0.0179999999999998,1.716
"paraboloid-surface_area-rep2-n240-r2","geodesic",64,2.677,0.0159999999999982,0.396000000000001
"paraboloid-surface_area-rep2-n240-r2","geodesic",8,0.689,0.016,0.353
"paraboloid-surface_area-rep2-n240-r32","ambient",128,5.20000000000005,0.0209999999999582,2.24899999999997
"paraboloid-surface_area-rep2-n240-r32","ambient",16,0.924000000000007,0.0159999999999911,2.37
"paraboloid-surface_area-rep2-n240-r32","ambient",239,7.43000000000001,0.0109999999999673,1.928
"paraboloid-surface_area-rep2-n240-r32","ambient",32,1.398,0.0150000000000148,2.315
"paraboloid-surface_area-rep2-n240-r32","ambient",4,0.669000000000011,0.0159999999999911,3.36399999999998
"paraboloid-surface_area-rep2-n240-r32","ambient",64,2.523,0.0170000000000243,2.715
"paraboloid-surface_area-rep2-n240-r32","ambient",8,0.700999999999993,0.0150000000000148,3.73600000000002
"paraboloid-surface_area-rep2-n240-r32","geodesic",128,4.73,0.0159999999999911,2.10899999999999
"paraboloid-surface_area-rep2-n240-r32","geodesic",16,0.963999999999999,0.0180000000000007,2.45
"paraboloid-surface_area-rep2-n240-r32","geodesic",239,7.04000000000001,0.0169999999999959,2.02799999999999
"paraboloid-surface_area-rep2-n240-r32","geodesic",32,1.403,0.0150000000000006,2.494
"paraboloid-surface_area-rep2-n240-r32","geodesic",4,0.902,0.0209999999999999,5.884
"paraboloid-surface_area-rep2-n240-r32","geodesic",64,2.441,0.0159999999999982,2.346
"paraboloid-surface_area-rep2-n240-r32","geodesic",8,0.795,0.0169999999999995,3.946
"paraboloid-surface_area-rep2-n240-r4","ambient",128,4.679,0.0160000000000196,0.453000000000003
"paraboloid-surface_area-rep2-n240-r4","ambient",16,1.011,0.0200000000000102,0.52200000000002
"paraboloid-surface_area-rep2-n240-r4","ambient",239,6.763,0.0120000000000005,0.40900000000002
"paraboloid-surface_area-rep2-n240-r4","ambient",32,1.636,0.018999999999977,0.496999999999986
"paraboloid-surface_area-rep2-n240-r4","ambient",4,0.631,0.0169999999999959,0.504999999999995
"paraboloid-surface_area-rep2-n240-r4","ambient",64,2.45099999999999,0.0149999999999864,0.395999999999987
"paraboloid-surface_area-rep2-n240-r4","ambient",8,0.688000000000017,0.0169999999999959,0.40300000000002
"paraboloid-surface_area-rep2-n240-r4","geodesic",128,4.386,0.017000000000003,0.363
"paraboloid-surface_area-rep2-n240-r4","geodesic",16,0.921999999999999,0.016,0.350999999999999
"paraboloid-surface_area-rep2-n240-r4","geodesic",239,7.30300000000001,0.0169999999999959,0.379999999999995
"paraboloid-surface_area-rep2-n240-r4","geodesic",32,1.372,0.0150000000000006,0.43
"paraboloid-surface_area-rep2-n240-r4","geodesic",4,0.703,0.0170000000000003,1.587
"paraboloid-surface_area-rep2-n240-r4","geodesic",64,2.3,0.0160000000000018,0.465
"paraboloid-surface_area-rep2-n240-r4","geodesic",8,0.758,0.016,0.376
"paraboloid-surface_area-rep2-n240-r64","ambient",128,5.00799999999998,0.01400000000001,1.86000000000001
"paraboloid-surface_area-rep2-n240-r64","ambient",16,0.938999999999993,0.0159999999999911,1.94999999999999
"paraboloid-surface_area-rep2-n240-r64","ambient",239,6.82599999999996,0.0109999999999673,1.63499999999999
"paraboloid-surface_area-rep2-n240-r64","ambient",32,1.58800000000002,0.0209999999999866,2.06700000000001
"paraboloid-surface_area-rep2-n240-r64","ambient",4,0.681999999999988,0.0160000000000196,2.68899999999999
"paraboloid-surface_area-rep2-n240-r64","ambient",64,2.52200000000002,0.0159999999999911,1.863
"paraboloid-surface_area-rep2-n240-r64","ambient",8,0.740999999999985,0.0159999999999911,2.34900000000002
"paraboloid-surface_area-rep2-n240-r64","geodesic",128,4.375,0.0159999999999911,2.499
"paraboloid-surface_area-rep2-n240-r64","geodesic",16,0.920000000000002,0.0160000000000018,2.54
"paraboloid-surface_area-rep2-n240-r64","geodesic",239,7.17100000000001,0.0159999999999911,2.666
"paraboloid-surface_area-rep2-n240-r64","geodesic",32,1.341,0.0160000000000018,2.699
"paraboloid-surface_area-rep2-n240-r64","geodesic",4,0.879,0.0169999999999995,3.927
"paraboloid-surface_area-rep2-n240-r64","geodesic",64,2.315,0.0160000000000053,2.561
"paraboloid-surface_area-rep2-n240-r64","geodesic",8,0.735999999999999,0.016,2.182
"paraboloid-surface_area-rep2-n240-r8","ambient",128,4.63199999999998,0.0170000000000243,0.781000000000006
"paraboloid-surface_area-rep2-n240-r8","ambient",16,0.921999999999997,0.0159999999999911,0.674000000000007
"paraboloid-surface_area-rep2-n240-r8","ambient",239,6.79999999999998,0.0120000000000005,0.780000000000001
"paraboloid-surface_area-rep2-n240-r8","ambient",32,1.405,0.0150000000000148,0.675999999999988
"paraboloid-surface_area-rep2-n240-r8","ambient",4,0.594999999999999,0.0159999999999911,1.339
"paraboloid-surface_area-rep2-n240-r8","ambient",64,2.447,0.0160000000000196,0.767000000000024
"paraboloid-surface_area-rep2-n240-r8","ambient",8,0.692000000000007,0.0159999999999911,0.725999999999999
"paraboloid-surface_area-rep2-n240-r8","geodesic",128,4.71,0.0159999999999982,0.594000000000001
"paraboloid-surface_area-rep2-n240-r8","geodesic",16,1.077,0.0169999999999995,0.687000000000001
"paraboloid-surface_area-rep2-n240-r8","geodesic",239,7.978,0.0170000000000101,0.708999999999989
"paraboloid-surface_area-rep2-n240-r8","geodesic",32,1.422,0.0150000000000006,0.628999999999998
"paraboloid-surface_area-rep2-n240-r8","geodesic",4,0.726,0.016,2.352
"paraboloid-surface_area-rep2-n240-r8","geodesic",64,2.368,0.014999999999997,0.666
"paraboloid-surface_area-rep2-n240-r8","geodesic",8,0.691,0.016,0.83
"paraboloid-surface_area-rep3-n240-r1","ambient",128,4.892,0.0190000000000055,0.807999999999993
"paraboloid-surface_area-rep3-n240-r1","ambient",16,0.927000000000021,0.0159999999999911,0.725000000000023
"paraboloid-surface_area-rep3-n240-r1","ambient",239,7.22200000000001,0.0120000000000005,0.599999999999994
"paraboloid-surface_area-rep3-n240-r1","ambient",32,1.411,0.01400000000001,0.752999999999986
"paraboloid-surface_area-rep3-n240-r1","ambient",4,0.614999999999981,0.0159999999999911,0.935000000000002
"paraboloid-surface_area-rep3-n240-r1","ambient",64,2.477,0.0139999999999816,0.746000000000009
"paraboloid-surface_area-rep3-n240-r1","ambient",8,0.685000000000002,0.0150000000000148,0.75
"paraboloid-surface_area-rep3-n240-r1","geodesic",128,4.325,0.017000000000003,0.724000000000004
"paraboloid-surface_area-rep3-n240-r1","geodesic",16,0.94,0.0150000000000006,0.706000000000001
"paraboloid-surface_area-rep3-n240-r1","geodesic",239,7.33800000000001,0.0180000000000007,0.733000000000004
"paraboloid-surface_area-rep3-n240-r1","geodesic",32,1.375,0.0159999999999982,0.712999999999997
"paraboloid-surface_area-rep3-n240-r1","geodesic",4,0.764,0.0169999999999999,2.146
"paraboloid-surface_area-rep3-n240-r1","geodesic",64,2.418,0.0159999999999982,0.727
"paraboloid-surface_area-rep3-n240-r1","geodesic",8,0.678,0.016,0.791
"paraboloid-surface_area-rep3-n240-r16","ambient",128,4.41299999999998,0.0159999999999911,1.16799999999998
"paraboloid-surface_area-rep3-n240-r16","ambient",16,0.986000000000018,0.0160000000000196,1.34800000000001
"paraboloid-surface_area-rep3-n240-r16","ambient",239,6.113,0.0099999999999909,1.12700000000001
"paraboloid-surface_area-rep3-n240-r16","ambient",32,1.489,0.0160000000000196,1.06999999999999
"paraboloid-surface_area-rep3-n240-r16","ambient",4,0.593999999999994,0.0159999999999911,1.78199999999998
"paraboloid-surface_area-rep3-n240-r16","ambient",64,2.363,0.0150000000000148,1.27700000000002
"paraboloid-surface_area-rep3-n240-r16","ambient",8,0.706000000000017,0.0159999999999911,1.852
"paraboloid-surface_area-rep3-n240-r16","geodesic",128,4.487,0.0150000000000006,1.082
"paraboloid-surface_area-rep3-n240-r16","geodesic",16,0.956000000000003,0.0190000000000019,1.212
"paraboloid-surface_area-rep3-n240-r16","geodesic",239,6.886,0.0180000000000007,1.02799999999999
"paraboloid-surface_area-rep3-n240-r16","geodesic",32,1.433,0.0150000000000006,1.067
"paraboloid-surface_area-rep3-n240-r16","geodesic",4,0.807,0.0219999999999994,6.203
"paraboloid-surface_area-rep3-n240-r16","geodesic",64,2.327,0.0159999999999982,1.005
"paraboloid-surface_area-rep3-n240-r16","geodesic",8,0.888,0.016,1.922
"paraboloid-surface_area-rep3-n240-r2","ambient",128,5.02500000000001,0.0169999999999959,0.493000000000023
"paraboloid-surface_area-rep3-n240-r2","ambient",16,0.929000000000002,0.0149999999999864,0.47999999999999
"paraboloid-surface_area-rep3-n240-r2","ambient",239,7.52000000000001,0.0110000000000241,0.385000000000019
"paraboloid-surface_area-rep3-n240-r2","ambient",32,1.369,0.01400000000001,0.441000000000003
"paraboloid-surface_area-rep3-n240-r2","ambient",4,0.591999999999985,0.0169999999999959,0.574000000000012
"paraboloid-surface_area-rep3-n240-r2","ambient",64,2.46299999999999,0.0150000000000148,0.46599999999998
"paraboloid-surface_area-rep3-n240-r2","ambient",8,0.706999999999994,0.0149999999999864,0.381
"paraboloid-surface_area-rep3-n240-r2","geodesic",128,4.578,0.0159999999999982,0.362000000000002
"paraboloid-surface_area-rep3-n240-r2","geodesic",16,0.940999999999999,0.0150000000000006,0.365
"paraboloid-surface_area-rep3-n240-r2","geodesic",239,6.90600000000001,0.0150000000000006,0.356999999999999
"paraboloid-surface_area-rep3-n240-r2","geodesic",32,1.344,0.0139999999999993,0.424
"paraboloid-surface_area-rep3-n240-r2","geodesic",4,0.705,0.016,1.76
"paraboloid-surface_area-rep3-n240-r2","geodesic",64,2.433,0.0150000000000006,0.451
"paraboloid-surface_area-rep3-n240-r2","geodesic",8,0.677,0.0149999999999997,0.494
"paraboloid-surface_area-rep3-n240-r32","ambient",128,4.01000000000002,0.01400000000001,1.654
"paraboloid-surface_area-rep3-n240-r32","ambient",16,0.984000000000009,0.01400000000001,1.875
"paraboloid-surface_area-rep3-n240-r32","ambient",239,6.25799999999998,0.0099999999999909,1.79699999999997
"paraboloid-surface_area-rep3-n240-r32","ambient",32,1.30199999999999,0.01400000000001,1.71200000000002
"paraboloid-surface_area-rep3-n240-r32","ambient",4,0.619,0.0150000000000148,2.947
"paraboloid-surface_area-rep3-n240-r32","ambient",64,2.14200000000002,0.01400000000001,1.77699999999999
"paraboloid-surface_area-rep3-n240-r32","ambient",8,0.695999999999998,0.0159999999999911,2.21600000000001
"paraboloid-surface_area-rep3-n240-r32","geodesic",128,4.336,0.017000000000003,1.435
"paraboloid-surface_area-rep3-n240-r32","geodesic",16,0.885000000000002,0.0150000000000006,2.453
"paraboloid-surface_area-rep3-n240-r32","geodesic",239,6.82599999999999,0.0169999999999959,1.514
"paraboloid-surface_area-rep3-n240-r32","geodesic",32,1.347,0.0150000000000006,1.407
"paraboloid-surface_area-rep3-n240-r32","geodesic",4,0.785,0.0170000000000003,4.506
"paraboloid-surface_area-rep3-n240-r32","geodesic",64,2.291,0.0150000000000006,1.472
"paraboloid-surface_area-rep3-n240-r32","geodesic",8,0.717,0.016,3.275
"paraboloid-surface_area-rep3-n240-r4","ambient",128,4.36999999999998,0.0159999999999911,0.481999999999999
"paraboloid-surface_area-rep3-n240-r4","ambient",16,0.985000000000014,0.0159999999999911,0.35299999999998
"paraboloid-surface_area-rep3-n240-r4","ambient",239,7.191,0.0120000000000005,0.471000000000004
"paraboloid-surface_area-rep3-n240-r4","ambient",32,1.381,0.0149999999999864,0.455999999999989
"paraboloid-surface_area-rep3-n240-r4","ambient",4,0.576999999999998,0.0149999999999864,0.739000000000004
"paraboloid-surface_area-rep3-n240-r4","ambient",64,2.363,0.0150000000000148,0.427999999999997
"paraboloid-surface_area-rep3-n240-r4","ambient",8,0.679000000000002,0.0150000000000148,0.435999999999979
"paraboloid-surface_area-rep3-n240-r4","geodesic",128,4.54,0.0159999999999982,0.344000000000001
"paraboloid-surface_area-rep3-n240-r4","geodesic",16,0.904999999999999,0.016,0.436999999999999
"paraboloid-surface_area-rep3-n240-r4","geodesic",239,7.242,0.0190000000000055,0.481999999999999
"paraboloid-surface_area-rep3-n240-r4","geodesic",32,1.364,0.0160000000000018,0.351000000000003
"paraboloid-surface_area-rep3-n240-r4","geodesic",4,0.709,0.0169999999999999,1.786
"paraboloid-surface_area-rep3-n240-r4","geodesic",64,2.285,0.0150000000000006,0.431999999999999
"paraboloid-surface_area-rep3-n240-r4","geodesic",8,0.7,0.016,0.366000000000001
"paraboloid-surface_area-rep3-n240-r64","ambient",128,3.99699999999999,0.0150000000000148,1.62599999999998
"paraboloid-surface_area-rep3-n240-r64","ambient",16,0.855999999999995,0.0139999999999816,1.71899999999999
"paraboloid-surface_area-rep3-n240-r64","ambient",239,6.106,0.0099999999999909,1.58700000000005
"paraboloid-surface_area-rep3-n240-r64","ambient",32,1.32400000000001,0.01400000000001,1.66499999999999
"paraboloid-surface_area-rep3-n240-r64","ambient",4,0.639999999999986,0.0149999999999864,1.90099999999998
"paraboloid-surface_area-rep3-n240-r64","ambient",64,2.11699999999999,0.0130000000000052,1.84099999999998
"paraboloid-surface_area-rep3-n240-r64","ambient",8,0.670999999999992,0.0130000000000052,1.90299999999999
"paraboloid-surface_area-rep3-n240-r64","geodesic",128,4.401,0.0160000000000053,1.865
"paraboloid-surface_area-rep3-n240-r64","geodesic",16,0.922000000000001,0.016,2.466
"paraboloid-surface_area-rep3-n240-r64","geodesic",239,6.982,0.0180000000000007,1.87700000000001
"paraboloid-surface_area-rep3-n240-r64","geodesic",32,1.362,0.0160000000000018,1.905
"paraboloid-surface_area-rep3-n240-r64","geodesic",4,0.895,0.0170000000000003,3.426
"paraboloid-surface_area-rep3-n240-r64","geodesic",64,2.516,0.0180000000000007,2.189
"paraboloid-surface_area-rep3-n240-r64","geodesic",8,0.744000000000002,0.0169999999999995,2.198
"paraboloid-surface_area-rep3-n240-r8","ambient",128,4.72,0.0159999999999911,0.713999999999999
"paraboloid-surface_area-rep3-n240-r8","ambient",16,0.908999999999992,0.0150000000000148,0.649000000000001
"paraboloid-surface_area-rep3-n240-r8","ambient",239,6.851,0.0120000000000005,0.805999999999983
"paraboloid-surface_area-rep3-n240-r8","ambient",32,1.398,0.0150000000000148,0.700999999999993
"paraboloid-surface_area-rep3-n240-r8","ambient",4,0.61699999999999,0.0180000000000007,1.85499999999999
"paraboloid-surface_area-rep3-n240-r8","ambient",64,2.422,0.0150000000000148,0.710000000000008
"paraboloid-surface_area-rep3-n240-r8","ambient",8,0.756999999999977,0.0149999999999864,0.748999999999995
"paraboloid-surface_area-rep3-n240-r8","geodesic",128,4.385,0.0160000000000053,0.597999999999999
"paraboloid-surface_area-rep3-n240-r8","geodesic",16,1.018,0.0199999999999996,0.674
"paraboloid-surface_area-rep3-n240-r8","geodesic",239,6.85799999999999,0.0180000000000007,0.634
"paraboloid-surface_area-rep3-n240-r8","geodesic",32,1.522,0.017000000000003,0.681000000000001
"paraboloid-surface_area-rep3-n240-r8","geodesic",4,0.788,0.0190000000000001,5.587
"paraboloid-surface_area-rep3-n240-r8","geodesic",64,2.605,0.0180000000000007,0.669000000000004
"paraboloid-surface_area-rep3-n240-r8","geodesic",8,0.838000000000001,0.0170000000000012,0.842
"saddle-disk-rep1-n240-r1","ambient",128,4.866,0.0160000000000053,0.758999999999986
"saddle-disk-rep1-n240-r1","ambient",16,0.935000000000002,0.0150000000000006,1.209
"saddle-disk-rep1-n240-r1","ambient",239,5.86699999999999,0.0100000000000051,0.492000000000004
"saddle-disk-rep1-n240-r1","ambient",32,1.268,0.0130000000000052,0.941000000000003
"saddle-disk-rep1-n240-r1","ambient",4,0.501000000000005,0.0139999999999958,2.238
"saddle-disk-rep1-n240-r1","ambient",64,2.57300000000001,0.0149999999999864,1.062
"saddle-disk-rep1-n240-r1","ambient",8,0.692000000000007,0.0159999999999911,1.422
"saddle-disk-rep1-n240-r1","geodesic",128,4.811,0.017000000000003,1.137
"saddle-disk-rep1-n240-r1","geodesic",16,0.934,0.0170000000000003,1.218
"saddle-disk-rep1-n240-r1","geodesic",239,6.118,0.0169999999999995,0.960999999999999
"saddle-disk-rep1-n240-r1","geodesic",32,1.259,0.0140000000000002,0.973999999999999
"saddle-disk-rep1-n240-r1","geodesic",4,0.626,0.014,3.274
"saddle-disk-rep1-n240-r1","geodesic",64,2.537,0.0149999999999988,1.211
"saddle-disk-rep1-n240-r1","geodesic",8,0.828,0.018,2.679
"saddle-disk-rep1-n240-r16","ambient",128,4.80199999999999,0.0240000000000009,3.11500000000001
"saddle-disk-rep1-n240-r16","ambient",16,0.975999999999999,0.0180000000000007,3.322
"saddle-disk-rep1-n240-r16","ambient",239,7.69999999999999,0.0149999999999864,2.87100000000004
"saddle-disk-rep1-n240-r16","ambient",32,1.43800000000002,0.0199999999999818,2.95599999999999
"saddle-disk-rep1-n240-r16","ambient",4,0.671999999999997,0.0209999999999866,2.20699999999999
"saddle-disk-rep1-n240-r16","ambient",64,2.56700000000001,0.021000000000015,3.185
"saddle-disk-rep1-n240-r16","ambient",8,0.710000000000008,0.0159999999999911,2.61699999999999
"saddle-disk-rep1-n240-r16","geodesic",128,4.53,0.0139999999999958,0.640000000000001
"saddle-disk-rep1-n240-r16","geodesic",16,0.849,0.0139999999999993,0.620999999999999
"saddle-disk-rep1-n240-r16","geodesic",239,6.187,0.0169999999999959,0.622
"saddle-disk-rep1-n240-r16","geodesic",32,1.322,0.0140000000000029,0.623000000000001
"saddle-disk-rep1-n240-r16","geodesic",4,0.738,0.0150000000000001,1.667
"saddle-disk-rep1-n240-r16","geodesic",64,2.553,0.0130000000000017,0.657
"saddle-disk-rep1-n240-r16","geodesic",8,0.643,0.0140000000000002,0.634
"saddle-disk-rep1-n240-r2","ambient",128,4.471,0.01400000000001,0.620000000000005
"saddle-disk-rep1-n240-r2","ambient",16,0.906000000000006,0.0149999999999864,0.793999999999983
"saddle-disk-rep1-n240-r2","ambient",239,6.12299999999999,0.0099999999999909,0.687000000000012
"saddle-disk-rep1-n240-r2","ambient",32,1.34299999999999,0.01400000000001,0.711999999999989
"saddle-disk-rep1-n240-r2","ambient",4,0.545000000000016,0.0139999999999816,1.489
"saddle-disk-rep1-n240-r2","ambient",64,2.43000000000001,0.01400000000001,0.582999999999998
"saddle-disk-rep1-n240-r2","ambient",8,0.616000000000014,0.0149999999999864,1.095
"saddle-disk-rep1-n240-r2","geodesic",128,4.93300000000001,0.0180000000000007,0.913000000000011
"saddle-disk-rep1-n240-r2","geodesic",16,0.947000000000001,0.0149999999999988,0.902999999999999
"saddle-disk-rep1-n240-r2","geodesic",239,7.163,0.019999999999996,0.853999999999999
"saddle-disk-rep1-n240-r2","geodesic",32,1.492,0.0160000000000018,0.962
"saddle-disk-rep1-n240-r2","geodesic",4,0.759,0.0180000000000002,3.022
"saddle-disk-rep1-n240-r2","geodesic",64,2.707,0.0180000000000007,0.852000000000004
"saddle-disk-rep1-n240-r2","geodesic",8,0.712000000000002,0.016,1.22
"saddle-disk-rep1-n240-r32","ambient",128,5.32299999999998,0.0199999999999818,1.94500000000002
"saddle-disk-rep1-n240-r32","ambient",16,0.989000000000004,0.0149999999999864,2.15199999999999
"saddle-disk-rep1-n240-r32","ambient",239,7.25900000000001,0.0139999999999532,1.815
"saddle-disk-rep1-n240-r32","ambient",32,1.46000000000001,0.0169999999999959,2.08599999999998
"saddle-disk-rep1-n240-r32","ambient",4,0.713999999999999,0.0199999999999818,2.37899999999999
"saddle-disk-rep1-n240-r32","ambient",64,2.74000000000001,0.0209999999999866,1.83199999999999
"saddle-disk-rep1-n240-r32","ambient",8,0.730999999999995,0.0169999999999959,2.47200000000001
"saddle-disk-rep1-n240-r32","geodesic",128,4.558,0.0150000000000006,0.675999999999995
"saddle-disk-rep1-n240-r32","geodesic",16,0.817,0.0139999999999993,0.616
"saddle-disk-rep1-n240-r32","geodesic",239,6.131,0.0159999999999911,0.605999999999995
"saddle-disk-rep1-n240-r32","geodesic",32,1.304,0.0139999999999993,0.639999999999997
"saddle-disk-rep1-n240-r32","geodesic",4,0.74,0.0150000000000001,1.712
"saddle-disk-rep1-n240-r32","geodesic",64,2.508,0.0139999999999993,0.635000000000002
"saddle-disk-rep1-n240-r32","geodesic",8,0.648000000000001,0.0139999999999993,0.613
"saddle-disk-rep1-n240-r4","ambient",128,4.19499999999999,0.0150000000000148,1.25
"saddle-disk-rep1-n240-r4","ambient",16,0.844999999999999,0.01400000000001,0.701999999999998
"saddle-disk-rep1-n240-r4","ambient",239,6.93600000000001,0.0130000000000052,1.31800000000001
"saddle-disk-rep1-n240-r4","ambient",32,1.352,0.0139999999999816,0.723000000000013
"saddle-disk-rep1-n240-r4","ambient",4,0.533000000000015,0.01400000000001,0.722999999999985
"saddle-disk-rep1-n240-r4","ambient",64,2.51599999999999,0.01400000000001,1.04599999999999
"saddle-disk-rep1-n240-r4","ambient",8,0.628000000000014,0.01400000000001,0.75800000000001
"saddle-disk-rep1-n240-r4","geodesic",128,4.599,0.017000000000003,0.649999999999999
"saddle-disk-rep1-n240-r4","geodesic",16,0.943,0.0169999999999995,0.76
"saddle-disk-rep1-n240-r4","geodesic",239,6.26599999999999,0.0169999999999959,0.673000000000002
"saddle-disk-rep1-n240-r4","geodesic",32,1.515,0.0159999999999982,0.707000000000001
"saddle-disk-rep1-n240-r4","geodesic",4,0.752,0.0169999999999999,2.09
"saddle-disk-rep1-n240-r4","geodesic",64,2.688,0.0150000000000006,0.704999999999998
"saddle-disk-rep1-n240-r4","geodesic",8,0.699,0.0170000000000003,0.865999999999999
"saddle-disk-rep1-n240-r64","ambient",128,4.916,0.0189999999999912,1.226
"saddle-disk-rep1-n240-r64","ambient",16,0.844999999999999,0.01400000000001,1.13500000000001
"saddle-disk-rep1-n240-r64","ambient",239,5.65899999999999,0.0100000000000051,0.872
"saddle-disk-rep1-n240-r64","ambient",32,1.19500000000001,0.012999999999991,0.882000000000005
"saddle-disk-rep1-n240-r64","ambient",4,0.618000000000009,0.0150000000000006,1.483
"saddle-disk-rep1-n240-r64","ambient",64,2.24799999999999,0.0150000000000006,1.08799999999999
"saddle-disk-rep1-n240-r64","ambient",8,0.679000000000002,0.0150000000000006,1.41
"saddle-disk-rep1-n240-r64","geodesic",128,4.503,0.0159999999999982,0.616999999999997
"saddle-disk-rep1-n240-r64","geodesic",16,0.845000000000001,0.0149999999999997,0.631
"saddle-disk-rep1-n240-r64","geodesic",239,6.134,0.0159999999999982,0.491999999999997
"saddle-disk-rep1-n240-r64","geodesic",32,1.303,0.0149999999999997,0.544
"saddle-disk-rep1-n240-r64","geodesic",4,0.719,0.0149999999999999,1.61
"saddle-disk-rep1-n240-r64","geodesic",64,2.517,0.0139999999999993,0.635999999999999
"saddle-disk-rep1-n240-r64","geodesic",8,0.802,0.0149999999999999,1.71
"saddle-disk-rep1-n240-r8","ambient",128,4.337,0.0130000000000052,1.956
"saddle-disk-rep1-n240-r8","ambient",16,0.840999999999994,0.01400000000001,1.712
"saddle-disk-rep1-n240-r8","ambient",239,5.79600000000001,0.0109999999999957,1.747
"saddle-disk-rep1-n240-r8","ambient",32,1.257,0.0130000000000052,1.74499999999999
"saddle-disk-rep1-n240-r8","ambient",4,0.613,0.0139999999999958,0.730000000000004
"saddle-disk-rep1-n240-r8","ambient",64,2.324,0.0150000000000006,2.03
"saddle-disk-rep1-n240-r8","ambient",8,0.628999999999991,0.01400000000001,0.721000000000004
"saddle-disk-rep1-n240-r8","geodesic",128,4.732,0.0139999999999958,0.634999999999998
"saddle-disk-rep1-n240-r8","geodesic",16,0.96,0.0169999999999995,0.707
"saddle-disk-rep1-n240-r8","geodesic",239,5.883,0.0160000000000018,0.559999999999999
"saddle-disk-rep1-n240-r8","geodesic",32,1.302,0.0129999999999999,0.599
"saddle-disk-rep1-n240-r8","geodesic",4,0.681,0.016,1.746
"saddle-disk-rep1-n240-r8","geodesic",64,2.746,0.0150000000000006,0.673
"saddle-disk-rep1-n240-r8","geodesic",8,0.895,0.02,1.875
"saddle-disk-rep1-n480-r64","ambient",128,18.213,0.111999999999966,4.52300000000002
"saddle-disk-rep1-n480-r64","ambient",16,4.84199999999998,0.110000000000014,5.81200000000001
"saddle-disk-rep1-n480-r64","ambient",479,49.542,0.0879999999999654,4.27699999999993
"saddle-disk-rep1-n480-r64","ambient",64,9.77799999999991,0.110000000000014,5.07000000000005
"saddle-disk-rep1-n480-r64","ambient",8,4.44600000000003,0.133000000000038,8.02200000000005
"saddle-disk-rep1-n480-r64","geodesic",128,19.401,0.113,2.316
"saddle-disk-rep1-n480-r64","geodesic",16,4.267,0.123000000000001,2.731
"saddle-disk-rep1-n480-r64","geodesic",479,49.95,0.121999999999957,2.31700000000001
"saddle-disk-rep1-n480-r64","geodesic",64,10.204,0.111999999999995,2.216
"saddle-disk-rep1-n480-r64","geodesic",8,4.276,0.228000000000001,3.386
"saddle-disk-rep2-n240-r1","ambient",128,4.99600000000001,0.0169999999999959,1.03700000000001
"saddle-disk-rep2-n240-r1","ambient",16,1.05199999999999,0.0180000000000007,2.81700000000001
"saddle-disk-rep2-n240-r1","ambient",239,7.38299999999998,0.0109999999999673,0.658000000000015
"saddle-disk-rep2-n240-r1","ambient",32,1.703,0.0209999999999866,2.72399999999999
"saddle-disk-rep2-n240-r1","ambient",4,0.667000000000002,0.0200000000000102,2.71800000000002
"saddle-disk-rep2-n240-r1","ambient",64,3.05500000000001,0.0199999999999818,2.19400000000002
"saddle-disk-rep2-n240-r1","ambient",8,0.757999999999981,0.0170000000000243,4.244
"saddle-disk-rep2-n240-r1","geodesic",128,4.166,0.0159999999999982,2.592
"saddle-disk-rep2-n240-r1","geodesic",16,0.832000000000001,0.0139999999999993,2.335
"saddle-disk-rep2-n240-r1","geodesic",239,6.188,0.0169999999999959,2.474
"saddle-disk-rep2-n240-r1","geodesic",32,1.344,0.0129999999999981,2.462
"saddle-disk-rep2-n240-r1","geodesic",4,0.653,0.0149999999999997,3.303
"saddle-disk-rep2-n240-r1","geodesic",64,2.285,0.0129999999999981,2.599
"saddle-disk-rep2-n240-r1","geodesic",8,0.621,0.0140000000000011,3.565
"saddle-disk-rep2-n240-r16","ambient",128,4.19500000000002,0.0130000000000052,3.007
"saddle-disk-rep2-n240-r16","ambient",16,0.938000000000017,0.0139999999999816,2.84700000000001
"saddle-disk-rep2-n240-r16","ambient",239,5.774,0.0099999999999909,2.95600000000002
"saddle-disk-rep2-n240-r16","ambient",32,1.28200000000001,0.0139999999999816,3.40600000000001
"saddle-disk-rep2-n240-r16","ambient",4,0.563999999999993,0.0150000000000148,1.34999999999999
"saddle-disk-rep2-n240-r16","ambient",64,2.273,0.01400000000001,3.22499999999999
"saddle-disk-rep2-n240-r16","ambient",8,0.628000000000014,0.0150000000000148,3.67299999999997
"saddle-disk-rep2-n240-r16","geodesic",128,4.935,0.0159999999999911,0.682000000000002
"saddle-disk-rep2-n240-r16","geodesic",16,1.013,0.0179999999999971,0.779
"saddle-disk-rep2-n240-r16","geodesic",239,6.38600000000002,0.0159999999999911,0.699999999999989
"saddle-disk-rep2-n240-r16","geodesic",32,1.574,0.0150000000000006,0.802
"saddle-disk-rep2-n240-r16","geodesic",4,1.156,0.0170000000000012,3.526
"saddle-disk-rep2-n240-r16","geodesic",64,2.803,0.0150000000000006,0.728000000000002
"saddle-disk-rep2-n240-r16","geodesic",8,0.756,0.0229999999999997,0.785
"saddle-disk-rep2-n240-r2","ambient",128,5.28700000000001,0.021000000000015,0.713000000000022
"saddle-disk-rep2-n240-r2","ambient",16,1.06200000000001,0.0200000000000102,1.02100000000002
"saddle-disk-rep2-n240-r2","ambient",239,6.477,0.0120000000000005,0.62299999999999
"saddle-disk-rep2-n240-r2","ambient",32,1.65100000000001,0.0209999999999866,0.967999999999989
"saddle-disk-rep2-n240-r2","ambient",4,0.689999999999998,0.0159999999999911,2.33199999999999
"saddle-disk-rep2-n240-r2","ambient",64,2.95899999999997,0.0180000000000007,0.676999999999992
"saddle-disk-rep2-n240-r2","ambient",8,0.723000000000013,0.0180000000000007,1.08199999999999
"saddle-disk-rep2-n240-r2","geodesic",128,4.402,0.0150000000000006,0.813000000000002
"saddle-disk-rep2-n240-r2","geodesic",16,0.814,0.0150000000000006,0.809000000000001
"saddle-disk-rep2-n240-r2","geodesic",239,7.01899999999999,0.0240000000000009,0.959000000000003
"saddle-disk-rep2-n240-r2","geodesic",32,1.303,0.0139999999999993,0.827999999999999
"saddle-disk-rep2-n240-r2","geodesic",4,0.658,0.016,2.911
"saddle-disk-rep2-n240-r2","geodesic",64,2.355,0.014999999999997,0.882999999999999
"saddle-disk-rep2-n240-r2","geodesic",8,0.624,0.0140000000000002,0.907
"saddle-disk-rep2-n240-r32","ambient",128,4.04499999999999,0.0130000000000052,1.756
"saddle-disk-rep2-n240-r32","ambient",16,0.820999999999998,0.0130000000000052,1.727
"saddle-disk-rep2-n240-r32","ambient",239,5.75600000000003,0.00900000000001455,1.69600000000003
"saddle-disk-rep2-n240-r32","ambient",32,1.30099999999999,0.0130000000000052,1.83699999999999
"saddle-disk-rep2-n240-r32","ambient",4,0.599000000000018,0.01400000000001,2.63500000000002
"saddle-disk-rep2-n240-r32","ambient",64,2.18699999999998,0.0130000000000052,1.63999999999999
"saddle-disk-rep2-n240-r32","ambient",8,0.649999999999977,0.0149999999999864,2.24600000000001
"saddle-disk-rep2-n240-r32","geodesic",128,4.806,0.0150000000000006,0.676000000000002
"saddle-disk-rep2-n240-r32","geodesic",16,0.931999999999999,0.0150000000000006,0.738
"saddle-disk-rep2-n240-r32","geodesic",239,6.519,0.0169999999999959,0.686000000000007
"saddle-disk-rep2-n240-r32","geodesic",32,1.441,0.014999999999997,0.682000000000002
"saddle-disk-rep2-n240-r32","geodesic",4,0.911000000000001,0.016,3.101
"saddle-disk-rep2-n240-r32","geodesic",64,2.714,0.0150000000000006,0.721000000000004
"saddle-disk-rep2-n240-r32","geodesic",8,0.712,0.016,0.758000000000001
"saddle-disk-rep2-n240-r4","ambient",128,4.691,0.0149999999999864,1.624
"saddle-disk-rep2-n240-r4","ambient",16,0.885999999999996,0.0139999999999816,0.704000000000008
"saddle-disk-rep2-n240-r4","ambient",239,6.55200000000002,0.0110000000000241,1.58099999999996
"saddle-disk-rep2-n240-r4","ambient",32,1.441,0.0150000000000148,0.912000000000006
"saddle-disk-rep2-n240-r4","ambient",4,0.59699999999998,0.0150000000000148,1.45299999999997
"saddle-disk-rep2-n240-r4","ambient",64,2.56199999999998,0.0149999999999864,1.10400000000001
"saddle-disk-rep2-n240-r4","ambient",8,0.657999999999987,0.0149999999999864,0.917000000000002
"saddle-disk-rep2-n240-r4","geodesic",128,5.297,0.0159999999999911,1.086
"saddle-disk-rep2-n240-r4","geodesic",16,0.988,0.0180000000000007,0.827
"saddle-disk-rep2-n240-r4","geodesic",239,7.26899999999998,0.0209999999999866,1.04999999999998
"saddle-disk-rep2-n240-r4","geodesic",32,1.589,0.0150000000000006,1.116
"saddle-disk-rep2-n240-r4","geodesic",4,0.865,0.0209999999999999,2.718
"saddle-disk-rep2-n240-r4","geodesic",64,2.838,0.017000000000003,0.960999999999999
"saddle-disk-rep2-n240-r4","geodesic",8,0.722999999999999,0.0199999999999996,0.941000000000001
"saddle-disk-rep2-n240-r64","ambient",128,4.018,0.0130000000000052,1.18000000000001
"saddle-disk-rep2-n240-r64","ambient",16,0.906000000000006,0.01400000000001,1.238
"saddle-disk-rep2-n240-r64","ambient",239,5.99899999999997,0.0099999999999909,1.15899999999999
"saddle-disk-rep2-n240-r64","ambient",32,1.226,0.0129999999999768,1.376
"saddle-disk-rep2-n240-r64","ambient",4,0.64500000000001,0.01400000000001,1.77499999999998
"saddle-disk-rep2-n240-r64","ambient",64,2.24600000000001,0.0130000000000052,1.21000000000001
"saddle-disk-rep2-n240-r64","ambient",8,0.683999999999997,0.0139999999999816,1.309
"saddle-disk-rep2-n240-r64","geodesic",128,4.881,0.0169999999999959,0.691000000000003
"saddle-disk-rep2-n240-r64","geodesic",16,1.04,0.016,0.733
"saddle-disk-rep2-n240-r64","geodesic",239,6.251,0.0170000000000101,0.681000000000012
"saddle-disk-rep2-n240-r64","geodesic",32,1.483,0.014999999999997,0.715
"saddle-disk-rep2-n240-r64","geodesic",4,0.806,0.016,2.646
"saddle-disk-rep2-n240-r64","geodesic",64,2.724,0.0169999999999959,0.764000000000003
"saddle-disk-rep2-n240-r64","geodesic",8,0.728000000000001,0.0150000000000006,0.739000000000001
"saddle-disk-rep2-n240-r8","ambient",128,4.53100000000001,0.01400000000001,2.999
"saddle-disk-rep2-n240-r8","ambient",16,0.901999999999987,0.01400000000001,1.90700000000001
"saddle-disk-rep2-n240-r8","ambient",239,6.40999999999997,0.0099999999999909,2.87799999999999
"saddle-disk-rep2-n240-r8","ambient",32,1.422,0.01400000000001,2.18800000000002
"saddle-disk-rep2-n240-r8","ambient",4,0.606000000000023,0.01400000000001,0.893999999999977
"saddle-disk-rep2-n240-r8","ambient",64,2.435,0.01400000000001,2.96600000000001
"saddle-disk-rep2-n240-r8","ambient",8,0.677999999999997,0.0130000000000052,0.744
"saddle-disk-rep2-n240-r8","geodesic",128,5.52500000000001,0.0180000000000007,0.831000000000003
"saddle-disk-rep2-n240-r8","geodesic",16,1.026,0.0179999999999989,0.746
"saddle-disk-rep2-n240-r8","geodesic",239,6.83599999999998,0.0180000000000007,0.75200000000001
"saddle-disk-rep2-n240-r8","geodesic",32,1.559,0.0180000000000007,0.794999999999998
"saddle-disk-rep2-n240-r8","geodesic",4,0.854,0.024,2.571
"saddle-disk-rep2-n240-r8","geodesic",64,3.07,0.0160000000000053,0.828000000000003
"saddle-disk-rep2-n240-r8","geodesic",8,0.724,0.0199999999999996,0.796000000000001
"saddle-disk-rep3-n240-r1","ambient",128,4.214,0.01400000000001,0.578999999999979
"saddle-disk-rep3-n240-r1","ambient",16,0.830000000000013,0.0130000000000052,1.173
"saddle-disk-rep3-n240-r1","ambient",239,6.23499999999999,0.0100000000000193,0.466999999999985
"saddle-disk-rep3-n240-r1","ambient",32,1.375,0.0130000000000052,0.996000000000009
"saddle-disk-rep3-n240-r1","ambient",4,0.52800000000002,0.01400000000001,1.92499999999998
"saddle-disk-rep3-n240-r1","ambient",64,2.322,0.01400000000001,0.931999999999988
"saddle-disk-rep3-n240-r1","ambient",8,0.698999999999984,0.01400000000001,1.137
"saddle-disk-rep3-n240-r1","geodesic",128,4.45800000000001,0.0159999999999982,1.215
"saddle-disk-rep3-n240-r1","geodesic",16,0.908,0.0150000000000006,1.264
"saddle-disk-rep3-n240-r1","geodesic",239,6.455,0.0180000000000007,1.14599999999999
"saddle-disk-rep3-n240-r1","geodesic",32,1.415,0.014999999999997,1.202
"saddle-disk-rep3-n240-r1","geodesic",4,0.701,0.0149999999999997,3.249
"saddle-disk-rep3-n240-r1","geodesic",64,2.528,0.0150000000000006,1.21
"saddle-disk-rep3-n240-r1","geodesic",8,0.667999999999999,0.0150000000000006,1.2
"saddle-disk-rep3-n240-r16","ambient",128,3.99000000000001,0.0120000000000005,1.72899999999998
"saddle-disk-rep3-n240-r16","ambient",16,0.820999999999998,0.0139999999999816,3.18200000000002
"saddle-disk-rep3-n240-r16","ambient",239,5.762,0.0100000000000193,1.71799999999999
"saddle-disk-rep3-n240-r16","ambient",32,1.29500000000002,0.0130000000000052,1.78800000000001
"saddle-disk-rep3-n240-r16","ambient",4,0.548000000000002,0.0149999999999864,1.333
"saddle-disk-rep3-n240-r16","ambient",64,2.113,0.01400000000001,1.666
"saddle-disk-rep3-n240-r16","ambient",8,0.606999999999999,0.01400000000001,3.595
"saddle-disk-rep3-n240-r16","geodesic",128,4.377,0.0139999999999958,0.512999999999998
"saddle-disk-rep3-n240-r16","geodesic",16,0.792,0.0129999999999999,0.540999999999999
"saddle-disk-rep3-n240-r16","geodesic",239,6.027,0.0159999999999911,0.507999999999996
"saddle-disk-rep3-n240-r16","geodesic",32,1.275,0.0139999999999993,0.546000000000003
"saddle-disk-rep3-n240-r16","geodesic",4,0.708,0.0140000000000002,1.504
"saddle-disk-rep3-n240-r16","geodesic",64,2.427,0.0139999999999993,0.585999999999999
"saddle-disk-rep3-n240-r16","geodesic",8,0.614,0.0139999999999993,0.518
"saddle-disk-rep3-n240-r2","ambient",128,4.29900000000001,0.0130000000000052,0.530000000000001
"saddle-disk-rep3-n240-r2","ambient",16,0.806999999999988,0.0130000000000052,0.682000000000016
"saddle-disk-rep3-n240-r2","ambient",239,5.87200000000001,0.0099999999999909,0.532000000000011
"saddle-disk-rep3-n240-r2","ambient",32,1.25900000000001,0.01400000000001,0.644999999999982
"saddle-disk-rep3-n240-r2","ambient",4,0.501999999999981,0.0130000000000052,0.782000000000011
"saddle-disk-rep3-n240-r2","ambient",64,2.34,0.01400000000001,0.489000000000004
"saddle-disk-rep3-n240-r2","ambient",8,0.59099999999998,0.0129999999999768,0.670999999999992
"saddle-disk-rep3-n240-r2","geodesic",128,4.647,0.0169999999999959,0.747999999999998
"saddle-disk-rep3-n240-r2","geodesic",16,0.831000000000001,0.0129999999999999,0.792
"saddle-disk-rep3-n240-r2","geodesic",239,6.22200000000001,0.0169999999999959,0.775999999999996
"saddle-disk-rep3-n240-r2","geodesic",32,1.309,0.0139999999999993,0.751999999999999
"saddle-disk-rep3-n240-r2","geodesic",4,0.672,0.0140000000000002,2.063
"saddle-disk-rep3-n240-r2","geodesic",64,2.414,0.0150000000000006,0.701999999999998
"saddle-disk-rep3-n240-r2","geodesic",8,0.67,0.0140000000000011,0.687999999999999
"saddle-disk-rep3-n240-r32","ambient",128,4.41,0.01400000000001,2.03399999999999
"saddle-disk-rep3-n240-r32","ambient",16,0.917000000000002,0.0139999999999816,2.43000000000001
"saddle-disk-rep3-n240-r32","ambient",239,6.11199999999997,0.0110000000000241,1.87700000000001
"saddle-disk-rep3-n240-r32","ambient",32,1.32600000000002,0.01400000000001,2.04400000000001
"saddle-disk-rep3-n240-r32","ambient",4,0.646999999999991,0.0150000000000148,2.32499999999999
"saddle-disk-rep3-n240-r32","ambient",64,2.38,0.0159999999999911,2.01700000000002
"saddle-disk-rep3-n240-r32","ambient",8,0.71599999999998,0.0159999999999911,2.12900000000002
"saddle-disk-rep3-n240-r32","geodesic",128,5.381,0.019999999999996,0.701999999999998
"saddle-disk-rep3-n240-r32","geodesic",16,0.934000000000001,0.0180000000000007,0.625
"saddle-disk-rep3-n240-r32","geodesic",239,7.126,0.021000000000015,0.576999999999998
"saddle-disk-rep3-n240-r32","geodesic",32,1.521,0.0160000000000018,0.664999999999999
"saddle-disk-rep3-n240-r32","geodesic",4,0.875,0.02,1.884
"saddle-disk-rep3-n240-r32","geodesic",64,2.90199999999999,0.0159999999999982,0.600999999999999
"saddle-disk-rep3-n240-r32","geodesic",8,0.737000000000001,0.0179999999999989,0.642
"saddle-disk-rep3-n240-r4","ambient",128,4.16399999999999,0.0129999999999768,0.870000000000005
"saddle-disk-rep3-n240-r4","ambient",16,0.807999999999993,0.0130000000000052,0.628999999999991
"saddle-disk-rep3-n240-r4","ambient",239,6.04500000000002,0.0099999999999909,0.932000000000016
"saddle-disk-rep3-n240-r4","ambient",32,1.28199999999998,0.0129999999999768,0.760999999999996
"saddle-disk-rep3-n240-r4","ambient",4,0.528999999999996,0.0130000000000052,0.956999999999994
"saddle-disk-rep3-n240-r4","ambient",64,2.25800000000001,0.01400000000001,0.895999999999987
"saddle-disk-rep3-n240-r4","ambient",8,0.60299999999998,0.0129999999999768,0.820999999999998
"saddle-disk-rep3-n240-r4","geodesic",128,4.57,0.0140000000000029,0.637999999999998
"saddle-disk-rep3-n240-r4","geodesic",16,0.852,0.0129999999999999,0.690999999999999
"saddle-disk-rep3-n240-r4","geodesic",239,6.001,0.0159999999999911,0.591999999999999
"saddle-disk-rep3-n240-r4","geodesic",32,1.377,0.0139999999999993,0.666
"saddle-disk-rep3-n240-r4","geodesic",4,0.713,0.0139999999999998,2.107
"saddle-disk-rep3-n240-r4","geodesic",64,2.482,0.0139999999999993,0.645
"saddle-disk-rep3-n240-r4","geodesic",8,0.63,0.0129999999999999,0.752
"saddle-disk-rep3-n240-r64","ambient",128,4.38499999999999,0.0149999999999864,0.772999999999996
"saddle-disk-rep3-n240-r64","ambient",16,0.905000000000001,0.0150000000000148,1.006
"saddle-disk-rep3-n240-r64","ambient",239,6.38900000000001,0.0099999999999909,0.829000000000008
"saddle-disk-rep3-n240-r64","ambient",32,1.40299999999999,0.0149999999999864,0.800000000000011
"saddle-disk-rep3-n240-r64","ambient",4,0.689999999999998,0.0150000000000148,1.94400000000002
"saddle-disk-rep3-n240-r64","ambient",64,2.36500000000001,0.01400000000001,0.903999999999996
"saddle-disk-rep3-n240-r64","ambient",8,0.738,0.0160000000000196,1.48400000000001
"saddle-disk-rep3-n240-r64","geodesic",128,5.455,0.0229999999999961,0.554000000000002
"saddle-disk-rep3-n240-r64","geodesic",16,0.951,0.016,0.661999999999999
"saddle-disk-rep3-n240-r64","geodesic",239,7.68299999999999,0.0279999999999916,0.675999999999988
"saddle-disk-rep3-n240-r64","geodesic",32,1.581,0.0210000000000008,0.736000000000001
"saddle-disk-rep3-n240-r64","geodesic",4,0.862,0.0180000000000002,1.764
"saddle-disk-rep3-n240-r64","geodesic",64,2.873,0.0189999999999984,0.642000000000003
"saddle-disk-rep3-n240-r64","geodesic",8,0.766000000000001,0.0179999999999989,0.667000000000002
"saddle-disk-rep3-n240-r8","ambient",128,4.114,0.0130000000000052,1.56700000000001
"saddle-disk-rep3-n240-r8","ambient",16,0.810000000000002,0.0130000000000052,1.684
"saddle-disk-rep3-n240-r8","ambient",239,5.65099999999998,0.0100000000000193,1.56699999999998
"saddle-disk-rep3-n240-r8","ambient",32,1.30500000000001,0.01400000000001,1.68799999999999
"saddle-disk-rep3-n240-r8","ambient",4,0.538000000000011,0.01400000000001,0.577000000000027
"saddle-disk-rep3-n240-r8","ambient",64,2.21699999999998,0.01400000000001,1.51900000000001
"saddle-disk-rep3-n240-r8","ambient",8,0.594999999999999,0.0149999999999864,0.643000000000001
"saddle-disk-rep3-n240-r8","geodesic",128,4.415,0.0140000000000029,0.588999999999999
"saddle-disk-rep3-n240-r8","geodesic",16,0.801,0.0140000000000011,0.574
"saddle-disk-rep3-n240-r8","geodesic",239,6.05,0.0169999999999959,0.551000000000002
"saddle-disk-rep3-n240-r8","geodesic",32,1.306,0.0129999999999981,0.565999999999999
"saddle-disk-rep3-n240-r8","geodesic",4,0.707,0.0139999999999998,1.79
"saddle-disk-rep3-n240-r8","geodesic",64,2.512,0.0130000000000017,0.501000000000001
"saddle-disk-rep3-n240-r8","geodesic",8,0.613,0.0129999999999999,0.58
"saddle-surface_area-rep1-n240-r1","ambient",128,5.006,0.0160000000000053,0.575000000000003
"saddle-surface_area-rep1-n240-r1","ambient",16,0.931999999999988,0.0159999999999911,1.04599999999999
"saddle-surface_area-rep1-n240-r1","ambient",239,5.81400000000001,0.0099999999999909,0.466999999999999
"saddle-surface_area-rep1-n240-r1","ambient",32,1.261,0.012999999999991,0.790999999999997
"saddle-surface_area-rep1-n240-r1","ambient",4,0.498999999999995,0.0130000000000052,1.54400000000001
"saddle-surface_area-rep1-n240-r1","ambient",64,2.587,0.0150000000000006,0.967000000000013
"saddle-surface_area-rep1-n240-r1","ambient",8,0.688999999999993,0.0159999999999911,1.179
"saddle-surface_area-rep1-n240-r1","geodesic",128,4.938,0.0160000000000053,1.209
"saddle-surface_area-rep1-n240-r1","geodesic",16,1.116,0.0169999999999995,1.139
"saddle-surface_area-rep1-n240-r1","geodesic",239,5.848,0.0160000000000018,0.835999999999999
"saddle-surface_area-rep1-n240-r1","geodesic",32,1.233,0.0150000000000006,0.863999999999999
"saddle-surface_area-rep1-n240-r1","geodesic",4,0.616,0.0139999999999993,3.108
"saddle-surface_area-rep1-n240-r1","geodesic",64,2.712,0.0200000000000031,1.266
"saddle-surface_area-rep1-n240-r1","geodesic",8,0.965,0.02,3.091
"saddle-surface_area-rep1-n240-r16","ambient",128,4.572,0.0150000000000148,2.70400000000001
"saddle-surface_area-rep1-n240-r16","ambient",16,1.012,0.021000000000015,4.108
"saddle-surface_area-rep1-n240-r16","ambient",239,6.79499999999996,0.0109999999999673,2.553
"saddle-surface_area-rep1-n240-r16","ambient",32,1.53699999999998,0.0240000000000009,3.91500000000002
"saddle-surface_area-rep1-n240-r16","ambient",4,0.731999999999999,0.0190000000000055,2.535
"saddle-surface_area-rep1-n240-r16","ambient",64,2.471,0.0200000000000102,2.904
"saddle-surface_area-rep1-n240-r16","ambient",8,0.822999999999979,0.0229999999999961,3.11800000000002
"saddle-surface_area-rep1-n240-r16","geodesic",128,4.368,0.0160000000000053,0.545999999999999
"saddle-surface_area-rep1-n240-r16","geodesic",16,0.808,0.0150000000000006,0.549000000000001
"saddle-surface_area-rep1-n240-r16","geodesic",239,7.20400000000001,0.0229999999999961,0.620000000000005
"saddle-surface_area-rep1-n240-r16","geodesic",32,1.256,0.0139999999999993,0.548000000000002
"saddle-surface_area-rep1-n240-r16","geodesic",4,0.711,0.0149999999999997,1.544
"saddle-surface_area-rep1-n240-r16","geodesic",64,2.372,0.0159999999999982,0.530000000000001
"saddle-surface_area-rep1-n240-r16","geodesic",8,0.636,0.0149999999999997,0.563
"saddle-surface_area-rep1-n240-r2","ambient",128,4.989,0.0160000000000196,0.560000000000002
"saddle-surface_area-rep1-n240-r2","ambient",16,0.962999999999994,0.0169999999999959,0.771000000000015
"saddle-surface_area-rep1-n240-r2","ambient",239,7.036,0.0109999999999957,0.582999999999998
"saddle-surface_area-rep1-n240-r2","ambient",32,1.46100000000001,0.0159999999999911,0.748999999999995
"saddle-surface_area-rep1-n240-r2","ambient",4,0.606000000000023,0.0180000000000007,1.262
"saddle-surface_area-rep1-n240-r2","ambient",64,2.62200000000001,0.0159999999999911,0.665999999999997
"saddle-surface_area-rep1-n240-r2","ambient",8,0.777000000000015,0.0159999999999911,1.05500000000001
"saddle-surface_area-rep1-n240-r2","geodesic",128,5.10599999999999,0.0190000000000055,0.804999999999993
"saddle-surface_area-rep1-n240-r2","geodesic",16,1.01,0.0169999999999995,0.907
"saddle-surface_area-rep1-n240-r2","geodesic",239,7.05800000000001,0.0190000000000055,0.775000000000006
"saddle-surface_area-rep1-n240-r2","geodesic",32,1.594,0.0249999999999986,0.852999999999998
"saddle-surface_area-rep1-n240-r2","geodesic",4,0.841,0.0170000000000003,3.047
"saddle-surface_area-rep1-n240-r2","geodesic",64,2.946,0.0160000000000053,0.947000000000003
"saddle-surface_area-rep1-n240-r2","geodesic",8,0.763,0.020999999999999,1.447
"saddle-surface_area-rep1-n240-r32","ambient",128,4.36699999999999,0.01400000000001,1.67999999999998
"saddle-surface_area-rep1-n240-r32","ambient",16,0.937999999999988,0.0250000000000057,2.12300000000002
"saddle-surface_area-rep1-n240-r32","ambient",239,6.65899999999999,0.0109999999999673,1.64499999999998
"saddle-surface_area-rep1-n240-r32","ambient",32,1.40799999999999,0.0169999999999959,2.244
"saddle-surface_area-rep1-n240-r32","ambient",4,0.751999999999981,0.0169999999999959,2.929
"saddle-surface_area-rep1-n240-r32","ambient",64,2.643,0.0169999999999959,1.86599999999999
"saddle-surface_area-rep1-n240-r32","ambient",8,0.77600000000001,0.0159999999999911,2.31299999999999
"saddle-surface_area-rep1-n240-r32","geodesic",128,4.40000000000001,0.0159999999999982,0.549
"saddle-surface_area-rep1-n240-r32","geodesic",16,0.808,0.0139999999999993,0.552
"saddle-surface_area-rep1-n240-r32","geodesic",239,7.167,0.0200000000000102,0.625
"saddle-surface_area-rep1-n240-r32","geodesic",32,1.255,0.014999999999997,0.550999999999998
"saddle-surface_area-rep1-n240-r32","geodesic",4,0.755,0.0150000000000001,1.582
"saddle-surface_area-rep1-n240-r32","geodesic",64,2.345,0.0160000000000018,0.524000000000001
"saddle-surface_area-rep1-n240-r32","geodesic",8,0.64,0.0149999999999997,0.609000000000001
"saddle-surface_area-rep1-n240-r4","ambient",128,4.02599999999998,0.0129999999999768,1.09700000000001
"saddle-surface_area-rep1-n240-r4","ambient",16,0.807999999999993,0.0150000000000148,0.587000000000018
"saddle-surface_area-rep1-n240-r4","ambient",239,6.303,0.0099999999999909,1.05099999999999
"saddle-surface_area-rep1-n240-r4","ambient",32,1.28400000000002,0.01400000000001,0.646999999999991
"saddle-surface_area-rep1-n240-r4","ambient",4,0.530000000000001,0.0150000000000148,0.79000000000002
"saddle-surface_area-rep1-n240-r4","ambient",64,2.26000000000002,0.0130000000000052,0.967999999999989
"saddle-surface_area-rep1-n240-r4","ambient",8,0.633999999999986,0.0149999999999864,0.698000000000008
"saddle-surface_area-rep1-n240-r4","geodesic",128,5.122,0.0189999999999984,0.686
"saddle-surface_area-rep1-n240-r4","geodesic",16,0.909000000000001,0.0169999999999995,0.671000000000001
"saddle-surface_area-rep1-n240-r4","geodesic",239,6.55500000000001,0.0180000000000007,0.641999999999996
"saddle-surface_area-rep1-n240-r4","geodesic",32,1.427,0.0169999999999995,0.673000000000002
"saddle-surface_area-rep1-n240-r4","geodesic",4,0.727,0.0169999999999999,2.316
"saddle-surface_area-rep1-n240-r4","geodesic",64,2.606,0.0169999999999959,0.677999999999997
"saddle-surface_area-rep1-n240-r4","geodesic",8,0.702,0.0169999999999995,0.896000000000001
"saddle-surface_area-rep1-n240-r64","ambient",128,4.10799999999999,0.0130000000000052,0.970000000000013
"saddle-surface_area-rep1-n240-r64","ambient",16,0.826000000000008,0.0139999999999958,1.05799999999999
"saddle-surface_area-rep1-n240-r64","ambient",239,5.615,0.00900000000000034,0.791000000000011
"saddle-surface_area-rep1-n240-r64","ambient",32,1.15599999999999,0.0130000000000052,0.828000000000003
"saddle-surface_area-rep1-n240-r64","ambient",4,0.620999999999995,0.0169999999999959,1.40899999999999
"saddle-surface_area-rep1-n240-r64","ambient",64,2.116,0.0139999999999958,0.971999999999994
"saddle-surface_area-rep1-n240-r64","ambient",8,0.665999999999997,0.01400000000001,1.33200000000001
"saddle-surface_area-rep1-n240-r64","geodesic",128,4.636,0.0169999999999959,0.585999999999999
"saddle-surface_area-rep1-n240-r64","geodesic",16,0.898,0.0170000000000003,0.614
"saddle-surface_area-rep1-n240-r64","geodesic",239,6.103,0.0180000000000007,0.530000000000001
"saddle-surface_area-rep1-n240-r64","geodesic",32,1.329,0.016,0.508
"saddle-surface_area-rep1-n240-r64","geodesic",4,0.714,0.0149999999999997,1.45
"saddle-surface_area-rep1-n240-r64","geodesic",64,2.54,0.016,0.58
"saddle-surface_area-rep1-n240-r64","geodesic",8,0.844,0.0190000000000001,1.75
"saddle-surface_area-rep1-n240-r8","ambient",128,4.16300000000001,0.01400000000001,1.88600000000001
"saddle-surface_area-rep1-n240-r8","ambient",16,0.823000000000008,0.0139999999999958,1.292
"saddle-surface_area-rep1-n240-r8","ambient",239,5.706,0.0099999999999909,1.661
"saddle-surface_area-rep1-n240-r8","ambient",32,1.197,0.012999999999991,1.767
"saddle-surface_area-rep1-n240-r8","ambient",4,0.538999999999987,0.0139999999999958,0.580999999999989
"saddle-surface_area-rep1-n240-r8","ambient",64,2.18299999999999,0.0150000000000006,1.95099999999999
"saddle-surface_area-rep1-n240-r8","ambient",8,0.625,0.0160000000000053,0.655999999999992
"saddle-surface_area-rep1-n240-r8","geodesic",128,4.441,0.0159999999999982,0.545999999999999
"saddle-surface_area-rep1-n240-r8","geodesic",16,0.895,0.016,0.636
"saddle-surface_area-rep1-n240-r8","geodesic",239,5.813,0.0180000000000007,0.506
"saddle-surface_area-rep1-n240-r8","geodesic",32,1.248,0.0149999999999997,0.501
"saddle-surface_area-rep1-n240-r8","geodesic",4,0.698,0.0149999999999997,1.594
"saddle-surface_area-rep1-n240-r8","geodesic",64,2.549,0.0149999999999988,0.597999999999999
"saddle-surface_area-rep1-n240-r8","geodesic",8,0.853,0.0169999999999999,1.632
"saddle-surface_area-rep1-n480-r64","ambient",128,17.3109999999999,0.114000000000033,4.80100000000004
"saddle-surface_area-rep1-n480-r64","ambient",16,4.60300000000007,0.232999999999947,5.79899999999998
"saddle-surface_area-rep1-n480-r64","ambient",479,49.457,0.0899999999999181,4.67099999999994
"saddle-surface_area-rep1-n480-r64","ambient",64,9.44600000000003,0.113000000000056,5.05099999999993
"saddle-surface_area-rep1-n480-r64","ambient",8,4.82000000000005,0.141999999999939,7.55899999999997
"saddle-surface_area-rep1-n480-r64","geodesic",128,18.846,0.11699999999999,2.583
"saddle-surface_area-rep1-n480-r64","geodesic",16,4.3,0.117000000000001,2.545
"saddle-surface_area-rep1-n480-r64","geodesic",479,49.891,0.12700000000001,2.99000000000001
"saddle-surface_area-rep1-n480-r64","geodesic",64,9.815,0.110999999999997,2.768
"saddle-surface_area-rep1-n480-r64","geodesic",8,4.337,0.217,3.266
"saddle-surface_area-rep2-n240-r1","ambient",128,4.43899999999999,0.0240000000000009,0.726999999999975
"saddle-surface_area-rep2-n240-r1","ambient",16,0.906999999999982,0.01400000000001,2.779
"saddle-surface_area-rep2-n240-r1","ambient",239,6.65599999999998,0.0120000000000005,0.495999999999981
"saddle-surface_area-rep2-n240-r1","ambient",32,1.494,0.0149999999999864,2.214
"saddle-surface_area-rep2-n240-r1","ambient",4,0.593000000000018,0.0169999999999959,2.285
"saddle-surface_area-rep2-n240-r1","ambient",64,2.33000000000001,0.0150000000000148,1.42500000000001
"saddle-surface_area-rep2-n240-r1","ambient",8,0.665999999999997,0.0150000000000148,2.90800000000002
"saddle-surface_area-rep2-n240-r1","geodesic",128,4.952,0.0160000000000053,2.839
"saddle-surface_area-rep2-n240-r1","geodesic",16,0.863999999999999,0.0140000000000011,2.925
"saddle-surface_area-rep2-n240-r1","geodesic",239,6.78800000000001,0.0180000000000007,2.77800000000001
"saddle-surface_area-rep2-n240-r1","geodesic",32,1.376,0.0159999999999982,2.847
"saddle-surface_area-rep2-n240-r1","geodesic",4,0.675,0.016,3.603
"saddle-surface_area-rep2-n240-r1","geodesic",64,2.583,0.0160000000000053,3.133
"saddle-surface_area-rep2-n240-r1","geodesic",8,0.702,0.0149999999999988,2.702
"saddle-surface_area-rep2-n240-r16","ambient",128,4.39600000000002,0.0159999999999911,3.483
"saddle-surface_area-rep2-n240-r16","ambient",16,0.925999999999988,0.0169999999999959,2.89500000000001
"saddle-surface_area-rep2-n240-r16","ambient",239,6.959,0.0120000000000005,3.363
"saddle-surface_area-rep2-n240-r16","ambient",32,1.376,0.0160000000000196,3.60599999999999
"saddle-surface_area-rep2-n240-r16","ambient",4,0.621999999999986,0.0180000000000007,1.285
"saddle-surface_area-rep2-n240-r16","ambient",64,2.447,0.0160000000000196,3.59999999999999
"saddle-surface_area-rep2-n240-r16","ambient",8,0.784999999999997,0.0159999999999911,2.833
"saddle-surface_area-rep2-n240-r16","geodesic",128,4.788,0.017000000000003,0.608000000000004
"saddle-surface_area-rep2-n240-r16","geodesic",16,0.907,0.0150000000000006,0.604000000000001
"saddle-surface_area-rep2-n240-r16","geodesic",239,6.71300000000001,0.0169999999999959,0.519999999999996
"saddle-surface_area-rep2-n240-r16","geodesic",32,1.417,0.0150000000000006,0.632000000000001
"saddle-surface_area-rep2-n240-r16","geodesic",4,0.774,0.0169999999999999,1.651
"saddle-surface_area-rep2-n240-r16","geodesic",64,2.562,0.0150000000000006,0.647999999999996
"saddle-surface_area-rep2-n240-r16","geodesic",8,0.712,0.016,0.608
"saddle-surface_area-rep2-n240-r2","ambient",128,4.72499999999999,0.0159999999999911,0.61699999999999
"saddle-surface_area-rep2-n240-r2","ambient",16,0.919999999999987,0.0200000000000102,0.873999999999995
"saddle-surface_area-rep2-n240-r2","ambient",239,6.91799999999998,0.0100000000000193,0.495000000000005
"saddle-surface_area-rep2-n240-r2","ambient",32,1.374,0.0149999999999864,0.85499999999999
"saddle-surface_area-rep2-n240-r2","ambient",4,0.570000000000022,0.0150000000000148,1.422
"saddle-surface_area-rep2-n240-r2","ambient",64,2.632,0.0159999999999911,0.449999999999989
"saddle-surface_area-rep2-n240-r2","ambient",8,0.677999999999997,0.0139999999999816,0.824000000000012
"saddle-surface_area-rep2-n240-r2","geodesic",128,5.144,0.0249999999999986,0.981999999999999
"saddle-surface_area-rep2-n240-r2","geodesic",16,0.876999999999999,0.0140000000000011,0.949
"saddle-surface_area-rep2-n240-r2","geodesic",239,7.137,0.0180000000000007,1.023
"saddle-surface_area-rep2-n240-r2","geodesic",32,1.412,0.0160000000000018,1.026
"saddle-surface_area-rep2-n240-r2","geodesic",4,0.702,0.0169999999999999,2.652
"saddle-surface_area-rep2-n240-r2","geodesic",64,2.535,0.0180000000000007,1.007
"saddle-surface_area-rep2-n240-r2","geodesic",8,0.665,0.016,0.888
"saddle-surface_area-rep2-n240-r32","ambient",128,4.45200000000003,0.0180000000000007,1.54900000000001
"saddle-surface_area-rep2-n240-r32","ambient",16,1.005,0.0159999999999911,2.87799999999999
"saddle-surface_area-rep2-n240-r32","ambient",239,7.52300000000002,0.0160000000000196,1.75399999999996
"saddle-surface_area-rep2-n240-r32","ambient",32,1.34899999999999,0.0160000000000196,2.35500000000002
"saddle-surface_area-rep2-n240-r32","ambient",4,0.659999999999997,0.0160000000000196,2.19999999999999
"saddle-surface_area-rep2-n240-r32","ambient",64,2.36500000000001,0.0169999999999959,1.643
"saddle-surface_area-rep2-n240-r32","ambient",8,0.740000000000009,0.0160000000000196,2.184
"saddle-surface_area-rep2-n240-r32","geodesic",128,4.70500000000001,0.0160000000000053,0.596000000000004
"saddle-surface_area-rep2-n240-r32","geodesic",16,0.897,0.0149999999999988,0.654999999999999
"saddle-surface_area-rep2-n240-r32","geodesic",239,7.34,0.0210000000000008,0.665999999999997
"saddle-surface_area-rep2-n240-r32","geodesic",32,1.406,0.0150000000000006,0.652000000000001
"saddle-surface_area-rep2-n240-r32","geodesic",4,0.803,0.0169999999999999,1.78
"saddle-surface_area-rep2-n240-r32","geodesic",64,2.608,0.0160000000000053,0.597999999999999
"saddle-surface_area-rep2-n240-r32","geodesic",8,0.711,0.016,0.618
"saddle-surface_area-rep2-n240-r4","ambient",128,4.40600000000001,0.0159999999999911,1.124
"saddle-surface_area-rep2-n240-r4","ambient",16,0.893000000000001,0.0139999999999816,0.653999999999996
"saddle-surface_area-rep2-n240-r4","ambient",239,6.66400000000002,0.0109999999999957,1.05099999999999
"saddle-surface_area-rep2-n240-r4","ambient",32,1.489,0.0159999999999911,0.804000000000002
"saddle-surface_area-rep2-n240-r4","ambient",4,0.71599999999998,0.01400000000001,1.65100000000001
"saddle-surface_area-rep2-n240-r4","ambient",64,2.49100000000001,0.0159999999999911,1.00200000000001
"saddle-surface_area-rep2-n240-r4","ambient",8,0.681999999999988,0.0159999999999911,0.782000000000011
"saddle-surface_area-rep2-n240-r4","geodesic",128,5.059,0.019999999999996,0.734000000000002
"saddle-surface_area-rep2-n240-r4","geodesic",16,0.859999999999999,0.0149999999999988,0.709
"saddle-surface_area-rep2-n240-r4","geodesic",239,6.69800000000001,0.0180000000000007,0.668999999999997
"saddle-surface_area-rep2-n240-r4","geodesic",32,1.444,0.0159999999999982,0.683
"saddle-surface_area-rep2-n240-r4","geodesic",4,0.685,0.0149999999999997,2.499
"saddle-surface_area-rep2-n240-r4","geodesic",64,2.516,0.0169999999999995,0.694999999999997
"saddle-surface_area-rep2-n240-r4","geodesic",8,0.665,0.0150000000000006,0.734999999999999
"saddle-surface_area-rep2-n240-r64","ambient",128,4.58599999999998,0.0160000000000196,1.251
"saddle-surface_area-rep2-n240-r64","ambient",16,1.02500000000001,0.0149999999999864,1.476
"saddle-surface_area-rep2-n240-r64","ambient",239,7.42599999999999,0.01400000000001,1.44900000000001
"saddle-surface_area-rep2-n240-r64","ambient",32,1.47299999999998,0.0160000000000196,1.25199999999998
"saddle-surface_area-rep2-n240-r64","ambient",4,0.753000000000014,0.0169999999999959,1.80799999999999
"saddle-surface_area-rep2-n240-r64","ambient",64,2.44600000000003,0.0159999999999911,1.255
"saddle-surface_area-rep2-n240-r64","ambient",8,0.774999999999977,0.0169999999999959,1.607
"saddle-surface_area-rep2-n240-r64","geodesic",128,4.778,0.0160000000000053,0.640000000000001
"saddle-surface_area-rep2-n240-r64","geodesic",16,0.913,0.0150000000000006,0.655000000000001
"saddle-surface_area-rep2-n240-r64","geodesic",239,7.129,0.0189999999999912,0.686999999999998
"saddle-surface_area-rep2-n240-r64","geodesic",32,1.461,0.0150000000000006,0.628
"saddle-surface_area-rep2-n240-r64","geodesic",4,0.846,0.0169999999999999,1.741
"saddle-surface_area-rep2-n240-r64","geodesic",64,2.762,0.0159999999999982,0.631
"saddle-surface_area-rep2-n240-r64","geodesic",8,0.721,0.016,0.663
"saddle-surface_area-rep2-n240-r8","ambient",128,4.38400000000001,0.0150000000000148,2.87199999999999
"saddle-surface_area-rep2-n240-r8","ambient",16,0.890999999999991,0.0150000000000148,1.768
"saddle-surface_area-rep2-n240-r8","ambient",239,6.63999999999999,0.0110000000000241,2.81200000000001
"saddle-surface_area-rep2-n240-r8","ambient",32,1.48599999999999,0.0159999999999911,1.88900000000001
"saddle-surface_area-rep2-n240-r8","ambient",4,0.632999999999981,0.0150000000000148,1.416
"saddle-surface_area-rep2-n240-r8","ambient",64,2.41399999999999,0.0160000000000196,1.98699999999999
"saddle-surface_area-rep2-n240-r8","ambient",8,0.675999999999988,0.01400000000001,0.634999999999991
"saddle-surface_area-rep2-n240-r8","geodesic",128,5.063,0.0150000000000006,0.650000000000006
"saddle-surface_area-rep2-n240-r8","geodesic",16,0.890000000000001,0.0140000000000011,0.613
"saddle-surface_area-rep2-n240-r8","geodesic",239,6.75500000000001,0.0180000000000007,0.611000000000004
"saddle-surface_area-rep2-n240-r8","geodesic",32,1.472,0.0130000000000017,0.642999999999997
"saddle-surface_area-rep2-n240-r8","geodesic",4,0.706,0.0139999999999998,2.299
"saddle-surface_area-rep2-n240-r8","geodesic",64,2.652,0.0180000000000007,0.602999999999994
"saddle-surface_area-rep2-n240-r8","geodesic",8,0.685999999999999,0.016,0.666
"saddle-surface_area-rep3-n240-r1","ambient",128,4.73000000000002,0.0159999999999911,0.625
"saddle-surface_area-rep3-n240-r1","ambient",16,0.927999999999997,0.0159999999999911,1.17599999999999
"saddle-surface_area-rep3-n240-r1","ambient",239,6.78699999999998,0.0120000000000005,0.415999999999997
"saddle-surface_area-rep3-n240-r1","ambient",32,1.42899999999997,0.0149999999999864,0.980999999999995
"saddle-surface_area-rep3-n240-r1","ambient",4,0.585999999999984,0.0160000000000196,1.839
"saddle-surface_area-rep3-n240-r1","ambient",64,2.542,0.0149999999999864,0.98599999999999
"saddle-surface_area-rep3-n240-r1","ambient",8,0.681000000000012,0.0149999999999864,1.25899999999999
"saddle-surface_area-rep3-n240-r1","geodesic",128,4.631,0.0180000000000007,1.102
"saddle-surface_area-rep3-n240-r1","geodesic",16,0.885000000000002,0.0150000000000006,1.168
"saddle-surface_area-rep3-n240-r1","geodesic",239,7.10000000000001,0.0200000000000102,1.12100000000001
"saddle-surface_area-rep3-n240-r1","geodesic",32,1.449,0.0150000000000006,1.027
"saddle-surface_area-rep3-n240-r1","geodesic",4,0.696,0.016,2.887
"saddle-surface_area-rep3-n240-r1","geodesic",64,2.488,0.014999999999997,1.007
"saddle-surface_area-rep3-n240-r1","geodesic",8,0.673,0.0190000000000001,1.128
"saddle-surface_area-rep3-n240-r16","ambient",128,4.833,0.0150000000000432,2.03399999999999
"saddle-surface_area-rep3-n240-r16","ambient",16,0.948000000000008,0.0160000000000196,3.34099999999998
"saddle-surface_area-rep3-n240-r16","ambient",239,7.03100000000001,0.0159999999999627,1.90300000000002
"saddle-surface_area-rep3-n240-r16","ambient",32,1.476,0.0159999999999911,1.77699999999999
"saddle-surface_area-rep3-n240-r16","ambient",4,0.64500000000001,0.0169999999999959,1.244
"saddle-surface_area-rep3-n240-r16","ambient",64,2.40699999999998,0.0159999999999911,1.80500000000001
"saddle-surface_area-rep3-n240-r16","ambient",8,0.734000000000009,0.0159999999999911,3.13899999999998
"saddle-surface_area-rep3-n240-r16","geodesic",128,4.98899999999999,0.0169999999999959,0.552999999999997
"saddle-surface_area-rep3-n240-r16","geodesic",16,1.01,0.0169999999999995,0.626999999999999
"saddle-surface_area-rep3-n240-r16","geodesic",239,7.01599999999999,0.018999999999977,0.554000000000002
"saddle-surface_area-rep3-n240-r16","geodesic",32,1.637,0.0190000000000019,0.625999999999998
"saddle-surface_area-rep3-n240-r16","geodesic",4,1.091,0.0199999999999996,3.192
"saddle-surface_area-rep3-n240-r16","geodesic",64,2.707,0.0150000000000006,0.582999999999998
"saddle-surface_area-rep3-n240-r16","geodesic",8,0.809999999999999,0.0210000000000008,0.622
"saddle-surface_area-rep3-n240-r2","ambient",128,4.71100000000001,0.0190000000000055,0.588000000000022
"saddle-surface_area-rep3-n240-r2","ambient",16,0.921999999999997,0.0169999999999959,0.663000000000011
"saddle-surface_area-rep3-n240-r2","ambient",239,6.869,0.0129999999999768,0.590000000000003
"saddle-surface_area-rep3-n240-r2","ambient",32,1.517,0.0170000000000243,0.684000000000026
"saddle-surface_area-rep3-n240-r2","ambient",4,0.597999999999985,0.0169999999999959,1.29300000000001
"saddle-surface_area-rep3-n240-r2","ambient",64,2.84700000000001,0.0200000000000102,0.554999999999978
"saddle-surface_area-rep3-n240-r2","ambient",8,0.687000000000012,0.0169999999999959,0.780000000000001
"saddle-surface_area-rep3-n240-r2","geodesic",128,4.91699999999999,0.0190000000000055,0.753999999999991
"saddle-surface_area-rep3-n240-r2","geodesic",16,0.998999999999999,0.0170000000000012,0.783
"saddle-surface_area-rep3-n240-r2","geodesic",239,6.851,0.0210000000000008,0.712000000000003
"saddle-surface_area-rep3-n240-r2","geodesic",32,1.689,0.0159999999999982,0.792999999999999
"saddle-surface_area-rep3-n240-r2","geodesic",4,0.897,0.0169999999999999,2.806
"saddle-surface_area-rep3-n240-r2","geodesic",64,2.909,0.017000000000003,0.746000000000002
"saddle-surface_area-rep3-n240-r2","geodesic",8,0.684000000000001,0.016,0.832000000000001
"saddle-surface_area-rep3-n240-r32","ambient",128,4.553,0.0150000000000148,1.678
"saddle-surface_area-rep3-n240-r32","ambient",16,0.924000000000007,0.0159999999999911,1.727
"saddle-surface_area-rep3-n240-r32","ambient",239,6.49400000000003,0.0110000000000241,1.58300000000003
"saddle-surface_area-rep3-n240-r32","ambient",32,1.37800000000001,0.0199999999999818,1.99600000000001
"saddle-surface_area-rep3-n240-r32","ambient",4,0.701999999999998,0.0169999999999959,3.06799999999998
"saddle-surface_area-rep3-n240-r32","ambient",64,2.40099999999998,0.0200000000000102,1.892
"saddle-surface_area-rep3-n240-r32","ambient",8,0.729000000000013,0.0160000000000196,1.822
"saddle-surface_area-rep3-n240-r32","geodesic",128,5.262,0.0220000000000056,0.614000000000004
"saddle-surface_area-rep3-n240-r32","geodesic",16,0.911999999999999,0.016,0.634
"saddle-surface_area-rep3-n240-r32","geodesic",239,6.749,0.0190000000000055,0.591999999999985
"saddle-surface_area-rep3-n240-r32","geodesic",32,1.42,0.0150000000000006,0.591999999999999
"saddle-surface_area-rep3-n240-r32","geodesic",4,0.829,0.016,1.67
"saddle-surface_area-rep3-n240-r32","geodesic",64,2.927,0.0189999999999984,0.606999999999999
"saddle-surface_area-rep3-n240-r32","geodesic",8,0.713,0.0169999999999995,0.556000000000001
"saddle-surface_area-rep3-n240-r4","ambient",128,4.66399999999999,0.0160000000000196,0.947000000000003
"saddle-surface_area-rep3-n240-r4","ambient",16,0.932000000000016,0.0159999999999911,0.727000000000004
"saddle-surface_area-rep3-n240-r4","ambient",239,7.05400000000003,0.0129999999999768,1.05900000000003
"saddle-surface_area-rep3-n240-r4","ambient",32,1.529,0.0160000000000196,0.745000000000005
"saddle-surface_area-rep3-n240-r4","ambient",4,0.619,0.0169999999999959,1.65899999999999
"saddle-surface_area-rep3-n240-r4","ambient",64,2.56399999999999,0.0159999999999911,0.888000000000005
"saddle-surface_area-rep3-n240-r4","ambient",8,0.692999999999984,0.0169999999999959,0.859999999999985
"saddle-surface_area-rep3-n240-r4","geodesic",128,4.981,0.0180000000000007,0.640999999999991
"saddle-surface_area-rep3-n240-r4","geodesic",16,1.047,0.0230000000000015,0.727
"saddle-surface_area-rep3-n240-r4","geodesic",239,6.84299999999999,0.0200000000000102,0.63000000000001
"saddle-surface_area-rep3-n240-r4","geodesic",32,1.486,0.0160000000000018,0.694000000000003
"saddle-surface_area-rep3-n240-r4","geodesic",4,0.848,0.02,3.633
"saddle-surface_area-rep3-n240-r4","geodesic",64,2.974,0.0189999999999984,0.622999999999998
"saddle-surface_area-rep3-n240-r4","geodesic",8,0.754,0.016,0.985999999999999
"saddle-surface_area-rep3-n240-r64","ambient",128,4.44999999999999,0.0149999999999864,0.88900000000001
"saddle-surface_area-rep3-n240-r64","ambient",16,0.923000000000002,0.0149999999999864,1.035
"saddle-surface_area-rep3-n240-r64","ambient",239,6.269,0.0110000000000241,0.853999999999985
"saddle-surface_area-rep3-n240-r64","ambient",32,1.423,0.0159999999999911,0.98399999999998
"saddle-surface_area-rep3-n240-r64","ambient",4,0.748999999999995,0.0169999999999959,1.416
"saddle-surface_area-rep3-n240-r64","ambient",64,2.41900000000001,0.0160000000000196,0.958000000000027
"saddle-surface_area-rep3-n240-r64","ambient",8,0.763999999999982,0.0160000000000196,1.286
"saddle-surface_area-rep3-n240-r64","geodesic",128,5.196,0.0160000000000053,0.489000000000004
"saddle-surface_area-rep3-n240-r64","geodesic",16,1.094,0.0190000000000001,0.611000000000001
"saddle-surface_area-rep3-n240-r64","geodesic",239,6.84099999999999,0.0180000000000007,0.461999999999989
"saddle-surface_area-rep3-n240-r64","geodesic",32,1.648,0.0169999999999995,0.663
"saddle-surface_area-rep3-n240-r64","geodesic",4,1.032,0.0219999999999994,2.092
"saddle-surface_area-rep3-n240-r64","geodesic",64,3.323,0.0190000000000055,0.629999999999995
"saddle-surface_area-rep3-n240-r64","geodesic",8,0.805,0.0220000000000002,0.620000000000001
"saddle-surface_area-rep3-n240-r8","ambient",128,4.53300000000002,0.0160000000000196,1.55700000000002
"saddle-surface_area-rep3-n240-r8","ambient",16,0.928999999999974,0.0170000000000243,1.28100000000001
"saddle-surface_area-rep3-n240-r8","ambient",239,7.73699999999997,0.0169999999999959,1.95999999999998
"saddle-surface_area-rep3-n240-r8","ambient",32,1.44,0.0159999999999911,1.71100000000001
"saddle-surface_area-rep3-n240-r8","ambient",4,0.640999999999991,0.0149999999999864,0.626999999999981
"saddle-surface_area-rep3-n240-r8","ambient",64,2.452,0.0149999999999864,1.512
"saddle-surface_area-rep3-n240-r8","ambient",8,0.719999999999999,0.0169999999999959,0.686000000000007
"saddle-surface_area-rep3-n240-r8","geodesic",128,4.779,0.0169999999999959,0.584000000000003
"saddle-surface_area-rep3-n240-r8","geodesic",16,1.039,0.022000000000002,0.637999999999998
"saddle-surface_area-rep3-n240-r8","geodesic",239,6.77500000000001,0.0200000000000102,0.554000000000002
"saddle-surface_area-rep3-n240-r8","geodesic",32,1.568,0.0180000000000007,0.684000000000001
"saddle-surface_area-rep3-n240-r8","geodesic",4,0.976000000000001,0.0169999999999995,3.219
"saddle-surface_area-rep3-n240-r8","geodesic",64,2.886,0.019999999999996,0.503
"saddle-surface_area-rep3-n240-r8","geodesic",8,0.824000000000002,0.0210000000000008,0.811
